customer_id,customer_name,gender,age,city,country,signup_date
CUST00001,Todd Clements,Male,64,Kyleport,Germany,2021-11-12
CUST00002,Dr. Mallory Newman,Female,64,New Drewside,Canada,2021-09-13
CUST00003,Zachary Young,Male,21,Port Dannychester,USA,2023-10-07
CUST00004,George Hudson,Male,24,East Dylan,Germany,2023-02-03
CUST00005,Kristen Roman,Male,62,South Matthewmouth,Canada,2024-08-31
CUST00006,Stephanie Nelson,Female,52,Bonniehaven,India,2025-10-08
CUST00007,Matthew Turner,Male,26,North Shannon,USA,2022-04-23
CUST00008,Donald Harris,Male,25,Port Brian,Canada,2021-09-04
CUST00009,Madison Jackson,Male,62,Tracyborough,Canada,2024-08-05
CUST00010,Frank Lee,Female,34,Martinside,UK,2022-11-04
CUST00011,Michael Flores,Male,34,Lake Paul,Australia,2023-12-27
CUST00012,Wanda Ramos,Male,50,Lake Phillip,Germany,2022-06-06
CUST00013,Ashley Garcia,Male,49,West Noahburgh,UK,2023-01-02
CUST00014,Jennifer Rodriguez,Male,25,Clarkside,USA,2025-09-04
CUST00015,Thomas Walker,Female,36,Markland,Australia,2023-07-06
CUST00016,Joseph Peck,Male,55,North Michaelberg,Canada,2021-03-25
CUST00017,Donna Ward,Female,20,Ryanchester,UK,2024-08-20
CUST00018,James White,Female,22,East Haroldview,Australia,2024-11-08
CUST00019,Michelle Reynolds,Female,30,Lopezfurt,Germany,2024-09-30
CUST00020,Shelly Johnson,Male,64,Carterland,USA,2023-11-15
CUST00021,Samantha Morrow,Female,63,South John,India,2025-03-01
CUST00022,Rhonda Smith,Male,48,South Robynport,UK,2021-10-06
CUST00023,David Carpenter,Female,33,Colemanmouth,USA,2021-08-25
CUST00024,Lindsay Smith,Female,49,South Erikchester,India,2023-11-13
CUST00025,Brandon Stevenson,Female,39,Gainestown,UK,2023-05-23
CUST00026,Marcia Black,Female,46,North Judy,USA,2025-12-03
CUST00027,Leslie Liu,Female,39,Alexanderchester,USA,2022-02-03
CUST00028,Jeffrey Miller,Female,60,Johnsonfort,Australia,2023-03-27
CUST00029,Kelly Walker,Female,20,Robertsmouth,UK,2024-10-09
CUST00030,Francis Smith,Female,27,Perezmouth,USA,2023-07-19
CUST00031,Michelle Mendez,Male,59,New Christina,Canada,2022-05-26
CUST00032,Debra Joseph,Male,38,Brownstad,UK,2022-10-02
CUST00033,Sherry Watkins,Female,33,Lake Shanechester,USA,2025-11-09
CUST00034,Kimberly Wilson,Female,29,Port Kevin,Australia,2023-04-06
CUST00035,Sara Hill,Female,19,North Victoria,India,2023-09-14
CUST00036,Martin Weiss,Male,58,West Frank,India,2024-10-04
CUST00037,Rebecca Sharp,Female,41,Meganton,Canada,2023-07-12
CUST00038,Andrea Johnson,Male,52,West Maxwellfort,UK,2022-10-24
CUST00039,Wendy Peters,Male,47,West Johnville,Australia,2021-12-24
CUST00040,Amanda Bates,Male,47,West Jacobland,USA,2023-02-10
CUST00041,Matthew Anderson,Male,64,Lake Theresafurt,USA,2023-04-17
CUST00042,Jeffrey Holt,Male,52,Shieldshaven,India,2021-08-31
CUST00043,Julia Myers,Female,36,North Kevin,Australia,2025-12-19
CUST00044,Jeremy Jones,Female,25,East Erinbury,Canada,2021-05-02
CUST00045,Jessica Johnson,Female,43,Port Monicaberg,India,2021-04-11
CUST00046,Sara Patterson,Female,57,Port Markport,India,2021-02-12
CUST00047,Ricardo Miles,Female,24,Lake Kayla,Canada,2025-10-29
CUST00048,Bernard Berry,Male,47,Williamsmouth,UK,2024-10-17
CUST00049,John Jenkins,Female,24,Kevinport,USA,2024-04-30
CUST00050,Susan Perry,Female,20,Anashire,UK,2025-02-28
CUST00051,Nicole Sweeney,Male,18,Watsonville,Australia,2024-11-08
CUST00052,Brooke May,Female,53,Jayberg,Germany,2025-03-22
CUST00053,Chelsea Davis,Male,42,West Mauricechester,Germany,2021-11-06
CUST00054,John Stephenson,Female,54,West Katherine,Germany,2024-05-04
CUST00055,Matthew Smith,Male,18,Lisabury,Canada,2023-07-23
CUST00056,Ashley Williams,Female,32,Port Ashley,India,2025-12-21
CUST00057,Melissa Petty,Female,54,East John,UK,2022-06-07
CUST00058,Shelley Shelton,Male,30,Valeriechester,USA,2022-06-05
CUST00059,Michael Schmidt,Male,57,South Haley,Germany,2022-10-28
CUST00060,Jennifer Walker,Male,25,New Janet,UK,2021-12-18
CUST00061,Peter Dickson,Male,22,Port Audrey,Germany,2022-03-15
CUST00062,Teresa Holmes,Male,26,Lake Noah,Germany,2022-08-21
CUST00063,Jeffrey Bridges,Male,18,Clarkview,USA,2023-04-05
CUST00064,Peter Rollins,Male,53,Marissaport,Australia,2024-10-14
CUST00065,Brian Riddle,Male,52,New Alexis,Australia,2021-04-20
CUST00066,Kevin Reyes,Female,19,Kimberlytown,Australia,2021-05-11
CUST00067,Steve Burgess,Female,57,South Michaelton,Canada,2021-12-16
CUST00068,Tyler Wood PhD,Male,40,North Kristen,India,2021-02-27
CUST00069,James Young,Female,26,East Anthonymouth,Canada,2025-10-24
CUST00070,Dana Rogers,Female,51,North Donaldfurt,UK,2023-07-26
CUST00071,Carl Cooper,Female,63,Williamberg,Canada,2023-04-22
CUST00072,Phillip Smith,Female,31,Solomonview,UK,2021-10-05
CUST00073,Tricia Wood,Male,21,East Valerieborough,UK,2021-12-01
CUST00074,Joshua Lam,Female,47,Petersonfort,India,2025-05-08
CUST00075,Douglas Flynn,Male,48,Lake Dawnborough,USA,2025-01-05
CUST00076,Heidi Mcfarland,Female,55,Tamarachester,India,2021-09-10
CUST00077,Samuel Schultz,Female,28,Rebekahborough,Australia,2022-06-06
CUST00078,Michelle Walker,Female,52,West Marymouth,Australia,2021-09-13
CUST00079,Heather Stone,Male,25,Nicholasfurt,Canada,2024-11-24
CUST00080,Heather Gonzales,Female,20,Robbinshaven,UK,2023-07-08
CUST00081,Melissa Johnston,Male,31,Port Robert,Germany,2022-04-08
CUST00082,Tanya Wright,Female,30,Lake Kaylaville,Germany,2024-08-11
CUST00083,William Leblanc,Male,62,Rangelland,UK,2023-02-25
CUST00084,Autumn Young,Female,49,West Katie,India,2023-08-04
CUST00085,Joseph Jenkins,Male,51,Lake Samantha,USA,2021-11-01
CUST00086,Christine Shaffer,Male,62,Cooperview,India,2025-12-06
CUST00087,Mr. David Bell Jr.,Female,36,New Alexfurt,UK,2022-11-28
CUST00088,Janet Mccoy,Male,55,Michaelland,UK,2021-02-16
CUST00089,Sara Middleton,Female,33,East Chelsey,USA,2025-04-03
CUST00090,Brittany Brown,Female,19,East Raymond,Canada,2023-02-02
CUST00091,Sally Arnold,Female,57,Lake Amberville,Canada,2022-02-07
CUST00092,Michael Anderson,Female,34,Lake Madelinefort,USA,2023-04-02
CUST00093,Kellie Wyatt,Female,51,Hannahburgh,Canada,2023-02-02
CUST00094,James Lee,Female,59,South Janice,Germany,2025-06-05
CUST00095,William Bray,Female,33,Davismouth,Canada,2023-07-04
CUST00096,Mary Collins,Female,55,Rebeccaton,Canada,2021-01-14
CUST00097,Valerie Hernandez,Female,19,East Carol,Canada,2025-05-20
CUST00098,Mason Garcia,Female,19,Valenciaburgh,Germany,2025-04-22
CUST00099,Jessica Young,Female,43,West Bradley,Canada,2023-01-27
CUST00100,Alyssa Wilson,Male,30,North Katelyn,Australia,2022-01-06
CUST00101,Adam White,Male,64,New Eugenemouth,Germany,2025-11-05
CUST00102,Stephanie Gillespie,Female,48,New Kimberlyshire,USA,2024-03-20
CUST00103,Brooke Taylor,Female,51,South Makaylashire,India,2024-04-10
CUST00104,Johnathan Cruz,Female,56,East Megan,USA,2023-06-11
CUST00105,Phillip Dillon,Female,20,South Michael,India,2021-01-24
CUST00106,Andrew Li,Female,25,New Keithshire,USA,2022-10-10
CUST00107,Dana Mills,Female,40,South Thomasborough,Australia,2023-09-12
CUST00108,Deborah White,Female,31,West Karen,India,2022-06-27
CUST00109,Andrew Diaz,Female,44,Jessicamouth,India,2025-01-10
CUST00110,Kelly Sanders,Male,46,South Anthonymouth,UK,2024-01-14
CUST00111,Kelly Green,Female,56,New Jefferystad,India,2022-02-05
CUST00112,Jenna Mcgee,Male,56,West Darryl,India,2024-05-25
CUST00113,Tammy Moore,Female,18,Markhaven,UK,2021-11-21
CUST00114,Daniel Finley,Female,34,Heathertown,Canada,2022-08-21
CUST00115,Travis Rice,Male,58,Johnsonberg,Canada,2022-08-28
CUST00116,Walter Freeman,Female,47,Derekhaven,UK,2024-10-19
CUST00117,Teresa Vargas,Male,30,Woodshire,Germany,2024-04-08
CUST00118,Katherine May,Female,38,Davidsonburgh,India,2023-11-08
CUST00119,Joseph Shannon,Female,36,Gordonhaven,India,2025-03-17
CUST00120,Johnny Lynn,Male,36,North Sylviamouth,UK,2021-11-09
CUST00121,Eric Randall,Female,42,Jeffreyshire,UK,2022-02-12
CUST00122,Russell Matthews,Male,39,West Chasefurt,Germany,2024-09-29
CUST00123,Nicholas Douglas,Female,48,Rossmouth,Australia,2021-01-29
CUST00124,John Burton,Male,34,Port Tiffany,Canada,2023-06-24
CUST00125,Vanessa Coleman,Male,40,New Samantha,USA,2024-07-22
CUST00126,Krista Norton,Female,49,Allenville,Australia,2021-04-24
CUST00127,Rebecca Mccarthy,Female,27,Raymondland,Canada,2021-09-24
CUST00128,Keith Woods,Male,27,North Jennifermouth,India,2022-03-26
CUST00129,Holly Juarez,Female,53,New Jason,Australia,2025-12-24
CUST00130,Dylan Gardner,Female,25,Christopherside,UK,2022-04-16
CUST00131,Frank Baker,Female,37,Williammouth,Germany,2024-03-24
CUST00132,Sabrina Park,Male,49,Jasonchester,Canada,2021-03-18
CUST00133,Tara Pruitt,Male,31,East Cynthia,Germany,2025-10-08
CUST00134,Bryan Espinoza,Male,45,South Justin,Canada,2022-10-04
CUST00135,Gary Miller,Male,63,Edwardston,Australia,2022-12-11
CUST00136,Ashley Dickson,Male,41,North Michaelbury,India,2022-03-16
CUST00137,Debra Tanner,Male,32,East Amberport,USA,2025-05-14
CUST00138,Kimberly Reed,Male,39,Greenfort,Germany,2022-10-07
CUST00139,Michael Walker,Male,47,East Joan,Germany,2022-11-02
CUST00140,Rick Jordan,Male,21,West Jesseberg,USA,2021-05-05
CUST00141,Kevin Lowe,Female,30,North Kellytown,Germany,2021-05-07
CUST00142,Kendra Taylor,Male,40,Bruceberg,Germany,2022-01-26
CUST00143,Veronica Fischer,Female,25,West Crystal,Canada,2021-02-24
CUST00144,Ian Watson,Female,35,Blairfort,Canada,2023-06-15
CUST00145,Christina Gonzalez,Female,29,North Cynthia,USA,2022-03-06
CUST00146,Jennifer Delacruz,Male,48,New Robert,India,2024-08-26
CUST00147,Evan Perez,Male,31,New Stephanie,Australia,2024-07-02
CUST00148,Edward Howard,Male,51,North Carlburgh,Australia,2022-02-15
CUST00149,Kayla Taylor,Male,35,Mclaughlinville,Germany,2024-12-02
CUST00150,Paul Peterson,Female,51,Port Robinville,India,2025-07-01
CUST00151,Donald Davis,Male,28,West Jenniferburgh,USA,2024-12-30
CUST00152,Laurie Friedman,Male,58,West Gary,USA,2021-05-03
CUST00153,Colleen Brown,Male,29,West Brendaborough,Canada,2025-03-31
CUST00154,Alejandro Bennett IV,Male,32,East Gloriaport,Germany,2022-12-15
CUST00155,Charles Blanchard,Male,48,Nunezton,UK,2025-01-27
CUST00156,Michele Wilson,Female,46,Port Nicolemouth,USA,2025-06-22
CUST00157,David Reyes,Male,43,Luishaven,Germany,2025-09-23
CUST00158,Anthony Washington,Female,35,North Davidfurt,India,2021-10-11
CUST00159,Angel Velasquez,Male,49,North Elizabeth,Canada,2025-07-04
CUST00160,Jonathan Chambers,Female,39,Elizabethville,Australia,2023-03-24
CUST00161,Gregory Sanders,Male,55,North Jasonland,India,2024-12-23
CUST00162,Melissa Collins,Male,34,Kathleenside,USA,2025-05-15
CUST00163,Emily Russell,Female,40,Rebeccaberg,USA,2024-10-24
CUST00164,Amy Johnson,Female,41,Brianbury,India,2022-02-07
CUST00165,Jack Vaughn,Female,25,Webstershire,USA,2024-10-15
CUST00166,Randy Stevenson,Male,58,East Tammieberg,Germany,2023-08-27
CUST00167,James Smith,Female,23,New Samanthaborough,USA,2024-02-06
CUST00168,Michael Hess,Male,22,Suzannechester,Canada,2021-03-17
CUST00169,Abigail Gill,Male,61,Stevenside,Germany,2021-06-03
CUST00170,Charles Wilson,Female,46,South Melaniemouth,UK,2021-11-08
CUST00171,Curtis Reed,Female,45,East Valerie,USA,2024-12-21
CUST00172,Christopher Hubbard,Male,28,Lake Matthewton,USA,2023-06-15
CUST00173,Samantha Stone,Male,18,Joseburgh,Canada,2024-08-29
CUST00174,Peter Pratt,Female,60,Port Samanthaview,Canada,2023-10-25
CUST00175,Amber Contreras,Female,36,Krystalland,Australia,2023-04-06
CUST00176,Carly Daniel,Female,26,Marissamouth,India,2023-10-06
CUST00177,Melissa Beard,Male,44,East Emily,India,2023-10-20
CUST00178,Gregory Morgan,Male,51,Port Derrick,India,2022-11-26
CUST00179,Martin Aguilar,Male,61,Wrighttown,Canada,2021-01-27
CUST00180,Anthony Ferrell,Male,21,East David,India,2022-01-18
CUST00181,Walter Ryan,Male,53,East Marcusshire,India,2024-11-18
CUST00182,Steven Chavez,Male,35,Juliestad,UK,2023-04-17
CUST00183,Shane Garcia,Female,32,Barrettport,India,2021-05-12
CUST00184,Sandra Walker,Male,30,Lake Michael,USA,2023-08-09
CUST00185,Daniel Becker,Male,36,Leebury,Australia,2022-01-03
CUST00186,Breanna Weeks,Male,23,Paulberg,Canada,2021-01-18
CUST00187,Amanda Brown,Female,29,Alvarezfurt,Germany,2021-09-03
CUST00188,Eric Thomas,Male,54,North Christineview,Australia,2023-07-20
CUST00189,Jennifer Rodgers,Male,34,South Jessicaburgh,UK,2021-07-30
CUST00190,Christopher Phillips,Female,40,Port Kimberly,Canada,2023-04-05
CUST00191,Brent Jenkins,Male,43,Elizabethtown,Canada,2022-03-11
CUST00192,Wendy Cherry,Male,46,New Lindashire,USA,2021-12-10
CUST00193,Karen Dominguez,Male,50,Port Hollyland,Australia,2024-11-10
CUST00194,Michael Navarro,Male,44,Harrisstad,Australia,2021-11-06
CUST00195,Mr. Michael Dominguez,Male,42,Kaylatown,India,2023-05-27
CUST00196,Michelle Reed,Female,27,Port Justin,USA,2023-06-25
CUST00197,Brittany Butler,Female,64,South Amandabury,India,2024-09-28
CUST00198,Tommy Miller,Female,40,West Christopherville,India,2021-03-11
CUST00199,Shelley Colon,Male,38,South Seanview,Canada,2021-06-25
CUST00200,Valerie Bauer,Male,38,Jenniferview,Australia,2022-10-20
CUST00201,Kaitlin Davidson,Male,60,South Alisonmouth,India,2024-12-07
CUST00202,Michael Gibson,Female,30,East Amanda,UK,2025-06-05
CUST00203,William Guzman,Male,54,Lake Sherry,UK,2021-06-04
CUST00204,Thomas Wilson,Male,50,Ericshire,Australia,2021-05-31
CUST00205,Jordan Cole,Female,41,Goodmanberg,UK,2023-10-11
CUST00206,Phillip Barnes,Male,61,Micheleland,Canada,2023-04-15
CUST00207,Kevin Horn,Female,28,Ramosmouth,USA,2021-06-24
CUST00208,Stacey Mccoy,Female,34,Heathmouth,Germany,2022-01-12
CUST00209,Kimberly Jones,Female,21,Chenside,India,2024-12-17
CUST00210,Catherine Price,Male,64,Elaineport,Germany,2021-09-09
CUST00211,Thomas Frank,Male,42,South Marie,USA,2025-05-04
CUST00212,Lori Booth,Male,47,South Michelleberg,USA,2023-08-24
CUST00213,Timothy Kim,Male,26,Port Brendashire,Canada,2025-01-24
CUST00214,Scott Sanford,Male,38,Port Ashleyfort,UK,2025-01-06
CUST00215,James Callahan,Male,37,Port Michael,UK,2023-08-23
CUST00216,Rachel Olson,Male,36,Jonesmouth,USA,2022-11-14
CUST00217,David Wilson,Female,36,South Joseph,Canada,2022-11-19
CUST00218,Tracy Williams,Male,29,Bakerhaven,Canada,2023-10-17
CUST00219,Jorge James,Female,54,Maryberg,Australia,2022-05-22
CUST00220,Susan Tran,Male,59,Raymondshire,India,2024-09-12
CUST00221,Mrs. Rebecca Brown,Male,34,West James,UK,2023-12-17
CUST00222,Lucas Moore,Male,54,Kimberlyview,USA,2024-04-29
CUST00223,Elizabeth Owens,Female,56,Port Branditown,Australia,2022-07-06
CUST00224,Alexis Perez,Female,45,Nicholasstad,Germany,2023-02-03
CUST00225,Ryan Marshall,Female,58,Port Steven,UK,2025-08-22
CUST00226,Vicki Morgan,Female,52,Andersonberg,India,2024-03-08
CUST00227,Justin Holland,Male,64,Benjaminbury,Canada,2022-09-07
CUST00228,Joseph Wright,Female,35,Laurenfort,USA,2021-07-23
CUST00229,Henry Brooks,Male,31,Joneschester,UK,2023-09-15
CUST00230,Gabrielle Morgan,Male,52,Rodneyfort,Germany,2022-12-14
CUST00231,Pamela Jones,Female,61,Ashleyberg,India,2024-07-27
CUST00232,Justin Myers,Female,58,South Melanieburgh,India,2024-08-09
CUST00233,Jennifer Murphy,Female,24,Port Melissafurt,Australia,2024-08-08
CUST00234,Joel Rodriguez,Female,58,Edwardtown,UK,2024-12-30
CUST00235,Samantha Burgess,Female,30,Madelinetown,Germany,2021-05-12
CUST00236,Lauren Hill,Female,35,Chenstad,India,2023-05-08
CUST00237,Amy Keller,Female,54,Markschester,USA,2023-12-26
CUST00238,Nicole Farmer,Female,30,South Jackieside,India,2025-09-23
CUST00239,Leslie Fox,Male,53,Port Joshua,Germany,2025-03-16
CUST00240,Ashley Sanders,Female,48,Karenshire,Canada,2023-03-06
CUST00241,Diana Miller,Female,19,South Benjamin,Canada,2024-08-06
CUST00242,Jesus Figueroa,Male,33,North Susanport,Australia,2023-01-23
CUST00243,Albert Benson,Female,26,Thompsonshire,UK,2024-07-28
CUST00244,Kristina Cruz,Male,26,Alexandraport,Germany,2021-08-16
CUST00245,Lisa Gaines,Male,55,Taylorton,Australia,2023-06-22
CUST00246,Brenda Reed,Female,28,Robertburgh,India,2021-09-25
CUST00247,Robert Morales,Male,39,New Ruthtown,India,2022-01-29
CUST00248,John Jackson,Male,50,Latashaburgh,Canada,2022-01-02
CUST00249,Brandon Harris,Male,53,New Jeffreyfort,Australia,2022-10-19
CUST00250,George Wilson,Male,62,Brianside,Canada,2025-07-13
CUST00251,Dennis Vang,Female,40,Tylerland,USA,2023-11-08
CUST00252,Corey Obrien,Male,62,West Kurtberg,Canada,2025-10-31
CUST00253,Rebecca Lindsey,Female,62,Vickiburgh,USA,2021-05-18
CUST00254,Andrew Rojas,Male,51,West Bryan,India,2023-08-05
CUST00255,Darryl Graham,Male,26,North Travismouth,Australia,2025-12-01
CUST00256,Deborah Williams,Male,41,Deborahburgh,USA,2023-05-06
CUST00257,Victor Castillo,Male,25,Port Raymond,Australia,2025-01-17
CUST00258,Rachel Watts,Female,24,Port Sheilaberg,Australia,2021-04-21
CUST00259,Jason Good,Female,53,Dianabury,USA,2023-10-10
CUST00260,Gregory Neal,Male,35,South Michelleside,UK,2023-09-10
CUST00261,Henry Anderson,Male,20,West Albertchester,Canada,2021-11-19
CUST00262,Bruce Johnson,Female,45,Colemanbury,USA,2021-08-31
CUST00263,Paul Ruiz,Male,23,Port Michelle,India,2025-09-19
CUST00264,Lisa Roberts,Male,61,Kingchester,Australia,2023-12-12
CUST00265,Jane Moore MD,Male,61,Rubioview,Germany,2023-08-13
CUST00266,Jared Gomez,Female,38,Gabrielleton,USA,2022-06-14
CUST00267,Jamie Morris,Female,45,Armstrongport,Canada,2025-12-16
CUST00268,Cole Andrews,Female,57,Port Kaylaville,Australia,2025-09-18
CUST00269,Andrew Roberts,Male,18,South Tammyborough,UK,2024-03-25
CUST00270,Teresa Sandoval,Male,53,Port Ryanborough,India,2025-05-24
CUST00271,Misty Hayes,Female,38,West Aaronville,UK,2023-02-05
CUST00272,Aaron Bradshaw,Female,60,Ginafort,Germany,2022-11-01
CUST00273,Amy Lynn,Female,52,Bennettshire,USA,2025-12-07
CUST00274,Maurice Monroe,Female,30,East David,Australia,2021-12-09
CUST00275,Richard Clay MD,Male,27,South Samantha,USA,2024-07-26
CUST00276,Peter Woods,Female,61,Wufort,Canada,2025-04-11
CUST00277,Courtney Williamson,Male,64,Stricklandview,USA,2021-02-09
CUST00278,Andrea Wallace,Female,27,Newtonmouth,India,2024-02-29
CUST00279,Daniel Caldwell,Male,63,Andersonview,Germany,2024-05-14
CUST00280,William Vazquez,Female,30,Haasview,UK,2021-03-29
CUST00281,Matthew Kane,Female,54,Stephenburgh,Germany,2025-03-17
CUST00282,Daniel Foley,Female,55,East Katherinemouth,Australia,2022-07-20
CUST00283,Tara Jones,Female,41,Lambertton,USA,2023-06-23
CUST00284,Brandon Vargas,Male,19,Matthewsfort,Australia,2024-10-29
CUST00285,Gary Jackson,Female,39,Parsonsside,UK,2024-07-17
CUST00286,Janet James,Male,34,South Jessica,Australia,2023-11-07
CUST00287,Nicholas Stuart,Male,53,Port Michaelville,Canada,2022-06-23
CUST00288,Beth Nielsen,Male,31,Jesusmouth,Germany,2022-01-07
CUST00289,Joseph Price,Male,27,Greenshire,UK,2024-04-23
CUST00290,Meredith Tucker,Female,52,Christinamouth,UK,2024-05-19
CUST00291,Lindsay Ray,Male,42,Danielborough,UK,2022-01-29
CUST00292,Ruth Watson,Male,20,Williamsland,India,2021-04-19
CUST00293,Robert Shaw,Male,64,East Jill,Germany,2023-12-12
CUST00294,Ryan Davis,Female,55,Henryburgh,Australia,2021-12-27
CUST00295,Nicholas Merritt,Female,34,East Christophermouth,UK,2025-06-20
CUST00296,Mark Rodriguez,Female,29,Lake Frank,Germany,2024-01-27
CUST00297,Danny Logan,Female,41,Jamesberg,UK,2025-07-23
CUST00298,Mary Wiggins,Male,46,Charlesfurt,Canada,2021-07-06
CUST00299,Elizabeth Williams,Male,60,East Sergioview,Canada,2022-05-25
CUST00300,Michaela Herring DDS,Female,42,Dillonton,Canada,2025-01-18
CUST00301,Terrance Wheeler,Male,53,New Monica,USA,2022-01-04
CUST00302,Joseph Brown,Male,43,West Latoya,UK,2021-07-29
CUST00303,Donna Mcintyre,Male,55,Lake Melissa,USA,2022-02-24
CUST00304,Kevin Johnston,Female,18,New Danielport,Germany,2023-01-03
CUST00305,Garrett Walker,Female,37,North Keithport,USA,2023-09-12
CUST00306,Jacqueline Martinez,Male,45,Reynoldsshire,Germany,2025-04-25
CUST00307,Jonathan Warner,Female,33,Denisehaven,Germany,2025-06-19
CUST00308,Mark Gates,Female,64,Brianborough,Germany,2022-06-27
CUST00309,Joyce Bonilla,Female,34,Duranview,Australia,2024-09-10
CUST00310,Leslie Zuniga,Female,57,New Nancyshire,USA,2021-11-07
CUST00311,Ian Sharp,Female,45,Kennethborough,Australia,2023-10-08
CUST00312,Antonio Williams,Male,29,North Tanyaville,UK,2022-03-05
CUST00313,Natalie Larson,Female,44,Huangmouth,USA,2022-05-16
CUST00314,Devin Riley,Male,59,New Sophia,UK,2024-08-09
CUST00315,Catherine Douglas MD,Male,64,Lake Roy,UK,2022-08-07
CUST00316,Lisa Soto,Female,47,New Stephaniefurt,Germany,2023-01-12
CUST00317,Benjamin Johnson,Male,58,Petersonport,USA,2025-05-01
CUST00318,Darlene Russell,Male,51,South Monica,UK,2025-02-19
CUST00319,Michael Hubbard,Male,54,Port Erictown,Canada,2024-12-14
CUST00320,Carmen Taylor,Female,23,West Brooke,UK,2025-09-23
CUST00321,Jennifer Murray,Female,24,Jefferyport,Canada,2025-07-21
CUST00322,Peter Campbell,Male,49,Cynthiachester,USA,2021-11-26
CUST00323,Andrew Bailey,Female,49,Kimberlyshire,Australia,2024-10-11
CUST00324,Sharon Ross,Female,42,Schultzland,USA,2025-02-23
CUST00325,Melissa Melendez,Female,50,Cynthiaton,Australia,2021-06-17
CUST00326,Scott Richardson,Female,24,Robinsonside,Australia,2024-07-04
CUST00327,Bryce Atkinson,Male,29,Simmonsport,USA,2024-02-16
CUST00328,Mark Craig,Male,33,Jessicafort,UK,2021-05-13
CUST00329,Jessica Carter,Female,33,South Karen,India,2021-01-19
CUST00330,Alyssa Monroe,Female,60,Lake Lisa,UK,2025-03-22
CUST00331,Sandra Frey,Male,53,East Bradleyland,UK,2021-08-18
CUST00332,Tanya Abbott,Male,30,Brownshire,Germany,2025-04-02
CUST00333,Ellen Lee,Female,24,Zacharyland,Germany,2023-01-05
CUST00334,Melissa Franklin,Male,53,East Gene,UK,2024-10-23
CUST00335,Michael Adkins,Female,64,Lake Jonathan,Canada,2023-11-10
CUST00336,Kimberly Christensen,Female,26,Mosshaven,Australia,2023-02-11
CUST00337,Christine Powers,Male,49,West Sarah,Germany,2025-11-29
CUST00338,Jason Martinez,Male,28,South Danielhaven,UK,2025-01-10
CUST00339,Leslie Cooper,Female,25,Stacystad,India,2023-10-18
CUST00340,Tonya Scott,Female,50,Meyerstad,Canada,2025-08-27
CUST00341,Cynthia Osborne,Male,40,Gardnerberg,USA,2024-12-27
CUST00342,Dawn Clark,Female,42,Cassieland,UK,2025-06-19
CUST00343,Jennifer Roberts,Male,25,Johnmouth,UK,2022-08-09
CUST00344,Richard Turner,Female,62,Martinezland,Australia,2021-07-04
CUST00345,Daniel Martin,Male,39,Kevinshire,Canada,2022-10-07
CUST00346,Rebecca Norton,Male,21,Lake Deniseside,Germany,2023-05-14
CUST00347,Katherine Rangel,Male,57,West Joe,Germany,2023-06-08
CUST00348,Shaun Carey,Female,20,East Scott,Germany,2023-09-18
CUST00349,David Estrada,Female,46,Jonathanchester,USA,2022-05-21
CUST00350,Angela Rodriguez,Male,58,Rangelport,Canada,2021-12-03
CUST00351,Brenda Burke,Female,46,Nicolehaven,Canada,2021-08-08
CUST00352,Alexandria Villa,Male,51,Port Stevefurt,Germany,2024-05-23
CUST00353,Nicole Caldwell,Male,51,East Coreytown,Germany,2023-04-05
CUST00354,Sandra Bernard,Female,45,East Nicole,Australia,2024-01-18
CUST00355,Kenneth Wiggins,Female,30,South Marcusshire,India,2021-11-14
CUST00356,Cheryl Hancock,Male,32,Bradleymouth,India,2021-01-24
CUST00357,Kenneth Harrison,Female,40,Michaelhaven,UK,2022-12-19
CUST00358,Jeremy Nixon,Female,61,South Laurenville,UK,2025-02-04
CUST00359,Lisa Griffin,Male,43,Terrifort,Canada,2022-10-02
CUST00360,Courtney Terry,Male,21,Wagnerfurt,Canada,2024-12-31
CUST00361,Peter Stewart,Female,43,Christophermouth,USA,2025-07-27
CUST00362,Joseph Wilson,Male,57,South Ryan,USA,2024-05-27
CUST00363,Elijah Dalton,Male,26,Phammouth,India,2021-01-02
CUST00364,Erin Smith,Female,22,Christophertown,UK,2023-05-13
CUST00365,Denise Johnson,Male,49,Jenningsville,India,2022-10-16
CUST00366,Rebecca Rogers,Male,37,Morrisonton,India,2023-12-31
CUST00367,Nathaniel Moreno,Female,28,Jonborough,UK,2022-02-22
CUST00368,Andrew Silva,Female,32,Port Marthabury,USA,2021-06-29
CUST00369,Russell Maldonado,Male,49,Powersmouth,Australia,2021-03-09
CUST00370,Aaron Wang,Male,45,Teresaport,Australia,2023-06-15
CUST00371,Stephen Martinez,Female,39,Brianview,Australia,2022-02-03
CUST00372,Jade Smith,Female,58,South Jasonland,UK,2022-10-30
CUST00373,Jerry Rivera,Female,34,Mariomouth,Germany,2025-04-13
CUST00374,Richard Stephens,Female,43,North Richard,Germany,2022-05-31
CUST00375,Benjamin Campbell,Male,61,Laurafort,Germany,2021-04-21
CUST00376,Ann James,Female,24,North Thomasfurt,Canada,2023-09-10
CUST00377,Betty Davis,Female,59,Roseport,USA,2021-03-08
CUST00378,Anthony Rogers,Male,43,East Jennifer,USA,2022-03-06
CUST00379,Riley Bender,Female,42,South Claudia,Canada,2025-06-24
CUST00380,Thomas Allen,Male,27,Martinton,India,2023-04-19
CUST00381,Jennifer House,Female,62,Kington,Australia,2023-08-18
CUST00382,Gregory Edwards,Female,36,Lake Zachary,Germany,2025-11-24
CUST00383,Rebecca Jordan,Female,28,Teresaborough,Australia,2024-05-09
CUST00384,Cathy Martinez,Male,30,Jacksontown,Germany,2025-07-16
CUST00385,Bryan Davidson,Male,25,Lake Carrieton,Australia,2021-01-17
CUST00386,Sheri Wilcox,Female,57,Kristenbury,India,2022-03-05
CUST00387,Teresa Conner,Male,21,Colemanmouth,Australia,2024-06-25
CUST00388,Jerome Mcgee,Male,64,Joshuahaven,Australia,2023-05-20
CUST00389,Jonathan Ramsey,Male,48,New Davidmouth,UK,2023-05-09
CUST00390,Dana Whitehead,Male,45,Louischester,Australia,2022-02-02
CUST00391,Samantha Gonzales,Male,28,North Christopherton,UK,2023-10-26
CUST00392,Melissa Rogers,Male,60,South Katelynton,USA,2023-07-12
CUST00393,Tiffany Kennedy,Female,18,Moorefurt,Canada,2024-07-11
CUST00394,Jamie Kemp,Female,64,Hendersonland,Australia,2021-06-30
CUST00395,William Hall,Male,55,West Reginaldberg,USA,2021-01-04
CUST00396,Emily Walker,Female,41,Georgefurt,UK,2023-05-01
CUST00397,Michael Hicks,Female,64,East Joseph,Australia,2023-10-08
CUST00398,Frederick Johnston,Female,48,Victorside,Australia,2024-10-09
CUST00399,April Scott,Female,58,East James,India,2023-02-15
CUST00400,Loretta Howell,Male,63,New Michael,USA,2020-12-31
CUST00401,Richard Raymond,Female,43,East Joseport,Germany,2023-02-21
CUST00402,Rebecca Hudson,Female,22,Velasquezstad,Germany,2025-09-01
CUST00403,Christopher Frazier,Male,37,Myerston,India,2021-09-16
CUST00404,Crystal Wilson,Male,58,North Valerie,UK,2022-07-05
CUST00405,Timothy Rodriguez,Female,28,West Lisafort,Germany,2025-12-02
CUST00406,David Williams,Female,50,Stacyview,Germany,2022-12-12
CUST00407,Amy Hall,Female,55,Johnsonberg,Canada,2021-09-11
CUST00408,Stacy Oliver,Female,44,Adamsside,USA,2023-12-11
CUST00409,Amanda Young,Female,51,Mcneilview,UK,2023-12-08
CUST00410,Michael Weaver,Female,32,Victoriabury,Australia,2022-02-20
CUST00411,Casey Gomez,Male,49,Lake Jamesfurt,USA,2024-05-04
CUST00412,Kathy Huffman MD,Female,38,Danielborough,UK,2022-10-09
CUST00413,Kenneth Coleman,Female,63,New Claudiafort,Germany,2024-07-29
CUST00414,Melissa Allison,Male,22,South Andrewtown,Canada,2021-08-23
CUST00415,James Oliver,Male,23,North Maria,USA,2023-07-04
CUST00416,Lisa Vasquez,Male,55,Williamsport,Germany,2023-07-25
CUST00417,Michael Wright,Male,39,Johnside,UK,2023-04-29
CUST00418,April Allen,Female,35,South Eric,USA,2024-11-24
CUST00419,Alejandra Fernandez,Female,31,Gonzaleztown,Australia,2021-04-12
CUST00420,Nathan Levine,Female,27,Cookchester,USA,2023-12-01
CUST00421,Jane Obrien,Female,63,East Shelleyland,Germany,2024-09-29
CUST00422,Megan Robinson,Female,30,South Georgefurt,USA,2024-03-10
CUST00423,Linda Vega,Female,48,North Justin,Australia,2025-05-03
CUST00424,Raymond Webb,Male,47,Jacquelineside,Canada,2023-02-01
CUST00425,Tara Castro,Female,20,Triciamouth,Canada,2025-01-23
CUST00426,Michael Le,Male,47,Spencermouth,Germany,2025-04-26
CUST00427,Patrick Rubio,Male,23,Port Katrina,UK,2024-09-06
CUST00428,Collin Williams,Female,46,New Jonathanland,Germany,2021-12-26
CUST00429,Alan Madden,Male,25,Lake Kevin,Canada,2023-01-19
CUST00430,Larry Hernandez,Female,61,Elizabethton,India,2023-07-20
CUST00431,Joshua Padilla,Male,62,Johnburgh,India,2021-03-25
CUST00432,Melissa Joyce,Female,60,North James,USA,2021-12-13
CUST00433,Darren Drake,Male,61,Lopezshire,Australia,2024-03-20
CUST00434,Julie Anderson,Female,50,Belindaton,USA,2022-02-25
CUST00435,Erin Turner,Female,34,Stevensonport,India,2021-07-02
CUST00436,John Mccarthy,Female,28,East Traci,Canada,2024-02-23
CUST00437,Christine Boyle,Female,30,Mortonfort,USA,2025-06-13
CUST00438,Molly Gaines,Female,28,Karenland,Germany,2025-06-19
CUST00439,Shannon Stephens,Male,48,West Justinport,Australia,2024-05-07
CUST00440,Amber Mccall,Male,45,East Timothy,Germany,2022-04-21
CUST00441,Jessica Wood,Male,61,North Andrew,Australia,2023-03-10
CUST00442,John Roberts,Female,23,Lake Kyle,Canada,2021-03-30
CUST00443,Ashley Ray,Male,58,Port Robert,USA,2021-09-28
CUST00444,Morgan Kerr,Female,33,Lake Andrea,Australia,2025-06-04
CUST00445,Catherine Higgins,Female,21,West Matthew,Germany,2023-12-02
CUST00446,Jerry Rivera,Male,52,Lake Steven,USA,2023-12-23
CUST00447,David Lopez,Male,43,Port Justinstad,USA,2025-09-28
CUST00448,Wanda Mullins,Female,29,New Samuel,Germany,2024-07-31
CUST00449,Christopher Maxwell,Male,28,West Justinhaven,India,2021-12-09
CUST00450,Jennifer Ramirez,Female,54,Lake Laurie,Australia,2025-01-26
CUST00451,Christopher Flynn Jr.,Female,42,Port Williamton,Germany,2025-12-23
CUST00452,Molly Brown,Female,35,Harrisonshire,Canada,2023-02-16
CUST00453,Nicholas Yoder,Female,36,West Roymouth,UK,2025-04-10
CUST00454,Clinton Banks,Female,40,Sullivanmouth,Germany,2024-03-21
CUST00455,Gregory Freeman,Male,55,Alexisport,USA,2022-10-05
CUST00456,Tyrone Morales,Male,35,Porterburgh,USA,2023-09-02
CUST00457,Courtney Brady,Female,43,New Paulview,Germany,2024-03-09
CUST00458,Kimberly Murray,Female,23,North Jessicafurt,UK,2025-09-19
CUST00459,Amanda Casey,Male,21,North Michaelburgh,Germany,2021-06-17
CUST00460,Christopher Rodriguez,Male,61,Aliceborough,UK,2021-04-30
CUST00461,Tina Miller,Female,46,East Stacymouth,UK,2021-02-24
CUST00462,Victor Hughes,Male,51,New Beverlyborough,Canada,2021-11-01
CUST00463,Kimberly Lopez,Female,34,Donmouth,Australia,2022-06-23
CUST00464,Robert Lane,Male,60,Port John,USA,2025-01-28
CUST00465,Christopher Dorsey,Female,60,Andersontown,USA,2023-10-15
CUST00466,Philip Paul,Male,33,Donaldville,UK,2022-05-15
CUST00467,James Hunt,Female,19,New Paul,USA,2025-08-24
CUST00468,James Wilson,Male,51,Crystalmouth,India,2023-09-21
CUST00469,William Mooney,Male,25,West Kaitlin,UK,2022-06-26
CUST00470,Melissa Lowery,Female,30,Russellchester,USA,2021-12-20
CUST00471,Joel Bell,Male,59,Millerhaven,India,2022-04-29
CUST00472,Todd Waters,Female,25,Port Kyleport,Canada,2021-09-09
CUST00473,Kyle Garcia,Male,47,South Michelle,USA,2025-03-01
CUST00474,Jose Wells,Female,49,South Andrewton,India,2025-08-19
CUST00475,Justin Perez,Male,53,Lake Courtneyton,Germany,2024-11-04
CUST00476,David Thompson,Female,64,Bethstad,Australia,2021-09-27
CUST00477,Sheila Delgado,Male,47,Lake James,Germany,2023-11-21
CUST00478,Eric Hunter DVM,Female,18,West Rhondaland,India,2022-06-26
CUST00479,Christopher Rodriguez,Male,60,Ricardoshire,UK,2022-09-27
CUST00480,Steven Sims,Female,56,North Raymond,UK,2021-10-12
CUST00481,James Harrison,Female,34,Samuelstad,USA,2022-07-10
CUST00482,Todd Butler,Female,37,Flemingbury,Germany,2023-01-01
CUST00483,Gregory Johnson,Male,41,Weaverville,UK,2022-12-09
CUST00484,Jennifer Black,Female,39,Lake Margaretshire,UK,2021-09-21
CUST00485,Gerald Woods,Male,46,Timothyfort,Germany,2021-03-24
CUST00486,Jesse Allen,Female,39,Briggshaven,Canada,2024-12-03
CUST00487,David Johnson,Male,61,Christineview,UK,2022-12-19
CUST00488,Haley Herrera,Female,26,Lynchton,Australia,2025-09-25
CUST00489,Julie Adkins,Male,54,North Rogerfurt,India,2025-01-30
CUST00490,Kimberly Hall,Male,27,Claytown,USA,2025-03-12
CUST00491,Eric Weaver,Female,53,West Chris,UK,2025-01-28
CUST00492,Larry Scott,Male,54,East Charlesburgh,Australia,2023-01-02
CUST00493,Nicole Jones,Male,45,Medinamouth,Australia,2022-09-08
CUST00494,James Rush,Female,45,North Jeffery,UK,2024-06-24
CUST00495,Joshua Hayes,Male,59,South Samanthamouth,Canada,2025-09-25
CUST00496,Chris Short,Male,60,North Courtney,India,2025-08-18
CUST00497,Shannon Valdez,Male,38,East Chelsealand,USA,2024-04-17
CUST00498,Michael Terrell,Female,41,West Thomas,UK,2024-11-29
CUST00499,Randall Long,Male,59,Kathryntown,USA,2023-11-22
CUST00500,Andrew Mendoza,Female,57,Rochaport,Germany,2021-03-08
CUST00501,Sarah Williams,Male,19,West James,Australia,2021-02-12
CUST00502,James Calhoun,Male,25,North Jose,Australia,2021-07-04
CUST00503,Tony Smith,Male,44,Raymondmouth,UK,2021-12-18
CUST00504,Sarah Sosa,Female,39,Samanthaville,UK,2022-01-27
CUST00505,Wendy Pierce,Male,54,East Jodi,Germany,2022-11-19
CUST00506,Donald Dunn,Male,44,East Scott,Canada,2022-09-07
CUST00507,Tyler Tran,Female,46,Lake Elizabeth,UK,2023-11-30
CUST00508,Justin Young,Male,20,New Susan,Australia,2020-12-31
CUST00509,Duane Cooke,Female,61,Lake Nataliemouth,USA,2024-08-05
CUST00510,Matthew Oconnor,Female,30,South Thomasburgh,India,2023-07-05
CUST00511,Thomas Hardy,Male,62,Grahamhaven,USA,2023-10-08
CUST00512,Gary Williams,Female,27,Carolhaven,Canada,2025-06-22
CUST00513,April Fox,Male,53,North Nathanielview,India,2023-10-08
CUST00514,Mark Brown,Female,26,Pamelafort,USA,2025-10-25
CUST00515,Michelle Whitaker,Female,44,New Nancy,USA,2024-01-16
CUST00516,Joseph Bird,Male,51,Floresburgh,Germany,2021-05-07
CUST00517,Jill Quinn,Female,18,Michaelmouth,Canada,2025-07-18
CUST00518,Michael Medina,Female,49,Jennifertown,Australia,2024-12-09
CUST00519,Justin Robinson,Female,42,Saraview,Germany,2024-02-03
CUST00520,Charlene Sanchez,Female,46,West Elizabeth,India,2021-02-20
CUST00521,Susan Hill,Female,24,Georgechester,Australia,2021-06-20
CUST00522,James Allen,Male,20,Woodsfort,Germany,2021-09-22
CUST00523,Tabitha Riley,Female,37,Port Tamaraland,Canada,2023-10-31
CUST00524,Rachel Jackson,Male,37,New Stephanie,UK,2023-06-29
CUST00525,Kathy Myers,Female,47,Davidville,UK,2025-01-24
CUST00526,Brittany Watson,Male,52,Jacksonmouth,India,2022-07-26
CUST00527,Julie Rodriguez,Male,52,Melanieland,UK,2022-01-03
CUST00528,Angela Rose,Female,56,South William,Germany,2022-11-14
CUST00529,Dawn Thornton,Female,44,Johnsonburgh,India,2023-01-11
CUST00530,Ryan Haas,Female,43,Sandraport,Australia,2025-03-15
CUST00531,Dr. Maurice Johnson,Male,31,Lake Davidville,Canada,2021-08-26
CUST00532,Ryan Robertson,Female,34,Johntown,India,2022-07-27
CUST00533,John Henderson,Male,35,East Emily,Australia,2021-08-15
CUST00534,Kimberly Poole,Male,62,Browningstad,India,2023-05-07
CUST00535,Joshua Myers,Male,46,Port Matthewmouth,USA,2021-08-05
CUST00536,Mr. Fred Figueroa MD,Female,37,Port Crystal,USA,2021-08-26
CUST00537,Glen Smith,Female,44,Shannonport,India,2023-06-13
CUST00538,Marissa Rowe,Male,35,Andersonberg,UK,2024-07-03
CUST00539,Jeffrey Smith,Male,21,Williamsonville,USA,2023-02-21
CUST00540,Deanna Jones,Female,18,South Deniseside,Canada,2025-05-14
CUST00541,Austin Allen,Male,18,Smithview,Australia,2025-07-04
CUST00542,Rhonda Wheeler,Female,43,Nguyenfort,Germany,2021-08-26
CUST00543,Michael Owen,Male,62,South Danafort,USA,2021-09-15
CUST00544,Sandra Nelson,Female,37,Myersburgh,India,2024-05-01
CUST00545,Jason Sanchez,Male,40,Kaylamouth,UK,2022-04-22
CUST00546,Rickey Duarte,Female,27,New Jenniferland,Germany,2021-09-20
CUST00547,Steven Ferrell,Male,28,South Ericaburgh,Australia,2022-08-02
CUST00548,Kelly Hooper,Female,58,Elizabethstad,Australia,2023-11-04
CUST00549,Daniel Cohen,Female,58,East Kathryn,USA,2025-07-23
CUST00550,Karen Stevenson,Male,22,Port Debraton,Australia,2025-12-05
CUST00551,James Stewart,Male,18,East Matthewhaven,Australia,2021-10-02
CUST00552,Randy Valdez,Female,34,East Dylanbury,UK,2021-02-09
CUST00553,Christian Morales,Male,39,Youngbury,UK,2021-01-08
CUST00554,Ronald Davis,Female,51,Port Gavinton,UK,2023-03-17
CUST00555,Taylor Walker,Male,62,Ashleyberg,India,2021-02-10
CUST00556,Jon Fletcher,Female,58,East Kayla,Australia,2025-01-24
CUST00557,Ashley Peterson,Female,46,New Krista,Australia,2025-06-16
CUST00558,Brandon Brown,Female,21,Port Tonya,Australia,2021-08-26
CUST00559,Joseph Johnston,Female,22,West Diane,Canada,2022-01-03
CUST00560,Laura Warner,Female,28,Kempland,UK,2022-05-09
CUST00561,Bryan Brown,Female,38,Alexandershire,Germany,2024-06-28
CUST00562,Antonio Torres,Male,52,West Lisamouth,USA,2025-06-25
CUST00563,Jennifer Myers,Male,29,West Benjaminmouth,Germany,2021-10-24
CUST00564,Stephen Evans,Male,43,New Harryland,India,2021-09-08
CUST00565,Justin Lewis DVM,Female,36,Kennedyshire,India,2025-05-07
CUST00566,Lindsay Brown,Female,62,Port April,Australia,2023-10-12
CUST00567,Tyler Fox,Female,24,Johnsonton,Germany,2024-11-12
CUST00568,Wesley Brown,Female,64,East Kristen,Australia,2024-01-17
CUST00569,Victoria Graves,Male,24,South Katherineton,Canada,2023-08-15
CUST00570,Michael Turner,Male,43,New Katrina,India,2023-04-29
CUST00571,Vickie Gray,Female,57,East Theresa,India,2021-09-27
CUST00572,Robert Gutierrez,Male,22,South Elizabethhaven,Germany,2021-04-14
CUST00573,Justin Flores,Male,38,Burtonstad,India,2024-09-23
CUST00574,Patricia Barnett,Female,31,North Ryan,Canada,2024-04-18
CUST00575,Julie Le,Male,21,Stephaniestad,Canada,2024-05-04
CUST00576,Robert Allen,Female,40,Laceyland,Canada,2022-12-26
CUST00577,Kayla Ortiz,Male,59,Port Alyssaton,USA,2024-10-16
CUST00578,Adam Flynn,Female,37,New Amanda,Canada,2021-05-31
CUST00579,Bryan White,Female,32,Port Joshua,Canada,2024-12-12
CUST00580,Jonathan Barajas,Female,62,Jonesburgh,USA,2024-03-02
CUST00581,Cassandra Choi,Female,46,Arnoldtown,Australia,2022-01-10
CUST00582,Marcus Garrison,Male,25,West Christychester,UK,2024-04-04
CUST00583,Ethan Ford,Female,58,Hinesfort,India,2023-04-08
CUST00584,Laura Gould,Female,36,Harrisshire,Canada,2022-08-05
CUST00585,Katherine Jones,Female,56,Lake Kathleentown,India,2022-08-01
CUST00586,Gordon Robinson,Male,63,North Brooketown,Germany,2023-12-14
CUST00587,Sara Conrad,Female,45,Ambertown,India,2023-01-05
CUST00588,Edward Smith,Male,63,Jaredchester,Australia,2025-01-10
CUST00589,Deborah Patel,Female,44,Gonzalezborough,USA,2025-01-16
CUST00590,Colin Washington,Male,21,Olsonport,India,2024-12-11
CUST00591,Mike Reynolds,Male,32,Duanefurt,India,2024-12-13
CUST00592,Aaron Robinson,Female,52,Christopherton,India,2024-03-31
CUST00593,Tyler Lopez,Male,54,Robinhaven,UK,2023-08-30
CUST00594,Trevor Miller,Female,18,South Aliciahaven,UK,2024-08-06
CUST00595,Jennifer Williams,Female,20,Port Kirkland,Germany,2025-02-06
CUST00596,Erin Price,Female,64,Lake Crystal,USA,2023-01-17
CUST00597,Sarah Wagner,Male,41,Lake Michelle,India,2023-07-20
CUST00598,Kenneth Ramsey,Male,44,Lake Melissa,India,2023-04-24
CUST00599,Cody Yu,Female,57,Mossmouth,India,2023-06-14
CUST00600,Jeffrey Moore,Female,53,Huffmanside,India,2024-11-27
CUST00601,Daniel Schmidt,Male,51,West Robert,UK,2021-07-08
CUST00602,Aaron Hudson,Female,46,Leonardville,Australia,2023-08-19
CUST00603,Colleen Hale,Female,41,Mcdonaldstad,Australia,2022-04-07
CUST00604,Christine Walker,Female,41,Charlesborough,Germany,2021-05-31
CUST00605,Ryan Sanchez,Male,59,East Shari,Canada,2021-10-07
CUST00606,Christine Jenkins,Male,21,Kellyfort,USA,2021-01-10
CUST00607,Robert Brown,Male,20,New Benjaminfurt,Australia,2025-07-09
CUST00608,John Cardenas,Female,51,Danielmouth,India,2022-12-02
CUST00609,Pamela Fowler,Female,40,Kellyfort,Australia,2025-11-25
CUST00610,Megan Sims,Female,40,West Jason,Germany,2024-02-05
CUST00611,Tiffany Fox,Male,62,Warrenmouth,Canada,2022-04-07
CUST00612,John Crawford,Female,22,East Jackview,Australia,2023-07-07
CUST00613,Christopher Gould,Female,48,Reedfort,Germany,2025-05-26
CUST00614,Brittany Phillips,Female,58,Annaland,UK,2023-02-27
CUST00615,Scott Boyd,Female,23,Williamsburgh,Canada,2025-12-14
CUST00616,Lindsey Turner,Male,54,Pierceside,Germany,2022-05-21
CUST00617,Christian Harris Jr.,Male,27,North Ashley,Australia,2022-08-28
CUST00618,Kathryn Lucero,Female,57,South Ronaldport,UK,2021-08-03
CUST00619,Monica Washington,Male,24,Michellechester,Germany,2024-08-29
CUST00620,Joe Richardson,Male,56,North Lori,Germany,2021-02-23
CUST00621,Jose Johnson,Female,55,Parkerchester,Australia,2023-11-15
CUST00622,Gail Jimenez,Female,38,Williamsbury,Canada,2024-09-01
CUST00623,Michael Sharp,Male,37,New Scottton,UK,2021-07-29
CUST00624,Darren Moreno,Female,20,Monicaborough,India,2021-02-21
CUST00625,Anne Saunders,Male,39,Jonesfort,USA,2021-08-14
CUST00626,Christopher Davis,Female,64,North Albert,Canada,2023-10-30
CUST00627,Crystal Fritz,Male,21,Samuelshire,UK,2024-04-06
CUST00628,Jonathan Oliver,Female,45,Port Dalemouth,Germany,2022-06-26
CUST00629,Miguel Donaldson,Male,29,North Eric,UK,2022-04-21
CUST00630,Craig Keith,Male,55,Brendashire,USA,2021-12-01
CUST00631,Jesus Williams,Male,53,Michaelborough,Australia,2022-06-16
CUST00632,Kyle Martinez,Female,64,Hammondfurt,USA,2023-07-21
CUST00633,Joseph Garcia,Male,58,Port Tristanburgh,India,2021-05-19
CUST00634,Christopher Aguirre MD,Male,22,Marystad,India,2023-12-08
CUST00635,Rachel Ferguson,Female,30,South Feliciaton,USA,2023-10-04
CUST00636,Sandra Murray,Female,40,Woodberg,Canada,2022-03-07
CUST00637,Jon Wells,Male,47,Lake Emily,Canada,2022-08-21
CUST00638,Destiny Humphrey,Male,54,Sheltonhaven,Germany,2025-01-29
CUST00639,Timothy Williams,Female,42,South Johnville,India,2021-11-04
CUST00640,Deanna Miller,Female,44,South Bradleyland,Germany,2021-03-21
CUST00641,Anthony Day,Female,31,East Jamesbury,India,2021-03-27
CUST00642,Katelyn Kennedy,Female,64,New Jessicaburgh,USA,2022-06-23
CUST00643,Glenn White,Female,53,Leonardport,Canada,2023-06-13
CUST00644,Patty Mitchell MD,Male,56,Rachelhaven,Canada,2023-08-14
CUST00645,Debra Patel,Female,33,East Christopherport,USA,2024-06-28
CUST00646,Kendra Lozano,Male,39,North Robertmouth,Germany,2024-04-25
CUST00647,Terry Baker,Male,38,Jacksonshire,Germany,2021-03-25
CUST00648,Stacy Howard,Male,38,Lake Emily,UK,2025-07-22
CUST00649,Richard Shepard,Female,25,Kennedyview,India,2025-07-02
CUST00650,Mark Rodriguez,Male,33,Hillstad,Germany,2021-03-01
CUST00651,Benjamin Tran,Male,48,New Emilyborough,USA,2023-10-13
CUST00652,Lori Montgomery,Female,59,Port Stevenview,Germany,2025-05-20
CUST00653,Taylor Meyer,Male,27,Richardton,Canada,2021-10-09
CUST00654,Carol James,Male,49,Seanland,India,2024-05-20
CUST00655,Brett Garcia,Female,51,West Marvinberg,Australia,2025-03-29
CUST00656,Tamara Cervantes,Male,26,Wilsonville,UK,2024-08-06
CUST00657,Kyle Burnett,Male,34,Port Sherrifurt,India,2021-12-03
CUST00658,Matthew Goodman,Male,28,Ramirezborough,Canada,2022-01-17
CUST00659,William Wagner,Female,49,Mcbridechester,Canada,2025-09-04
CUST00660,Matthew Chavez,Female,27,Brendaborough,Canada,2023-03-02
CUST00661,Susan Horton,Female,39,Murrayburgh,Canada,2023-10-10
CUST00662,Linda Richardson,Male,34,West Nataliemouth,USA,2023-09-03
CUST00663,Eric Russo,Male,21,South Valerie,UK,2025-01-03
CUST00664,Lori Foster,Female,64,New Anthonyville,Australia,2022-10-31
CUST00665,Emily Murphy,Male,42,Michaelmouth,Canada,2021-07-05
CUST00666,Tara White,Male,38,New Joshualand,Canada,2022-11-07
CUST00667,Kimberly Ortiz,Female,54,Carlosshire,Germany,2024-03-11
CUST00668,Mathew Long,Female,55,South Laurafurt,UK,2025-09-20
CUST00669,Catherine Mitchell,Male,18,Maxwellfort,India,2025-05-07
CUST00670,Joseph Smith,Male,42,Cortezfurt,UK,2021-07-20
CUST00671,Stephen Collier,Male,53,Williamhaven,UK,2025-07-26
CUST00672,Sarah Barnes,Female,34,Port Elizabethville,Australia,2023-03-22
CUST00673,Richard Perez,Female,58,Johnside,UK,2025-01-27
CUST00674,Emily Clark,Female,41,Lake Wendy,Australia,2024-07-25
CUST00675,Madeline Wilson,Female,19,Cassandrafort,Canada,2021-05-13
CUST00676,Tiffany Johnson,Male,57,West Pamela,Canada,2024-03-03
CUST00677,Matthew Alvarado,Female,32,Randallland,USA,2024-03-30
CUST00678,Dorothy Perez,Female,49,Sarahburgh,Australia,2022-11-10
CUST00679,Jeffrey Berg,Female,56,Port Keith,Australia,2021-06-26
CUST00680,Dennis Barnes,Female,23,New Mallorychester,India,2021-03-24
CUST00681,Logan Lam,Female,18,Nicholsmouth,Germany,2022-04-25
CUST00682,Mr. Michael Williams,Male,64,Lake Kyle,UK,2024-06-03
CUST00683,Kirsten Morales,Male,40,Wyattside,India,2024-01-08
CUST00684,Rebecca Wright,Female,56,Brewerfort,Australia,2024-10-28
CUST00685,Stephanie Herrera,Male,34,Baileyburgh,India,2023-08-01
CUST00686,Kendra Allen,Female,51,Perezton,USA,2023-03-12
CUST00687,Gabrielle Mercer,Female,58,South Billy,Germany,2025-01-06
CUST00688,Tammy Taylor,Male,46,Tranmouth,Australia,2022-04-23
CUST00689,Ashley Parker,Male,26,West Walter,Australia,2021-03-28
CUST00690,Sergio Duarte,Female,30,Fullerview,UK,2024-04-12
CUST00691,Jessica Parker,Female,23,Lake Rachelshire,Germany,2021-06-22
CUST00692,Lee Joseph,Female,23,Robinsonville,USA,2025-03-24
CUST00693,Debbie Green,Male,37,East James,Canada,2021-05-02
CUST00694,Jennifer Diaz,Female,20,Lake Ericashire,India,2021-07-08
CUST00695,Teresa Wyatt,Female,34,Nguyenview,UK,2025-05-02
CUST00696,Carmen Bell,Female,29,Edwardport,Australia,2023-03-26
CUST00697,Scott Lee,Male,64,Tyroneville,Canada,2022-10-24
CUST00698,Melissa Myers,Female,62,Sherriberg,USA,2022-03-16
CUST00699,Karen Dillon,Female,18,North Roberta,Germany,2025-01-09
CUST00700,George Moreno,Male,34,Littlemouth,India,2022-12-12
CUST00701,Meagan Walsh,Female,20,Adamsport,UK,2024-02-09
CUST00702,Cassandra Abbott,Female,43,Rachelbury,Australia,2021-12-18
CUST00703,Kayla Norton,Male,32,Moraside,Australia,2023-02-03
CUST00704,Jared Sanchez,Female,53,East Crystalmouth,Canada,2021-04-19
CUST00705,Jason Campbell,Male,49,Campbellmouth,Canada,2022-03-20
CUST00706,Russell Powell,Male,49,Blackfort,India,2022-01-07
CUST00707,Mr. Robert Clark,Female,21,Tranview,Germany,2024-12-01
CUST00708,Richard Arnold,Female,35,Sylviamouth,USA,2021-06-03
CUST00709,Adrian Kennedy,Female,36,West Elizabeth,Germany,2025-07-03
CUST00710,Roy Hayes,Female,60,New Jamie,Germany,2023-01-07
CUST00711,Justin Miller,Male,52,South Mark,Germany,2024-12-07
CUST00712,Jodi Cohen,Female,57,Brooksland,India,2024-12-01
CUST00713,Wesley Edwards,Male,31,Ellisville,India,2021-11-27
CUST00714,Ryan Jimenez,Female,50,Port Andrea,USA,2022-12-23
CUST00715,Dan Davis,Female,31,Riddleport,Germany,2022-08-31
CUST00716,Daniel Johnson,Female,51,Johnton,India,2025-03-09
CUST00717,Nathaniel Spence,Male,21,Port Cynthia,USA,2025-11-12
CUST00718,Vincent Weber Jr.,Female,41,South Tiffanyfort,Australia,2024-11-19
CUST00719,Rachel Wood,Female,46,Lake Scottfort,USA,2024-06-20
CUST00720,Carrie Watson,Female,36,Hollystad,Germany,2023-09-18
CUST00721,Gerald Lane,Female,23,Port Scott,UK,2021-05-30
CUST00722,Miss Andrea Herring,Male,50,South Joyport,Germany,2021-04-28
CUST00723,Dale Graham,Female,57,Evanview,UK,2025-01-10
CUST00724,Matthew Duffy,Male,36,Melissaton,USA,2022-10-25
CUST00725,Patty Beasley,Male,18,South Jenniferstad,Australia,2025-12-13
CUST00726,Joseph Jacobs,Male,22,East Janet,Australia,2024-04-21
CUST00727,Tracy Campbell,Male,44,South Patrick,India,2022-10-07
CUST00728,Tiffany Wilson,Male,33,Blackburgh,Australia,2021-09-22
CUST00729,Ryan Herring,Male,23,New Wendy,Canada,2023-06-09
CUST00730,Connor Brown,Female,57,Alexanderbury,USA,2024-04-03
CUST00731,Michael Hayes,Male,30,Port Lindaburgh,India,2024-12-09
CUST00732,Timothy Garcia,Male,52,Lake Jenniferborough,Australia,2022-01-28
CUST00733,Sandra Martinez,Male,36,Hannahberg,USA,2022-04-29
CUST00734,Alexander Bell,Female,29,Russoburgh,Germany,2023-09-11
CUST00735,Megan Williamson,Female,33,Port Michelle,Australia,2021-01-22
CUST00736,Lauren Hendricks,Male,60,Kathrynfort,UK,2023-12-22
CUST00737,Diana Jenkins,Female,27,Christineview,USA,2023-06-12
CUST00738,Stephanie Green,Male,42,Tinaburgh,India,2021-03-12
CUST00739,Scott Mcclure,Male,37,Wilsonborough,Germany,2021-09-18
CUST00740,Eric Leach,Female,48,South Shawn,Canada,2024-08-19
CUST00741,Ruben Richardson,Male,21,Port John,Germany,2022-11-14
CUST00742,Toni Marshall,Female,61,Ericaborough,Australia,2024-05-17
CUST00743,Paul Cruz,Female,40,Port Melissa,UK,2022-03-23
CUST00744,Stephanie Ruiz,Male,19,Deniseborough,Germany,2024-05-02
CUST00745,Joseph Smith,Male,39,Sherylview,Canada,2023-07-06
CUST00746,Veronica Burgess,Female,54,Port Julie,India,2024-07-20
CUST00747,Kenneth Owens,Male,25,Janeland,USA,2024-03-15
CUST00748,Kelli Daniels,Male,24,Adamstown,UK,2021-08-01
CUST00749,Roberto Martinez,Male,31,Williamsborough,Canada,2022-09-22
CUST00750,Ashley Duncan,Female,20,Ericland,Australia,2024-05-31
CUST00751,Amanda Hamilton,Female,33,Perrymouth,Australia,2023-07-19
CUST00752,Leslie Allen,Male,36,South Michelle,Australia,2022-03-28
CUST00753,Dr. Martha Smith,Female,35,Harringtonberg,UK,2022-03-22
CUST00754,Gregory Elliott,Female,33,Rogermouth,Germany,2025-06-03
CUST00755,Elizabeth Stewart,Female,25,Lake Katherineview,UK,2022-02-01
CUST00756,Timothy Thomas,Female,50,Port Christopherfort,Australia,2023-10-07
CUST00757,Mark Golden,Female,29,Lake Matthewmouth,Canada,2021-02-27
CUST00758,Elizabeth Smith,Male,28,Alexisfort,USA,2021-10-21
CUST00759,Kenneth Thompson,Male,22,East Sabrina,USA,2025-07-27
CUST00760,Matthew Gibson,Male,44,Tuckerhaven,UK,2021-01-22
CUST00761,Tracey Daniel,Female,29,South Amyside,Australia,2023-02-24
CUST00762,Chad Rose,Female,34,East Thomasburgh,India,2024-07-01
CUST00763,Andrew Pearson,Male,23,Goodwinberg,UK,2022-11-16
CUST00764,Christina Reyes,Female,50,West Anthonyborough,Australia,2025-05-24
CUST00765,Terri Phillips,Male,22,Lorishire,Germany,2024-11-02
CUST00766,Melissa Brown,Male,45,New Tracyton,USA,2021-08-29
CUST00767,Paul Bowman,Male,31,Hickschester,USA,2022-06-02
CUST00768,Michael Garcia,Female,22,Donnaberg,USA,2025-05-31
CUST00769,Victor Colon,Female,50,Port Gregory,India,2024-01-16
CUST00770,Jesse Vincent,Male,58,Peterchester,Australia,2023-08-30
CUST00771,Nicole Chang,Male,36,East Taylor,Australia,2022-08-09
CUST00772,Lisa Hodges,Male,39,North Ronaldton,Australia,2024-10-06
CUST00773,Logan Wise,Male,22,Lake David,Australia,2025-08-24
CUST00774,Carlos Miller,Female,19,Danamouth,India,2021-01-22
CUST00775,Carol Hanson,Female,47,Glennmouth,Canada,2023-10-09
CUST00776,Patricia Lynch,Male,64,Johnberg,UK,2022-04-17
CUST00777,John Lewis,Male,56,New George,UK,2024-10-07
CUST00778,Denise Riley,Female,21,Thomasland,Australia,2022-05-16
CUST00779,Jordan Walker,Female,50,Lake Luisbury,Germany,2024-05-11
CUST00780,Maria Ward,Male,30,Fishermouth,USA,2023-09-07
CUST00781,Kevin King,Male,37,West Jimmy,India,2024-05-13
CUST00782,Michele Thompson,Male,24,Whitebury,Germany,2023-07-28
CUST00783,Ashley Maxwell,Female,32,Jimenezborough,Germany,2023-09-09
CUST00784,Heather Contreras,Female,40,Poncechester,Australia,2024-12-05
CUST00785,Hannah Ray,Female,31,East John,India,2023-05-21
CUST00786,Carol King,Male,40,South Christopherville,UK,2023-11-20
CUST00787,Becky Jackson,Male,36,North Kyle,USA,2021-01-19
CUST00788,Johnathan Johnson Jr.,Female,46,Port Elizabeth,UK,2025-05-16
CUST00789,Kenneth Arnold,Female,37,North Jessica,Germany,2021-08-03
CUST00790,Jillian Marshall,Male,46,North Kelsey,USA,2025-08-28
CUST00791,Patricia Sharp,Female,41,Smithstad,Canada,2021-11-07
CUST00792,Jeremy Wilson,Female,35,Cameronton,Germany,2022-11-21
CUST00793,Michael Kirby,Male,27,South Terranceton,UK,2022-04-02
CUST00794,Barbara Lara,Female,58,Nicholasville,UK,2024-02-02
CUST00795,Miss Lori Murray,Male,25,Robersonville,Australia,2024-10-02
CUST00796,Patrick Garner,Male,43,New Paul,UK,2021-02-02
CUST00797,Alison Pruitt,Male,46,Krystalburgh,India,2023-02-16
CUST00798,Kyle Smith,Male,27,New Robertport,Germany,2021-02-03
CUST00799,Jose Hayes,Male,34,Leslieside,USA,2021-01-14
CUST00800,Kimberly Miranda,Male,19,Bradmouth,UK,2025-02-02
CUST00801,Melinda Smith,Male,23,West Davidborough,Australia,2021-06-22
CUST00802,Jonathan Lopez,Female,22,New Kimberlyview,Australia,2023-02-04
CUST00803,Nicholas Morales,Male,45,South Angela,UK,2021-01-09
CUST00804,Michael Smith,Male,58,West Leslie,India,2023-01-17
CUST00805,Brian Miller,Female,22,Lake Jennifertown,Australia,2023-06-24
CUST00806,Pamela Barnett,Female,35,Davidsonton,USA,2021-08-29
CUST00807,Joanna Dixon,Female,43,West Stephaniefort,Germany,2021-04-17
CUST00808,Robert Cunningham,Male,37,South Wendy,Canada,2023-06-13
CUST00809,Joy Arellano,Female,58,Port Joshuaville,India,2024-12-13
CUST00810,Laurie Hale,Male,44,Martinshire,Australia,2023-05-20
CUST00811,Kevin Scott,Male,29,North Nancybury,Germany,2022-12-12
CUST00812,Kristina Johnson,Male,24,Port Kelly,Canada,2021-09-06
CUST00813,Carol Krueger,Male,20,Wagnerburgh,UK,2021-12-03
CUST00814,Mike Mercado,Female,27,Campbellfurt,UK,2021-06-03
CUST00815,Tracy Nicholson,Female,51,Marissaside,USA,2022-04-19
CUST00816,Danielle Johnson,Male,42,Kennethview,Canada,2021-11-22
CUST00817,Jeremiah Moon,Male,52,Torresfurt,UK,2023-02-27
CUST00818,Joseph Davis,Male,33,North Bonnie,UK,2022-11-06
CUST00819,Joshua Cortez,Female,19,Wrightville,Australia,2025-05-27
CUST00820,Vincent Phillips,Male,41,North Michael,USA,2025-11-06
CUST00821,Dennis Hoffman,Male,27,West Patrick,Germany,2022-05-11
CUST00822,Nicole Gentry,Female,55,Port Jessica,UK,2023-11-21
CUST00823,Tammy Johnson,Female,39,North Johnport,India,2022-11-13
CUST00824,Carla Sanders,Male,43,North Lindafort,India,2022-10-14
CUST00825,Crystal Robinson,Female,60,Murrayhaven,Germany,2022-10-02
CUST00826,Michael Stanton,Female,56,Jenniferport,Canada,2021-06-26
CUST00827,Toni Fox,Male,44,New Tiffany,USA,2023-12-27
CUST00828,Scott Johnson,Female,46,East Catherineview,Australia,2021-10-04
CUST00829,Dawn Wells,Male,64,West Jessicabury,India,2022-11-25
CUST00830,Francisco Short,Female,55,Maddoxton,India,2021-07-31
CUST00831,William Miller,Male,37,Wolfmouth,Germany,2022-06-30
CUST00832,Douglas Rich,Male,44,East Connorborough,Canada,2025-03-24
CUST00833,Melissa Dyer,Male,58,Sarahview,Canada,2022-02-15
CUST00834,Jessica Jimenez,Female,37,Evansberg,Germany,2025-11-10
CUST00835,Anna Moore,Male,61,Heidimouth,India,2023-06-23
CUST00836,Kathleen Brown,Female,36,Dennischester,USA,2022-10-10
CUST00837,Shawn Morales,Male,37,East Sarahfurt,India,2021-05-01
CUST00838,David Maxwell,Male,52,East Sabrina,Canada,2022-05-12
CUST00839,Michael Donaldson,Female,64,North Jasonland,Australia,2021-02-09
CUST00840,Andre Holt,Male,19,Colemouth,India,2021-12-25
CUST00841,Shelby Wilson,Male,47,South Andrea,USA,2023-04-24
CUST00842,Patricia Woods,Female,51,East Ashley,UK,2023-11-21
CUST00843,Robert Barron,Male,39,New Courtneyport,India,2023-03-25
CUST00844,Renee Buchanan,Male,20,New Austin,Germany,2025-10-17
CUST00845,Miss Chelsea Hayes,Male,23,Juanmouth,UK,2023-04-15
CUST00846,Tracy Calderon,Male,32,West Jeanneberg,Germany,2025-08-29
CUST00847,Jessica Morgan,Female,44,Kaylahaven,Germany,2021-09-20
CUST00848,Renee Rose,Female,27,Mercadoview,Germany,2024-03-30
CUST00849,Richard Williams,Male,26,North James,India,2024-01-29
CUST00850,Kimberly Butler,Female,50,New Gregory,Canada,2025-04-07
CUST00851,Bonnie Martinez,Male,49,Reynoldsville,UK,2023-07-13
CUST00852,Julie Proctor,Female,23,Cruzton,USA,2022-03-21
CUST00853,Charles Schmitt,Male,58,Morenobury,Canada,2025-07-07
CUST00854,Ronald Elliott,Male,53,South Justinside,India,2022-12-29
CUST00855,Sarah Richards,Male,19,South Sarahhaven,Germany,2023-04-16
CUST00856,Michael Silva,Male,46,Williamsport,USA,2022-06-02
CUST00857,Gregory Hernandez,Male,21,Port Danielton,UK,2024-04-21
CUST00858,Jessica Patterson,Male,18,New Kathrynfurt,Canada,2021-10-26
CUST00859,Rebekah Avila,Female,36,Kathleenton,Australia,2024-11-10
CUST00860,Richard Reynolds,Male,43,Bowmanstad,Canada,2021-04-06
CUST00861,Lisa Carter,Female,42,Stevensside,USA,2023-03-24
CUST00862,Michelle Soto,Male,27,Powellfort,India,2022-05-25
CUST00863,Shannon Roach,Female,32,Bryanfort,UK,2022-05-31
CUST00864,John Patton,Female,39,South Gina,USA,2022-04-19
CUST00865,Rebecca Russo,Female,38,East Carl,Germany,2024-04-29
CUST00866,Frederick Swanson,Male,39,Kellystad,UK,2024-11-25
CUST00867,Todd Flores,Male,53,North Chelsea,Canada,2022-11-18
CUST00868,David Davis,Female,51,Riverabury,USA,2021-12-01
CUST00869,Renee Atkinson,Male,47,West Amandaburgh,Canada,2022-08-20
CUST00870,Mark Monroe,Female,42,Anthonymouth,Canada,2023-09-07
CUST00871,Cheyenne Adams,Male,62,South Ericview,Canada,2023-04-27
CUST00872,Jacob Beard,Female,45,East Heatherhaven,India,2025-02-16
CUST00873,Yolanda Kelly,Female,18,Carlfort,Canada,2025-05-21
CUST00874,Heather Lopez,Male,62,Port Williamfurt,Germany,2021-08-29
CUST00875,Gregory Kennedy,Female,21,Kingmouth,Germany,2024-11-17
CUST00876,Judith Silva,Male,24,Nicholasberg,UK,2024-09-13
CUST00877,Janice Johnson,Female,26,Shermanview,Australia,2022-01-10
CUST00878,Chris Barnett,Female,53,Rosehaven,Canada,2021-12-07
CUST00879,Jack Riggs,Male,36,West Raven,Canada,2025-08-16
CUST00880,Kevin Simpson,Male,18,Jacobstad,USA,2023-03-02
CUST00881,Christopher Patel PhD,Male,27,Lake Katherine,India,2024-10-14
CUST00882,Gina Martinez,Female,53,North Anthonybury,Australia,2024-04-07
CUST00883,Michael Guerrero,Male,26,Lindsaymouth,UK,2024-10-30
CUST00884,Cody Harris,Female,62,Davidmouth,Australia,2023-01-20
CUST00885,Angela Caldwell,Female,63,Lake Ashleyfort,Canada,2022-12-22
CUST00886,Vanessa Jackson,Male,59,Soniamouth,USA,2021-07-27
CUST00887,Joel Adams,Male,49,West Ginaton,India,2021-09-05
CUST00888,Laurie Johnson,Female,49,East Anthony,UK,2024-07-01
CUST00889,April Craig,Female,23,East Erinside,Australia,2024-04-16
CUST00890,John Phillips,Male,55,Robertsmouth,UK,2022-12-10
CUST00891,Michael Green,Male,34,Deniseland,Canada,2022-04-24
CUST00892,Allen Delacruz,Male,27,Thomaston,UK,2022-04-12
CUST00893,Jeffrey Howard,Male,44,Nicholasland,USA,2021-05-27
CUST00894,Shawna Brewer,Male,52,East Steven,UK,2025-06-11
CUST00895,Joan Zhang,Female,38,Guerrachester,Germany,2022-03-30
CUST00896,Stacey Brady,Female,42,South Brittany,USA,2023-02-12
CUST00897,Robert Bush,Female,45,Hahnmouth,Australia,2025-10-31
CUST00898,Ricky Johnson,Female,64,Shelleyfort,India,2023-04-11
CUST00899,David Brown,Male,32,East Judithville,India,2022-03-14
CUST00900,Shannon Hensley,Male,21,Tiffanyshire,Canada,2023-06-26
CUST00901,Sarah Charles,Male,46,North Justin,Canada,2021-04-21
CUST00902,Steven Parker,Female,26,Michaelstad,Germany,2024-03-13
CUST00903,Frank Davidson,Female,44,Westside,Australia,2023-09-30
CUST00904,Charles Cook,Male,43,Monroehaven,India,2024-09-30
CUST00905,Nicholas Wells,Male,36,South Dawn,India,2022-04-15
CUST00906,Ann Chen,Female,45,New Gabrielland,India,2024-07-01
CUST00907,Anita Lowery,Female,34,Lake Dianaport,India,2023-11-18
CUST00908,Sandra Molina,Male,60,North Bradleybury,UK,2022-10-24
CUST00909,Laura Hampton,Male,58,Lake Jose,Australia,2024-05-11
CUST00910,Tyler Cisneros,Female,59,Robertshire,USA,2025-11-04
CUST00911,Beth Arnold,Male,37,Lake Kyletown,USA,2021-04-10
CUST00912,Dana Williams,Male,62,Hickmantown,Germany,2021-05-24
CUST00913,David Collins,Male,57,Lake Johnton,UK,2024-05-13
CUST00914,William Campbell,Female,56,North Chelseaport,India,2025-06-23
CUST00915,David Nunez,Female,40,Brandonland,India,2024-04-21
CUST00916,Amanda Howard,Female,64,Madelinefurt,Canada,2021-11-04
CUST00917,Luis Oconnell,Female,49,North Darlenefurt,Canada,2025-07-18
CUST00918,Miguel Carlson,Female,64,Darrenland,Germany,2021-03-03
CUST00919,Katie Huber,Female,50,New Crystal,India,2021-12-18
CUST00920,Amanda Caldwell,Female,63,Lake Barbarabury,Germany,2024-10-31
CUST00921,Christine Scott,Male,22,Hutchinsonport,UK,2023-08-14
CUST00922,Charlotte Smith,Male,60,Dominguezberg,USA,2021-12-16
CUST00923,Anthony Mendoza,Male,51,Melaniefurt,India,2024-04-14
CUST00924,Shannon Stein,Male,57,North Brian,Australia,2022-07-11
CUST00925,William Li,Male,28,Jacquelinehaven,UK,2025-06-29
CUST00926,Savannah Adams,Male,20,New Sharonside,India,2022-07-19
CUST00927,Curtis Cook,Male,50,South Manuel,Australia,2021-12-18
CUST00928,Richard Castillo,Female,28,Port Eric,Canada,2021-02-04
CUST00929,James Martinez,Female,33,East Holly,Germany,2025-11-07
CUST00930,Karen Gonzales MD,Male,35,Fergusonport,Canada,2021-12-02
CUST00931,Frank Hawkins,Male,47,Bautistaport,USA,2021-02-02
CUST00932,Todd Mcdonald,Female,27,Danielchester,Canada,2021-07-13
CUST00933,Andres Ballard,Male,35,Markshire,India,2023-08-12
CUST00934,Michael Arnold,Male,55,East Daniel,Australia,2023-07-31
CUST00935,Joshua Herrera,Female,36,Jamesville,Canada,2022-05-25
CUST00936,Jeffery Wilson,Male,53,Michaelstad,India,2022-02-15
CUST00937,Rachael Rogers,Female,30,Gibbston,USA,2022-09-23
CUST00938,Robin Matthews,Male,63,New Abigail,Australia,2024-11-14
CUST00939,Lisa Alexander,Female,20,Phillipstown,Canada,2024-04-03
CUST00940,Mark Ball,Female,27,South James,Germany,2021-01-20
CUST00941,Jeffery Snyder,Female,55,Alexisshire,Germany,2025-07-10
CUST00942,Charles Hodge,Male,18,Herreratown,Australia,2023-11-16
CUST00943,Deborah Bell,Female,44,Port Kimberlyburgh,Germany,2022-04-09
CUST00944,Justin Miller,Male,63,North Erinhaven,Canada,2022-03-08
CUST00945,Brian Black,Male,25,East Katherinemouth,Canada,2023-01-30
CUST00946,Melissa Gross,Male,63,Port Meganville,Australia,2023-11-27
CUST00947,Marc Conley MD,Male,59,South Michael,Canada,2024-08-26
CUST00948,Katie Tyler,Female,34,Port Sherry,India,2022-10-12
CUST00949,Marc Davila,Female,26,Nicholasland,USA,2025-11-09
CUST00950,Amber Webb,Male,23,Port Anthony,Germany,2025-08-29
CUST00951,Krista Nelson,Male,60,Davidshire,India,2023-04-22
CUST00952,Kristin Perez,Female,42,Vincentburgh,Australia,2022-06-24
CUST00953,Shannon Anderson,Male,56,New Zacharyberg,Germany,2021-05-16
CUST00954,Marissa Hansen,Female,45,Lake Sean,India,2024-04-14
CUST00955,Emily Harris,Male,50,Conradberg,Canada,2025-02-27
CUST00956,Kurt Lee,Male,54,Garciaburgh,Australia,2024-09-11
CUST00957,Crystal Briggs,Female,26,Port Anthonybury,Australia,2022-10-10
CUST00958,Pedro Murphy,Male,35,Elizabethburgh,Germany,2022-09-10
CUST00959,Tammy Williams MD,Female,38,Lake Toddville,Canada,2023-04-13
CUST00960,Sierra Chen,Male,19,Lake Lawrencetown,Germany,2024-07-30
CUST00961,Shawn May,Male,60,Leestad,UK,2025-03-26
CUST00962,Christie Martinez,Male,55,Port Timothy,India,2023-02-17
CUST00963,Rhonda Jones,Female,57,Port Robert,UK,2023-05-08
CUST00964,Samuel Reynolds,Male,53,Pooleport,India,2024-05-29
CUST00965,Charles Skinner,Male,60,Thompsonbury,USA,2021-02-13
CUST00966,Joseph Stevenson,Male,54,New Jenniferville,Australia,2022-08-23
CUST00967,Randy Wilson,Male,32,New Christopherfort,Germany,2024-09-20
CUST00968,Lindsay Cain,Female,45,New Johnville,USA,2021-08-08
CUST00969,Mary Kaiser,Female,35,South Johnfurt,USA,2021-01-20
CUST00970,Dennis Murphy,Male,51,Annemouth,Australia,2021-09-14
CUST00971,Mr. Aaron Walsh,Female,39,Stephanieshire,Australia,2021-12-02
CUST00972,Kimberly Hines,Male,28,Reedmouth,India,2024-05-16
CUST00973,Jeff Davis,Male,30,Michelleside,UK,2022-12-24
CUST00974,Donald Simon,Male,21,Huntchester,Canada,2021-09-20
CUST00975,Jonathan Sandoval,Female,39,Anafurt,India,2024-12-08
CUST00976,Anthony Fowler,Female,24,Mallorymouth,Canada,2024-02-04
CUST00977,Megan Price,Female,60,New Brianhaven,USA,2023-11-18
CUST00978,Robert Williams,Female,41,Johnsonhaven,Canada,2025-09-21
CUST00979,Olivia Murillo,Female,21,East Daniellehaven,UK,2022-12-26
CUST00980,Debra Lamb,Female,45,Lake Austintown,India,2024-09-12
CUST00981,Larry Clark,Female,32,Lake Scottshire,Australia,2021-04-08
CUST00982,Jeffrey Thompson,Female,18,North Eric,UK,2024-08-14
CUST00983,Gerald Ford,Female,20,Murphyshire,UK,2025-07-08
CUST00984,Michael Roth,Male,31,New Carolton,India,2021-01-13
CUST00985,Jerry Leach,Female,55,East Tiffanychester,Australia,2022-10-17
CUST00986,Brandon Webb,Female,18,West Clairechester,UK,2021-08-22
CUST00987,Connie Kirby,Female,55,Mandychester,Australia,2025-06-18
CUST00988,Robert Murphy,Female,55,Ebonybury,Germany,2022-06-07
CUST00989,Douglas Walsh,Female,38,South Sonyaside,Germany,2022-06-27
CUST00990,Tiffany Gamble,Female,46,West Heathertown,Germany,2023-05-27
CUST00991,Adam White,Female,22,Garciaburgh,Canada,2025-04-01
CUST00992,Melissa Johnson,Female,27,Lake Andrewton,UK,2025-05-18
CUST00993,Andrew Hawkins,Female,45,West Richardbury,India,2021-11-02
CUST00994,John Morris,Female,38,North Jacquelineport,India,2021-01-11
CUST00995,Johnny Rose,Female,24,North Brendahaven,Canada,2025-11-27
CUST00996,Bryan Russell,Male,20,Christopherhaven,India,2021-04-15
CUST00997,David Cole,Male,62,North Zacharyhaven,Germany,2024-05-19
CUST00998,Jacqueline Vasquez,Female,64,New Sonyafurt,UK,2022-10-01
CUST00999,Brandon Sandoval,Female,37,West Joseville,India,2023-11-03
CUST01000,Erik Lee,Male,36,Port Olivia,India,2025-12-13
CUST01001,Thomas Gray,Female,52,New Kathleentown,USA,2021-11-19
CUST01002,Nathan Rodriguez,Male,21,Lisaberg,USA,2023-11-21
CUST01003,Paul Silva,Male,22,Gillbury,USA,2024-02-08
CUST01004,Thomas Koch,Male,18,Donnamouth,UK,2024-06-05
CUST01005,Michael Henderson,Male,21,Lake Anna,Germany,2021-03-29
CUST01006,Margaret Taylor,Male,29,North Heatherville,Australia,2025-08-09
CUST01007,Diane Nelson,Female,44,Hoffmanmouth,Germany,2021-07-19
CUST01008,Kevin Wilson,Male,59,New Anita,Germany,2023-07-02
CUST01009,Jordan Garner,Female,40,South Andrewton,UK,2023-08-11
CUST01010,Nicole Mitchell,Female,42,Hamiltonstad,UK,2024-01-13
CUST01011,Samantha Valenzuela,Male,38,Washingtonside,USA,2023-07-18
CUST01012,Kathryn Brown,Male,41,Thompsonfurt,India,2025-07-24
CUST01013,Patricia Brewer DDS,Female,42,South Lisafurt,Canada,2022-06-11
CUST01014,Mrs. Rachael Martinez,Male,62,Jennifermouth,Canada,2024-01-02
CUST01015,Anne Park,Male,63,Christopherburgh,Australia,2022-05-30
CUST01016,Alice Robinson,Female,49,Oliviaville,India,2022-02-10
CUST01017,Fernando Johnson,Female,49,Newmanport,Australia,2025-01-16
CUST01018,Kayla Murphy,Male,22,Port Jonmouth,USA,2023-11-23
CUST01019,Caleb Craig,Female,53,Adamside,Australia,2025-04-10
CUST01020,Kimberly Nash,Male,63,Wilcoxshire,India,2023-09-28
CUST01021,Donna Elliott,Male,59,Lake Meganview,India,2021-10-20
CUST01022,Elizabeth Salas,Male,59,Jessicamouth,Canada,2021-08-04
CUST01023,Alicia Calderon,Female,56,Greenmouth,USA,2025-12-17
CUST01024,Christina Trevino,Female,33,South Melaniehaven,UK,2023-08-01
CUST01025,Joshua Swanson,Female,50,Griffinside,Australia,2025-07-10
CUST01026,Edward Harvey,Female,38,Johnnyview,Canada,2024-02-26
CUST01027,Kathleen Johnson,Female,26,Banksview,Australia,2025-12-07
CUST01028,Rachel Carter,Male,23,Port Paulchester,Australia,2023-07-06
CUST01029,Kenneth Torres,Male,62,North Johnburgh,UK,2022-05-07
CUST01030,Joshua Rodriguez,Male,52,Lake Shawnside,USA,2024-01-22
CUST01031,Dr. Jessica Jones,Male,56,Josestad,India,2025-04-22
CUST01032,Jill Howard,Female,39,Joelburgh,Germany,2024-05-25
CUST01033,Jade Webb,Male,58,New Christianshire,Australia,2025-07-18
CUST01034,Victor Holt,Female,22,Lake Charles,Germany,2025-02-01
CUST01035,Jessica Reynolds,Male,59,Port Julia,USA,2025-06-28
CUST01036,Corey White DVM,Female,40,Alexandershire,Germany,2025-06-28
CUST01037,Kurt Sloan,Female,34,New Jennifer,Australia,2023-10-15
CUST01038,Anthony Porter,Male,29,Welchland,UK,2024-04-01
CUST01039,John Watson Jr.,Male,40,Coryberg,Germany,2024-05-28
CUST01040,Jacqueline Mcintyre,Male,33,Hulltown,USA,2021-10-26
CUST01041,Peter Gray,Male,20,Schwartzside,USA,2021-01-03
CUST01042,Dr. Mitchell Lane Jr.,Female,47,Amyberg,UK,2025-02-24
CUST01043,Brittany Shelton,Male,39,Port Kentmouth,Germany,2021-12-24
CUST01044,Mr. Jason Wilson,Male,26,Fieldsmouth,Germany,2023-01-24
CUST01045,Marc Castillo,Female,46,Joshuafort,India,2022-08-21
CUST01046,Rhonda Rojas,Male,64,Brianberg,Canada,2025-11-18
CUST01047,Casey Ross,Male,54,East Leslie,USA,2021-02-15
CUST01048,Danielle Anderson,Male,40,New Elizabethshire,India,2025-01-12
CUST01049,Maurice Martinez,Male,30,Lake Tonyland,USA,2024-02-22
CUST01050,Marisa Crane,Male,49,Davidtown,India,2024-01-16
CUST01051,William Long,Female,63,New Brandonburgh,Canada,2022-06-08
CUST01052,Chase Larsen,Male,64,Lake Geoffreyfort,India,2022-09-14
CUST01053,Brian Burnett,Male,40,South Jamiefort,USA,2021-06-15
CUST01054,Amy Myers,Male,62,West Davidmouth,Germany,2024-08-08
CUST01055,Caitlin Hall,Male,34,Lake Danielland,USA,2025-07-29
CUST01056,Brian Montgomery,Male,57,West Angela,Australia,2024-04-18
CUST01057,Lisa Mejia,Female,38,Courtneyburgh,UK,2023-06-18
CUST01058,Shannon Watts,Male,19,Autumnbury,UK,2024-06-14
CUST01059,Raymond Donaldson,Female,54,Sabrinaville,Australia,2022-07-16
CUST01060,Laura Mitchell,Female,23,Thomasmouth,UK,2022-10-16
CUST01061,Stephanie Solis,Male,61,Brownfort,UK,2023-12-25
CUST01062,Mr. Robert Webster,Male,35,Jonesmouth,Canada,2022-01-09
CUST01063,Mrs. Sandra Alexander DVM,Male,47,South James,Germany,2023-07-04
CUST01064,Heidi Galvan,Male,39,North Bobbychester,Germany,2022-07-23
CUST01065,Justin Young,Female,50,Jimenezberg,USA,2025-09-26
CUST01066,James Brady,Male,47,Lake Kevin,Australia,2022-07-23
CUST01067,Dorothy Anderson,Male,34,Smithfort,India,2021-05-31
CUST01068,Justin Duffy,Male,60,Lewisville,USA,2022-12-29
CUST01069,Erica Bailey,Male,49,Kellibury,USA,2022-06-05
CUST01070,Robert Johns,Male,59,Williamfort,USA,2024-01-05
CUST01071,Jessica Humphrey MD,Male,31,North Danieltown,USA,2021-12-11
CUST01072,Thomas Rose,Female,27,North Anna,Germany,2023-10-18
CUST01073,Marie Perry,Female,64,Lake Timothystad,India,2021-06-05
CUST01074,Jennifer Douglas,Male,53,South Susanville,USA,2023-06-28
CUST01075,Alejandro Thompson,Male,51,Port Josephland,Germany,2022-02-26
CUST01076,Jim Cole,Male,26,Port Jamesside,USA,2023-08-30
CUST01077,Jessica Tanner,Female,59,New Kennethstad,UK,2022-05-12
CUST01078,Natalie Herring,Male,45,West Nicholasport,USA,2022-03-29
CUST01079,Daniel Rogers,Female,28,South Jacobchester,Australia,2023-05-19
CUST01080,Amanda Villegas,Male,31,Stephanieville,Australia,2021-02-19
CUST01081,Matthew Berry,Male,56,North Danielberg,USA,2024-06-12
CUST01082,Kelly Silva,Male,64,Amandaburgh,Canada,2020-12-31
CUST01083,Maria Watkins,Male,36,New Samuelstad,UK,2023-10-21
CUST01084,Eric Clark,Female,32,West Stephaniehaven,India,2022-03-02
CUST01085,Robin Tucker,Female,45,Sanchezhaven,USA,2022-07-17
CUST01086,Mark Kelly,Male,41,New Yeseniaside,India,2023-09-08
CUST01087,Jeffrey Hill,Male,25,Stewartport,UK,2025-05-20
CUST01088,James Price,Female,60,Lake Robert,USA,2025-10-30
CUST01089,Matthew Gonzalez,Female,26,West Jenniferport,Canada,2025-09-03
CUST01090,Sandra Drake,Female,64,Duncanside,Germany,2021-12-22
CUST01091,Ethan Cooper,Female,50,Lake Danielhaven,Canada,2025-11-06
CUST01092,Rachel Brown,Male,50,Paultown,Canada,2022-05-12
CUST01093,Alicia Porter,Female,36,Nicholasport,Germany,2023-03-22
CUST01094,Kayla Lewis,Male,20,Michelleview,Germany,2022-11-22
CUST01095,Miguel Stevens,Female,27,East Christopher,Australia,2022-08-29
CUST01096,Olivia Moody,Female,57,Jenniferchester,Germany,2024-07-31
CUST01097,Judy Beasley,Female,64,Carriefurt,USA,2024-02-14
CUST01098,Andrew Hunter,Female,59,Kathrynfurt,India,2022-01-21
CUST01099,Vincent Gibson,Female,18,Lake Steven,Australia,2022-08-07
CUST01100,Christina Reyes MD,Male,46,Mikeside,Australia,2021-02-11
CUST01101,Sarah Rodriguez,Male,51,Brittanystad,India,2023-12-10
CUST01102,Albert Williams,Female,30,New Andrew,Australia,2024-02-27
CUST01103,Teresa Barr,Female,18,Barbarafort,Germany,2025-04-20
CUST01104,Samuel Ferrell,Male,51,South Pamelaberg,Canada,2021-05-16
CUST01105,Matthew Brown,Female,46,Kingport,UK,2024-08-16
CUST01106,Paul Parker,Female,64,Richardton,Germany,2021-04-08
CUST01107,David Castillo,Male,30,West Alfred,Canada,2025-07-12
CUST01108,Melissa Vega,Female,46,Hornemouth,Canada,2022-07-21
CUST01109,Martha White,Female,56,Lake Kevin,Australia,2021-02-08
CUST01110,Adam Wood,Male,41,South Daniel,USA,2024-07-22
CUST01111,Benjamin Neal,Male,43,Kinghaven,USA,2025-11-28
CUST01112,George Henderson,Male,34,Sotomouth,Australia,2021-06-13
CUST01113,Sean Lee,Female,24,Rodriguezborough,Australia,2025-07-25
CUST01114,Tristan Lowery,Male,30,Port Michael,India,2025-03-21
CUST01115,Jacqueline Foster,Male,22,Lake Christophertown,India,2024-01-17
CUST01116,Jonathan Jenkins,Male,43,New Anthony,UK,2023-12-13
CUST01117,Kimberly Parker,Male,20,West Alexandriaside,UK,2022-01-11
CUST01118,Maureen Vega,Male,24,Carrshire,UK,2023-08-25
CUST01119,Joel Stein,Male,56,Lake Nicholebury,UK,2023-12-16
CUST01120,Keith Rivera,Female,18,Darrenstad,Canada,2021-11-13
CUST01121,Robert Bullock,Female,34,East Jessica,Canada,2025-12-03
CUST01122,Allison Walker,Male,60,Rebeccafort,India,2023-09-14
CUST01123,Kenneth Adams,Male,42,Taylorton,USA,2023-02-22
CUST01124,Patricia Hodges,Male,20,Careyborough,Australia,2024-08-01
CUST01125,James Moses,Female,32,Antonioburgh,USA,2025-07-14
CUST01126,Cynthia Brown,Female,46,Lake Jeffery,Germany,2024-01-12
CUST01127,Bonnie Schmidt,Female,60,Aaronport,Canada,2024-01-01
CUST01128,Monica Cobb,Female,49,South Gail,UK,2023-12-24
CUST01129,Brian Reyes,Female,43,West Matthewfurt,UK,2022-10-13
CUST01130,Mary Wright,Female,33,Cunninghamburgh,Germany,2024-03-12
CUST01131,Amy Friedman,Female,42,Steinfurt,USA,2024-06-09
CUST01132,Alex Rivera,Female,45,Schultzside,UK,2024-12-05
CUST01133,Kelly Navarro,Female,26,Kimberlyhaven,USA,2023-07-01
CUST01134,Pamela Gomez,Male,18,Kellyville,Australia,2023-01-19
CUST01135,Cynthia Reed,Male,46,South Edwardshire,Germany,2024-07-11
CUST01136,Monica Daniel,Male,39,West Stephanieborough,USA,2021-04-02
CUST01137,Caitlin Stewart,Male,33,West Brittney,Australia,2025-10-19
CUST01138,Kara Bradley,Female,58,New Barbarachester,USA,2024-11-16
CUST01139,Jennifer Hammond,Female,61,North Christinechester,USA,2021-08-01
CUST01140,Crystal Koch,Male,58,Heatherview,UK,2021-05-19
CUST01141,Carlos Cox,Female,24,North Malloryville,India,2022-09-12
CUST01142,Ariana Miller,Male,31,Martintown,Canada,2025-11-08
CUST01143,Daniel Valencia,Female,46,Bergfurt,USA,2022-06-07
CUST01144,David Hill,Male,36,New Jenniferstad,USA,2023-07-02
CUST01145,John Dixon,Female,36,East Rogerstad,USA,2021-03-18
CUST01146,Lisa Graves,Female,19,Stephenstad,India,2023-05-25
CUST01147,Jennifer Lewis,Male,58,North John,Australia,2023-02-06
CUST01148,Jeff Small,Female,62,Lake Aaron,Germany,2025-12-24
CUST01149,Robert Scott,Male,32,Victoriabury,UK,2022-09-10
CUST01150,Micheal Fisher,Male,20,Christophermouth,India,2023-12-16
CUST01151,Kenneth Lopez,Male,28,East Amanda,Australia,2023-02-15
CUST01152,Jacqueline Garcia,Male,63,North Patriciaport,USA,2021-03-20
CUST01153,Anthony Liu,Female,47,Jonathanberg,Australia,2025-07-07
CUST01154,Christopher Mitchell,Female,57,Lake Thomaston,India,2023-05-24
CUST01155,Cassandra Kim,Female,35,Charlesshire,India,2025-07-14
CUST01156,David Soto,Male,19,New Amandaton,India,2025-05-16
CUST01157,Allen Reyes,Female,49,Lisabury,Germany,2022-05-30
CUST01158,Erika Hubbard,Male,25,Angelaberg,Canada,2022-08-20
CUST01159,Jessica Hendricks,Female,39,Jimenezborough,UK,2024-04-02
CUST01160,Stephanie Green,Female,23,Stonefort,Germany,2021-07-16
CUST01161,Nicole Juarez,Female,29,South Josephberg,Germany,2024-12-08
CUST01162,Scott Leonard,Male,64,Kathleenton,Canada,2021-05-17
CUST01163,Paul Morris,Female,57,North Jordanberg,Germany,2022-12-19
CUST01164,Gail Rivera,Female,53,North Brandon,India,2024-11-07
CUST01165,Michael Delgado,Male,32,West Brandon,India,2023-08-17
CUST01166,Ashley Henderson,Female,45,South Shannon,Australia,2021-04-12
CUST01167,Sara Ortega,Male,62,Mirandafurt,USA,2024-10-18
CUST01168,Christopher Pierce,Female,35,Rosarioville,Germany,2024-12-24
CUST01169,Garrett Howe,Male,19,Port Peter,USA,2021-08-05
CUST01170,Kyle Hunter,Male,30,Tracybury,UK,2021-07-06
CUST01171,Andres Richardson,Female,62,Simsfurt,India,2025-09-23
CUST01172,Christine Barker,Male,32,East Ashleymouth,Australia,2025-10-16
CUST01173,Jordan Kelly,Male,37,Torresmouth,UK,2022-04-12
CUST01174,Amanda Bridges,Male,46,North Michaelmouth,Australia,2025-05-11
CUST01175,David Hopkins,Male,59,Greenhaven,Canada,2025-11-13
CUST01176,Kristen Hardin,Male,46,North Gary,India,2021-06-09
CUST01177,Krystal Christensen,Male,20,Weaverchester,UK,2024-07-05
CUST01178,Christopher Butler,Female,36,Port Ian,Canada,2024-07-21
CUST01179,Mariah Gonzalez,Male,20,East Amandahaven,UK,2024-01-14
CUST01180,Douglas Stanley,Male,31,Sanchezberg,Australia,2021-05-16
CUST01181,Erica King,Female,57,Port Bethany,Canada,2024-08-30
CUST01182,Aaron Lopez,Female,21,Lake Benjaminberg,Canada,2025-08-12
CUST01183,Jacob Smith,Female,28,South David,India,2023-05-16
CUST01184,Mary King,Female,48,Josestad,USA,2021-06-06
CUST01185,Matthew Robles,Female,60,Lopezburgh,Australia,2022-12-04
CUST01186,Cassandra Carrillo,Female,49,Port Brandon,Australia,2023-04-07
CUST01187,Alicia Wood,Female,44,Leeland,Canada,2024-06-16
CUST01188,Haley Velez,Male,47,Port Kimberly,Canada,2024-10-19
CUST01189,Ashley Harding,Male,60,Michaelport,India,2023-03-28
CUST01190,Lee Montes,Female,19,New Andrewside,USA,2022-12-11
CUST01191,Suzanne Ibarra,Male,26,Danielberg,Australia,2025-04-22
CUST01192,Stephen Edwards,Male,45,West Richard,Germany,2021-09-01
CUST01193,Heather Owens,Male,48,East Alyssaside,Germany,2022-09-19
CUST01194,Anne Daniel,Female,51,Lisaborough,USA,2024-06-01
CUST01195,Ann Barnes,Female,32,Hollybury,UK,2021-08-12
CUST01196,Mary Carter,Male,42,Fordland,India,2023-09-11
CUST01197,Vanessa Castro,Female,53,North Douglas,USA,2022-06-15
CUST01198,Tracy Dominguez,Male,25,Jonesburgh,Germany,2021-05-30
CUST01199,Sarah Reed,Male,26,West Debra,Canada,2024-06-02
CUST01200,Michelle Gill,Male,54,Zamoraland,Germany,2021-07-17
CUST01201,Christine Rojas,Male,62,Hamiltonborough,Canada,2023-10-19
CUST01202,Martin Serrano,Female,56,Jenniferbury,India,2022-11-21
CUST01203,Matthew Norman,Female,49,Davidport,Canada,2022-02-01
CUST01204,David Brown,Female,34,East Sierraview,USA,2023-06-28
CUST01205,Joshua Todd,Male,52,North Douglasview,Canada,2021-04-07
CUST01206,Frank Steele,Female,54,Terriberg,UK,2023-01-06
CUST01207,Robert Anderson,Male,36,East Susan,USA,2021-12-28
CUST01208,Karen Mejia,Female,61,Cuevasstad,India,2024-01-19
CUST01209,Sandra Kim MD,Male,46,Lake Emily,USA,2024-07-18
CUST01210,Julie Baker DVM,Male,24,Port Katherineshire,UK,2025-10-10
CUST01211,Jeffrey Morgan,Male,45,North Annaton,India,2024-08-27
CUST01212,Kevin Duke,Female,26,Daughertybury,Germany,2023-06-11
CUST01213,Vincent Wood,Female,45,Brownmouth,UK,2021-05-12
CUST01214,Benjamin Dalton,Female,23,Anthonyview,India,2025-09-24
CUST01215,Ralph Lopez,Female,46,Millerville,Canada,2021-02-27
CUST01216,Jeffrey Glover,Male,34,North Ronaldborough,USA,2023-05-23
CUST01217,Sean Leach,Female,33,East Ryan,India,2024-08-18
CUST01218,Matthew Meadows,Female,40,Graceside,USA,2021-02-09
CUST01219,Joshua Johnson,Male,48,West Feliciachester,Canada,2023-11-23
CUST01220,Ethan Bean,Male,20,West Marcus,India,2025-10-14
CUST01221,Victor Edwards,Male,38,East Christinestad,Germany,2022-12-03
CUST01222,Trevor Yates,Female,43,Port Jamesport,UK,2023-08-07
CUST01223,Rodney Romero MD,Male,53,East Richard,India,2023-04-21
CUST01224,Lisa Lee,Male,59,West Jamesberg,Canada,2022-09-24
CUST01225,Jose Bartlett,Male,54,Port Shelbymouth,India,2022-11-24
CUST01226,Rodney Lyons,Female,39,Dianaside,USA,2024-05-21
CUST01227,John Martin,Male,59,Lake Jeffport,Australia,2023-07-24
CUST01228,Natalie Johnson,Female,29,South Anthony,India,2022-06-20
CUST01229,Sandra Patel,Female,59,Port Tracey,Germany,2023-12-26
CUST01230,Mark Morrow,Male,30,Lake Melissachester,India,2023-08-05
CUST01231,Justin Meyers,Male,28,Reedburgh,UK,2025-12-16
CUST01232,Edwin Christensen,Female,33,Port Cynthiamouth,India,2023-04-14
CUST01233,Kimberly Perry,Male,25,East Jasonfurt,Australia,2023-04-14
CUST01234,Kristina Padilla,Male,57,North Matthewfurt,USA,2024-12-30
CUST01235,Michelle Conway,Female,57,Jenniferton,India,2021-12-16
CUST01236,Rhonda Ferguson,Female,62,East Michelle,Germany,2025-04-03
CUST01237,Adam Rush,Male,19,Clarkborough,Canada,2025-11-12
CUST01238,Mark Rush,Female,47,East Russellview,India,2020-12-31
CUST01239,Harold Wilson,Male,47,New Cheryl,India,2022-10-23
CUST01240,Kimberly Reed,Male,29,Butlerport,UK,2023-07-03
CUST01241,Christine Sharp DVM,Male,27,New Seanstad,Germany,2022-10-04
CUST01242,Michael Carter,Female,61,New Vanessa,Australia,2023-12-07
CUST01243,Angela Martin,Male,28,Benderland,Canada,2021-07-27
CUST01244,Ryan Payne,Male,32,New Jeff,USA,2021-01-05
CUST01245,Adriana Sims,Male,33,Hillmouth,India,2024-02-28
CUST01246,Brian Jennings,Female,34,North Robert,Australia,2023-02-20
CUST01247,Timothy Davis,Female,43,Port Gregoryburgh,Canada,2023-05-26
CUST01248,Jamie Johnson,Female,19,South Davidtown,USA,2023-07-24
CUST01249,Martha Reyes,Female,29,North Leonardton,Australia,2025-01-16
CUST01250,Karen Rowe,Female,43,North Heatherfurt,Germany,2023-09-14
CUST01251,Gerald Mclean,Male,40,Theresafurt,Germany,2022-07-10
CUST01252,Richard Green,Female,35,Lake Dennis,Canada,2022-05-27
CUST01253,Justin Herrera,Female,49,Palmerland,USA,2021-10-20
CUST01254,James Cole,Female,55,Smithland,Germany,2025-12-05
CUST01255,Daniel Garcia,Male,64,Scottland,Canada,2022-10-11
CUST01256,Michael Perkins,Female,20,Aliciashire,Germany,2021-06-15
CUST01257,Mark Alvarez,Female,55,Jessicaville,Germany,2023-04-07
CUST01258,Rhonda Boyd,Male,20,West Sharonburgh,Australia,2022-02-25
CUST01259,Chad Maynard,Female,47,Nicolestad,Australia,2023-07-21
CUST01260,Thomas Jones,Male,18,New Kyleport,Germany,2021-05-04
CUST01261,Cory Ellis,Male,47,West Peter,UK,2025-01-12
CUST01262,Angela Hernandez,Male,62,Michaelchester,Australia,2025-02-26
CUST01263,Amanda Fleming,Male,49,Maddoxborough,USA,2022-06-11
CUST01264,Michael Mason,Male,45,South Jerry,Canada,2021-10-05
CUST01265,Frank Gross,Female,38,North Bailey,Canada,2024-06-21
CUST01266,Tyler Baker,Male,63,Karenview,USA,2024-05-01
CUST01267,Beth Clayton,Male,30,New Deanna,USA,2023-11-17
CUST01268,Cassandra Campbell,Female,44,New Sergiohaven,USA,2021-05-07
CUST01269,Charlene King,Male,53,Elizabethton,USA,2024-08-17
CUST01270,Robin Logan,Female,24,South Ryan,India,2025-05-29
CUST01271,Mark Williams,Female,39,Wilcoxstad,Canada,2021-05-13
CUST01272,Andrea Anthony,Female,27,Monroeport,India,2025-11-28
CUST01273,Timothy Robinson,Male,56,South Julie,Germany,2024-11-22
CUST01274,Susan Terrell,Male,32,Lake Anthony,Germany,2024-12-06
CUST01275,Kathleen Johnson,Male,32,Garciachester,Canada,2021-09-02
CUST01276,Stephanie Long,Female,21,New Johnburgh,Germany,2023-12-12
CUST01277,Deanna Delgado,Male,49,East Tammy,USA,2021-09-30
CUST01278,Andrew Leblanc,Male,40,Lake James,India,2021-11-04
CUST01279,Jessica Bowen,Male,23,Lake Jason,USA,2023-09-09
CUST01280,Kimberly Reyes,Female,41,Karenton,Germany,2022-09-14
CUST01281,Tracy Craig,Female,37,Williamton,Australia,2024-08-27
CUST01282,Glen Murray,Male,54,Maryton,India,2025-05-10
CUST01283,Carlos Lopez,Male,37,West Ryanfort,USA,2024-06-04
CUST01284,Ian Jones,Male,29,Hamiltontown,Canada,2021-01-19
CUST01285,Bryan Thompson,Male,50,South John,USA,2023-08-01
CUST01286,Debra Henderson,Female,45,West Andrea,Australia,2024-01-04
CUST01287,Sharon English,Female,25,East Roberthaven,Germany,2022-06-12
CUST01288,George Olson,Female,18,West James,India,2024-06-03
CUST01289,Richard Dickson,Female,54,Port Kimberly,Canada,2024-05-03
CUST01290,Erica Schwartz,Male,39,Monicaport,India,2025-05-20
CUST01291,Maria Lewis,Male,23,Mezatown,Canada,2024-08-28
CUST01292,Howard Sanchez,Male,38,Sandratown,India,2023-10-31
CUST01293,Megan Vega,Female,49,Adamhaven,Germany,2021-08-01
CUST01294,Jonathan Jennings,Male,52,Port Lisa,Canada,2022-03-27
CUST01295,Jonathan Carter,Female,32,Lake Sheryl,UK,2023-01-31
CUST01296,Nicole Jordan,Female,22,North Katie,India,2021-01-24
CUST01297,Andrea Harris,Male,63,Fryton,India,2022-01-16
CUST01298,Rebecca Summers,Male,23,East Philip,USA,2023-06-30
CUST01299,Jorge Kim,Male,42,Josephfurt,Canada,2025-05-05
CUST01300,Michael Jones,Female,63,Youngmouth,Australia,2020-12-28
CUST01301,Timothy Green,Male,57,Port Richard,UK,2024-04-28
CUST01302,William Smith,Female,46,South Thomasbury,Germany,2023-04-29
CUST01303,Jonathan Gallegos,Male,24,East Amy,USA,2024-03-08
CUST01304,Barbara Walker,Female,57,Patrickland,UK,2025-06-22
CUST01305,George Hill,Female,30,Ebonyfurt,Canada,2023-10-02
CUST01306,Erika Hill,Male,55,West Stephenport,UK,2021-05-07
CUST01307,Tina Adams,Female,35,Griffinbury,India,2024-12-03
CUST01308,Joseph Ramirez,Female,19,Hansenmouth,India,2022-05-06
CUST01309,Randy Hansen,Male,25,North Kylebury,USA,2023-06-12
CUST01310,Ryan Herring,Female,28,Lake William,Canada,2021-10-01
CUST01311,Lori Torres,Male,50,East Edwardburgh,Canada,2021-08-19
CUST01312,Jennifer Burton,Female,55,Jennaland,UK,2022-04-26
CUST01313,Christina Griffin,Male,44,East Zacharymouth,USA,2022-03-12
CUST01314,Cindy Golden,Male,37,Parsonsmouth,Canada,2025-08-02
CUST01315,Oscar Reynolds,Female,29,South David,Australia,2023-09-25
CUST01316,Troy King,Female,60,North Kevinshire,Australia,2022-04-12
CUST01317,Nicholas Nguyen,Female,48,Moraburgh,India,2021-04-10
CUST01318,David Blake,Female,44,South Emmahaven,UK,2024-10-06
CUST01319,Deanna Hernandez,Female,49,Sheppardchester,Germany,2021-10-28
CUST01320,Stephanie Evans,Male,27,New Robert,India,2024-08-03
CUST01321,Kelly Anderson,Female,20,Markport,USA,2021-03-03
CUST01322,Jorge Bennett,Male,62,Port Brianport,Canada,2023-04-23
CUST01323,Madeline Cox,Male,44,Matthewstad,India,2021-09-09
CUST01324,Daniel Parker,Female,52,South Jamesberg,Germany,2023-01-29
CUST01325,Cheyenne Long,Male,48,New Kristastad,Germany,2025-06-23
CUST01326,Jessica Herrera,Male,32,Port Michelleview,Australia,2024-01-25
CUST01327,Lee Brown,Male,33,Cynthiaport,USA,2023-06-01
CUST01328,Rebecca Dennis,Male,30,Taramouth,India,2024-01-06
CUST01329,Kenneth Mccarthy,Female,52,South Andrea,UK,2021-08-18
CUST01330,Larry Gardner,Male,28,Port Rachel,India,2021-03-09
CUST01331,William Mcmillan,Female,38,West Stevenmouth,Australia,2022-10-29
CUST01332,Kelly Fisher,Female,28,North Beverlyberg,Germany,2023-07-29
CUST01333,Kimberly Frey,Male,47,Evanhaven,USA,2024-10-26
CUST01334,Jennifer Carroll,Female,52,New Joshuastad,USA,2022-03-04
CUST01335,Melissa Knight,Female,39,Jonesmouth,UK,2024-11-07
CUST01336,Duane Edwards,Female,55,Tammyhaven,USA,2022-01-17
CUST01337,Grant Wilson,Male,48,Johnnyside,Australia,2023-10-24
CUST01338,Cheyenne Hunter MD,Female,31,Robertborough,Australia,2022-06-28
CUST01339,Brandi Cole,Female,41,Jennifertown,Australia,2024-06-19
CUST01340,Joshua Smith,Female,49,New Susan,USA,2021-06-03
CUST01341,Blake Fowler,Male,53,Darrellville,USA,2024-08-22
CUST01342,Emily Villegas,Female,49,Ronaldstad,Australia,2024-06-16
CUST01343,Jonathan Braun,Male,32,Dwaynestad,USA,2025-04-08
CUST01344,Michael Pham,Male,60,New Richard,USA,2022-11-08
CUST01345,Kimberly Foster,Male,52,Alecside,Germany,2022-12-25
CUST01346,Keith Curtis,Male,20,North Sarahland,India,2022-06-30
CUST01347,Erica Patterson,Male,33,Chelseaburgh,Canada,2025-04-19
CUST01348,Carol Benjamin,Male,22,Hernandezside,USA,2022-09-12
CUST01349,Jason Johnson,Female,38,Adammouth,Canada,2025-04-14
CUST01350,James Bowers,Male,27,Lake Patrickville,Canada,2021-08-06
CUST01351,Ryan Collins,Female,36,Jamesland,Germany,2022-10-18
CUST01352,Phillip Hernandez,Female,42,New Melanieville,USA,2021-07-24
CUST01353,Lauren Campbell,Male,21,Lake George,Australia,2021-02-28
CUST01354,Brandon Hart,Female,46,Ashleyview,Canada,2025-08-14
CUST01355,Karen Smith,Female,36,West Michael,USA,2024-06-25
CUST01356,Brittany Johnson,Female,60,West Davidport,UK,2023-12-23
CUST01357,Teresa Dunn,Female,19,Jessicaborough,Australia,2022-07-22
CUST01358,Kristen Willis,Male,27,Williamsville,UK,2022-10-06
CUST01359,Timothy Brown,Female,60,Samuelport,UK,2022-05-16
CUST01360,William Obrien,Male,42,North Kellyshire,Canada,2023-02-18
CUST01361,Samuel Howard,Female,37,Port Matthewside,UK,2024-01-06
CUST01362,Lindsey Perkins,Female,36,North Carolinefort,Germany,2021-11-19
CUST01363,Scott Wilson,Male,40,Sanchezmouth,Germany,2025-07-19
CUST01364,Danielle Moore,Female,41,North Jefferymouth,Canada,2021-09-14
CUST01365,Daniel Jenkins,Female,28,Kevinfurt,USA,2021-01-25
CUST01366,Craig Compton,Female,63,Bartlettmouth,India,2022-07-13
CUST01367,Scott Williams,Male,51,Johnnyville,USA,2022-09-21
CUST01368,Rachel Norton,Female,45,New Bradley,USA,2024-04-12
CUST01369,Clayton Tran,Male,22,Mckinneyville,USA,2023-05-15
CUST01370,Terry Thompson,Female,22,New Michaelchester,USA,2024-09-26
CUST01371,Taylor Burton,Male,38,East Angela,Australia,2022-08-26
CUST01372,Clifford Franklin,Male,29,West Ashley,India,2025-03-31
CUST01373,Roberto Armstrong,Female,21,Fosterborough,Australia,2023-08-06
CUST01374,Jessica Bowers,Female,59,South Danielshire,UK,2023-03-22
CUST01375,Cassandra Johnson,Male,37,North Patriciaport,USA,2025-02-06
CUST01376,Carolyn Thomas,Male,55,Christophershire,Germany,2023-10-28
CUST01377,Shelia Henry,Female,42,Port Jameshaven,Canada,2025-11-17
CUST01378,Patricia Hall,Male,31,Jacobsland,Canada,2022-04-29
CUST01379,Diana Ortiz,Female,28,South Patriciaville,Australia,2021-06-20
CUST01380,Brandon Moore,Female,49,Hendersonfurt,Australia,2024-03-03
CUST01381,Joseph Olsen,Female,28,North Joefort,Germany,2025-02-04
CUST01382,Colleen Kelly,Female,35,Stonestad,USA,2022-12-26
CUST01383,Mark Gates,Male,44,Petersonfurt,India,2021-02-22
CUST01384,Brent Hale,Female,35,Jenniferborough,UK,2023-10-18
CUST01385,Michael Lloyd,Male,40,West Melissaton,Canada,2021-06-20
CUST01386,Bobby Ross,Female,28,Donaldberg,UK,2025-08-08
CUST01387,Valerie Obrien,Male,38,Sancheztown,India,2023-12-18
CUST01388,John Thompson,Female,61,Lake Andrew,Australia,2021-10-17
CUST01389,John Foster,Male,22,West Robinport,Canada,2022-02-25
CUST01390,Jennifer Benson,Male,40,South Marioview,UK,2025-04-11
CUST01391,Dr. Kimberly West MD,Female,58,Davischester,Australia,2025-03-30
CUST01392,Elijah Jones,Female,42,Stevenberg,India,2023-06-13
CUST01393,Kayla Nguyen MD,Female,58,Sandraland,UK,2023-07-08
CUST01394,Ryan Davis,Female,27,Michaelborough,USA,2025-11-28
CUST01395,Julia Lewis,Male,39,Lake Nicole,Australia,2024-03-08
CUST01396,Larry Delgado,Female,36,South Kendra,India,2022-09-16
CUST01397,Karen Smith,Male,18,Lake Jakeborough,UK,2025-03-23
CUST01398,Shelly Sanchez,Male,24,East Gregoryside,USA,2021-11-06
CUST01399,Robert Simpson,Female,21,South Allisonmouth,USA,2025-01-31
CUST01400,Jeffrey Huffman,Male,18,Dorothyfurt,India,2021-02-08
CUST01401,Justin Calhoun,Male,32,Lake Charlesport,Germany,2021-06-16
CUST01402,Courtney Shelton,Male,57,Lake Peterton,Canada,2022-10-04
CUST01403,Jonathon Bishop,Male,29,West Johnport,India,2022-07-01
CUST01404,Jose Adams,Female,39,West Paul,USA,2024-04-01
CUST01405,Jodi Serrano,Female,39,New Jermaine,USA,2022-12-05
CUST01406,Alyssa Martin,Female,64,Bushmouth,India,2022-05-05
CUST01407,Patricia Smith,Female,34,Port Tammy,Germany,2021-01-01
CUST01408,Scott Larson,Male,46,Melissashire,Canada,2025-02-10
CUST01409,Pamela Lewis,Male,63,New Ian,UK,2023-08-10
CUST01410,Katie Frye,Female,31,Bradleyland,India,2023-12-08
CUST01411,Ashley Phillips,Female,37,Whitefurt,Canada,2022-02-06
CUST01412,Thomas Evans,Female,50,Port Marcland,Canada,2025-09-23
CUST01413,Jessica Adams,Male,60,Kimberlybury,Australia,2025-01-17
CUST01414,Tanya Hanna,Female,32,South Kimberly,USA,2023-12-17
CUST01415,Andrew Hensley,Female,29,Lake Brianside,UK,2022-12-05
CUST01416,Donald Sanchez,Female,57,Fosterland,India,2023-05-26
CUST01417,Timothy Barry,Male,37,South Robin,USA,2025-04-24
CUST01418,Jeanne Phillips,Male,47,Stephenfurt,Australia,2025-11-04
CUST01419,Melissa Gibson,Male,55,North Diane,Australia,2021-02-12
CUST01420,Amanda Diaz,Male,20,Port Thomasville,USA,2024-01-20
CUST01421,Erica Howe,Male,45,North Joseph,Germany,2023-09-26
CUST01422,Amy Williams,Male,43,South Ashleychester,Canada,2025-06-23
CUST01423,Pamela Sanders,Male,47,West Claudiaville,India,2021-09-08
CUST01424,Brenda Harrison,Male,30,New Edwardstad,India,2021-05-09
CUST01425,Molly Escobar,Female,30,North Robert,India,2022-09-06
CUST01426,Mark Melton,Female,19,Arielfurt,USA,2021-09-29
CUST01427,Linda Knight,Male,54,West Andrea,Germany,2021-04-13
CUST01428,Shannon Graham,Male,55,East Michael,UK,2025-09-25
CUST01429,Melissa Barker,Female,19,North Laurafort,Australia,2025-03-03
CUST01430,Emily Butler,Male,53,Port Michaelton,USA,2024-09-29
CUST01431,Nathan Price,Male,43,West Stephaniestad,UK,2022-05-14
CUST01432,Denise George,Male,28,Jenniferview,Australia,2021-03-28
CUST01433,Jessica Obrien,Female,25,Shawnview,Australia,2022-03-05
CUST01434,Jennifer Fleming,Female,61,Lopezshire,Germany,2023-09-05
CUST01435,Christopher Hill,Female,57,Lake Michael,Canada,2023-09-30
CUST01436,Daniel Bridges DDS,Female,60,South Jeffreyhaven,India,2025-02-13
CUST01437,Melissa Byrd,Female,39,Alvinhaven,UK,2022-06-05
CUST01438,Antonio Gonzalez,Male,37,Leonardburgh,USA,2022-05-10
CUST01439,Juan Brewer,Female,25,Brandonfurt,UK,2024-06-16
CUST01440,Kathryn Logan,Male,46,Simmonschester,Canada,2023-07-24
CUST01441,Mr. Samuel Travis,Male,57,Port Chad,India,2022-09-27
CUST01442,Jean Cooper,Female,43,Lisatown,UK,2023-03-17
CUST01443,Emily Hunt,Female,47,Lake John,Canada,2025-07-28
CUST01444,Monica Montgomery,Male,34,Shirleyville,USA,2025-03-31
CUST01445,Jeremy Holloway,Male,37,Tinafurt,Germany,2022-09-15
CUST01446,Joseph Ross,Male,33,North Bradleymouth,Australia,2022-07-17
CUST01447,Larry Webster,Female,63,North Charles,USA,2023-11-02
CUST01448,Kimberly Meyer,Female,60,Elizabethburgh,India,2025-05-09
CUST01449,Christopher Ramos,Female,24,Nunezville,Australia,2022-04-15
CUST01450,Mark Fernandez,Female,33,East Shanechester,USA,2021-03-16
CUST01451,Holly Williams,Female,62,Dominguezburgh,USA,2022-02-13
CUST01452,Steven Brady,Male,64,Michaelland,USA,2024-08-13
CUST01453,Todd Thompson,Female,44,South Jennifer,USA,2021-06-14
CUST01454,Jessica Austin,Male,40,Kennethburgh,Australia,2022-04-27
CUST01455,Michelle Daniel,Male,41,New Traciland,India,2023-07-05
CUST01456,Joe Smith DDS,Male,26,West Maryhaven,Canada,2022-03-09
CUST01457,Katie Fry,Female,52,East Laurenfort,UK,2023-02-26
CUST01458,Kathleen Evans,Female,37,Port Patrickbury,Germany,2022-02-01
CUST01459,Bryan Bell,Female,54,Lake Hailey,UK,2025-12-02
CUST01460,Christopher Oconnor,Male,59,New Angelica,UK,2021-08-21
CUST01461,George Smith,Male,34,New Omar,Germany,2025-09-09
CUST01462,Kristen Lee,Male,64,Nicolemouth,Australia,2023-02-27
CUST01463,Robert Garcia,Male,48,Lake Blakechester,India,2022-06-02
CUST01464,Philip Burnett,Male,25,Tamaramouth,Germany,2023-08-16
CUST01465,Matthew Hudson,Male,32,Lake Sarachester,India,2023-12-10
CUST01466,Julie Beck,Female,48,New Kristenside,Australia,2022-04-27
CUST01467,Danny Roach,Female,47,Alvaradohaven,UK,2021-12-25
CUST01468,James Nelson,Female,63,Lake Carolhaven,India,2021-02-21
CUST01469,Mary Powell,Female,37,Rodriguezland,Australia,2025-07-10
CUST01470,James Pacheco,Male,56,Port Bianca,Australia,2023-01-27
CUST01471,Sara Wang,Male,29,Brianland,Canada,2023-07-28
CUST01472,Juan Mays,Female,34,North Katherineland,Germany,2022-09-23
CUST01473,Mary Riley,Male,59,Sherryville,Canada,2024-06-20
CUST01474,Louis Wise,Female,47,North Michellefurt,UK,2023-02-16
CUST01475,Kathleen Pena,Female,46,Michaelton,Germany,2023-09-14
CUST01476,Theresa Smith,Female,36,New Brenda,UK,2022-04-18
CUST01477,Stacy Wells,Male,63,Richardshire,Canada,2023-03-30
CUST01478,Robert Lopez,Female,28,New Elizabethville,Australia,2022-04-23
CUST01479,Tyler Watson,Female,51,Hammondville,UK,2021-05-29
CUST01480,David Price,Female,24,Alexismouth,Germany,2024-06-01
CUST01481,Christopher Tyler,Male,61,Joshuafort,Germany,2023-12-02
CUST01482,Larry Hansen DDS,Male,51,Carterburgh,UK,2023-10-26
CUST01483,Steven Mullins,Female,37,Lake Michael,Germany,2025-04-21
CUST01484,Randy Rivera,Male,55,South Samantha,Australia,2023-07-26
CUST01485,David Byrd,Male,41,East Pam,Australia,2025-08-05
CUST01486,James Turner,Male,27,Alexanderside,Germany,2024-08-27
CUST01487,Alexis Rodriguez,Male,49,Piercehaven,UK,2023-03-25
CUST01488,Elizabeth Johnson,Male,32,Munozburgh,Canada,2024-12-07
CUST01489,Chelsea Pratt,Male,54,South William,Germany,2023-04-08
CUST01490,Christina Dillon,Male,37,East Kevinton,Germany,2022-10-04
CUST01491,Peter Perkins,Male,20,East Gary,Germany,2023-07-19
CUST01492,Donald Mills,Male,54,Williambury,Germany,2024-07-12
CUST01493,Alexandra Edwards,Male,57,North Anthonyborough,UK,2023-11-09
CUST01494,William Robertson,Female,25,Laurenview,Canada,2022-11-15
CUST01495,Calvin Castro,Female,57,East Paulchester,Canada,2024-11-22
CUST01496,Kristi Boone,Male,61,South Tyler,India,2022-09-11
CUST01497,Nancy Miller,Female,40,North Markport,Germany,2025-06-04
CUST01498,Lucas Lewis,Female,57,Kingchester,Germany,2024-12-04
CUST01499,Ethan Jones,Male,28,Port Toni,India,2021-09-17
CUST01500,Kelly Cook,Male,63,Josephchester,Canada,2024-12-29
CUST01501,Lynn Hunter,Male,25,Haynesburgh,USA,2022-03-01
CUST01502,Laura Hernandez,Female,46,Port Wendyfort,Australia,2021-07-20
CUST01503,Carmen Evans,Female,47,Moorefurt,USA,2021-09-05
CUST01504,Melanie Woods,Male,27,East Tonytown,Canada,2023-01-18
CUST01505,Janet Wong,Male,56,Toddfort,Germany,2022-01-30
CUST01506,Robert Jones,Male,45,Collinmouth,USA,2023-04-30
CUST01507,Kevin Anderson,Female,53,Port Edwardfort,UK,2022-02-27
CUST01508,Chad Bullock,Female,30,Port Ellen,UK,2025-05-25
CUST01509,Paul Harrison,Female,49,North Adam,India,2025-12-10
CUST01510,Megan King,Female,53,Lake John,Canada,2021-07-22
CUST01511,Margaret Rodriguez,Male,54,East Cody,Canada,2023-03-17
CUST01512,Erin Parker,Male,43,Kennethburgh,USA,2021-06-11
CUST01513,Mary Roberts,Male,39,Amyport,Germany,2024-12-30
CUST01514,Judy Wyatt,Male,21,Richardtown,Canada,2022-10-17
CUST01515,Kathryn Washington,Female,48,Thompsonburgh,USA,2023-03-25
CUST01516,Rebecca Hughes,Female,35,Port Jennifer,USA,2023-02-27
CUST01517,Michael Ford,Male,55,Port Jesus,Australia,2022-10-16
CUST01518,Mark Stewart,Male,41,South Evan,Australia,2024-09-14
CUST01519,Maureen Gutierrez,Female,40,Taylorfort,Canada,2025-04-03
CUST01520,Michael Peterson,Male,39,Christopherhaven,USA,2021-01-05
CUST01521,John Simon,Female,19,Bondstad,India,2024-02-11
CUST01522,Hunter Walker,Male,48,East Deniseland,India,2023-10-31
CUST01523,Jessica Little,Male,28,North Christopher,Australia,2021-01-26
CUST01524,Christina Long,Male,45,Port Amanda,Canada,2024-02-15
CUST01525,Brenda Snow,Male,63,New Paulshire,Germany,2025-04-29
CUST01526,Jim Delgado,Male,49,Lewisport,India,2022-05-13
CUST01527,Virginia Dickerson,Male,22,Lisafurt,India,2021-09-08
CUST01528,Lucas Wood,Male,55,Port Manuel,Australia,2023-03-27
CUST01529,Jason Bryant,Female,27,Connorfort,Australia,2023-02-27
CUST01530,Maria Beard,Female,57,Port Rebeccaport,Canada,2023-07-18
CUST01531,Andrea Thomas,Female,63,Henryberg,Australia,2024-08-30
CUST01532,Taylor Dunlap,Female,41,West Edwardton,UK,2022-11-01
CUST01533,Peter Scott,Female,52,West Joseph,USA,2023-10-17
CUST01534,Wesley Lawrence,Male,61,Jacobsmouth,India,2024-01-30
CUST01535,Lindsay Montgomery,Male,40,West Jerryborough,UK,2025-02-16
CUST01536,Cheryl Strickland,Female,34,East Davidchester,Germany,2021-09-30
CUST01537,Cody Johnson,Male,18,Amberfurt,UK,2022-11-10
CUST01538,Carly Wood,Female,48,Jenniferfurt,Canada,2024-12-08
CUST01539,Alexandria Howell,Female,48,Davidborough,Germany,2022-03-06
CUST01540,Jeffrey Mason,Male,59,New Mark,Germany,2021-09-04
CUST01541,Susan Escobar,Male,59,Jonesland,Australia,2021-06-12
CUST01542,Vickie Adams,Male,51,Howardville,UK,2022-03-12
CUST01543,David Howard,Female,26,Deanview,Canada,2025-08-17
CUST01544,Jennifer Contreras,Male,39,Kevinberg,India,2025-01-04
CUST01545,Rebecca Stafford,Female,30,New Rickychester,Australia,2023-11-16
CUST01546,Sarah Pope,Female,42,Jasonborough,UK,2021-11-17
CUST01547,James Mitchell,Female,35,Amberville,India,2023-09-23
CUST01548,Oscar Hayes,Male,29,Marieborough,UK,2022-01-24
CUST01549,Miranda Ruiz,Male,57,Mooreside,Australia,2025-10-09
CUST01550,Brett Thompson,Female,34,South Joycechester,India,2021-01-10
CUST01551,Laura Guerra,Male,32,East Julia,Australia,2022-05-27
CUST01552,Danielle Ramirez,Male,59,Kellychester,UK,2024-02-20
CUST01553,Cristina Williams,Male,32,Port Davidville,Germany,2024-02-11
CUST01554,Tracy Bond,Female,32,Port Samanthachester,USA,2023-06-10
CUST01555,Erica Grant DDS,Female,56,South Justinhaven,Germany,2023-03-04
CUST01556,Joseph Nguyen,Male,30,West Alyssaside,Australia,2023-05-24
CUST01557,Ryan Thomas,Female,34,New James,Australia,2021-02-04
CUST01558,Michelle Dominguez,Male,49,North Tammy,Australia,2023-02-26
CUST01559,Charles Gutierrez,Male,26,Lake Erika,India,2023-03-13
CUST01560,Christopher Smith,Male,57,Ericborough,Canada,2025-04-09
CUST01561,Jesse Guzman,Male,37,New Gina,Australia,2024-03-29
CUST01562,Marie Sosa,Female,43,New Bryan,Germany,2025-06-14
CUST01563,April Terry,Female,44,Kennethland,USA,2022-05-11
CUST01564,Joe Clark,Female,38,New Richard,Australia,2022-07-05
CUST01565,Jason Lopez,Male,35,West Rogerland,Australia,2021-05-04
CUST01566,James Paul,Male,30,Lake Jason,Australia,2021-09-01
CUST01567,Gina Durham,Male,33,Chapmanstad,India,2023-02-10
CUST01568,Maria Lowery,Female,26,Fergusonfurt,Australia,2022-09-11
CUST01569,Kenneth Mcguire,Male,29,Port Andrew,Germany,2025-08-06
CUST01570,Lauren Gordon,Female,61,Brownfort,UK,2022-10-28
CUST01571,Doris Gibbs,Female,55,West Megan,Canada,2021-07-01
CUST01572,Lisa Mathews,Female,36,Annatown,Australia,2023-05-31
CUST01573,Karen Garrison,Female,24,Port Meganland,India,2024-08-17
CUST01574,Katie Mendez,Female,52,South Dianeburgh,Germany,2022-07-07
CUST01575,Robin Holmes,Female,35,New Christopher,Australia,2021-09-10
CUST01576,Lisa Cummings,Male,33,South Michaelfort,India,2025-09-25
CUST01577,Loretta Garcia,Male,56,North Ashley,UK,2023-02-04
CUST01578,Cynthia Hughes,Female,21,Holmesborough,USA,2022-03-17
CUST01579,Brandi Johnson,Female,42,Lake Todd,Australia,2023-09-15
CUST01580,Elizabeth Ho,Male,49,Romeroport,Germany,2023-04-12
CUST01581,Tracy Campbell,Female,57,Lake Craig,India,2025-06-13
CUST01582,Julie Ford,Female,30,Ramirezborough,India,2023-09-24
CUST01583,Richard Lamb,Male,62,Rodgersfort,Australia,2022-03-11
CUST01584,Andrew Stanley,Female,34,Port Brenda,India,2022-08-07
CUST01585,John Johnson,Female,54,North Ryan,USA,2022-05-09
CUST01586,Robin Sanford,Female,23,East Karenbury,India,2022-01-07
CUST01587,Mr. Christian Hartman,Male,36,Richardberg,Canada,2022-04-01
CUST01588,Andrea Duarte,Male,30,North Bradley,Canada,2024-01-28
CUST01589,Rachel Larsen,Male,43,Johnborough,India,2025-07-13
CUST01590,Kelly Hobbs,Female,31,North Christian,Australia,2021-05-04
CUST01591,George Mason,Female,48,Allenfurt,Canada,2024-07-23
CUST01592,Susan Smith,Male,21,Angelaland,Germany,2025-03-17
CUST01593,Eric Potter,Female,56,North Stuart,Canada,2023-04-20
CUST01594,Stephanie Jones,Female,25,Port Denise,India,2024-10-05
CUST01595,Matthew Bennett,Female,42,East Brentmouth,Australia,2025-05-16
CUST01596,Emily Moore,Female,30,Mathewhaven,UK,2022-08-15
CUST01597,Melinda Larsen,Female,49,Karenmouth,Australia,2021-08-21
CUST01598,Stanley Cohen,Male,55,New Ashleymouth,Australia,2024-01-04
CUST01599,Matthew Green,Female,55,Lake Lisafurt,Australia,2025-10-15
CUST01600,Patricia Mills,Male,45,Lake Michael,Germany,2024-09-23
CUST01601,Robert Perry,Female,47,Douglasport,USA,2022-06-02
CUST01602,Jacqueline Brown,Male,20,West Brandonhaven,India,2021-08-19
CUST01603,Alexander Hanson,Female,45,Bowerstown,USA,2024-07-31
CUST01604,Jeremy Meyer PhD,Male,20,East Tabitha,UK,2022-01-16
CUST01605,Christopher Johnson,Female,62,Munozview,USA,2025-07-08
CUST01606,Eric Hunter,Male,51,Justinland,India,2025-10-11
CUST01607,Roberta White,Female,33,East Michelle,India,2023-01-14
CUST01608,Mathew Harris,Male,39,Port Ritashire,UK,2022-11-14
CUST01609,Elizabeth Huang,Female,49,South Melanie,India,2022-05-05
CUST01610,Russell Martinez,Male,55,South Charleschester,UK,2024-06-22
CUST01611,Michael Jones,Male,25,Cookmouth,UK,2024-03-19
CUST01612,Jose Martin,Female,25,Lake Michelle,India,2025-09-26
CUST01613,Christopher Weber,Female,23,New Valerie,Canada,2025-02-08
CUST01614,Blake Nelson,Male,31,Rebeccastad,UK,2023-09-18
CUST01615,Jeffrey Jones,Female,49,South Amy,India,2025-05-31
CUST01616,Tyler Byrd,Male,52,Ortizview,Canada,2022-01-24
CUST01617,Derrick Downs,Male,27,East Raymond,UK,2022-11-26
CUST01618,Walter James,Male,20,Stephaniemouth,Canada,2025-07-14
CUST01619,Lauren Erickson,Female,29,West Ericville,Germany,2022-10-06
CUST01620,Anthony Thomas,Male,48,Lake Oscarport,Australia,2024-09-03
CUST01621,Jessica Mullins,Male,46,Catherinemouth,Germany,2023-03-10
CUST01622,John Fuentes,Female,22,Michellemouth,Canada,2024-11-22
CUST01623,Rebecca Boyd,Female,42,Michaelchester,UK,2022-11-23
CUST01624,Tiffany Simmons,Female,58,Katherineside,India,2021-09-28
CUST01625,Patrick Bailey,Female,48,East Gregory,USA,2022-07-01
CUST01626,Tiffany Shaw,Male,38,Saraberg,India,2021-03-19
CUST01627,Carl Griffin,Male,37,North Colleenton,USA,2024-10-08
CUST01628,Linda Jones,Male,56,North Josephmouth,USA,2022-12-14
CUST01629,Elizabeth Smith,Male,39,Lake Jamesland,UK,2025-03-28
CUST01630,Eric Johnson,Female,21,Reedstad,Canada,2023-02-04
CUST01631,Stephanie Rogers,Male,30,Smithhaven,India,2022-01-29
CUST01632,Jane Hanson,Male,62,Nancymouth,Canada,2022-04-18
CUST01633,Jennifer Hoffman,Female,59,East Crystalfort,Germany,2025-04-01
CUST01634,John West,Male,37,Jenniferberg,UK,2024-07-28
CUST01635,Kathryn Wilson,Male,30,West Patricia,UK,2023-07-14
CUST01636,Christine Allen,Male,34,Lake Ralph,Germany,2021-05-29
CUST01637,Krystal Fowler,Male,53,Robbinsstad,India,2024-12-31
CUST01638,Ashley Johnson,Male,50,Stevenschester,Australia,2021-06-11
CUST01639,Ashley Bates,Male,18,Petertown,Germany,2024-03-21
CUST01640,David Rogers,Female,32,Ortegaport,India,2022-08-23
CUST01641,Tiffany Hodges,Female,30,Lake Kelseyton,USA,2023-01-12
CUST01642,Gregory Brandt,Male,34,Pereztown,UK,2022-02-21
CUST01643,Donna Hansen,Male,41,New Stacy,India,2022-10-22
CUST01644,Peggy Powell,Female,25,West Timothy,Canada,2024-09-09
CUST01645,Sara Barnes,Male,44,Michaelborough,Canada,2021-01-22
CUST01646,Tracy Weeks,Male,62,West Douglasport,UK,2025-02-18
CUST01647,Katrina Lee,Male,40,Port Michelleton,Germany,2025-06-03
CUST01648,Jordan Patton,Female,63,East Melissa,Australia,2023-02-23
CUST01649,Marie Villa,Male,25,South Adrian,Germany,2022-08-05
CUST01650,Jeffrey Evans,Female,25,Greenton,India,2022-08-08
CUST01651,Mark Obrien,Male,43,Lake Williamton,Germany,2022-04-26
CUST01652,Sarah Knight,Female,64,New James,UK,2023-03-17
CUST01653,Jacqueline Hernandez,Female,30,East Aprilhaven,India,2022-05-03
CUST01654,Thomas Thompson,Male,56,Amberbury,USA,2022-01-03
CUST01655,John Wade,Female,54,Roseborough,Germany,2021-01-31
CUST01656,Alexandra Chang,Male,45,North Madison,Germany,2024-02-18
CUST01657,James Smith,Female,42,Ramirezburgh,Australia,2023-11-17
CUST01658,Kimberly Davis,Male,33,Meyerview,India,2024-04-09
CUST01659,Eddie Singleton,Male,19,North Amandaton,Canada,2024-11-08
CUST01660,Robin Hammond,Female,35,West Mariachester,Germany,2022-07-21
CUST01661,Matthew Ramirez,Male,34,Megantown,UK,2022-03-09
CUST01662,Sara King,Male,47,South Alexandraborough,Germany,2024-03-15
CUST01663,Mrs. Kimberly Ramos DDS,Female,56,North Andrewmouth,Australia,2023-11-23
CUST01664,Elijah Lozano,Male,30,South Josephfurt,USA,2025-05-16
CUST01665,Robert Mcbride,Male,49,Pereztown,Australia,2022-06-29
CUST01666,Cassandra Johnson,Female,46,Hernandezmouth,Germany,2024-01-26
CUST01667,Luke Short,Female,63,New Alyssa,Canada,2025-04-21
CUST01668,Kimberly Santos,Male,47,South Angela,Germany,2024-09-14
CUST01669,Kimberly Houston,Male,35,North Beckyhaven,India,2024-11-17
CUST01670,Lisa Melendez,Female,30,Perezfurt,Germany,2023-12-04
CUST01671,Meredith Young,Female,60,Wernerside,Canada,2025-03-08
CUST01672,Samantha Torres,Male,38,Parkerburgh,India,2023-10-24
CUST01673,Kayla Hughes,Female,47,Glennville,UK,2024-08-22
CUST01674,Colin Aguilar,Male,38,Port Brookeberg,India,2024-02-08
CUST01675,Kristen Phelps,Male,34,Phillipsfort,Australia,2023-10-03
CUST01676,Stephanie Moore,Male,57,South Kyle,USA,2023-06-02
CUST01677,Deanna Castaneda,Male,36,Morseside,Australia,2021-06-22
CUST01678,Mrs. Sarah Fields DDS,Male,32,Samanthaland,India,2021-12-16
CUST01679,Jamie Stevens,Female,26,Alexandramouth,UK,2024-01-17
CUST01680,Joshua Pollard,Female,27,Lake Matthewtown,Germany,2022-06-07
CUST01681,Bethany Gilmore,Female,61,Port Nicole,India,2024-05-17
CUST01682,Sandra Harris,Female,48,South Donna,Australia,2023-12-02
CUST01683,Jacqueline Ryan,Male,40,Port Autumn,India,2025-04-26
CUST01684,Tamara Miller,Male,47,North Michele,India,2021-06-12
CUST01685,Nicole Edwards,Male,50,Valeriebury,India,2023-07-16
CUST01686,Randall Harris,Male,26,Horneberg,UK,2024-09-13
CUST01687,Jessica Reilly,Female,64,Cooperhaven,Canada,2025-04-26
CUST01688,Kenneth Sparks,Male,18,Markberg,Canada,2022-10-09
CUST01689,Amanda Shelton,Male,61,Timothymouth,India,2025-07-08
CUST01690,Thomas Johnson,Female,52,North Matthewville,UK,2022-10-18
CUST01691,Roger Rosario,Female,28,Freemanmouth,UK,2025-01-26
CUST01692,Emily Stevenson,Female,51,Millerport,India,2025-02-25
CUST01693,Kathleen Garza,Female,33,Valdezland,Australia,2022-09-09
CUST01694,Crystal Shaffer,Male,26,North Dustin,Australia,2025-03-22
CUST01695,Aaron Allen,Male,49,West Curtis,USA,2020-12-28
CUST01696,Jill Walters,Female,32,Lake Emma,India,2025-03-13
CUST01697,Janet Wheeler,Male,29,South Linda,USA,2021-04-20
CUST01698,Daniel Adkins Jr.,Male,50,New Jamesshire,Australia,2022-01-26
CUST01699,Jennifer Lee,Male,62,Sharonchester,Australia,2025-02-09
CUST01700,Derek Romero,Female,31,West Suzannetown,India,2024-04-12
CUST01701,Hannah Williams,Male,25,South Christopher,USA,2022-07-20
CUST01702,Steven Smith,Female,25,Douglasburgh,USA,2022-12-04
CUST01703,William Anderson,Male,44,North Brianhaven,India,2021-07-28
CUST01704,Regina Franklin,Male,29,South Debbieborough,USA,2024-04-18
CUST01705,Kristy Blake,Male,18,Morganshire,Germany,2025-06-02
CUST01706,Heather Robertson,Female,60,East Lindsay,Australia,2021-05-25
CUST01707,Crystal Hudson,Male,57,Anthonymouth,Canada,2021-11-04
CUST01708,Matthew Martin,Female,59,Port Christianmouth,UK,2023-01-04
CUST01709,Beth Oneill,Female,28,Kristinchester,USA,2023-12-03
CUST01710,Justin Mccoy,Female,56,Raychester,USA,2024-01-28
CUST01711,Julie Steele,Male,60,West Cassandramouth,UK,2023-12-31
CUST01712,Robert Giles,Male,48,Port Austin,USA,2022-11-20
CUST01713,Hector Gonzalez,Male,34,Baileyberg,UK,2021-03-28
CUST01714,Mrs. Autumn Robles,Male,50,Wendyville,India,2021-12-22
CUST01715,Ryan Carter,Female,49,Joannabury,Germany,2021-03-08
CUST01716,Aaron Pierce,Female,46,Port Meagan,Germany,2022-01-01
CUST01717,Michelle Larsen,Female,38,East Shawnhaven,Australia,2023-04-29
CUST01718,Marvin Larsen,Male,38,Collinsview,Canada,2022-12-08
CUST01719,Jennifer Davis,Female,57,Lake Stephenberg,USA,2023-03-19
CUST01720,Martha Bell,Male,40,East Daniel,Canada,2022-11-04
CUST01721,George Lee,Female,23,East Sarah,India,2022-09-26
CUST01722,Lacey Johnson,Male,39,Walkertown,Germany,2023-02-15
CUST01723,Tiffany Jones,Male,55,Mitchellhaven,India,2021-04-24
CUST01724,Kim Gardner MD,Female,54,East Jenniferfurt,India,2022-08-24
CUST01725,Kelly Moore,Female,62,Emilytown,USA,2023-07-30
CUST01726,Cathy Hopkins,Female,25,West Denisefurt,India,2024-03-29
CUST01727,Priscilla Turner,Female,58,Jamesshire,Germany,2023-01-18
CUST01728,Sarah Rodriguez,Male,52,Noblebury,Canada,2025-03-25
CUST01729,Robert Smith,Female,28,Avilatown,Germany,2022-01-26
CUST01730,Dr. Chelsea Wade,Female,41,Lake Destinyfurt,USA,2024-10-20
CUST01731,Alexandra Rodriguez,Female,38,Williambury,Germany,2022-05-07
CUST01732,Tami Walters,Male,19,Port Erica,UK,2021-02-05
CUST01733,Charles Vazquez,Male,57,West Lisa,Canada,2021-11-05
CUST01734,Kimberly Cobb,Female,36,Nunezberg,UK,2023-05-13
CUST01735,Amanda Davis,Male,56,West Joseph,UK,2025-08-21
CUST01736,Melvin Maynard,Female,45,Carterport,Australia,2024-08-13
CUST01737,James Maddox,Male,34,North Davidview,USA,2022-08-28
CUST01738,Nathan Gutierrez,Male,23,Gabrielchester,India,2024-02-12
CUST01739,Heather Abbott,Male,36,Millerview,UK,2021-12-31
CUST01740,Nathaniel Price,Male,55,Guerreromouth,Germany,2021-01-24
CUST01741,Joseph Lopez,Female,45,North Dominicland,India,2024-08-28
CUST01742,Frank Sullivan,Female,19,Hunterview,Germany,2025-07-25
CUST01743,Lisa Clark,Female,55,Port Morgan,Germany,2024-03-11
CUST01744,Brendan White,Male,54,East Robin,India,2021-04-30
CUST01745,Preston Briggs,Female,21,Adamsfort,India,2023-09-28
CUST01746,Diane Gibson,Female,39,Lake Wendy,Germany,2025-04-15
CUST01747,David Guzman,Female,43,Port Jackieview,USA,2021-06-27
CUST01748,Rebecca Hudson,Male,60,New Joseph,Canada,2022-12-07
CUST01749,Roger Perez,Male,53,East Melvin,Australia,2024-05-12
CUST01750,Barry Peterson,Male,30,Lancefort,Canada,2024-05-09
CUST01751,Caleb Benson,Female,49,West Christina,USA,2023-09-03
CUST01752,Peter Burns,Female,34,Barryburgh,Australia,2022-08-24
CUST01753,Timothy Shepherd,Female,58,New Georgebury,India,2025-06-17
CUST01754,Margaret Hernandez,Male,53,Barrettside,Australia,2025-02-17
CUST01755,Nancy Jackson,Male,63,Jeffreyfurt,Germany,2021-02-26
CUST01756,Yolanda Baker,Female,36,Lake Linda,Canada,2025-01-03
CUST01757,Lori Walter,Male,52,Ericachester,Australia,2025-04-09
CUST01758,Tara Jones,Male,63,Port Mark,Germany,2024-04-26
CUST01759,Michael Woods,Male,57,Davilaburgh,USA,2024-06-03
CUST01760,Andre Hughes,Male,45,New Karenview,Australia,2023-08-31
CUST01761,Beth Nichols,Female,18,Cassandratown,Germany,2025-11-07
CUST01762,Molly Webb,Male,59,East Ricky,USA,2024-08-21
CUST01763,Michelle Cochran,Male,35,Jessicashire,India,2021-07-02
CUST01764,Mark Garcia,Male,57,Youngberg,USA,2024-09-01
CUST01765,Morgan Anderson,Male,50,North Melissa,USA,2022-09-25
CUST01766,Michelle Thompson,Female,29,Stephensmouth,Canada,2022-01-04
CUST01767,Kyle Robinson,Female,25,Coxtown,Germany,2024-01-11
CUST01768,Craig Phillips,Male,41,Lydiaside,Australia,2025-10-17
CUST01769,Jennifer Walton,Male,33,South Brendamouth,Canada,2023-11-18
CUST01770,Emily Bell,Male,21,Cathyfort,UK,2025-05-11
CUST01771,Richard Holmes,Male,55,Alexhaven,USA,2023-10-16
CUST01772,Adrian Casey,Male,61,Bettytown,UK,2022-10-30
CUST01773,Julie Mcdonald,Male,44,North Tammyshire,Canada,2025-10-09
CUST01774,James Burke,Female,26,West Maurice,Germany,2025-06-15
CUST01775,Sandy Hale,Male,64,Garciaview,Canada,2025-06-06
CUST01776,Karen Arnold,Female,33,Salinasfort,Germany,2024-03-08
CUST01777,Stephanie Wilson PhD,Female,29,Margaretstad,Germany,2024-11-21
CUST01778,Tiffany Mccoy,Male,48,Port Paigeville,India,2024-08-01
CUST01779,Christine Walton,Female,41,Williamsbury,USA,2023-07-24
CUST01780,Mary Martin,Female,31,New Jean,Canada,2021-10-17
CUST01781,Deanna Hooper,Female,62,Craigland,Germany,2021-04-17
CUST01782,Donald Porter,Female,42,South Melanieton,Canada,2023-07-07
CUST01783,Joseph Munoz,Female,51,Laurenburgh,Canada,2025-06-24
CUST01784,Timothy Lynch,Female,20,New Keith,Germany,2025-10-01
CUST01785,Steven Hall,Male,41,North Tanner,Australia,2022-08-25
CUST01786,George Herrera,Female,59,New Jamesport,UK,2024-07-11
CUST01787,Gabrielle Miller,Female,26,Rowlandfurt,USA,2021-09-19
CUST01788,Barry Thornton,Female,43,Markton,USA,2023-05-24
CUST01789,John Alvarez,Male,37,Barrettbury,Australia,2024-02-20
CUST01790,Nicholas Becker,Female,57,Andrewport,India,2021-08-24
CUST01791,Oscar Robinson,Male,27,North James,Australia,2022-02-10
CUST01792,Carly Hooper,Female,36,Riverafurt,India,2021-02-15
CUST01793,Tammy Chavez,Male,20,South Kenneth,India,2021-11-15
CUST01794,Jessica Sutton,Male,41,South Maryfurt,Australia,2024-06-06
CUST01795,Andrew Smith,Female,22,West Kimberly,USA,2023-01-03
CUST01796,Mr. David Thomas,Female,20,Hodgefort,UK,2025-11-01
CUST01797,Regina Daniel,Male,44,Hinesside,USA,2024-03-15
CUST01798,Melissa Warner,Female,33,East Amandaburgh,USA,2025-06-15
CUST01799,Jennifer Martin,Male,32,North Ryan,USA,2025-03-10
CUST01800,Jeffrey Suarez,Male,52,West Brandon,Australia,2023-07-19
CUST01801,Samantha Martin,Male,29,New John,Australia,2024-09-21
CUST01802,Lauren Maxwell,Male,58,West Nathaniel,Australia,2022-06-25
CUST01803,Michelle Peterson,Male,61,Port Nicholasbury,USA,2025-05-21
CUST01804,Elizabeth Wilcox,Female,43,Hollyhaven,UK,2024-12-13
CUST01805,Robert Patterson,Male,64,Melissamouth,India,2024-09-08
CUST01806,Melissa Patterson,Male,51,Sanchezfort,Canada,2025-07-10
CUST01807,Ashley Scott,Female,40,North Bryanhaven,India,2025-09-30
CUST01808,Victoria Mcdowell,Male,48,Johnsonshire,India,2023-11-05
CUST01809,Raymond Garcia,Female,37,Tracyland,Canada,2025-08-19
CUST01810,Justin Wyatt,Female,29,Davidchester,USA,2025-03-19
CUST01811,Robert Small,Female,40,North Lindsay,UK,2023-12-12
CUST01812,Rachel Ray,Male,21,East Jamieport,UK,2023-11-07
CUST01813,Mark Simpson,Male,40,Pamelabury,India,2023-08-26
CUST01814,Tammy Ramirez,Male,18,Tylerborough,Canada,2022-09-15
CUST01815,Ethan Valentine,Female,42,Kleinchester,Germany,2022-06-11
CUST01816,Katherine Salazar,Male,19,New Patricialand,USA,2024-11-24
CUST01817,Jason Holland,Female,47,New Marcuston,India,2023-02-22
CUST01818,Matthew Ramirez,Male,20,Robertmouth,UK,2024-03-31
CUST01819,Matthew Love,Female,38,East Chris,Australia,2022-07-18
CUST01820,Scott Romero,Male,42,Aliciaborough,Australia,2023-07-25
CUST01821,Gina Lewis,Male,37,Jameshaven,Canada,2022-02-18
CUST01822,Danielle Cole,Male,39,Curtiston,Canada,2024-08-24
CUST01823,Joseph Johnson,Female,38,East Jaredhaven,India,2023-12-16
CUST01824,Joshua George,Female,50,Lake Jacobchester,Germany,2021-10-20
CUST01825,Shannon Flores,Male,55,Mullenchester,UK,2025-10-18
CUST01826,Sarah Frazier,Male,32,West James,India,2024-06-10
CUST01827,Mary Alexander,Female,63,Shannonville,Germany,2021-04-19
CUST01828,Mary Rodriguez,Female,32,Tammyport,Canada,2023-09-07
CUST01829,Maria Wood,Female,63,East Matthewland,Australia,2023-12-07
CUST01830,Theresa Reynolds,Male,42,North Paulland,USA,2025-08-01
CUST01831,Donald Marks,Female,38,North Edwardfurt,Australia,2023-09-12
CUST01832,Brittany Crosby,Male,41,New Tracy,UK,2022-07-01
CUST01833,Christopher Norris,Female,22,North Janetville,UK,2024-12-04
CUST01834,Samantha Sparks,Male,23,Yolandafort,Australia,2023-07-19
CUST01835,Timothy Sanchez,Female,60,Lisaview,Australia,2025-12-01
CUST01836,April Green,Female,61,Dixonchester,Germany,2025-11-15
CUST01837,Amanda Williams,Female,64,New Jesus,India,2022-06-01
CUST01838,Christine Leonard,Female,40,Darylchester,Canada,2023-09-13
CUST01839,Crystal Johnson,Female,21,Walkerport,Germany,2022-11-21
CUST01840,Megan Delacruz,Male,44,Yangview,USA,2021-10-21
CUST01841,Lauren Bailey,Female,35,Port Rachel,Australia,2023-08-26
CUST01842,Erica Alexander,Female,38,New Debrafurt,USA,2025-09-20
CUST01843,Rachel Higgins,Female,45,New Colleenborough,USA,2025-05-30
CUST01844,Julie Mejia,Male,52,Tuckerfort,Germany,2023-10-18
CUST01845,Yesenia Wu,Female,39,Lake Elizabeth,Canada,2023-01-15
CUST01846,Michael Jones,Male,57,Sarahfurt,UK,2024-11-24
CUST01847,Michelle Barnes,Female,40,North Ashleyside,India,2021-02-05
CUST01848,Lauren Jones,Female,20,South Duane,UK,2021-06-15
CUST01849,Regina Ryan,Male,57,Turnerville,Canada,2022-09-01
CUST01850,Rebekah Johnson,Female,27,Caitlinland,UK,2024-05-31
CUST01851,Lauren Brock,Male,42,Keithville,Australia,2025-03-27
CUST01852,Cesar Baxter,Male,25,Ericksonville,Australia,2022-11-05
CUST01853,Sara Wilson,Female,28,Alvarezborough,Germany,2021-12-01
CUST01854,Rachel Williamson,Male,22,West Shaun,USA,2024-04-10
CUST01855,Elizabeth Montes,Female,62,Morganstad,Canada,2022-10-22
CUST01856,Robin Brown,Female,54,Timothymouth,Canada,2025-07-09
CUST01857,Emily Taylor,Male,62,Georgemouth,UK,2022-02-15
CUST01858,Mr. Jeff Davis,Male,55,Castilloland,Germany,2025-06-25
CUST01859,Lisa Charles,Male,46,Scottmouth,UK,2022-06-16
CUST01860,Meagan Mitchell,Male,22,New Kylieberg,UK,2022-07-18
CUST01861,Jordan Wood,Female,26,North Susan,Canada,2022-02-25
CUST01862,Jose Chase,Female,19,South Nicholasbury,UK,2022-04-23
CUST01863,Jasmine Hernandez,Male,18,Millertown,USA,2023-07-27
CUST01864,Jennifer Anderson,Female,57,Burtonport,UK,2021-03-18
CUST01865,Krista Wallace,Female,47,Andersonmouth,USA,2024-10-15
CUST01866,Thomas Parker,Female,28,East Christina,Canada,2023-05-10
CUST01867,Daniel Allen PhD,Female,45,South James,Germany,2022-09-15
CUST01868,Jennifer Guzman,Male,61,East Stacyfort,Australia,2024-06-14
CUST01869,Stephen Flores,Male,29,Ianmouth,USA,2024-03-26
CUST01870,Mr. Daniel Smith II,Female,56,Gavinchester,Germany,2024-04-06
CUST01871,Kathy Jones,Male,43,Rachelbury,Germany,2021-06-28
CUST01872,Eric Sullivan,Male,30,North Rachael,USA,2024-04-07
CUST01873,Michelle Wheeler,Male,25,Williamsberg,Canada,2021-07-08
CUST01874,Stefanie Odonnell,Female,45,East Markfurt,India,2021-08-06
CUST01875,Sara Rubio,Female,47,New Courtney,Germany,2025-12-18
CUST01876,Mary Rodriguez,Female,26,New Candice,Germany,2024-05-15
CUST01877,Joseph Hanson,Male,56,East Jennifer,Canada,2023-12-30
CUST01878,Vanessa Farmer,Female,48,Michaelbury,Canada,2021-06-27
CUST01879,Beverly Garza,Female,38,West Josephland,UK,2023-06-20
CUST01880,Clinton Navarro,Male,64,East James,Canada,2022-06-02
CUST01881,Jean Meyer,Female,51,Port Aaron,Germany,2022-06-27
CUST01882,Veronica Gonzalez,Female,48,Parkermouth,USA,2024-05-23
CUST01883,Monica Diaz,Male,42,South Victoriaborough,India,2022-04-30
CUST01884,Michelle Jefferson,Male,29,North Christopherstad,UK,2022-07-24
CUST01885,Robert Wong,Male,18,Meganshire,USA,2022-03-26
CUST01886,Bryce Lee,Female,39,Biancaberg,India,2024-08-22
CUST01887,Marc Lee,Female,57,Emilyshire,India,2021-05-31
CUST01888,Edward Yang,Female,54,Gibbsborough,India,2025-07-13
CUST01889,Julie Olson,Male,64,Port Cynthiamouth,Australia,2023-05-26
CUST01890,Renee Bishop,Male,18,Port Lorihaven,USA,2022-09-06
CUST01891,Jody Wagner,Female,18,New Charlesland,UK,2025-05-20
CUST01892,Krystal Kennedy,Female,59,New Antonio,UK,2023-12-30
CUST01893,Douglas Morgan,Male,59,Lake Melissatown,India,2024-01-04
CUST01894,James Howard,Male,38,West Dominicbury,USA,2025-01-28
CUST01895,Audrey Flores,Male,32,Markmouth,Australia,2025-04-26
CUST01896,Courtney Allen,Male,34,Lake Terrifurt,India,2023-05-20
CUST01897,John Peters,Female,39,Port Leah,Canada,2024-01-22
CUST01898,Charles Jackson,Male,55,Larryfort,UK,2025-09-10
CUST01899,Miranda Clark,Female,52,Sarahview,Germany,2021-11-23
CUST01900,Tamara Thomas,Female,62,Vanessabury,India,2021-07-16
CUST01901,Jacob Fritz,Female,33,Heatherberg,Canada,2022-09-06
CUST01902,Brian Moody,Male,25,Bondchester,UK,2022-10-26
CUST01903,Julie Moore,Male,64,South George,Australia,2024-12-04
CUST01904,Lisa Thompson,Male,34,Keithland,USA,2024-11-14
CUST01905,Amy Lester,Male,34,Michellefort,UK,2022-04-03
CUST01906,Terry Parker,Female,43,East Russellfort,USA,2022-07-19
CUST01907,Amy Acevedo,Male,30,Deborahchester,USA,2022-07-22
CUST01908,Natasha Matthews,Male,34,New Melissa,Australia,2025-02-21
CUST01909,Cheryl Lutz,Female,55,Masonshire,Australia,2024-03-08
CUST01910,Adam Jones,Male,34,Port Cameronmouth,India,2023-02-18
CUST01911,Steven Fritz,Female,31,Port Melissa,India,2021-12-09
CUST01912,Sara Thompson,Female,62,North Robert,UK,2025-09-26
CUST01913,Nancy Brown,Female,23,Dawnhaven,Australia,2022-10-22
CUST01914,Terry Ponce,Female,52,Lake Claytonborough,Canada,2024-01-17
CUST01915,Erin Goodwin,Female,63,Stephaniemouth,UK,2025-03-17
CUST01916,Steven Cruz,Female,31,East Brian,Germany,2021-06-12
CUST01917,Sydney Vaughn,Female,64,Martinbury,USA,2024-06-01
CUST01918,Margaret Henderson,Female,25,Christineview,USA,2021-10-25
CUST01919,Maria Harper,Male,32,West Veronicaview,India,2024-06-05
CUST01920,Anthony Scott,Male,44,South Wesley,Canada,2023-09-21
CUST01921,Charles Reyes,Male,30,Kimberlyview,Australia,2025-05-04
CUST01922,Shawna Schultz,Male,48,Watsonberg,Australia,2021-02-26
CUST01923,Monica Yu,Female,52,Sarahburgh,India,2025-06-12
CUST01924,Eileen Dixon,Male,23,Lake Megan,Germany,2021-07-16
CUST01925,Daniel Reyes,Female,22,East Wendyton,UK,2025-06-15
CUST01926,Christopher Williams,Male,39,New Joseph,UK,2025-06-01
CUST01927,Samuel Hicks,Male,40,Perryfort,Canada,2021-10-11
CUST01928,George Martin,Male,42,East Kevin,India,2023-02-04
CUST01929,Laura Jimenez,Female,51,Port Tony,India,2021-08-07
CUST01930,James Hart,Male,43,Carlyport,Germany,2023-06-04
CUST01931,Dylan Daniel,Female,64,East Tracyberg,UK,2022-08-11
CUST01932,Lucas Powers,Female,22,North Veronica,India,2023-04-16
CUST01933,Mr. David Harvey,Male,43,Fernandoville,Australia,2024-09-12
CUST01934,Matthew Wilson,Male,37,Port Keith,Canada,2021-01-21
CUST01935,Elizabeth Williams,Male,23,West Danatown,UK,2021-11-14
CUST01936,Ashley Mack,Female,23,New Vanessaville,Germany,2024-05-18
CUST01937,Brittany Scott,Male,35,Aaronshire,Canada,2023-08-12
CUST01938,Eddie Torres,Female,21,East Melissaburgh,USA,2021-11-05
CUST01939,Taylor Perez,Female,34,South Megan,Australia,2022-10-12
CUST01940,Blake Leach,Male,31,West Lori,Germany,2024-08-28
CUST01941,Jeffrey Carr,Male,31,Nicoleport,Canada,2025-03-31
CUST01942,Jamie Estrada,Female,30,Vanceborough,India,2022-11-12
CUST01943,Ryan Hayes,Female,24,New Matthewbury,USA,2021-06-26
CUST01944,Cathy Hickman,Female,61,Port Georgehaven,Germany,2023-01-29
CUST01945,William Roberts,Male,32,Lake Jamesburgh,India,2023-03-01
CUST01946,Antonio Murphy,Female,36,Trevorfort,Australia,2022-02-22
CUST01947,Amber Ortiz,Male,60,Jamieview,USA,2025-01-29
CUST01948,Charles Peterson,Female,64,Burnsshire,UK,2021-02-11
CUST01949,Sylvia Nguyen,Female,61,North Jennifer,India,2024-12-23
CUST01950,Samantha Johnson,Male,52,Port Rachel,Canada,2024-12-02
CUST01951,Peggy Gonzalez,Female,34,Jessicamouth,Germany,2021-09-02
CUST01952,Monique Harrell,Male,52,Huntertown,USA,2024-11-06
CUST01953,Kiara Park,Male,36,East Matthewstad,India,2024-03-19
CUST01954,Elizabeth Hood,Female,37,East Deborahville,UK,2024-11-05
CUST01955,Julie Ward,Male,53,Mccormickfurt,Germany,2023-12-24
CUST01956,Charles Holder,Male,52,Stevensborough,Germany,2025-09-21
CUST01957,Frank Decker,Female,49,Martinfort,India,2025-12-11
CUST01958,Judy Collins,Male,61,Connorfurt,UK,2023-12-23
CUST01959,Jonathan Miller,Male,57,West Paulborough,Australia,2021-06-17
CUST01960,Alexa Davila,Male,41,South Tracychester,Australia,2025-01-20
CUST01961,Christina Johnson,Female,34,East Coreyfort,USA,2024-05-31
CUST01962,Lisa Massey,Male,24,Johnsonshire,India,2025-08-13
CUST01963,Evan Adkins,Female,60,Johnsonstad,USA,2021-03-15
CUST01964,Glenn Allen,Female,18,Mollymouth,Australia,2025-08-20
CUST01965,Bryan Smith,Male,52,South Tabitha,Germany,2022-06-07
CUST01966,Beth Beltran,Male,49,East Stacy,USA,2024-03-06
CUST01967,Roger Martin,Male,53,New Seanfort,UK,2025-02-21
CUST01968,Keith Nelson,Female,30,North Andrew,Canada,2023-09-17
CUST01969,Miss Hailey Daniels,Male,23,South Jonathan,Australia,2022-08-24
CUST01970,Leslie Nelson,Male,31,Tinaton,Australia,2025-01-19
CUST01971,Dave Boone,Male,54,West Amanda,UK,2025-09-27
CUST01972,Cynthia Taylor,Male,32,Holmesstad,USA,2024-01-12
CUST01973,Jessica Torres,Male,64,Timothyfurt,India,2025-01-24
CUST01974,Samantha Williams,Female,21,North Johnmouth,Germany,2024-08-01
CUST01975,Laura Rivas,Female,57,Rogerschester,Canada,2023-10-03
CUST01976,George Trevino,Male,33,Arellanoshire,India,2024-12-22
CUST01977,Frances Lang MD,Male,45,South Tiffanyport,India,2025-03-10
CUST01978,Anthony Olsen,Male,33,Port Trevor,UK,2024-09-01
CUST01979,Alexander Beck,Male,21,Lake Jeremyton,USA,2023-06-04
CUST01980,Gary Bird,Female,62,Woodsfort,Australia,2025-04-16
CUST01981,Brent Hunter,Male,43,Jamiebury,Australia,2022-01-22
CUST01982,Nicholas Farley,Female,45,East Nicole,UK,2024-05-05
CUST01983,Tiffany Blackwell,Female,49,Aaronborough,USA,2022-08-07
CUST01984,Jacob Cook,Male,62,North Nicholas,UK,2023-03-30
CUST01985,Monica Thomas,Female,19,Porterstad,Australia,2021-04-17
CUST01986,Casey Hopkins,Female,48,West Ryan,India,2021-03-05
CUST01987,Kaitlin Robinson,Female,20,North Nicholas,Germany,2023-09-04
CUST01988,Katherine Matthews,Female,25,Oliviaborough,USA,2024-06-04
CUST01989,Catherine Patrick,Male,41,New Vincent,Canada,2021-04-13
CUST01990,Lisa Cook,Male,32,Port Michaelland,Canada,2025-03-21
CUST01991,Jeff Liu,Female,60,South Nicholas,India,2022-07-16
CUST01992,Debra Hart,Male,48,Meganport,UK,2024-08-17
CUST01993,Zachary Silva,Male,26,Cynthiamouth,UK,2022-08-28
CUST01994,Richard Smith,Male,56,South Kristen,Australia,2025-04-03
CUST01995,Zachary Shields,Male,62,East Thomas,India,2021-12-01
CUST01996,Stephanie Gregory,Male,19,Williamsbury,Australia,2021-02-25
CUST01997,Jimmy Morris,Female,25,West Melissafurt,Australia,2025-04-27
CUST01998,Juan Miller,Male,24,West Samantha,Canada,2025-03-15
CUST01999,Jason Schneider,Male,61,Lake Jeremyborough,Australia,2022-07-18
CUST02000,Michelle Savage,Male,56,South Aprilfurt,Australia,2023-02-18
CUST02001,Mercedes Alexander,Male,59,Zavalaborough,Canada,2023-10-22
CUST02002,James Cabrera,Female,33,East Ryanberg,UK,2022-09-25
CUST02003,Nicole Howard,Female,52,Hudsonport,USA,2021-07-14
CUST02004,Steve Hamilton,Female,47,West Donald,Germany,2022-11-19
CUST02005,Bianca Carroll,Female,27,Alvarezhaven,Australia,2025-09-08
CUST02006,Douglas Hammond,Male,55,Jeremyland,USA,2023-05-13
CUST02007,Emily Gonzalez,Female,35,Leslieside,Canada,2023-04-26
CUST02008,Kristie Ortiz,Male,22,West Maryfurt,USA,2024-06-17
CUST02009,Jennifer Schneider,Male,46,Clayshire,Germany,2025-08-06
CUST02010,Paul Dunn,Male,56,Zacharyburgh,USA,2023-08-21
CUST02011,Richard Martinez,Male,51,New Mark,USA,2022-08-27
CUST02012,Jacqueline Garcia,Male,60,Clarkborough,USA,2023-10-05
CUST02013,Vincent Johnson,Female,62,West Chad,USA,2022-08-07
CUST02014,Amanda Miller,Female,40,Jaclynstad,India,2024-02-23
CUST02015,Ian Miller,Female,22,North Rodney,Australia,2025-03-13
CUST02016,Timothy Mullen,Female,47,Melissaberg,Canada,2022-05-10
CUST02017,Jeffrey Perry,Male,23,Smithfurt,Germany,2024-01-16
CUST02018,Stephen Hughes,Female,63,New Jacob,Canada,2024-12-13
CUST02019,Joseph Wheeler,Male,61,Port Jonathan,India,2021-07-02
CUST02020,Matthew Simmons,Female,21,Jacobsonstad,India,2025-02-13
CUST02021,William Griffin,Male,46,Danielside,India,2021-10-18
CUST02022,Diana Contreras,Male,40,Bishopberg,Australia,2025-02-20
CUST02023,Mackenzie Mata,Female,23,Port David,India,2023-04-08
CUST02024,Blake Callahan,Male,49,North Brendanfort,USA,2021-08-11
CUST02025,Andrew Rodriguez,Male,59,New Julie,Canada,2022-08-28
CUST02026,Rebecca Brown,Female,35,Bryceburgh,UK,2023-07-16
CUST02027,James Ortiz,Male,32,South Gregorychester,Germany,2021-03-16
CUST02028,Chris Rodriguez,Female,57,Lake Mark,India,2021-08-21
CUST02029,Johnathan Bolton,Female,49,New Aliciamouth,Canada,2022-05-11
CUST02030,Nicholas Farmer,Female,26,New Nancyberg,India,2024-04-07
CUST02031,Sarah Anderson,Male,54,Jamesville,Australia,2024-04-03
CUST02032,Jeremy Barker,Male,27,New Samanthamouth,India,2025-12-20
CUST02033,Michelle Campos,Male,37,Annamouth,India,2021-10-07
CUST02034,David Carney,Female,23,Port Richardtown,India,2025-07-24
CUST02035,Eduardo Lewis,Male,20,Rubioport,India,2025-11-15
CUST02036,Kevin Smith,Female,59,Joseshire,Germany,2022-11-15
CUST02037,Melanie Lynch,Female,28,Kentland,Canada,2022-12-20
CUST02038,Karen Peck,Male,60,South Alexanderport,Australia,2024-09-09
CUST02039,Judy Ramirez,Female,34,East Michelle,India,2023-12-08
CUST02040,Paul Mercado,Male,49,South Robin,India,2021-03-14
CUST02041,Kyle Miller,Male,21,Morganland,India,2023-07-10
CUST02042,Benjamin Gonzalez,Male,21,Davidhaven,India,2021-10-13
CUST02043,Natalie Alvarez,Male,34,Fergusonmouth,USA,2024-10-02
CUST02044,Andrew Watson,Male,58,Andrewtown,USA,2021-01-10
CUST02045,Aaron Johnson,Female,36,Davidland,UK,2021-10-19
CUST02046,Andrew Love,Female,22,North Robert,India,2024-10-31
CUST02047,Jermaine Brown,Female,49,North Kimberlyfurt,UK,2025-12-07
CUST02048,John Pearson,Male,39,Jasonmouth,Germany,2025-11-15
CUST02049,Denise Silva,Male,23,Traceyburgh,UK,2021-03-26
CUST02050,John Martin,Male,52,Lake Sandra,Canada,2024-05-27
CUST02051,Judith Reyes,Female,39,Stephaniechester,USA,2022-03-05
CUST02052,Michael Castillo,Male,18,Zavalamouth,USA,2025-01-06
CUST02053,Clayton Donaldson,Female,37,Lake Lindsey,India,2024-02-12
CUST02054,Sara Mcdaniel,Female,39,Jillland,India,2022-07-06
CUST02055,Kelly Chapman,Male,28,Ericabury,Germany,2022-09-30
CUST02056,Ian Anthony,Male,30,Sarahmouth,Australia,2024-08-28
CUST02057,Ronald George,Female,59,South Curtisberg,Germany,2021-11-23
CUST02058,Derek Peters,Male,20,Jacquelineland,Canada,2024-03-21
CUST02059,Blake Foster,Female,26,New Richardberg,India,2023-04-02
CUST02060,April Escobar,Male,29,West Stephenton,India,2022-03-10
CUST02061,Abigail Martin,Male,40,Kellyland,Germany,2022-09-12
CUST02062,Laura Erickson,Female,31,Johnmouth,Germany,2021-11-30
CUST02063,Diamond Mendoza,Male,50,New Robertton,Germany,2023-01-06
CUST02064,Yvonne Mahoney,Female,35,Steelehaven,USA,2024-12-03
CUST02065,Nicholas Cannon,Male,58,Fergusonport,UK,2024-10-18
CUST02066,Kyle Thornton,Female,26,Benjaminland,UK,2021-11-13
CUST02067,Nancy Martin,Female,40,Clarktown,India,2024-10-15
CUST02068,Kenneth King,Male,27,Leonardville,USA,2022-11-29
CUST02069,Terri Butler,Female,36,Rodriguezborough,Germany,2023-10-13
CUST02070,Katelyn Wolfe,Male,64,Justinhaven,India,2024-11-15
CUST02071,Brandi Young,Male,22,Port Chad,USA,2024-10-19
CUST02072,Andrew Garcia,Male,64,Lake Kevin,Canada,2023-02-23
CUST02073,Christina Lopez,Female,40,East Codyshire,Australia,2022-05-22
CUST02074,Robert Martin,Female,47,Port Timothyview,USA,2021-02-09
CUST02075,Gregory Morales,Male,42,Port Nicolebury,India,2024-03-13
CUST02076,Eric Dixon,Male,45,Kimberlyland,UK,2023-02-11
CUST02077,Mary Hunter,Female,51,East Regina,Germany,2025-05-19
CUST02078,Deborah Jackson,Male,62,New Martin,Australia,2022-11-05
CUST02079,Daniel Hubbard,Male,64,New Kayla,Canada,2024-04-10
CUST02080,Jody Hogan,Female,42,Stevenbury,Australia,2025-11-05
CUST02081,Daniel Williams,Male,27,Williamsburgh,Australia,2025-12-08
CUST02082,Anna Perez,Female,31,Lake Davidview,USA,2023-07-29
CUST02083,Janet Goodwin,Male,59,Hutchinsonfort,India,2023-09-14
CUST02084,Rodney Baker,Female,63,Browningfurt,India,2021-08-11
CUST02085,Benjamin Reed,Male,47,New Megan,Australia,2024-05-05
CUST02086,Christopher Oliver,Male,58,Robertshire,Germany,2023-05-05
CUST02087,Christopher Carter,Female,42,South Karen,India,2021-12-24
CUST02088,Ashley Poole,Male,31,West Kara,Australia,2021-01-21
CUST02089,Paul Khan,Female,52,Port Jamiemouth,India,2022-04-17
CUST02090,Travis Cain,Male,51,Charlesborough,Germany,2022-07-09
CUST02091,Renee Graham,Female,27,North Sarah,Canada,2021-11-23
CUST02092,Beth Lopez,Female,52,North Thomashaven,Australia,2025-06-13
CUST02093,Brandon Rocha,Female,28,Frederickfurt,UK,2025-03-26
CUST02094,Daniel Collins,Female,28,North Jill,UK,2025-10-17
CUST02095,Holly Reese,Male,38,New Carla,Australia,2021-07-31
CUST02096,Mark Trujillo,Male,38,West Michele,USA,2022-04-04
CUST02097,Kimberly Cruz,Female,39,Hubbardport,Canada,2023-11-01
CUST02098,Janice Dunn,Female,62,New Brittneyberg,USA,2021-11-29
CUST02099,Carol Roberts,Female,24,Jimenezmouth,UK,2025-09-10
CUST02100,Derek Stephens,Male,34,New Sarahfort,Germany,2021-11-06
CUST02101,Gordon White,Male,19,West Stevenborough,Australia,2022-06-18
CUST02102,Amanda York,Male,29,South Lisaland,India,2024-07-07
CUST02103,Robert Cooper,Male,59,North Angelashire,UK,2022-10-15
CUST02104,Matthew Martinez,Female,35,Laurenton,Canada,2023-02-27
CUST02105,Robert Ayala MD,Female,28,Wendybury,UK,2025-06-22
CUST02106,Bryan Martinez,Female,33,Christopherhaven,Canada,2024-02-19
CUST02107,Kirsten Anderson,Male,35,Williambury,Canada,2022-08-22
CUST02108,Daniel Rowland,Male,52,South David,Australia,2024-05-09
CUST02109,Dr. Kevin Wright,Male,43,Robertville,Canada,2022-04-29
CUST02110,Debbie Mcdaniel,Female,33,North Erik,USA,2024-05-28
CUST02111,Heidi Martin PhD,Female,23,Heatherville,Germany,2022-11-17
CUST02112,Hunter Parsons,Male,61,Julieland,UK,2021-09-11
CUST02113,Michele Nelson,Female,60,Charleneborough,Germany,2022-12-25
CUST02114,Lindsey Miller,Male,64,East Brendashire,India,2023-12-27
CUST02115,James Young,Male,64,West Kathrynside,UK,2022-04-30
CUST02116,Bryan Larsen,Female,59,West Lisa,Germany,2024-07-18
CUST02117,Timothy Richardson MD,Male,29,New Marissamouth,Germany,2022-01-13
CUST02118,Nicole Dean,Female,30,Willisfurt,Australia,2021-04-10
CUST02119,Christopher Brown,Male,21,Lake Sheribury,Australia,2025-05-21
CUST02120,Austin Lopez,Female,56,Kramerborough,India,2025-03-04
CUST02121,Johnathan Alvarez,Female,19,Ramirezmouth,Canada,2022-09-20
CUST02122,Terri Newman,Female,43,South Brendastad,UK,2023-02-18
CUST02123,David Ortiz,Male,44,North Adamstad,Australia,2025-01-11
CUST02124,Christopher Young,Male,44,Port Laura,UK,2024-01-21
CUST02125,Nathaniel Fields,Female,32,Jordanside,India,2022-11-25
CUST02126,Cynthia Morgan,Female,25,New James,Australia,2021-12-10
CUST02127,David Robinson,Male,24,Jeanfurt,Australia,2024-07-24
CUST02128,Nicole White,Male,64,Richardsonbury,Canada,2023-05-17
CUST02129,Matthew Proctor,Male,63,Brendaville,UK,2021-12-06
CUST02130,Kelly Morales,Female,57,South Christine,UK,2025-01-22
CUST02131,Matthew Smith,Male,29,East Shane,UK,2022-02-24
CUST02132,Sabrina Richardson,Male,30,Foxmouth,Canada,2023-07-27
CUST02133,David Lewis,Female,60,South Brandon,Australia,2023-06-12
CUST02134,Jessica Poole,Male,34,North Jacob,India,2022-01-27
CUST02135,Kathleen Reid,Male,34,Oliverchester,UK,2023-07-18
CUST02136,Juan Fowler,Male,53,West Robert,Germany,2021-03-12
CUST02137,Elizabeth Larson,Female,38,Katherineton,Canada,2021-10-26
CUST02138,Cassie Brown,Female,25,Lake Marioshire,USA,2025-12-05
CUST02139,Erika Gomez,Female,22,North Manuelberg,India,2021-02-23
CUST02140,Craig Franklin,Female,43,Martinezland,Germany,2021-01-14
CUST02141,Jessica Morse,Female,33,New Judy,UK,2023-09-22
CUST02142,David Rios,Female,53,Beltranville,USA,2025-11-16
CUST02143,Anthony Wilkinson,Female,45,Zacharyfort,India,2024-10-23
CUST02144,Joyce Taylor,Male,46,Port Brandon,Canada,2024-04-10
CUST02145,Tracy Richardson,Male,64,Michelleville,USA,2025-01-08
CUST02146,Megan Irwin,Female,29,Mahoneyhaven,Australia,2022-04-27
CUST02147,Carl Terry,Male,54,Wrightview,USA,2023-09-03
CUST02148,Kelsey Greene,Male,47,Lake Jacobshire,Germany,2025-02-22
CUST02149,Dwayne Vaughn,Female,40,Laurenchester,India,2024-08-23
CUST02150,Justin Martin,Male,33,Brandyland,Germany,2025-12-25
CUST02151,Cynthia Alvarez,Male,31,Blackburntown,Germany,2023-01-20
CUST02152,Laura Greer,Male,27,Lake Stephenland,UK,2021-08-29
CUST02153,Adam Palmer,Male,24,South Susanmouth,Canada,2025-01-07
CUST02154,Daniel Schmidt,Male,62,East Paulfort,USA,2025-12-23
CUST02155,Paul Valdez,Female,54,West Mark,India,2021-05-12
CUST02156,Stacy Foster,Female,46,New Elizabeth,Australia,2024-01-04
CUST02157,Lee Williams,Female,20,Hayesport,Canada,2022-03-19
CUST02158,Kelly Reilly,Male,32,Melissastad,Canada,2021-05-06
CUST02159,Hannah Young,Female,53,North Jason,India,2021-03-31
CUST02160,Christopher Sutton,Male,64,Thomasside,Canada,2025-06-05
CUST02161,Jeffery Wright,Male,63,Edwardberg,UK,2023-06-27
CUST02162,Christopher Evans,Male,36,Bookerberg,Canada,2025-07-16
CUST02163,Robert Duran,Male,30,East Jeffreyview,UK,2025-08-16
CUST02164,David Ramos,Female,59,Port Erica,USA,2022-05-07
CUST02165,John Anderson,Female,38,Jasonburgh,USA,2022-08-09
CUST02166,Jill Allen MD,Male,54,West Christopher,Germany,2023-12-11
CUST02167,Nancy Miller,Female,44,Lake Nicholas,UK,2024-10-26
CUST02168,Travis Holland,Male,46,South Troytown,Australia,2023-06-18
CUST02169,Timothy Reed,Female,37,Lauramouth,USA,2022-03-29
CUST02170,Erin Bailey,Female,42,West Jasminehaven,Canada,2025-07-30
CUST02171,Brandi Everett,Male,23,West Taylorview,India,2021-02-03
CUST02172,Jonathan Sanders,Female,53,Brittanyhaven,India,2021-10-13
CUST02173,John Stewart,Male,19,Williamshaven,UK,2021-01-22
CUST02174,Holly Sanchez,Female,39,Wesleyberg,Australia,2025-09-12
CUST02175,Rebecca Gutierrez,Male,49,Pamelaborough,Germany,2025-03-22
CUST02176,Jackie Cummings,Male,33,Port Sarah,Canada,2025-03-13
CUST02177,Austin Taylor,Female,35,Christinestad,UK,2024-04-28
CUST02178,Curtis Rogers,Female,22,North Michelleville,India,2022-09-18
CUST02179,William Nelson,Male,53,North Kyle,UK,2023-01-22
CUST02180,John Arnold,Female,47,Greenberg,Canada,2023-10-19
CUST02181,Sarah Mitchell,Female,62,Allenburgh,Australia,2024-12-07
CUST02182,Clayton Alvarado,Male,36,South Courtney,Australia,2022-12-30
CUST02183,Jennifer Pierce,Male,40,Port Julianbury,USA,2024-03-08
CUST02184,Andrew Blankenship,Female,51,North Emily,Canada,2025-10-27
CUST02185,Ashley Pham,Male,30,Amandaside,USA,2023-01-06
CUST02186,Jason Haynes,Male,60,Shieldschester,USA,2024-07-03
CUST02187,Autumn Hernandez,Male,46,Thompsontown,USA,2025-09-07
CUST02188,Brett Reynolds,Female,53,West Paulburgh,UK,2022-12-17
CUST02189,Misty Long,Female,39,Lake Maryshire,India,2024-09-12
CUST02190,Julia Swanson,Male,64,South Ryan,Australia,2021-12-06
CUST02191,Michael Potter,Female,53,South Manuel,UK,2025-02-13
CUST02192,Brian Rasmussen DDS,Male,26,Weaverland,India,2025-03-04
CUST02193,Brittany Peters,Female,56,New Michaelside,Australia,2025-08-07
CUST02194,Joseph Wilson,Male,36,West Michael,Canada,2025-05-26
CUST02195,Sean Vargas,Male,55,Cooperborough,Australia,2021-11-16
CUST02196,Catherine Rodriguez,Female,23,Port Randy,Australia,2025-10-20
CUST02197,Christopher Simon,Male,64,East Scott,Australia,2023-01-02
CUST02198,Ryan Phillips,Female,32,Lake Wendy,Germany,2021-12-09
CUST02199,Jennifer Smith,Female,37,South Rickeymouth,Canada,2024-06-29
CUST02200,John Williams,Male,26,Port Josephberg,UK,2025-03-16
CUST02201,John Irwin,Male,49,Pachecomouth,UK,2021-12-16
CUST02202,Rebecca Jensen,Female,21,Nguyenville,India,2024-01-26
CUST02203,Jenna Shepard,Male,35,Nicolestad,UK,2024-03-03
CUST02204,Lori Krause,Male,22,Lake Shellyburgh,USA,2022-07-27
CUST02205,James Friedman,Male,37,East Ashley,Australia,2021-12-12
CUST02206,Ashley Shea,Male,40,Josephville,UK,2023-02-26
CUST02207,Dana Martin,Male,28,New Nicholas,India,2025-03-18
CUST02208,Lisa Church,Female,54,Lake Meredith,India,2021-06-05
CUST02209,David Carter,Female,39,Reynoldsview,USA,2022-06-26
CUST02210,Seth Barber,Male,21,Taylorberg,India,2022-09-10
CUST02211,Charles Cooley,Male,46,Ryanfort,Germany,2025-09-02
CUST02212,Daniel Bell,Male,61,Sullivanmouth,Australia,2024-03-15
CUST02213,Nicholas Aguirre,Female,51,Howardport,Australia,2024-12-29
CUST02214,Anthony Bates,Male,30,Popeview,Australia,2024-11-26
CUST02215,Amanda Hernandez,Female,59,Lovestad,Canada,2025-09-01
CUST02216,Regina Walker,Female,26,South Theodore,UK,2021-11-18
CUST02217,Betty Walsh,Female,59,Josephport,Germany,2025-12-20
CUST02218,Ann Lynch,Male,48,Jonesfort,UK,2024-12-21
CUST02219,Angela Nicholson,Female,24,East Susan,Germany,2025-05-29
CUST02220,Nicholas Chavez,Male,21,Lake Crystalberg,UK,2022-06-20
CUST02221,Dr. Robin Knight MD,Female,36,Michaelside,USA,2022-03-31
CUST02222,Victoria Wilson,Male,59,Harperville,India,2024-10-07
CUST02223,Wendy Crawford,Female,47,East Melissa,India,2021-04-07
CUST02224,Jessica Brady,Male,48,Nancystad,USA,2024-04-08
CUST02225,Michelle Jackson,Female,52,Mcconnellside,Germany,2025-12-13
CUST02226,Sara Marshall,Male,38,Brandonville,Canada,2023-02-19
CUST02227,Patricia Black,Male,48,Mcdowellport,Germany,2024-01-19
CUST02228,Justin Hudson,Male,36,New Kyle,India,2022-01-31
CUST02229,Shelby Smith,Male,48,Brownville,Canada,2024-02-29
CUST02230,James Moore,Female,49,Tracyburgh,UK,2022-10-10
CUST02231,Jeremy Wright,Female,19,Rebeccashire,Canada,2024-08-27
CUST02232,Mrs. Elizabeth Perez,Male,27,Serranoport,Germany,2021-03-30
CUST02233,Thomas Andrews,Female,19,West Joseland,USA,2021-07-31
CUST02234,Amber Hernandez,Male,19,East Williamside,UK,2025-04-12
CUST02235,Andrea Mccoy,Male,41,East Michelle,Germany,2024-12-28
CUST02236,Paul Lambert,Female,34,North Leahmouth,UK,2024-01-09
CUST02237,Jeffrey Chavez,Male,49,Port Bryanshire,Canada,2023-09-26
CUST02238,Casey Chavez,Male,33,Lake Michaelamouth,India,2022-09-09
CUST02239,Vanessa Adams,Female,33,Moorebury,Germany,2025-05-06
CUST02240,Joy Wallace,Male,63,Matthewsbury,USA,2022-06-21
CUST02241,Brenda Solomon,Male,56,West Paulaburgh,Canada,2021-01-20
CUST02242,Anthony Mccoy DDS,Male,48,Heatherborough,Germany,2023-12-01
CUST02243,Michael Oliver,Male,60,Hernandezland,USA,2022-02-05
CUST02244,Lisa Barker,Female,41,Morenoton,Germany,2025-09-26
CUST02245,Ashley Mitchell,Female,18,Bakermouth,Canada,2025-02-14
CUST02246,Marcia Phelps,Female,28,Reynoldsmouth,Germany,2022-03-26
CUST02247,Ann Thompson,Male,38,Murphyborough,UK,2022-09-23
CUST02248,Wendy Walsh,Male,21,Garymouth,Canada,2022-10-20
CUST02249,Steven Lawson,Female,24,Lake Vincenthaven,Germany,2023-11-03
CUST02250,Anthony Watkins,Male,43,Evelynland,India,2021-02-12
CUST02251,Alan Miller,Male,64,Leeport,Germany,2021-07-16
CUST02252,Victoria Valenzuela,Male,29,Port Amandastad,UK,2025-08-19
CUST02253,Bradley Wade,Male,48,North Scott,USA,2022-11-07
CUST02254,Lee Guerrero,Female,34,Johnchester,USA,2025-09-05
CUST02255,Victor Duarte,Female,50,South Katherine,USA,2025-06-12
CUST02256,Ronald Garcia,Female,28,New Frankside,India,2025-02-05
CUST02257,Sarah Gray,Male,45,East Jenniferstad,UK,2023-10-20
CUST02258,Walter Brandt,Female,49,West Christian,Canada,2024-09-07
CUST02259,Christine Davis,Female,18,South Briannaberg,USA,2024-09-14
CUST02260,Samantha Harris MD,Male,64,Andersontown,UK,2022-04-27
CUST02261,Robert Patterson,Male,45,North Brianshire,Germany,2021-09-16
CUST02262,Melinda Johnson,Female,59,West Donaldchester,India,2021-04-08
CUST02263,Marisa Greene,Female,24,Stephenstad,UK,2024-04-28
CUST02264,Sean Burke,Female,19,Lake Kellyport,UK,2022-01-09
CUST02265,April Cannon,Female,59,Cherylside,Canada,2025-06-13
CUST02266,Eric Graham,Male,41,Taylormouth,UK,2022-10-09
CUST02267,Anthony Watkins,Female,21,Danielside,Canada,2023-11-05
CUST02268,Gregory Hall,Female,61,Lake Jamesside,India,2025-03-17
CUST02269,Rachel Barnes,Male,36,North Marymouth,India,2022-09-19
CUST02270,Steven Guerra,Female,43,Kendrastad,Germany,2022-05-17
CUST02271,Chad Hopkins,Male,28,New Charles,Canada,2024-02-06
CUST02272,Elizabeth Martin,Male,57,Port Angelamouth,Canada,2021-11-10
CUST02273,Brooke Cochran,Male,60,West Johnberg,USA,2025-07-20
CUST02274,Edward Turner,Female,28,South Brandon,USA,2025-07-26
CUST02275,Jose Hicks,Female,62,Jamesborough,Germany,2021-02-03
CUST02276,Courtney Mathis,Male,20,Albertshire,India,2023-01-30
CUST02277,Sandra Young,Female,29,Hollowaymouth,Australia,2025-06-04
CUST02278,Michael Williams,Female,20,North Amyview,USA,2024-10-28
CUST02279,Michael Wilson,Male,59,North Jefferyview,UK,2021-08-14
CUST02280,Meredith Hill,Male,44,Caitlinstad,India,2022-05-14
CUST02281,Blake Walker,Female,19,Lake Joseph,Australia,2025-01-06
CUST02282,Desiree Parsons,Male,33,Ramosland,UK,2021-11-26
CUST02283,Bryan Adkins,Female,19,New Laurastad,Canada,2024-09-14
CUST02284,William Durham,Female,47,Diazhaven,India,2022-07-29
CUST02285,Lorraine Benjamin,Female,37,Lake Sharon,Germany,2024-07-02
CUST02286,Alicia Waters,Female,55,South Eric,Canada,2025-07-02
CUST02287,Zachary Spears,Male,45,Kimshire,Canada,2024-08-22
CUST02288,Scott Harper,Male,42,East Troy,UK,2025-04-03
CUST02289,Roy Flowers,Male,49,West Maryfort,Canada,2024-02-18
CUST02290,Scott Obrien,Male,27,Andreashire,USA,2023-01-08
CUST02291,John Shannon,Female,59,Lake Julia,India,2021-01-19
CUST02292,Mrs. Rebecca Ballard,Female,57,Elizabethtown,USA,2021-07-27
CUST02293,Theresa Smith,Male,50,Lake Brittany,UK,2022-05-13
CUST02294,Bryan Zavala,Female,30,Carrieport,Australia,2024-05-19
CUST02295,Karen Rhodes,Female,58,Webbmouth,UK,2024-05-13
CUST02296,Shawn Gonzales,Female,59,West Ann,India,2021-11-08
CUST02297,Steven Zimmerman,Male,64,West Cynthia,Canada,2023-12-16
CUST02298,Patrick Williams,Male,54,West Biancastad,Germany,2025-05-04
CUST02299,Anthony Bentley,Male,33,Castillohaven,UK,2022-11-23
CUST02300,Donna Brown,Female,62,Schmittmouth,India,2025-07-29
CUST02301,Anita Glass,Male,39,Port Kimberly,Germany,2022-03-31
CUST02302,Michael Jones,Male,37,West Davidport,Canada,2023-10-30
CUST02303,Zachary Elliott,Male,60,Julieland,Australia,2022-03-07
CUST02304,Maria Guerrero,Male,44,Lake Kimberlyview,UK,2024-03-25
CUST02305,Bradley Manning,Male,58,Deanshire,Australia,2022-07-05
CUST02306,Michael Johnson,Male,33,Lake Marcus,India,2025-08-04
CUST02307,Mr. John Bolton MD,Female,51,South Shelly,Australia,2025-11-12
CUST02308,Kevin Alexander,Female,49,Jacobport,Australia,2022-01-21
CUST02309,Victor Murphy,Male,43,South Charles,India,2025-06-06
CUST02310,Stephen Hernandez,Male,42,Jessicaburgh,India,2022-06-03
CUST02311,Yolanda Hernandez,Female,19,Cynthiaport,UK,2023-03-30
CUST02312,Kristina Wheeler,Female,29,Amandaberg,Australia,2024-10-20
CUST02313,Brian Carrillo,Male,57,North Victoriamouth,Germany,2023-01-12
CUST02314,Joseph Williams,Male,26,Riversmouth,India,2022-10-02
CUST02315,Mary Allen MD,Male,29,Amychester,Canada,2023-03-06
CUST02316,Jose Morales,Male,43,North Sarahaven,Australia,2021-01-09
CUST02317,Louis Patterson,Female,26,West Brian,India,2024-09-14
CUST02318,Patricia Hart,Male,27,Stewartstad,Germany,2023-10-02
CUST02319,Dwayne Malone,Male,49,South Alicia,UK,2024-01-24
CUST02320,Charles Maldonado,Male,51,Josephton,Australia,2025-06-18
CUST02321,Misty Carson,Male,37,East Ashleyton,India,2021-05-09
CUST02322,Holly Gomez,Female,56,East Cameronstad,India,2022-10-11
CUST02323,Sydney Aguirre,Female,19,East Michelle,Canada,2023-03-01
CUST02324,Tonya Torres,Female,18,Port Charles,Canada,2022-09-22
CUST02325,Gregory Munoz,Male,53,South Jamestown,Australia,2022-10-09
CUST02326,Mrs. Angela Ray MD,Male,41,West Justinburgh,India,2022-10-26
CUST02327,Caitlin Dunn,Female,44,Scotthaven,Australia,2024-10-23
CUST02328,Christine White,Male,19,Carlland,India,2024-03-21
CUST02329,Brandon Joseph,Male,48,Lake Rachel,Canada,2024-04-29
CUST02330,Elizabeth Bradley,Female,31,North Justin,Germany,2022-05-06
CUST02331,Raymond Mclean,Female,19,North Charlesshire,USA,2022-11-24
CUST02332,Clarence Cunningham,Female,46,Laurenchester,USA,2024-01-29
CUST02333,Kylie Peterson,Female,32,East Bradley,India,2023-09-06
CUST02334,Christina Moore,Male,29,Lake Ryan,Canada,2021-04-18
CUST02335,Kimberly Mcdowell,Male,54,New Amandaburgh,UK,2021-05-18
CUST02336,Ronald Cook,Female,45,Ianburgh,UK,2024-12-17
CUST02337,Jane Blankenship,Male,37,East Markshire,USA,2023-02-01
CUST02338,Kimberly Moreno,Female,56,North David,Germany,2021-05-15
CUST02339,Taylor Ramirez,Female,41,Kylemouth,USA,2025-08-03
CUST02340,Kimberly Anderson,Male,38,West Christopherview,India,2021-11-28
CUST02341,Joseph Atkins,Female,27,Karenborough,Germany,2024-01-22
CUST02342,Danielle Snyder,Male,63,New Michaelview,UK,2023-11-21
CUST02343,Sara Arias,Male,31,Port Samantha,Canada,2021-06-19
CUST02344,Douglas Nelson,Male,54,East Kathy,Canada,2023-01-22
CUST02345,Mark Page,Male,35,Cheyenneville,India,2023-11-03
CUST02346,Molly Ramirez,Female,41,Brownmouth,USA,2025-09-23
CUST02347,David Jones,Male,31,Harrisonfort,India,2021-01-09
CUST02348,Julia Sullivan,Female,51,Port Diane,Canada,2021-10-09
CUST02349,Fernando Parrish,Female,29,Curtisberg,UK,2023-11-14
CUST02350,Mr. Dean Green DVM,Female,39,West Patricia,Canada,2022-05-01
CUST02351,Billy Clark,Female,23,Browningview,Germany,2021-01-16
CUST02352,John Wagner,Male,53,South Isaiahchester,Australia,2025-04-09
CUST02353,Nancy Olson,Male,62,New Cynthia,Canada,2021-07-02
CUST02354,John Kaufman,Female,53,Dillonview,Canada,2025-06-23
CUST02355,Stephanie Turner DDS,Female,39,Elizabethmouth,Australia,2021-10-15
CUST02356,Brian Taylor,Male,31,New William,Germany,2024-09-25
CUST02357,Casey Sawyer,Female,33,West Davidview,USA,2024-07-03
CUST02358,Dominic Meadows,Male,53,New Stephentown,Canada,2023-01-16
CUST02359,Katelyn Edwards,Female,42,North Kelly,India,2023-01-01
CUST02360,Michelle Parker,Male,49,Lake Joel,Canada,2022-06-26
CUST02361,Andrea Case,Female,50,Frederickport,India,2025-06-29
CUST02362,Tyler Jordan,Female,62,South Christopherbury,Germany,2022-03-06
CUST02363,Dana Glenn,Male,53,North Brentburgh,Canada,2022-01-10
CUST02364,Alejandro Johnson,Female,37,West Eric,Germany,2021-04-04
CUST02365,Jessica Murphy,Female,35,Kennedyton,Germany,2022-09-03
CUST02366,William Thompson,Male,55,Jameshaven,USA,2021-08-31
CUST02367,Alejandro Clark,Female,20,New Andrew,Canada,2024-05-21
CUST02368,Elizabeth Mayo,Male,40,North Alex,India,2021-01-13
CUST02369,Thomas Holmes MD,Male,49,Melindatown,India,2021-04-02
CUST02370,Suzanne Esparza,Female,62,Port Toddborough,Canada,2021-10-11
CUST02371,Heidi Sanders,Female,33,Julieville,Australia,2024-06-27
CUST02372,Cynthia Sparks,Female,22,North Michaeltown,USA,2025-11-18
CUST02373,Shawn Leach,Female,21,Riveraland,USA,2025-01-22
CUST02374,Mark Rodgers,Female,38,Johnsonstad,USA,2024-12-18
CUST02375,Keith Velazquez,Female,57,Jefferyburgh,India,2025-02-27
CUST02376,Heather Wood,Female,31,Port Scottberg,Germany,2022-02-21
CUST02377,Tammy Dunn,Male,56,Marshalltown,Australia,2025-06-10
CUST02378,Cory Herring,Female,48,Lambertton,USA,2023-10-24
CUST02379,Kendra Taylor,Male,31,Foxstad,India,2025-05-22
CUST02380,Walter Soto,Female,23,Johnsontown,India,2024-01-22
CUST02381,Tonya Evans,Female,29,North Fernandoville,Germany,2022-08-28
CUST02382,Elizabeth Walters,Male,33,Lake Jacob,Canada,2021-06-23
CUST02383,Natalie Gibson,Female,34,New Mark,Canada,2022-11-21
CUST02384,David Brown,Female,62,East Benjamin,USA,2025-05-14
CUST02385,Jaime Alvarez,Male,40,Port Amandahaven,USA,2022-04-13
CUST02386,Larry Goodwin,Female,31,West Mirandaton,Australia,2024-02-20
CUST02387,Jeffrey Jordan,Female,24,Ryanland,Germany,2025-08-29
CUST02388,Phillip Harper,Female,63,Lake Elizabethmouth,USA,2024-04-21
CUST02389,Ian Harvey,Male,49,Carrstad,Germany,2025-12-21
CUST02390,Amanda Martinez,Female,32,Brownport,India,2023-09-23
CUST02391,Sergio Vega,Female,61,Davidchester,USA,2022-09-20
CUST02392,Sara Owens,Female,34,South Brandi,India,2025-03-03
CUST02393,Angela Pope,Female,58,Staceyton,UK,2023-05-08
CUST02394,Lisa Mcpherson,Male,64,Lake Moniqueshire,Germany,2022-05-08
CUST02395,Anita Bryant,Male,61,Johnsonhaven,UK,2024-07-22
CUST02396,Alexander Schultz,Female,51,Browntown,USA,2024-08-06
CUST02397,George Williams,Female,22,North Ericland,India,2025-06-30
CUST02398,Christina Curry,Male,62,Suttonville,USA,2022-07-14
CUST02399,Noah Bennett,Male,44,West Jacquelinebury,UK,2025-08-28
CUST02400,Danielle Pugh,Female,40,North Charles,USA,2024-03-02
CUST02401,Christopher Rodriguez,Male,57,South Christineland,Australia,2024-08-24
CUST02402,Katie Pugh,Female,31,Merrittchester,Canada,2023-10-09
CUST02403,Bobby Manning,Male,32,Larryview,UK,2021-12-11
CUST02404,Kathy Rogers,Male,60,West Michael,USA,2021-07-08
CUST02405,Tonya Smith,Male,50,South Christophermouth,India,2023-08-08
CUST02406,Brenda Wilkinson,Male,48,Lake Justin,USA,2022-12-06
CUST02407,Amy Fuller,Female,52,Clarkview,India,2024-04-19
CUST02408,Tonya Grant,Male,34,Tarastad,Canada,2023-04-28
CUST02409,Ms. Felicia Barnes,Male,45,Port Emily,USA,2024-01-04
CUST02410,Ryan Jordan,Female,36,South Angela,Canada,2021-08-08
CUST02411,Crystal Buckley,Male,63,East Brianfurt,UK,2025-06-21
CUST02412,Clayton Brown,Male,40,Paulchester,India,2021-05-19
CUST02413,Todd Landry,Female,49,West Alexandra,Australia,2023-03-02
CUST02414,Andrew Black,Male,57,South Christopher,UK,2022-08-18
CUST02415,Brittany Vargas,Female,30,New Curtis,India,2025-09-09
CUST02416,Anna Campbell,Female,37,North Michaelhaven,Canada,2022-11-05
CUST02417,Michele Flynn,Female,52,South Brandon,Germany,2021-04-29
CUST02418,Henry Buchanan,Female,22,Abigailport,USA,2021-08-15
CUST02419,Angela Baker,Male,26,New Robert,Canada,2025-03-24
CUST02420,Samantha Friedman,Female,46,Halestad,India,2022-03-03
CUST02421,Albert King,Male,23,New Amandashire,India,2022-01-10
CUST02422,Savannah Pennington,Male,42,Clarkland,India,2021-02-05
CUST02423,Tara Merritt,Male,48,Ryanside,India,2025-05-22
CUST02424,Rebecca Peterson,Male,39,Pamelachester,USA,2023-05-25
CUST02425,Caleb Schultz,Male,19,Raymondburgh,UK,2022-02-01
CUST02426,Jason Peterson,Male,62,South Christopher,Australia,2021-02-23
CUST02427,Mark Frederick,Male,22,Travisberg,Germany,2023-06-30
CUST02428,Diana Lee,Male,44,West Paul,USA,2023-03-06
CUST02429,Shirley Wood,Male,42,Lake Jenniferside,India,2022-11-19
CUST02430,Frank Fernandez,Male,25,Jacquelineview,USA,2021-03-21
CUST02431,Jennifer Bryant,Female,18,Hoffmanton,Canada,2022-11-14
CUST02432,Ann Davis,Female,37,Michaelhaven,Australia,2024-05-05
CUST02433,Jonathon House,Female,61,West Sarahview,India,2021-08-09
CUST02434,Todd Cummings,Male,40,South Karen,Germany,2025-09-22
CUST02435,Frank Mccullough,Female,49,Danielfurt,India,2022-07-13
CUST02436,Kevin Dyer,Female,28,New Jacobmouth,Australia,2023-08-17
CUST02437,Rhonda Baker,Female,56,Smithview,Germany,2022-05-04
CUST02438,Robert Baxter,Male,64,West Jameshaven,Australia,2025-10-05
CUST02439,Amanda West,Male,41,Chambersside,Germany,2024-06-26
CUST02440,Megan Thomas,Male,28,East James,UK,2023-02-09
CUST02441,Destiny Fitzgerald,Male,46,Anthonyhaven,UK,2022-06-10
CUST02442,Felicia Mcpherson,Female,43,Herbertland,USA,2021-08-29
CUST02443,Donna Weaver,Female,33,South Michaela,USA,2025-11-25
CUST02444,Russell Perez,Female,52,Port Laurahaven,Germany,2021-03-25
CUST02445,Anthony Rivera,Female,37,Harpermouth,India,2022-02-21
CUST02446,Paul Robertson,Male,63,Andresfurt,Canada,2024-08-21
CUST02447,Brad Hansen,Male,20,Carlosberg,Canada,2022-06-04
CUST02448,Jonathan Gonzalez,Male,18,New Barbara,India,2024-04-22
CUST02449,Barbara Carson,Female,64,New Wendymouth,India,2021-01-07
CUST02450,Gary Henry,Male,18,Port Victorport,UK,2024-11-12
CUST02451,Brandy Mckinney,Male,34,Josephtown,Canada,2024-11-22
CUST02452,James Livingston,Female,19,Matthewville,Germany,2024-05-22
CUST02453,Pamela Williams,Female,46,Lake Edwin,Australia,2023-06-27
CUST02454,Patricia Pennington,Male,37,Lake Christopherview,USA,2024-03-31
CUST02455,Margaret Walker,Male,23,Porterfort,Australia,2023-11-16
CUST02456,Donna Booth,Male,25,Millerside,UK,2022-03-06
CUST02457,Sheena Flowers,Male,46,Parkerfurt,Canada,2021-10-25
CUST02458,Jonathan Lopez,Male,50,Hillchester,India,2024-01-30
CUST02459,Samuel Anderson,Male,20,North Kimmouth,Canada,2024-09-25
CUST02460,Victor Baldwin,Female,52,Warnerberg,Germany,2021-03-19
CUST02461,Marcus Turner,Female,22,Wilsonborough,UK,2024-07-25
CUST02462,Sylvia Francis,Female,44,South Garyfurt,India,2022-06-08
CUST02463,Alison Rodriguez,Male,61,Lake Michaelside,Australia,2023-12-22
CUST02464,April Cooper,Female,29,West Lisa,Germany,2025-09-21
CUST02465,Kevin Smith,Male,37,Erikaville,Australia,2023-04-04
CUST02466,Erica White,Male,62,Lake James,USA,2024-11-30
CUST02467,Lynn Garcia,Female,37,Port Michael,UK,2025-01-04
CUST02468,Brian Romero,Male,26,Diaztown,Germany,2021-12-15
CUST02469,Larry May,Male,56,South Danielstad,Germany,2025-09-30
CUST02470,Gerald Moore,Female,21,Alexisberg,Australia,2021-12-17
CUST02471,Lisa Maldonado,Female,36,West Jamesstad,India,2023-05-26
CUST02472,Susan Lara,Female,55,Lake Keithton,USA,2021-03-05
CUST02473,Lindsey Copeland,Male,44,Port Thomasshire,Australia,2022-06-19
CUST02474,Jennifer Le,Female,62,Anthonybury,Germany,2022-11-14
CUST02475,Virginia Jones,Female,60,West Michaeltown,UK,2024-06-22
CUST02476,Crystal Patterson,Male,30,West Benjamin,Germany,2023-02-09
CUST02477,Robert Vargas,Female,30,Lake Tammyside,Canada,2021-02-07
CUST02478,Mrs. Amanda Perry,Female,39,South Mariohaven,UK,2022-05-08
CUST02479,Thomas Vincent,Female,45,Lake Kristinburgh,UK,2024-10-08
CUST02480,John Reid,Male,64,Mortonstad,Germany,2022-08-02
CUST02481,David Thompson,Male,62,South Adrian,India,2023-11-07
CUST02482,Mrs. Beverly Doyle,Male,39,Lake Kristinaton,UK,2022-05-27
CUST02483,Alyssa Butler,Male,60,Scottton,Canada,2025-08-16
CUST02484,Bill Garza,Female,36,South Michaelton,Australia,2023-10-06
CUST02485,Jamie Greene,Male,25,Lake Brandyville,India,2021-01-20
CUST02486,James Mills,Male,25,Port Jamesstad,India,2025-05-11
CUST02487,Susan Rhodes,Female,59,Ianville,India,2025-02-26
CUST02488,William Lopez,Female,43,Lake Aaronburgh,UK,2022-04-19
CUST02489,Jonathan Martinez,Female,43,South Cynthia,India,2021-08-13
CUST02490,Bryan Robinson,Male,40,Danielberg,Germany,2023-11-19
CUST02491,Lori Garcia,Male,60,Katherinefurt,India,2025-10-16
CUST02492,Maria Murray,Male,30,Pamelaside,Canada,2025-01-25
CUST02493,Kerri Robertson,Female,45,Paigeport,USA,2025-04-18
CUST02494,Elizabeth White,Female,26,Taylormouth,Canada,2024-02-18
CUST02495,Donna Harris,Male,37,Kimberlystad,UK,2021-07-22
CUST02496,Douglas Johnson,Female,36,Shelleyburgh,India,2024-05-29
CUST02497,Alvin Richards,Female,56,Port Williamborough,India,2022-06-02
CUST02498,Eric Hernandez,Female,29,North Garyton,Germany,2021-01-06
CUST02499,Alexis Campbell,Male,32,Jamesborough,Australia,2025-10-17
CUST02500,Sierra Smith,Female,48,West Samueltown,India,2021-04-16
CUST02501,Donna Solomon,Female,31,Moraleshaven,Canada,2022-07-06
CUST02502,Julie Gray,Male,28,Goodmanside,UK,2023-12-26
CUST02503,Jean Rivers,Male,43,Brooksborough,USA,2025-04-05
CUST02504,Debbie Lee,Female,59,Mariaside,India,2024-10-26
CUST02505,Thomas Bailey,Female,44,Coxborough,USA,2024-08-01
CUST02506,Jennifer Thompson,Male,28,Port Amberport,India,2024-11-18
CUST02507,Amber Bright,Male,55,North Richardbury,UK,2022-11-15
CUST02508,Kevin Fox,Female,51,North Jenniferville,Australia,2020-12-31
CUST02509,Jerry Nunez,Female,60,South Elizabethville,Canada,2025-02-20
CUST02510,Paula Rollins,Female,36,Garciaburgh,UK,2023-03-12
CUST02511,Malik Sanchez MD,Female,23,New Andrew,USA,2022-07-15
CUST02512,Veronica Ellis,Male,63,Port Matthew,India,2023-12-12
CUST02513,David Wong,Female,55,Millermouth,USA,2022-11-23
CUST02514,Paul Jones,Female,59,Smithshire,Canada,2023-12-02
CUST02515,Jonathan Lopez,Male,45,West Ryan,UK,2025-01-06
CUST02516,Gerald Thompson,Female,18,Sandrabury,USA,2025-07-22
CUST02517,Lauren Rice,Male,52,West Dakota,USA,2025-07-30
CUST02518,Henry Owens,Female,57,Ricestad,Canada,2023-02-17
CUST02519,Katherine Graves,Female,25,Carlosborough,India,2022-12-14
CUST02520,Tracy Obrien,Male,64,Lake Katherineside,USA,2021-06-29
CUST02521,Sonia Jacobson,Male,24,Johnberg,Canada,2021-01-03
CUST02522,Julie Turner,Female,28,Hannahmouth,India,2025-02-13
CUST02523,Rodney Hardy,Female,56,Katelynport,Australia,2022-01-22
CUST02524,Alexa Shaw,Female,21,Sheenamouth,India,2024-03-02
CUST02525,Chris Hammond,Male,42,East Williamside,Australia,2024-09-20
CUST02526,Ronald Henderson,Female,29,South Paulburgh,UK,2022-02-21
CUST02527,Debbie Anderson,Male,43,Port Vanessa,Canada,2024-05-27
CUST02528,Rachel Wilson,Male,55,South Jesusshire,India,2022-05-04
CUST02529,Randall Montgomery,Female,63,North Larry,Australia,2022-10-19
CUST02530,Tina Livingston,Male,29,East Brent,Australia,2024-01-02
CUST02531,David Johnson,Female,60,Baileyland,UK,2025-03-01
CUST02532,Chad Green,Female,54,Lake Timothy,Germany,2025-05-24
CUST02533,Kara Morris,Female,63,East Jeromemouth,Canada,2022-07-02
CUST02534,Jonathan Smith,Female,41,West Stephanieville,Germany,2021-12-17
CUST02535,Shannon Hines,Female,33,Lake Timothyshire,India,2023-09-29
CUST02536,Darryl Mann,Male,30,North Chase,Canada,2025-10-20
CUST02537,Ronald Pearson,Male,42,New William,UK,2023-02-07
CUST02538,Diana Carter,Female,21,Kennedyport,India,2025-06-24
CUST02539,Nicole Baker,Female,28,Johnsonview,Canada,2023-06-05
CUST02540,Douglas Dennis,Male,49,South Adamton,Canada,2021-01-28
CUST02541,Rebecca Rollins,Male,24,Evansburgh,Germany,2023-07-26
CUST02542,Melanie Lee,Male,63,Port Ellenchester,India,2022-12-24
CUST02543,Sharon Anderson,Male,28,New Cassidyberg,UK,2024-03-28
CUST02544,Alicia Martin,Female,45,Willieside,UK,2024-08-08
CUST02545,Joseph Flores,Female,58,Williamfurt,India,2023-11-27
CUST02546,Curtis Stewart,Male,40,North Leahfort,India,2023-03-27
CUST02547,Daniel Bowers,Female,62,East Jamesside,Australia,2022-06-29
CUST02548,Alex Adams,Male,40,Fosterville,USA,2024-05-02
CUST02549,David Hartman,Female,45,Lake Franciscofort,Germany,2024-01-10
CUST02550,Eric Bennett,Male,60,Lake Ronald,India,2021-01-10
CUST02551,Andrea Walker,Female,64,Kylehaven,India,2021-03-30
CUST02552,Timothy Williams,Male,43,South Tyler,USA,2022-11-15
CUST02553,Jerry Conley,Male,42,Kirkville,USA,2024-04-03
CUST02554,Terry Clark,Female,46,New Jenniferfurt,Canada,2022-01-03
CUST02555,Nichole Stein,Male,36,Briannafort,UK,2025-06-20
CUST02556,Lauren Castillo,Female,50,Rickytown,Germany,2024-12-14
CUST02557,Nathan George,Female,53,Beckerport,Canada,2024-12-03
CUST02558,Sandra Schmitt,Male,31,South Juan,India,2025-12-11
CUST02559,Eric Perez,Female,31,Robertstad,USA,2023-09-13
CUST02560,Jaime Montgomery,Female,52,Ericland,Australia,2023-06-10
CUST02561,April Williams,Female,47,Romerotown,UK,2021-11-15
CUST02562,Ronald Thomas,Female,45,Loganfurt,Canada,2024-03-05
CUST02563,Morgan Miller,Female,34,Port Andrew,Australia,2024-08-27
CUST02564,Benjamin Berger,Male,20,Robinsontown,UK,2021-06-30
CUST02565,Ms. Evelyn Austin,Female,33,Daleshire,Australia,2025-04-15
CUST02566,Samantha Johnson,Female,63,Murphybury,USA,2025-02-08
CUST02567,Kenneth Wagner,Female,47,Howardstad,Canada,2023-01-20
CUST02568,Angela Salas,Female,46,West Paul,Canada,2025-09-13
CUST02569,Rachel Grant MD,Female,62,Hernandezstad,UK,2024-10-15
CUST02570,Mr. Bradley Reid,Male,32,Jessicaborough,Australia,2023-03-23
CUST02571,Debra Miller,Female,63,West Sheilatown,USA,2021-05-09
CUST02572,Paula Garrett,Male,42,Whitebury,India,2021-02-16
CUST02573,Heidi Ayala,Male,55,Port Kristin,Canada,2021-03-06
CUST02574,Jessica Houston,Male,59,Christensenborough,India,2021-12-01
CUST02575,Russell Johnson,Male,64,Wrightstad,USA,2022-11-20
CUST02576,Craig Carter,Female,55,Austinville,Canada,2023-07-26
CUST02577,Juan Simmons,Male,40,Scottview,Canada,2024-07-14
CUST02578,David Patterson,Male,42,Port Carl,Australia,2021-07-27
CUST02579,Breanna Brown,Female,59,Lake Joshua,India,2021-08-21
CUST02580,Adam Golden,Female,24,East Paul,Australia,2025-01-11
CUST02581,Joseph Liu,Female,39,Lake Anthony,Germany,2025-04-17
CUST02582,Emily Wilson,Male,34,Shepherdshire,India,2023-03-12
CUST02583,David Thompson,Female,35,New Melinda,India,2021-06-23
CUST02584,Ashley Reed,Female,58,East George,Germany,2022-11-06
CUST02585,Barbara Hunt,Male,27,South Williamborough,USA,2023-06-26
CUST02586,Jason Thomas,Female,27,East Sandra,USA,2021-09-19
CUST02587,Alexis Underwood,Female,24,Port Janice,Canada,2025-12-16
CUST02588,James Moore,Female,55,Weberburgh,UK,2025-06-14
CUST02589,Derrick Villa,Female,44,Melissaburgh,Australia,2023-01-08
CUST02590,Alicia Hughes,Male,50,Warnerfort,UK,2021-03-22
CUST02591,John Little,Female,18,Leeberg,Canada,2023-01-22
CUST02592,Amanda Case,Female,61,North Rebeccatown,UK,2024-01-25
CUST02593,Heather Smith,Male,51,Stricklandview,India,2023-03-03
CUST02594,Jordan Berry Jr.,Female,21,Roberttown,India,2021-10-11
CUST02595,Joseph Ponce,Male,34,South Victoria,Germany,2023-04-17
CUST02596,Matthew Johnson,Female,21,Taylorland,Germany,2023-09-21
CUST02597,Holly Cummings,Male,60,Jensentown,Canada,2025-03-27
CUST02598,Kathy Thompson,Male,43,West Robert,Canada,2022-07-09
CUST02599,Amanda Dennis,Male,21,Allenfurt,Canada,2022-12-31
CUST02600,Amy Morris,Male,18,Perezton,India,2021-12-13
CUST02601,Eric Owen,Female,24,Carmenville,UK,2025-08-12
CUST02602,Cory Brock,Male,47,North Charles,Australia,2022-05-10
CUST02603,Amanda Pierce,Female,26,New Krystalberg,Canada,2024-08-02
CUST02604,Robert Long,Male,52,Cunninghamshire,Canada,2023-12-25
CUST02605,Angela Reyes,Male,25,East Natashabury,India,2023-02-17
CUST02606,Anthony Johnson,Male,41,Dillonview,Australia,2024-11-01
CUST02607,Christie Vaughn,Female,36,Loriland,India,2025-01-19
CUST02608,Kimberly Brown,Male,53,East Danielview,Australia,2022-12-05
CUST02609,Thomas Miller,Female,60,Courtneyberg,India,2023-09-16
CUST02610,Robert Hendrix,Female,44,Thomasland,UK,2023-08-01
CUST02611,Dan Archer,Female,49,Lake Matthew,Canada,2021-07-26
CUST02612,Brian Harvey,Female,31,Nguyenbury,USA,2022-12-21
CUST02613,Curtis Wood,Female,35,New Allison,USA,2025-08-14
CUST02614,Joel Jones,Female,45,Eatonmouth,Canada,2025-06-23
CUST02615,Rebecca Pace,Female,46,Mariabury,Canada,2023-08-01
CUST02616,Elizabeth Smith,Female,33,Martinezburgh,Canada,2025-04-01
CUST02617,David Fuller,Female,52,North Michael,Canada,2022-04-26
CUST02618,Sarah Lewis,Male,64,East Lindsay,Australia,2021-11-08
CUST02619,Heather Wu,Male,48,Lake Harrymouth,UK,2025-06-18
CUST02620,Brian Miranda,Male,21,Lake Marthashire,USA,2024-02-18
CUST02621,Erica Mclaughlin,Male,54,South Jayborough,Germany,2025-06-16
CUST02622,Paul Nelson,Male,34,New Oliviafurt,USA,2021-10-10
CUST02623,Shane Riley,Female,56,Port Crystal,USA,2025-09-18
CUST02624,Danielle Gallagher,Female,63,Lake Kevinshire,India,2022-10-11
CUST02625,Amanda Flores,Female,43,East Tinatown,Canada,2023-02-23
CUST02626,Jill Walsh,Female,56,Jacobside,Canada,2022-02-11
CUST02627,Cheryl Torres,Female,58,Lake Randallhaven,Canada,2025-08-20
CUST02628,Jerry Pierce,Female,21,South Thomasfort,India,2025-10-26
CUST02629,Brittney Hayes,Female,47,Stephenshire,UK,2022-08-23
CUST02630,Abigail White,Male,47,Alexandershire,UK,2025-03-20
CUST02631,James Peters,Male,39,West Jennifer,Germany,2022-12-29
CUST02632,Dr. Crystal Lopez,Male,28,Garciafurt,UK,2024-06-11
CUST02633,Mrs. Sue Lopez,Male,19,East Tiffanyfort,UK,2021-01-02
CUST02634,Ashley Reed,Female,61,East Adamborough,Canada,2023-04-17
CUST02635,Jonathan Nichols,Female,29,Smithchester,Australia,2021-11-28
CUST02636,Michael Allen,Female,47,South Ronaldstad,USA,2024-05-06
CUST02637,Jeremy Turner,Male,53,Port Meaganhaven,UK,2023-02-11
CUST02638,Joshua Ryan,Female,35,West Sharon,UK,2021-07-05
CUST02639,Alexandra Donovan,Female,43,Michaelbury,India,2022-04-10
CUST02640,Leah Snyder,Female,24,East Waynefurt,Germany,2024-03-21
CUST02641,Robert Lawson,Male,18,West Cherylburgh,Australia,2021-08-14
CUST02642,Jeremy Porter,Female,43,Brownfurt,India,2025-09-24
CUST02643,Megan Hernandez,Male,40,Juarezburgh,Canada,2025-02-16
CUST02644,Antonio Suarez,Male,43,New Austin,USA,2024-11-20
CUST02645,Daniel Ramsey,Male,62,Port Chelsea,Germany,2022-06-25
CUST02646,Kenneth Hooper,Male,23,East Ericshire,India,2025-05-01
CUST02647,Jonathan Lee,Female,23,East Joshuachester,UK,2021-01-26
CUST02648,Kimberly Salazar,Male,61,Christopherstad,UK,2025-05-08
CUST02649,Lisa Young,Male,25,East Valerieshire,Germany,2023-03-12
CUST02650,Adriana Brown,Female,41,Port Benjamin,UK,2025-12-07
CUST02651,Samantha Simpson,Female,39,Greenview,India,2023-10-08
CUST02652,Dr. Melissa West,Male,36,West Lori,India,2021-04-06
CUST02653,Jason Jacobs,Female,54,Adkinsbury,UK,2023-04-27
CUST02654,Natalie Ortiz,Male,35,Robinsonport,UK,2023-10-08
CUST02655,Teresa Collins,Male,48,Lopezberg,Canada,2024-11-09
CUST02656,Paul Thomas,Male,54,Gonzalezbury,USA,2025-02-02
CUST02657,Aaron Vazquez,Male,47,Port Seanchester,Germany,2021-02-28
CUST02658,Jeanette Richardson,Female,59,North Matthewmouth,India,2025-10-31
CUST02659,Tammie Flores PhD,Male,50,Jacquelinestad,Germany,2025-12-26
CUST02660,Christopher Parsons,Female,27,South Lindaborough,Canada,2022-10-05
CUST02661,Claire Lester MD,Female,54,Parkmouth,India,2025-06-28
CUST02662,Charles Baker,Female,29,West Patrick,Canada,2023-03-05
CUST02663,Monique Mora,Female,47,Ericfort,Canada,2023-11-10
CUST02664,Chloe Gonzales,Male,44,Jameston,Australia,2025-09-25
CUST02665,Terrance Marsh,Female,56,Port Michael,UK,2021-11-23
CUST02666,Mrs. Taylor Williamson,Male,26,Brianville,Australia,2024-06-26
CUST02667,Michele Wallace,Female,38,Whitemouth,Germany,2021-12-01
CUST02668,Lynn Flores,Female,29,Lake Brettbury,Germany,2022-05-31
CUST02669,Tiffany Blackwell,Male,46,Michaelfort,UK,2022-03-03
CUST02670,Heidi Contreras,Male,50,Taylorport,Australia,2023-08-13
CUST02671,Johnny Harrison,Male,60,Cassandraside,Germany,2023-06-04
CUST02672,Sheri Marshall,Female,32,Mayermouth,Australia,2025-07-18
CUST02673,Bethany Powell,Female,19,New Kellyville,UK,2023-07-20
CUST02674,Mary Christian DDS,Male,56,Lake Amandaland,India,2021-11-25
CUST02675,Lucas Walker,Male,61,Edwardsburgh,Canada,2023-10-18
CUST02676,Sierra Conner,Male,35,New Deborahside,Canada,2024-01-17
CUST02677,Steven Gonzalez,Male,20,Danielleton,Australia,2021-07-09
CUST02678,Brandy Williams,Female,24,Christinestad,Germany,2023-12-21
CUST02679,Cheyenne Daniel,Male,60,Lake Dannyborough,Australia,2022-03-11
CUST02680,Erica Nelson,Male,35,Lake Herbert,Australia,2021-10-20
CUST02681,Nicole Lewis,Male,61,East Saraland,USA,2024-05-02
CUST02682,Victoria Jimenez,Male,55,South Hannahburgh,Canada,2022-03-15
CUST02683,Kayla Peck,Female,54,Lake Jessica,UK,2025-05-24
CUST02684,Rachel Maldonado,Male,50,Lake Edwin,Australia,2024-11-25
CUST02685,Christopher Howell,Female,61,Simsport,USA,2021-02-05
CUST02686,Jeffrey Taylor,Male,48,New Tyler,USA,2021-06-26
CUST02687,Dr. Aaron Glover,Male,28,Riveramouth,Canada,2023-06-09
CUST02688,James Monroe,Female,21,North Tylertown,Canada,2022-11-09
CUST02689,Timothy Schmidt,Male,35,West Stephanie,Canada,2021-08-28
CUST02690,Andrea Lawrence,Female,21,Meyerston,UK,2025-11-13
CUST02691,Caroline Potts,Female,51,South Jason,USA,2023-08-25
CUST02692,Timothy Marks,Male,46,Port Jeanview,Germany,2022-12-23
CUST02693,David Swanson,Female,41,New Kimberly,UK,2025-08-11
CUST02694,Gabriel King,Female,39,Rodneyton,India,2025-12-26
CUST02695,Danielle Garrett,Female,19,Jamesland,Australia,2022-02-14
CUST02696,Louis Clark,Female,61,Nuneztown,Canada,2024-02-16
CUST02697,Michael Ware,Female,23,Beckerview,USA,2023-12-23
CUST02698,Martin Burgess,Female,59,North Kristenmouth,Australia,2022-08-17
CUST02699,Shannon Singh,Female,42,Phillipberg,UK,2023-09-16
CUST02700,Aaron Robinson,Female,38,Russellhaven,India,2021-08-24
CUST02701,Cynthia Shaw,Male,33,East Amber,UK,2022-01-28
CUST02702,Kayla Evans,Male,48,North Williamborough,UK,2021-07-09
CUST02703,Bianca Rojas,Female,31,Feliciafurt,Germany,2022-12-13
CUST02704,Joshua Gonzales,Male,56,South Michaelstad,Australia,2021-07-26
CUST02705,Matthew Hansen,Female,45,North Veronica,Germany,2022-09-13
CUST02706,Zachary Hall,Female,49,West Joshua,UK,2023-09-04
CUST02707,Jennifer Gibson,Male,45,Lopezland,India,2024-10-09
CUST02708,Leslie Gill,Female,26,Lake Davidchester,USA,2023-04-02
CUST02709,Gloria Carter,Female,62,Hillshire,USA,2023-02-05
CUST02710,Susan Carter,Female,39,Port Craig,Australia,2025-12-08
CUST02711,Johnathan Lane,Female,49,Johnfurt,Canada,2024-02-08
CUST02712,Daniel Chandler,Male,22,Bowenborough,Canada,2023-05-14
CUST02713,Laura Jackson,Female,40,Annburgh,USA,2022-03-26
CUST02714,Michael Russell,Female,22,Patriciaton,UK,2023-12-29
CUST02715,Renee Nguyen,Female,59,New Shelbyburgh,UK,2021-06-06
CUST02716,Michael Harris,Male,49,West Alexis,Germany,2023-10-21
CUST02717,William Sanchez,Female,27,East Stevefurt,Australia,2021-08-24
CUST02718,Robert Rivera,Male,56,Williamsport,Germany,2024-12-18
CUST02719,Kevin Willis,Male,32,Reevestown,Canada,2024-07-05
CUST02720,Laura Price,Female,24,New Lindaland,USA,2022-08-05
CUST02721,Kyle Castro,Female,46,Lake Joshua,UK,2022-06-13
CUST02722,Michael Romero,Male,64,Martinezbury,USA,2023-10-17
CUST02723,Patrick Rogers,Female,20,Tracymouth,India,2024-10-06
CUST02724,David Webb,Male,36,West Melissaberg,USA,2025-03-29
CUST02725,Robert Schmidt,Male,27,New Johnton,India,2024-02-01
CUST02726,Sean Harvey,Female,45,Cruzborough,Germany,2021-06-14
CUST02727,Lori Carlson,Female,46,Debbieside,Germany,2025-01-02
CUST02728,Sean White,Male,32,West Judymouth,Canada,2022-03-26
CUST02729,Nicholas Blake,Male,52,Gallaghermouth,USA,2024-01-11
CUST02730,Kathleen Scott,Male,23,Davidview,USA,2023-12-22
CUST02731,Olivia Proctor,Male,29,Port Shelby,India,2021-07-24
CUST02732,Angel Johnson,Female,64,Lake Charlesville,Germany,2021-06-21
CUST02733,Elizabeth Beard,Female,55,Michelleport,India,2024-12-06
CUST02734,Taylor Frank,Female,30,New Margaretbury,Germany,2022-02-13
CUST02735,Tanya Sanders,Female,46,Lake Mariabury,India,2023-01-27
CUST02736,Jamie Martinez,Female,36,Zavalaborough,Germany,2023-11-13
CUST02737,Katherine Williams,Male,20,Charlesside,India,2023-09-01
CUST02738,Anna Stone,Female,25,Colonbury,Germany,2022-11-04
CUST02739,Debbie Hebert,Female,25,North Edwardfort,Australia,2025-05-02
CUST02740,Sarah Nelson,Female,37,Stacystad,India,2021-05-03
CUST02741,Keith Anderson,Female,64,Port Tiffanymouth,USA,2021-11-17
CUST02742,Jamie Hartman,Female,21,West Steve,Canada,2023-03-16
CUST02743,Maria Anderson,Male,38,Sherryville,Australia,2022-01-06
CUST02744,Clifford Ross,Male,20,North Nicole,Australia,2023-07-10
CUST02745,Elizabeth Nelson,Male,62,Steveberg,India,2025-08-16
CUST02746,Jonathan Stout,Female,25,Port Jeffrey,Canada,2025-08-18
CUST02747,David Jenkins,Male,40,Paigeport,USA,2023-08-20
CUST02748,Daniel Nelson,Male,33,Vickifort,Australia,2025-03-20
CUST02749,Brandon Duncan,Female,30,West Kevinshire,USA,2025-04-25
CUST02750,Kim Coleman,Female,20,East Jane,Germany,2023-03-23
CUST02751,Tammy Stevens,Female,26,Lake Kerryside,Canada,2025-07-01
CUST02752,Christina Nicholson,Male,31,Kennethview,UK,2022-03-06
CUST02753,Amanda Cobb,Male,30,Padillastad,Germany,2024-02-25
CUST02754,Alexander Powell Jr.,Female,24,Lake Thomaston,Canada,2025-06-20
CUST02755,Eric Logan,Female,32,Lake Christina,India,2021-05-18
CUST02756,Karen Myers,Male,24,Browntown,India,2022-05-14
CUST02757,Stephanie Garcia,Male,55,Lake Angelmouth,USA,2021-11-06
CUST02758,Aaron Galvan,Female,51,Thompsonchester,Australia,2025-03-03
CUST02759,Justin Bennett,Female,58,Port Jeffrey,UK,2025-08-21
CUST02760,Kelly Vaughn,Male,39,South Matthewburgh,India,2023-04-29
CUST02761,Mary Dean,Female,41,West James,Canada,2024-06-18
CUST02762,Mark Humphrey,Male,54,Elliottshire,Australia,2022-08-14
CUST02763,Jose Lozano,Male,61,North Brian,Australia,2023-09-21
CUST02764,Scott Johnson,Male,18,Ruizfurt,Canada,2024-12-10
CUST02765,Barbara Mcdaniel,Male,27,Stevensberg,Australia,2023-09-30
CUST02766,Jessica Goodwin,Female,60,South Nathantown,India,2022-11-03
CUST02767,Dennis Little,Female,33,West Walterfurt,Canada,2024-12-13
CUST02768,Emily Gonzalez,Male,63,West Dustin,Canada,2023-02-02
CUST02769,Stephanie Aguirre,Male,25,Santosville,USA,2021-07-13
CUST02770,Brian Baker,Male,42,Lake Jasonview,UK,2021-07-02
CUST02771,Michael Chapman,Male,29,Gabrielville,USA,2024-03-01
CUST02772,James Smith,Male,42,New Jamesberg,UK,2023-08-02
CUST02773,Deborah Lopez,Female,34,South Stevenhaven,Canada,2023-01-02
CUST02774,Carmen Davis,Female,43,Maybury,Australia,2022-05-26
CUST02775,Laurie Anderson,Female,63,Hamiltonton,UK,2023-04-09
CUST02776,Rebecca Tyler,Female,31,Carrilloberg,Canada,2025-03-04
CUST02777,Michelle Sanchez,Male,58,Mclaughlinborough,Canada,2023-10-24
CUST02778,Brian Mills,Male,53,Lake Michaelfurt,USA,2021-07-16
CUST02779,Shawn Fernandez,Male,40,Port Daniellebury,USA,2024-12-08
CUST02780,Todd Bray,Male,60,Hardingborough,Australia,2022-03-26
CUST02781,David Valentine,Male,23,West Mikeshire,Germany,2025-08-04
CUST02782,Ryan Hayes,Female,64,Port Roberthaven,India,2025-06-25
CUST02783,Steven Reed,Male,22,New John,Germany,2022-12-08
CUST02784,Anthony Smith,Female,60,New Travishaven,Germany,2022-04-25
CUST02785,Shawn Williams,Female,42,Davisfurt,Australia,2025-08-09
CUST02786,Karen Howard,Female,35,Andersontown,UK,2024-03-16
CUST02787,Samantha Bowman,Female,30,Jakefurt,Australia,2023-10-30
CUST02788,Alexa Thompson,Male,60,Joseberg,Australia,2024-04-13
CUST02789,Tara Sanchez,Female,31,Michaelchester,Canada,2024-05-07
CUST02790,Thomas Bailey,Female,45,Lake Vincentmouth,Canada,2025-07-06
CUST02791,Alison Davis,Female,35,South Becky,Canada,2025-01-18
CUST02792,Desiree Jones,Male,45,Riveraview,India,2021-10-02
CUST02793,Christopher Combs,Male,44,Brianhaven,UK,2023-04-01
CUST02794,Randy Dalton,Male,49,South Jillmouth,UK,2024-07-27
CUST02795,Alyssa Martin,Female,64,Kingmouth,Canada,2021-04-29
CUST02796,Gina Pacheco,Female,26,Seanton,Germany,2023-12-14
CUST02797,Amber Barnes,Male,57,Lake Benjaminside,India,2023-05-13
CUST02798,Sherri Galvan,Female,49,Kimborough,Germany,2025-12-25
CUST02799,Hector Barber,Male,37,Lake Angelica,USA,2022-03-01
CUST02800,Richard Howell,Male,45,New Michael,UK,2023-07-25
CUST02801,Travis Hardy,Female,50,New Katherinefurt,UK,2025-01-31
CUST02802,Bobby Hernandez,Female,21,East Stacymouth,Germany,2022-05-06
CUST02803,Heidi Sheppard,Female,63,Lake Tammy,India,2024-07-29
CUST02804,Sara Serrano,Female,51,Normanmouth,UK,2022-01-03
CUST02805,Arthur Pearson,Male,20,Grosstown,Germany,2021-08-27
CUST02806,Emily Terry,Male,43,Lindamouth,Australia,2021-06-20
CUST02807,Dakota Harris,Male,25,Wangshire,Australia,2023-02-05
CUST02808,Don Houston,Male,23,Washingtonside,India,2021-10-01
CUST02809,Stephanie Stark,Male,33,Port Hannahville,Germany,2025-10-11
CUST02810,Justin Hill,Female,41,Port Williamstad,Australia,2021-10-26
CUST02811,Autumn Barton,Male,56,Manningfort,India,2021-04-21
CUST02812,Elizabeth Li,Male,47,New Christopher,Canada,2023-04-21
CUST02813,Brenda Casey,Male,62,New Kellyborough,India,2023-08-20
CUST02814,Oscar Mcpherson,Female,30,New Tiffany,USA,2023-12-24
CUST02815,Jeffrey Guzman,Female,22,East Julia,Canada,2023-02-20
CUST02816,Samantha Lewis,Female,42,Toddton,Germany,2024-01-07
CUST02817,Laura Richards,Female,37,Port Pennyshire,Canada,2021-06-16
CUST02818,Lori Martinez,Male,35,Samuelchester,Canada,2021-03-07
CUST02819,Paige Barr,Male,64,North Ronald,Germany,2021-09-05
CUST02820,Kristen Gould,Female,35,Lake Susanview,Germany,2025-07-31
CUST02821,Brian Castaneda,Female,19,Carolynfurt,Australia,2022-01-04
CUST02822,Wanda Lamb,Male,27,Paulmouth,USA,2025-06-30
CUST02823,Terry Jenkins,Male,62,Birdhaven,Germany,2024-10-08
CUST02824,Richard Beck,Female,64,Sanchezbury,UK,2023-10-29
CUST02825,Stephanie Rodriguez,Female,29,North Shelbyborough,UK,2024-08-04
CUST02826,Brad Williams,Female,64,Matthewport,USA,2024-05-03
CUST02827,Scott Francis,Female,30,New Cindyberg,India,2022-12-23
CUST02828,Robert Powell,Male,64,East Melissaland,India,2024-09-29
CUST02829,Mark Smith,Male,28,Sanchezland,UK,2023-04-12
CUST02830,Daniel Rivera MD,Male,36,East Randy,Germany,2024-10-23
CUST02831,Elizabeth Perez,Female,52,Williamsburgh,USA,2022-03-18
CUST02832,Matthew Wilson,Female,56,Beasleymouth,India,2021-07-18
CUST02833,Jennifer Smith,Male,43,Holtport,India,2021-11-06
CUST02834,Lisa Robinson,Male,63,West Andrea,Canada,2024-11-24
CUST02835,Sabrina Ross,Male,31,Lake Tamaraland,UK,2025-04-17
CUST02836,Stephanie Manning,Male,62,Harrisport,Germany,2023-10-08
CUST02837,Jessica Romero,Female,61,East John,USA,2023-07-14
CUST02838,Casey Anderson,Male,41,New Daniel,India,2021-09-07
CUST02839,Nancy Moore,Male,58,East Kelly,Canada,2021-05-21
CUST02840,Mr. Derek Smith,Male,18,Chavezside,UK,2023-11-02
CUST02841,Michael Smith,Male,60,Lake Sydney,UK,2021-03-30
CUST02842,Sarah Nichols,Male,39,Port Marcus,USA,2025-06-23
CUST02843,Robert Fitzpatrick,Male,40,Joshualand,India,2024-02-11
CUST02844,Toni Thompson,Male,36,Galvanstad,USA,2022-02-06
CUST02845,Desiree Barnes,Female,35,Lake Angelatown,USA,2021-01-24
CUST02846,Jeff Walker,Female,29,Masseyville,Australia,2021-06-22
CUST02847,Gregory Allen,Female,45,Smithchester,Canada,2021-02-03
CUST02848,Thomas Collins,Female,45,East Yvetteville,UK,2022-06-04
CUST02849,William Grant,Male,50,Vickifort,Australia,2021-05-05
CUST02850,Evan Gutierrez,Female,36,Kleinmouth,Germany,2021-07-03
CUST02851,Sabrina Welch,Female,45,North Douglasborough,UK,2021-02-26
CUST02852,Ian Waters,Male,54,New Margaretport,UK,2024-09-23
CUST02853,Kent Ballard,Male,43,Eatonchester,Canada,2021-03-08
CUST02854,Sean Burke,Female,52,Christinemouth,Germany,2023-01-04
CUST02855,Dr. Kathleen Hunt DDS,Female,51,Jessicahaven,India,2022-04-22
CUST02856,Amy Jones,Male,52,Stephensshire,Germany,2023-12-07
CUST02857,Bill Ortega,Female,57,South Kevin,India,2023-08-22
CUST02858,Larry Bradshaw,Male,33,Lake Thomasmouth,Germany,2022-12-21
CUST02859,Lisa Brown,Male,55,Stephensmouth,USA,2021-07-16
CUST02860,Elizabeth Zamora,Male,30,Kimview,Germany,2025-01-21
CUST02861,Angela Wade,Male,40,New Jessicachester,Australia,2021-03-25
CUST02862,Karen Moon,Female,39,Port Kendra,Australia,2021-05-15
CUST02863,Jimmy Hicks,Male,33,Edwardsbury,Canada,2023-10-24
CUST02864,Samantha Parker,Male,45,Lake Grantfort,India,2023-12-22
CUST02865,Danielle Martin,Female,52,West Wendyhaven,UK,2023-12-17
CUST02866,Edward Estrada,Male,62,Vanessaview,Canada,2021-11-07
CUST02867,Colin Weaver,Female,63,Lake Brian,Australia,2024-09-07
CUST02868,Tammy Aguilar,Female,25,West Miguel,Australia,2022-10-22
CUST02869,Cameron Williams,Female,61,Kimberlymouth,India,2025-05-30
CUST02870,Sean Wilson,Male,39,South Danielburgh,Australia,2022-07-02
CUST02871,Jay Fisher,Female,38,North William,Australia,2024-12-06
CUST02872,Crystal Larson,Female,43,Julieview,India,2023-06-11
CUST02873,Chelsea Sanders,Male,57,West Brandon,Australia,2021-06-24
CUST02874,Sandra Davis,Female,38,Lake Autumn,UK,2025-08-16
CUST02875,Daniel Turner,Female,42,New Gregoryfort,USA,2025-02-16
CUST02876,Amanda Campbell,Female,58,North Michael,Canada,2024-09-09
CUST02877,Donald Brown,Female,18,West Susanfort,UK,2025-11-16
CUST02878,Frank Bush,Female,23,Thomasside,UK,2024-04-13
CUST02879,Michael Leach,Male,40,Barreramouth,USA,2023-04-04
CUST02880,Chad Welch,Female,40,Kellyberg,Canada,2021-06-05
CUST02881,Jacob Whitney,Female,60,Port Brandonport,UK,2023-10-26
CUST02882,Jason Russell,Male,60,Garzaside,Australia,2021-05-29
CUST02883,Dan Woodward,Male,40,Lake Kaylashire,USA,2023-06-11
CUST02884,Justin Cook,Male,49,Tammyland,Canada,2023-08-24
CUST02885,Eileen Hart,Female,47,Lake Kathleenstad,Germany,2024-08-09
CUST02886,Kim Cervantes,Male,30,North Jeffreyton,India,2025-04-22
CUST02887,Joy Jones,Female,60,South Jeremy,Australia,2021-08-08
CUST02888,Alexander Andrews,Female,35,Englishburgh,USA,2025-05-19
CUST02889,Jason Thompson,Male,40,North Meredithstad,India,2024-09-25
CUST02890,Troy Smith,Male,32,Port Deborahberg,Germany,2025-02-01
CUST02891,Kenneth Miller,Female,50,Debraberg,UK,2023-04-01
CUST02892,Samuel Brown,Male,38,Port Danieltown,UK,2022-11-16
CUST02893,Aaron Walker,Female,56,West Linda,Canada,2023-03-10
CUST02894,Joe Rodriguez,Male,40,New Richardhaven,USA,2025-02-09
CUST02895,Melissa Williams,Male,44,Gutierrezstad,USA,2021-07-03
CUST02896,Christopher Turner,Male,62,East Laura,Canada,2025-07-22
CUST02897,Jennifer Munoz,Female,61,North Jessica,India,2022-12-26
CUST02898,Theodore Marshall,Male,35,East Felicia,UK,2024-03-04
CUST02899,Kelly Newman,Female,41,South Michael,UK,2021-08-25
CUST02900,Kenneth White,Female,64,Sarashire,USA,2022-04-08
CUST02901,Jennifer Moreno,Female,57,Brianland,USA,2023-11-13
CUST02902,Debbie Miller,Female,59,East Kristinchester,Canada,2021-07-16
CUST02903,Bonnie Ford,Male,24,Lake Paul,Germany,2023-05-18
CUST02904,Courtney Lang,Female,37,East Kevin,India,2022-01-25
CUST02905,Clinton Rice,Female,44,Bennettburgh,Australia,2025-11-04
CUST02906,Ronald Davis,Male,23,Lake Christopherbury,Germany,2023-10-08
CUST02907,Mariah Jenkins DVM,Female,44,Samuelside,Germany,2023-10-30
CUST02908,Cheyenne Rivera,Male,26,Howardville,USA,2023-02-18
CUST02909,Tammie Hernandez,Female,62,West Ronnieborough,USA,2025-04-17
CUST02910,Robert Smith,Male,48,South Beverlyfurt,USA,2025-05-12
CUST02911,Sarah Rodriguez,Female,38,South Jacquelineport,Germany,2024-01-12
CUST02912,Mrs. Cheryl Wilson,Male,43,Prestonshire,India,2022-06-26
CUST02913,Charles Fox,Female,57,North Donaldberg,USA,2022-12-02
CUST02914,Andrew Doyle,Female,62,Michaelfort,UK,2024-03-30
CUST02915,Susan Hernandez,Male,30,Thomasfort,India,2025-10-08
CUST02916,Heather Hughes,Male,40,New Elizabethtown,UK,2023-08-12
CUST02917,Matthew Cook,Male,37,Andersonton,India,2023-06-24
CUST02918,Willie Dennis,Male,54,Moorefort,USA,2024-11-02
CUST02919,Michael Hamilton,Female,45,Snyderton,Australia,2023-12-18
CUST02920,Joshua Adams,Female,34,Lake Shane,Canada,2024-03-17
CUST02921,Wendy Daniel,Male,45,West Derek,USA,2025-10-06
CUST02922,Kristen Green,Female,58,North Alexandriashire,Germany,2022-07-22
CUST02923,Robert Boyle,Male,19,East Eric,Australia,2023-08-04
CUST02924,Tammy Brown,Male,42,Port Rogerberg,Germany,2025-11-01
CUST02925,Dustin Ellison,Female,58,Lake Dianeborough,India,2022-09-10
CUST02926,Erika King,Female,23,Mariofort,Germany,2023-07-22
CUST02927,William Roberts,Female,28,Frostchester,Australia,2023-05-07
CUST02928,John Dickerson,Female,55,Walkershire,Australia,2025-04-09
CUST02929,Tanner Valencia,Female,23,Holmesfort,USA,2024-07-03
CUST02930,Luis Berry,Female,62,Barrettport,UK,2025-06-29
CUST02931,Matthew Miller,Female,28,Grimesshire,USA,2021-06-15
CUST02932,Christopher Washington,Male,31,West Willie,India,2025-01-23
CUST02933,Mrs. Melissa Rice,Male,19,Lake Travistown,Germany,2024-04-04
CUST02934,Charles Townsend,Male,57,West Williamhaven,UK,2025-12-09
CUST02935,Philip Burke,Male,20,North Elizabeth,Canada,2023-11-01
CUST02936,Albert Marshall,Male,52,Patriciaburgh,Australia,2022-04-13
CUST02937,Sheri Fisher,Female,50,South Amy,UK,2025-02-02
CUST02938,David Martin,Male,41,Matthewmouth,UK,2025-04-18
CUST02939,Alexa Gallegos,Male,36,Richton,USA,2021-07-11
CUST02940,Jason Torres,Male,35,North Davidstad,Canada,2021-06-14
CUST02941,Charles Jones,Male,41,New Jerry,Australia,2023-04-20
CUST02942,Maureen Donaldson,Male,62,Port Michaeltown,India,2023-08-17
CUST02943,Nicholas Taylor DDS,Male,52,Hernandezborough,India,2025-06-10
CUST02944,Stacie Kerr,Male,18,Veronicachester,UK,2022-01-19
CUST02945,Jaime Middleton,Female,53,Nicholsport,UK,2025-09-30
CUST02946,Lisa Jones,Female,42,Grayport,Germany,2021-08-09
CUST02947,Stephanie Sanchez,Male,62,New Jeffrey,Canada,2021-08-09
CUST02948,Anthony Flowers,Female,60,Scottton,Australia,2025-04-05
CUST02949,Suzanne Schmitt,Female,51,New Amanda,UK,2024-10-10
CUST02950,Michael Ayala,Female,42,Robertton,Germany,2023-02-02
CUST02951,Diana Hatfield,Female,33,West Jillmouth,Canada,2021-10-22
CUST02952,Susan Orr,Male,51,West Kristinstad,Australia,2025-11-25
CUST02953,Samuel Farley,Female,46,East John,India,2023-07-06
CUST02954,Timothy Hodges,Female,36,Wilkinsontown,Germany,2022-01-10
CUST02955,David Thompson,Female,40,Susanburgh,Canada,2022-04-20
CUST02956,Melissa Fleming,Male,36,Lake Julie,Germany,2024-04-24
CUST02957,Phillip Brown,Male,42,Port Vincent,UK,2023-01-15
CUST02958,Anita Lawson,Male,33,Ryanfort,USA,2025-10-18
CUST02959,Jason Baker,Male,26,Carlosville,India,2024-07-26
CUST02960,Michelle White,Male,18,New Sonyaview,UK,2023-08-04
CUST02961,Samantha Rivera,Male,59,Saraborough,UK,2024-05-05
CUST02962,Edward Oconnor,Male,36,Port Benjamin,Canada,2022-09-03
CUST02963,Benjamin Cook,Female,50,East Tamaramouth,Germany,2025-11-26
CUST02964,Stephen Smith MD,Female,51,Farrellchester,India,2022-07-10
CUST02965,Edward Sullivan Jr.,Female,33,North Cassidy,UK,2021-02-09
CUST02966,Jessica Mercado,Male,61,East Luke,Canada,2025-11-09
CUST02967,Maria Smith,Male,57,South Tara,India,2025-09-02
CUST02968,Matthew Rodriguez,Male,35,Christopherside,Germany,2024-06-21
CUST02969,Jessica Forbes,Male,51,North Teresa,UK,2023-02-14
CUST02970,Mallory Stein,Male,42,West Phillip,Australia,2021-09-11
CUST02971,Jason Vega,Female,62,West Johnview,UK,2023-11-02
CUST02972,Maxwell Martin,Female,23,Port Jasonbury,UK,2022-10-31
CUST02973,Steven Flowers,Male,38,Bakerside,India,2024-05-07
CUST02974,Kyle Todd,Male,23,North Jacob,India,2025-04-15
CUST02975,Julie Barrett,Male,49,South Kelseyborough,India,2024-07-24
CUST02976,Tiffany Wade,Male,58,East Jasonfurt,India,2024-07-19
CUST02977,Matthew Ward,Female,60,Meyerstad,Canada,2025-07-12
CUST02978,Alexander Kim,Male,56,Johnfurt,USA,2023-11-09
CUST02979,Stephanie Jensen,Male,48,Morganside,Canada,2024-12-06
CUST02980,Kathryn Hill,Male,59,Christopherside,UK,2024-08-20
CUST02981,Mariah Kaiser,Male,27,Lake Nataliemouth,Canada,2024-07-06
CUST02982,Crystal Vargas,Female,47,Stacyton,Germany,2023-10-17
CUST02983,Heidi Johnson,Male,35,West Devin,Australia,2022-08-27
CUST02984,Michelle Lopez,Male,41,Guzmanville,India,2023-02-28
CUST02985,Isaac Parsons,Female,26,Rosemouth,Germany,2021-08-24
CUST02986,Sarah Hart,Female,48,West Jenniferfurt,Australia,2021-10-06
CUST02987,Dylan Reed,Female,32,New Miguel,Germany,2022-06-08
CUST02988,David York,Male,21,New Luis,UK,2024-06-25
CUST02989,Yolanda Miranda,Male,57,East Sarahborough,India,2022-11-20
CUST02990,Michelle Guerrero,Female,26,Ericburgh,Germany,2021-11-13
CUST02991,Shannon Jones,Female,62,Christopherchester,UK,2025-11-20
CUST02992,John Jenkins,Female,26,Lake Anaborough,India,2021-02-24
CUST02993,Valerie Burch,Female,43,North Michael,USA,2025-11-29
CUST02994,Cathy Thomas,Female,21,Kennedybury,UK,2022-04-09
CUST02995,Zachary Avery,Female,34,Reynoldsberg,Canada,2021-12-18
CUST02996,Wanda Jones,Male,33,North Jeremiahside,India,2024-05-26
CUST02997,Darlene Navarro,Male,32,West Justin,Germany,2021-08-03
CUST02998,Brandon Wong,Male,52,Wilsonland,Australia,2022-08-31
CUST02999,Autumn Miller,Female,22,Benjaminville,Germany,2024-07-18
CUST03000,Karen Erickson MD,Female,22,East Cassandra,Canada,2022-10-17
CUST03001,Connie Nelson,Female,37,Charlesmouth,Canada,2022-12-12
CUST03002,Corey Curtis,Female,32,East Kara,Germany,2025-01-06
CUST03003,Ashley Dixon,Female,35,Lake Brian,Australia,2025-03-21
CUST03004,Tiffany Gonzalez,Female,64,South Earlbury,India,2023-08-16
CUST03005,Elizabeth Garrett,Male,19,Port Kristenborough,UK,2021-01-14
CUST03006,Marcus Costa,Male,46,Gregoryfort,Canada,2022-09-24
CUST03007,Felicia Acosta MD,Female,30,Christinehaven,Canada,2023-01-30
CUST03008,Elizabeth Cummings,Male,21,Jeffreybury,Canada,2021-02-04
CUST03009,Christopher Atkinson,Female,59,Marissaville,Australia,2023-12-30
CUST03010,Tracy Johnson,Male,62,North Andrewfort,USA,2024-08-02
CUST03011,Tracy Martinez,Female,27,East Jessica,Australia,2023-01-16
CUST03012,Ashley Alexander,Female,48,East Amy,India,2021-06-06
CUST03013,Joseph Smith,Male,58,Hendersonside,India,2021-03-14
CUST03014,Alicia Hanson,Male,25,Lake Kristineview,India,2024-11-02
CUST03015,Susan Brown,Female,20,South Christinaberg,India,2024-12-17
CUST03016,John Mcdonald,Female,63,Shieldsport,India,2025-09-27
CUST03017,Jessica Walsh,Male,26,Valentineland,Germany,2022-10-25
CUST03018,Mark Cunningham,Male,47,West Ronald,Canada,2025-03-24
CUST03019,Sylvia Warren,Female,28,Graymouth,Australia,2024-10-17
CUST03020,Lisa Meadows,Male,52,New Markburgh,Germany,2024-07-22
CUST03021,Julia Stephens,Female,54,New Jacob,Australia,2021-10-15
CUST03022,Darren Hopkins,Female,59,Melissaland,USA,2025-09-29
CUST03023,James Hernandez,Female,30,West Drewside,UK,2022-08-19
CUST03024,Christopher Hernandez,Female,53,South Michaelton,Canada,2021-05-03
CUST03025,David Hardy,Male,30,Timothymouth,USA,2022-10-06
CUST03026,Joseph Douglas MD,Male,29,Walterschester,Germany,2024-08-08
CUST03027,Johnny Washington DDS,Male,54,South Troy,UK,2025-03-15
CUST03028,Dean Bruce,Male,27,Moralesburgh,USA,2021-12-16
CUST03029,Matthew Haynes,Male,26,Jenniferville,Australia,2025-11-08
CUST03030,Debbie Rodriguez,Male,24,North Andreamouth,UK,2022-10-14
CUST03031,Ian Hansen,Male,19,Ryanport,Australia,2025-11-07
CUST03032,Kevin Santana,Female,40,Leeberg,USA,2024-11-12
CUST03033,Russell Davis MD,Male,56,Ruiztown,Germany,2022-10-20
CUST03034,Christopher Bradley,Male,57,Sanchezland,Australia,2022-02-10
CUST03035,Andrew Graham,Female,56,North Andrew,UK,2023-06-29
CUST03036,Jennifer Smith,Male,38,Jamesstad,USA,2023-09-06
CUST03037,Lauren Shaw,Male,40,Janiceland,Australia,2023-07-30
CUST03038,Sharon Leon,Female,46,Maryfurt,Germany,2021-06-02
CUST03039,Veronica Simpson,Male,31,Andersonland,Canada,2025-12-17
CUST03040,Carolyn Francis,Male,43,Ochoamouth,Germany,2024-10-21
CUST03041,Rebecca Keith,Male,22,East Jakefurt,Germany,2025-03-12
CUST03042,Nancy Burgess,Female,48,Jonathanbury,Canada,2025-01-23
CUST03043,David Bowman,Male,42,Gregoryburgh,Germany,2025-09-15
CUST03044,Mckenzie Cunningham,Male,48,Lake Christine,Canada,2025-12-11
CUST03045,Thomas Leonard,Female,37,North Gerald,Canada,2024-08-20
CUST03046,Thomas Webster,Male,61,Port Michael,Australia,2021-03-26
CUST03047,John Cooper,Female,34,West Robert,Australia,2022-09-03
CUST03048,Valerie Young,Female,62,Port Rebeccashire,Canada,2023-07-31
CUST03049,Marvin Gonzalez,Male,19,South Desireefurt,USA,2021-06-29
CUST03050,James Johnson,Female,42,Bowersberg,UK,2023-08-21
CUST03051,Kyle Miller,Female,30,Port Mia,USA,2024-12-09
CUST03052,Angel Willis,Male,56,West Jacob,Canada,2022-11-01
CUST03053,Patricia Smith,Female,45,Carolynhaven,UK,2023-05-15
CUST03054,Tiffany Black,Female,59,North David,Australia,2022-06-03
CUST03055,Larry Smith,Male,23,Lake Craigside,UK,2022-06-14
CUST03056,Joshua Byrd,Male,20,Andreamouth,Canada,2023-08-12
CUST03057,Stacey Wells,Male,52,Lake Deborahstad,Australia,2022-11-15
CUST03058,Megan Martin,Female,35,North Jacob,UK,2021-08-31
CUST03059,Angela Payne,Male,28,Hillfurt,UK,2025-03-29
CUST03060,Kenneth Ruiz,Female,37,Kellistad,USA,2025-04-26
CUST03061,Robert Anderson,Female,22,New Courtneychester,UK,2021-08-19
CUST03062,Michael Bradley,Female,36,East Edward,Canada,2025-09-28
CUST03063,Pamela Stokes,Female,39,West Patrick,India,2024-07-05
CUST03064,Mr. Daniel Jones MD,Female,36,Port Alexandriaville,India,2023-06-12
CUST03065,Rachel Smith,Female,64,Lake Randy,India,2023-04-20
CUST03066,Eric Holland,Female,33,North Johnfort,Canada,2023-07-03
CUST03067,Danielle Hall,Male,41,North John,India,2021-10-20
CUST03068,Erin Taylor,Male,58,New Christophertown,USA,2023-06-03
CUST03069,Madison Archer,Female,21,Nelsonmouth,Canada,2024-03-11
CUST03070,Sean Blankenship,Female,32,Bakerside,Australia,2021-10-24
CUST03071,Dr. Elizabeth Castillo,Male,42,Sarahport,Canada,2021-04-02
CUST03072,Alex Pope,Female,61,East Jenniferview,Canada,2023-05-26
CUST03073,Jacqueline Tran,Male,52,Port Vanessashire,UK,2022-09-22
CUST03074,Christopher Wolf,Male,31,Port Jasonberg,UK,2023-05-15
CUST03075,Lindsey Bowers PhD,Male,36,Coxhaven,UK,2021-10-21
CUST03076,Dawn Collins,Female,55,Wilcoxburgh,Germany,2022-08-19
CUST03077,Carol Campos,Female,53,South Nicoleburgh,USA,2024-06-20
CUST03078,Jeremy Lawrence,Male,24,Port Andreafort,Canada,2021-08-28
CUST03079,Mrs. Emily Martinez,Male,47,Rebeccaland,Canada,2023-11-01
CUST03080,Gabriel Gardner,Male,36,Michaelville,UK,2022-11-27
CUST03081,Mr. Christian Cook Jr.,Male,42,West Kristen,Canada,2023-03-18
CUST03082,Danielle Ray,Male,33,Liuview,Australia,2024-03-19
CUST03083,Brenda Bean,Female,64,Bushtown,Canada,2024-04-20
CUST03084,Nathan Williams,Male,57,New Melissatown,India,2022-03-09
CUST03085,Rhonda Bradford,Female,25,Sandovalmouth,Australia,2024-08-08
CUST03086,Ronald Singh,Male,35,Nicolefort,Australia,2021-08-14
CUST03087,Dakota Cannon,Female,45,Moralesfort,Canada,2022-08-25
CUST03088,Crystal Gibbs,Female,33,Marshallmouth,Germany,2022-12-17
CUST03089,Larry Johnson,Female,36,Jeffreystad,UK,2025-04-10
CUST03090,Jessica Michael,Female,59,East Meganborough,USA,2025-12-13
CUST03091,Brandon Hogan,Female,34,Charlesmouth,USA,2024-05-21
CUST03092,Shelby Mendez,Female,62,South Steven,India,2023-07-31
CUST03093,Austin Bowman,Male,30,South Jennifer,USA,2024-04-22
CUST03094,Lee Robinson,Female,24,Paigeberg,USA,2025-12-25
CUST03095,Nicholas Tapia,Male,44,East Michelle,UK,2022-03-14
CUST03096,Johnathan Berry,Female,27,Burtonstad,UK,2023-01-26
CUST03097,Jennifer Johnson,Female,51,Thomaschester,Germany,2022-06-01
CUST03098,William Martinez,Male,53,New Allison,India,2022-05-10
CUST03099,Tina Lopez,Female,42,Keithfort,USA,2025-01-25
CUST03100,Mitchell Robinson,Male,23,North Christopher,Germany,2022-12-09
CUST03101,Christine Lopez,Male,41,New Sabrina,India,2023-09-21
CUST03102,Christina Jackson,Male,35,New Mary,Australia,2021-08-30
CUST03103,Joann Mcclain,Male,40,Andersonview,USA,2025-04-10
CUST03104,Joseph Robinson,Female,23,Collinstown,USA,2025-05-03
CUST03105,Sherry Rodgers,Female,46,West Timothyfort,UK,2022-07-30
CUST03106,Jacob Lee,Male,42,Cherylside,Canada,2022-10-20
CUST03107,Timothy Martin DVM,Female,34,Port Scottville,India,2022-08-06
CUST03108,James Stewart,Female,63,Leeville,USA,2021-01-13
CUST03109,Kenneth Lawson,Male,41,Ritafort,India,2022-01-09
CUST03110,Amy Park,Female,28,Amandatown,Germany,2022-10-08
CUST03111,Mark Meyer,Male,43,West Tammymouth,Germany,2020-12-31
CUST03112,Cindy Blake,Male,51,Bradleystad,Canada,2022-07-01
CUST03113,John Avila,Female,45,South Christopher,USA,2023-06-03
CUST03114,Sean Mann,Female,20,New James,UK,2022-10-19
CUST03115,Vernon Johnson,Female,28,East David,USA,2023-08-19
CUST03116,Brandon Obrien,Male,55,Smithchester,India,2025-10-24
CUST03117,Sarah Jacobs,Male,31,South Jenniferhaven,Australia,2024-03-13
CUST03118,Robert Rodriguez,Female,43,North Annette,Germany,2023-01-16
CUST03119,Mark Sharp,Female,38,Simmonsberg,India,2022-04-07
CUST03120,Samantha Nielsen,Female,56,North Ryan,Canada,2021-06-30
CUST03121,Monica Evans,Female,47,Heidishire,Germany,2023-10-23
CUST03122,Raymond Brooks,Male,25,South Natalie,UK,2022-01-05
CUST03123,Kim Wong,Female,37,Port Michael,Germany,2021-06-28
CUST03124,Brittany Brown,Male,49,Rodrigueztown,Australia,2025-05-22
CUST03125,Frederick Bishop,Male,39,Lake Brittanymouth,USA,2021-06-10
CUST03126,Michael Fleming,Female,24,East Erinfort,Australia,2025-04-16
CUST03127,Morgan Waters,Female,26,Ernestmouth,Australia,2021-08-29
CUST03128,Amanda Williams,Female,62,Branditon,USA,2025-11-22
CUST03129,Dr. Nancy White,Male,18,Millerville,Germany,2025-06-03
CUST03130,Nancy Malone,Female,46,Justinton,Canada,2023-04-30
CUST03131,Michele Williams,Female,25,Lawrenceland,USA,2022-11-10
CUST03132,Laura Morgan,Male,21,South Veronica,USA,2021-10-11
CUST03133,Elizabeth James,Female,52,West Donaldside,UK,2023-08-31
CUST03134,Amber Haley,Male,20,Howardmouth,Germany,2023-12-27
CUST03135,Jessica Parker,Female,62,Tammyfurt,USA,2021-09-03
CUST03136,Mark Valencia,Male,57,North Jennifer,Canada,2024-10-07
CUST03137,Anne Kelly,Female,24,Port Davidport,India,2025-12-14
CUST03138,Savannah Moore,Female,44,South Jasmine,Germany,2023-08-16
CUST03139,Sarah Yang,Male,18,Stevenbury,UK,2024-06-20
CUST03140,Crystal Pacheco,Male,44,Moonchester,Australia,2021-03-29
CUST03141,Jennifer Brock,Female,33,Randystad,USA,2025-08-24
CUST03142,David Villanueva,Male,55,New Jacquelineborough,Canada,2024-08-01
CUST03143,David Stanley,Male,24,East Mariaville,Germany,2025-12-02
CUST03144,Christopher Harris,Male,61,Tuckerberg,Canada,2024-01-16
CUST03145,Dana Booth,Male,40,New Travisbury,Canada,2023-10-08
CUST03146,Christina Cox,Female,58,Pruittville,Australia,2022-02-01
CUST03147,Michele Bell,Female,28,Andersonbury,UK,2025-06-13
CUST03148,John Adams,Male,59,Charlesfort,Germany,2025-02-05
CUST03149,Randy Mcdowell,Male,50,Garciaborough,USA,2021-08-27
CUST03150,Jessica Garcia,Male,53,Brooksmouth,UK,2021-09-19
CUST03151,Kristen Benjamin,Male,54,Anthonyberg,USA,2024-05-21
CUST03152,Ronnie Chambers,Female,58,Gregoryshire,India,2021-09-29
CUST03153,Andrea Cunningham,Female,34,Ryanland,Canada,2025-08-18
CUST03154,Chelsea Morris,Male,52,North Kayla,India,2021-08-29
CUST03155,Stacey Medina,Male,22,South Amberside,Canada,2022-04-01
CUST03156,Wanda Montoya,Male,49,New Michaeltown,Australia,2021-06-10
CUST03157,James Parker,Female,20,Barbaraland,UK,2021-08-02
CUST03158,Marcus Moses,Male,64,Williamport,USA,2022-09-10
CUST03159,Derrick Love,Female,52,Nicholaston,Australia,2022-10-27
CUST03160,Elizabeth Aguilar,Male,31,Samuelhaven,USA,2022-11-27
CUST03161,Sean Fletcher,Female,48,Wrightbury,UK,2022-02-14
CUST03162,Heather Williams,Male,48,Ericstad,Germany,2024-07-21
CUST03163,Yvette Miles,Female,34,Taylormouth,India,2024-02-04
CUST03164,Mia Hall,Male,41,Fordshire,India,2024-02-08
CUST03165,Cynthia Bryant,Male,40,Carterhaven,USA,2025-09-11
CUST03166,Peggy Pena,Male,35,Johnville,USA,2023-08-15
CUST03167,Mark Reyes,Female,31,North Mary,USA,2023-02-10
CUST03168,Felicia Clark,Male,32,Scotttown,UK,2022-04-06
CUST03169,Timothy Smith,Female,32,Port Deanborough,Germany,2024-01-10
CUST03170,Nicole Mclaughlin,Female,23,Williamsshire,India,2025-03-22
CUST03171,Alyssa Booth,Male,44,West Andrea,Australia,2022-08-14
CUST03172,Derrick Williams,Male,32,South Tracy,Canada,2025-11-02
CUST03173,Tara Jones,Male,53,North Steven,UK,2021-03-16
CUST03174,Travis Sellers,Female,25,Bowmanhaven,India,2023-06-12
CUST03175,Andrea Johnson,Male,32,Sherrytown,Germany,2022-05-06
CUST03176,Dylan Russell,Female,20,North Kurtchester,UK,2021-10-02
CUST03177,Kevin Mitchell,Female,64,Christopherhaven,Australia,2024-02-07
CUST03178,Andrew Johnson,Male,30,Oliverhaven,India,2025-02-27
CUST03179,Aimee Khan,Male,58,Port Robert,UK,2023-03-03
CUST03180,Michael Payne,Male,51,North Timothy,India,2021-09-02
CUST03181,Cheryl Stout,Male,41,Judyport,India,2024-02-21
CUST03182,Gary Castro,Male,57,South Jose,Germany,2023-10-25
CUST03183,Julian Stark,Male,49,Catherinemouth,Canada,2022-12-31
CUST03184,Richard Sosa,Female,49,Annamouth,Germany,2023-04-18
CUST03185,Jeremy Adams,Female,47,North George,India,2022-09-02
CUST03186,Donna Arroyo,Female,30,Jerryview,UK,2023-02-19
CUST03187,Mark Mitchell,Male,18,West Janice,Australia,2023-10-16
CUST03188,David Long,Female,51,Robertsside,Germany,2025-12-11
CUST03189,Mrs. Wanda Williams,Female,32,Jenniferland,Canada,2023-02-15
CUST03190,Nancy Evans,Female,61,Parsonsbury,India,2023-12-16
CUST03191,Mary Rollins,Female,31,Nancyberg,Australia,2023-02-06
CUST03192,Robin Boyle,Female,46,Tamaraborough,Germany,2024-10-02
CUST03193,Sarah Shelton,Male,51,New Lisaborough,Germany,2021-09-11
CUST03194,Christine Anderson,Male,35,Atkinsonmouth,Germany,2021-11-02
CUST03195,Jon Evans,Female,24,West Robert,Germany,2023-11-12
CUST03196,Clifford Williams,Female,46,New Kenneth,Australia,2024-01-19
CUST03197,Benjamin Collins,Female,48,Port Dawn,UK,2024-12-28
CUST03198,Patricia Bryant,Male,42,West Justinfort,Canada,2024-03-29
CUST03199,Debra Cox,Male,55,West Connorfort,Canada,2021-04-19
CUST03200,Donna Hill,Female,31,Guerrerofort,India,2024-12-25
CUST03201,Thomas Lawson,Male,25,Darrellside,USA,2023-01-26
CUST03202,Kevin Stone,Male,44,Granttown,UK,2023-12-20
CUST03203,Kathryn Bennett DDS,Female,19,Middletonberg,India,2024-10-23
CUST03204,Melissa Davis,Male,34,Matthewville,India,2024-10-25
CUST03205,Jessica Garcia,Male,54,Port Kimberly,Germany,2022-10-21
CUST03206,Gregory Butler,Female,31,Troychester,USA,2022-09-23
CUST03207,Shaun Haley,Male,42,Deborahtown,USA,2022-07-29
CUST03208,Kim Bray,Male,47,North Paul,UK,2021-02-12
CUST03209,Rebecca Dillon,Female,46,East Amanda,USA,2024-03-12
CUST03210,Ashley Burns,Male,37,Alecport,India,2024-11-01
CUST03211,Sarah Schneider,Male,38,Shelbyfort,USA,2021-02-19
CUST03212,Jeremy Cox,Female,39,West Laceyshire,USA,2022-11-11
CUST03213,Timothy Allen,Female,52,Jacobsfort,Canada,2025-03-04
CUST03214,Timothy Sweeney,Female,54,Aaronside,India,2023-07-15
CUST03215,Beth Levy,Male,33,New Jeffrey,Australia,2021-07-21
CUST03216,Duane Cruz,Female,60,Davidhaven,USA,2024-01-15
CUST03217,Christine Peters,Male,34,North Leslieberg,USA,2025-06-04
CUST03218,Robert Cain,Female,33,Port Jonathan,Germany,2023-10-16
CUST03219,Jonathan Williams,Male,19,East Cynthiaside,USA,2023-02-15
CUST03220,Guy Day,Female,21,Hayesburgh,USA,2025-12-11
CUST03221,Adam Webb,Female,38,New Amanda,Canada,2021-07-09
CUST03222,Christine Bowman,Female,56,Penaton,India,2021-12-30
CUST03223,Julia Poole,Female,51,East Anna,UK,2023-05-11
CUST03224,Mark Walker,Male,47,South Heatherhaven,India,2021-11-29
CUST03225,Emma Campbell,Female,23,Andrehaven,Germany,2025-02-22
CUST03226,Cory Warren,Female,34,Barbarastad,India,2021-05-08
CUST03227,Anthony Richardson,Male,56,New Marymouth,USA,2023-12-18
CUST03228,Alexander Lawrence,Female,42,Jamesview,Germany,2022-11-26
CUST03229,Christina Burgess,Male,22,Hallside,India,2022-04-21
CUST03230,James Smith,Female,22,Jeffreychester,Germany,2024-02-14
CUST03231,Kimberly Ferrell,Female,37,East Troyberg,UK,2025-05-07
CUST03232,Anna Whitaker,Female,33,Martinbury,India,2021-07-20
CUST03233,Andrew Miller,Male,58,Baileyfurt,Australia,2024-05-12
CUST03234,Nicole Cabrera,Female,54,Juliafurt,USA,2023-01-23
CUST03235,Kaitlyn Smith,Female,57,Tiffanyborough,Germany,2023-02-06
CUST03236,Susan Frost,Female,26,Fostertown,Australia,2022-01-07
CUST03237,Margaret Simmons,Male,22,Fisherland,Australia,2021-12-11
CUST03238,Arthur Richard,Male,59,Silvaside,Canada,2024-01-06
CUST03239,Amy Smith,Female,19,Evanschester,Germany,2023-05-03
CUST03240,Pamela Summers,Male,26,East Dawn,Australia,2025-03-24
CUST03241,Diana Medina,Female,60,Cindyshire,Canada,2025-04-01
CUST03242,Charles Taylor,Female,53,Rossstad,Australia,2022-05-02
CUST03243,Steven Wells,Female,39,New Aaronview,USA,2022-07-26
CUST03244,Mrs. Daisy Haas,Female,39,Port Melissa,UK,2022-08-22
CUST03245,Amy Harris,Female,39,East Ianfurt,Canada,2025-03-11
CUST03246,Angela Campbell,Female,51,Valerietown,UK,2022-12-22
CUST03247,Edward Brown,Female,46,Courtneyhaven,Germany,2024-10-07
CUST03248,Amanda Richardson,Male,55,New Patricia,USA,2021-10-11
CUST03249,Danny Pearson,Male,63,North Jenniferfort,Canada,2022-05-05
CUST03250,Eric Silva,Male,50,Jenkinsview,Germany,2023-12-24
CUST03251,Brian White,Male,35,Boydhaven,Australia,2021-02-21
CUST03252,Lacey Hogan,Male,24,Port Tarahaven,India,2023-08-21
CUST03253,Erik Davis,Male,18,South Bethanyshire,Germany,2023-10-23
CUST03254,Ricky Howard,Male,50,North Jonburgh,UK,2025-06-09
CUST03255,Jeffrey Tyler,Female,18,Martinburgh,USA,2024-06-28
CUST03256,Julian Hanson,Female,41,South Benjamin,USA,2023-05-23
CUST03257,Jim Moore,Female,21,North Austin,Germany,2024-04-04
CUST03258,Gary Miller,Female,21,Lopezstad,Australia,2022-10-06
CUST03259,David Collins,Male,35,South Oscar,India,2022-04-20
CUST03260,Mrs. Judith Olson,Male,44,Kristinshire,UK,2025-04-22
CUST03261,Shelby Lopez,Female,60,Lake Aaron,Germany,2024-02-02
CUST03262,Timothy Sanchez,Female,49,Hannahport,Germany,2021-11-02
CUST03263,Amy Carr,Male,50,Harrisberg,USA,2025-12-07
CUST03264,Joshua Barnes,Female,45,Stacyfort,UK,2025-02-05
CUST03265,Jeremy Gibson,Female,59,Goldenport,India,2021-11-13
CUST03266,Andrea Preston,Female,58,Reginachester,USA,2025-12-18
CUST03267,Paul Hernandez,Female,53,South Adrian,Germany,2024-04-08
CUST03268,Daniel Morrison,Male,23,Whiteberg,USA,2024-03-09
CUST03269,Ryan Dougherty,Female,33,New Adrienne,USA,2021-07-02
CUST03270,Cassandra Watts,Female,51,New Phillip,Canada,2022-06-05
CUST03271,Brittney Reid,Male,40,North Mitchellborough,USA,2021-03-15
CUST03272,Jack Anthony,Male,59,Halltown,Australia,2025-05-05
CUST03273,Jacqueline Whitehead,Female,41,East Ashley,USA,2022-03-11
CUST03274,Jennifer Roberson,Male,30,East Kimberly,Australia,2024-02-03
CUST03275,Joan Hall,Female,35,West Shawn,UK,2023-05-24
CUST03276,Courtney Howard,Female,30,New Christopher,USA,2021-06-18
CUST03277,Jeffrey Fields,Male,54,Brianmouth,India,2025-09-26
CUST03278,Lindsay Morales,Female,60,Debraview,Australia,2025-04-23
CUST03279,Allison Ramirez,Female,56,Port Dustin,Australia,2020-12-27
CUST03280,Susan Shepherd,Female,59,Ronaldport,Germany,2025-07-04
CUST03281,Johnathan Goodwin,Female,34,Mcbrideview,UK,2021-11-02
CUST03282,Anna Thompson,Male,32,Michaelaborough,USA,2023-08-25
CUST03283,Dr. Ryan Parks,Male,35,North Gregbury,India,2023-04-28
CUST03284,Courtney Hancock DDS,Female,40,Lake Anthonyville,Germany,2023-06-14
CUST03285,Mark Reyes,Male,47,West Sarah,UK,2024-02-07
CUST03286,Ricky Dixon,Female,51,Crawfordport,Australia,2022-02-01
CUST03287,Christina Fields,Female,21,Georgeland,India,2025-02-23
CUST03288,James Robertson,Female,20,Newmanberg,USA,2024-04-18
CUST03289,Christopher Schultz,Female,24,Carlosmouth,Canada,2021-02-16
CUST03290,Christian Macdonald,Female,35,Rachelton,Canada,2023-11-22
CUST03291,Mathew Perez,Male,59,Sullivanside,UK,2022-03-01
CUST03292,Mr. Antonio West,Female,24,Lake Antonio,India,2022-07-04
CUST03293,Dave Carter,Male,57,Mcmillanborough,Germany,2025-10-08
CUST03294,Jessica Gay,Male,23,West Kaylahaven,India,2025-05-15
CUST03295,James Patterson,Female,39,New Kenneth,Australia,2021-09-18
CUST03296,Garrett Baker,Female,18,Lake Megantown,Canada,2024-09-13
CUST03297,Alicia Rich,Female,21,Elainechester,UK,2024-02-05
CUST03298,Samantha Preston,Female,63,Hawkinsstad,USA,2021-07-30
CUST03299,Kyle Martinez,Female,60,North Laurie,India,2024-12-28
CUST03300,Cindy Hampton,Male,46,East Brendan,Canada,2021-09-15
CUST03301,Brian Anderson,Female,38,East Frank,Germany,2024-12-21
CUST03302,Courtney Bailey,Female,43,Jacksonstad,UK,2023-03-22
CUST03303,Ruth Kelley,Male,31,Cookfort,USA,2023-04-15
CUST03304,Steven Cohen,Male,26,Crossside,India,2024-08-27
CUST03305,Amanda Kennedy,Female,64,Lake Stephaniebury,Germany,2022-05-04
CUST03306,Christopher Murphy,Male,29,South Carlhaven,USA,2025-11-24
CUST03307,Stephen Nunez,Female,59,Jennifertown,Australia,2023-06-17
CUST03308,Erica Adams,Male,23,Reevesmouth,Canada,2025-12-10
CUST03309,Cameron Alvarado,Male,37,South Christina,Australia,2024-08-21
CUST03310,Jeffrey Daugherty,Female,41,Thomasborough,Canada,2023-08-16
CUST03311,Rachel Morrow,Male,44,Taylorside,Germany,2024-02-12
CUST03312,Samuel Olsen,Male,55,Port Richardville,Australia,2024-10-03
CUST03313,Mitchell Gallagher,Male,25,Tuckermouth,Canada,2023-01-13
CUST03314,Kenneth Cook,Male,18,Port Linda,UK,2024-08-02
CUST03315,April Bender,Male,41,Mollybury,Germany,2021-10-10
CUST03316,David Jones,Male,64,East Jose,Canada,2023-09-22
CUST03317,David Moore,Female,24,Debrabury,India,2023-02-02
CUST03318,Nathan Stevens,Female,36,New Darrell,Canada,2022-04-12
CUST03319,Randy Kent,Male,39,Brownberg,Australia,2021-06-07
CUST03320,Christy Glass,Female,52,Alexaberg,UK,2022-08-30
CUST03321,Donna Adams,Female,47,Watsonfurt,USA,2025-07-04
CUST03322,Maria Brown,Female,46,Collinsmouth,USA,2024-01-10
CUST03323,Emily Smith,Male,39,Jamesville,Canada,2023-12-17
CUST03324,Julie Shaffer,Female,28,Nicoleton,USA,2025-10-16
CUST03325,Anthony Brown,Male,37,Port Josephside,Canada,2021-08-02
CUST03326,Mary Davis,Female,46,West Alextown,UK,2023-12-13
CUST03327,Karen Rodriguez,Male,58,South Kellifurt,USA,2021-12-11
CUST03328,Richard Barajas,Male,59,Port Nicole,Australia,2023-04-21
CUST03329,Eric Cooke,Female,51,Amyside,Australia,2025-01-31
CUST03330,Kathy Hoffman,Female,18,Lake Samantha,India,2021-07-19
CUST03331,Dustin Lawrence,Male,48,Hodgesshire,Canada,2023-11-19
CUST03332,Luis Perez,Female,47,Frankland,USA,2024-07-24
CUST03333,Alexandra Diaz,Female,35,Port Jennychester,Australia,2021-02-20
CUST03334,Brian Rollins,Female,34,Wallshire,UK,2024-05-27
CUST03335,Kristy Riley,Male,55,South Katiefurt,UK,2023-01-01
CUST03336,Crystal Garcia,Male,31,Chandlerhaven,India,2021-02-13
CUST03337,Mike Castillo,Female,40,North Christopher,UK,2021-03-05
CUST03338,Gregory Yu,Female,42,North Todd,UK,2025-01-23
CUST03339,Marisa Freeman,Female,32,Greenport,USA,2025-12-05
CUST03340,Jessica Perez,Male,63,Lake Jeffreyfort,Canada,2021-04-24
CUST03341,Angela Gomez,Male,39,North Lindseyburgh,Germany,2021-06-26
CUST03342,Donald Roberts,Female,20,Simmonsberg,UK,2025-10-30
CUST03343,Susan Gallagher,Female,36,Peterside,UK,2021-10-07
CUST03344,Leah Dudley,Female,61,Carterport,Germany,2022-11-11
CUST03345,Rhonda Greene,Female,51,Hugheschester,UK,2021-09-18
CUST03346,William King,Female,52,Moyerland,USA,2025-03-14
CUST03347,Kenneth Cabrera,Female,18,West Daniel,USA,2021-11-06
CUST03348,Latasha Moore,Male,38,Bellfort,Germany,2025-09-07
CUST03349,Joshua Michael,Female,46,Aprilhaven,Australia,2023-09-16
CUST03350,Jason Hood,Male,23,Jessicafurt,UK,2025-04-15
CUST03351,Shawn Roberts,Female,54,South Christopher,Australia,2023-01-19
CUST03352,Krystal Briggs,Female,18,Morganstad,UK,2021-01-20
CUST03353,Dawn Wiley,Male,18,Donaldsonmouth,Canada,2022-12-30
CUST03354,Jennifer Johnson,Male,44,South Erinberg,UK,2022-08-01
CUST03355,Samantha Smith,Male,38,Ibarrahaven,USA,2025-08-27
CUST03356,Michael Stone,Male,33,Port Juanview,India,2024-12-07
CUST03357,Maria Kelley,Female,61,Farmerborough,India,2021-09-25
CUST03358,Robert Hernandez,Male,57,Lake Garyburgh,India,2022-09-27
CUST03359,Adam Romero,Female,43,Jessicatown,India,2025-06-12
CUST03360,Jason Freeman,Male,33,Michaelhaven,Australia,2022-01-21
CUST03361,Samantha Sanchez,Female,45,Houstontown,Australia,2025-02-11
CUST03362,Erika Hendrix,Female,18,Dianaborough,UK,2025-12-22
CUST03363,Jessica Leach,Female,53,South Philipport,Australia,2022-05-01
CUST03364,Miss Angela Powell,Female,27,New Brian,UK,2023-01-12
CUST03365,Julie Hancock,Female,60,Kevinburgh,Canada,2021-11-08
CUST03366,Traci Henderson,Female,34,Samuelhaven,UK,2023-01-14
CUST03367,Mallory Brown,Male,40,North Terri,India,2022-11-10
CUST03368,Jacob Williams,Female,24,Patriciafurt,Germany,2024-01-31
CUST03369,Kristin Thomas,Male,61,Antoniohaven,Germany,2021-01-19
CUST03370,Terry Hall,Male,24,Reginaldborough,USA,2021-10-06
CUST03371,Tracy Ortiz,Female,61,Tarachester,USA,2023-06-15
CUST03372,Terry Maynard,Male,32,Tylerfurt,UK,2021-01-12
CUST03373,Derrick Reynolds,Female,51,Port Manuelview,Germany,2022-04-08
CUST03374,Daniel Sullivan,Male,63,East James,India,2025-01-07
CUST03375,Victor Martin,Female,62,East Laurie,Australia,2021-08-19
CUST03376,Gina Flores,Male,21,Johnhaven,India,2022-05-23
CUST03377,Miranda Gibson,Female,31,East Brandon,India,2023-09-10
CUST03378,Edward Young,Female,31,Lake Jane,UK,2024-02-19
CUST03379,Cody Boyd,Female,33,Martinezchester,UK,2023-10-03
CUST03380,Diana Hampton,Female,24,Steventown,Canada,2021-07-03
CUST03381,Jason Johnson,Male,49,Annashire,India,2025-01-27
CUST03382,April White,Female,36,New Seanland,India,2024-11-15
CUST03383,Eric Cowan,Male,19,Patriciafort,UK,2025-05-31
CUST03384,Sonya Hart,Male,27,Mooreberg,UK,2021-06-16
CUST03385,Alyssa Jefferson,Male,34,West Danieltown,Canada,2022-10-15
CUST03386,Carolyn Rodriguez,Female,54,Lake Anthonymouth,Canada,2022-03-15
CUST03387,Brian Coleman,Male,29,Amberfort,USA,2025-08-10
CUST03388,Julia Ray,Male,23,Rochafurt,Germany,2021-10-27
CUST03389,Mark Cisneros,Male,39,Allisonstad,India,2023-09-07
CUST03390,Joshua Stewart,Female,49,South Matthew,India,2025-12-26
CUST03391,Sarah Joyce,Female,58,East David,Canada,2024-05-31
CUST03392,Joyce Brown,Male,37,Bettyland,Canada,2021-11-06
CUST03393,Corey Chavez MD,Female,18,Howardland,USA,2022-10-25
CUST03394,Kimberly Evans,Female,64,East Heidiburgh,Germany,2021-12-17
CUST03395,Brendan Clark,Male,23,Cynthiaton,USA,2025-04-30
CUST03396,Julie Harper,Male,36,North Joseport,Germany,2021-03-04
CUST03397,Christopher Meyer,Female,35,Lake Michaelfort,Australia,2023-12-08
CUST03398,Kayla Rodriguez,Male,23,New Joshua,India,2022-07-11
CUST03399,Rebecca Dennis,Female,62,Peterview,USA,2021-09-07
CUST03400,Brian Lucero,Female,50,Carrieton,Canada,2025-01-04
CUST03401,Chad Gross,Female,40,Ericamouth,USA,2024-08-18
CUST03402,Juan Smith,Female,40,Leechester,Australia,2023-02-23
CUST03403,Donald Ingram,Female,43,East Randall,USA,2022-12-09
CUST03404,Amanda Brown,Female,30,New Gregory,India,2023-01-31
CUST03405,Meagan Jones,Male,24,New Austin,Australia,2025-04-06
CUST03406,Jason Williams,Male,32,Graceburgh,Canada,2024-04-13
CUST03407,Amy Mcdonald,Female,61,Port Shane,Canada,2025-08-10
CUST03408,Kristen Richardson,Female,44,Kennethmouth,UK,2024-08-29
CUST03409,David Hall,Female,43,East Amanda,Australia,2021-07-26
CUST03410,Diana Taylor,Male,50,Thomasburgh,UK,2021-02-15
CUST03411,Kathryn Stephenson,Female,32,Danielbury,UK,2021-05-08
CUST03412,Brian Ross,Male,53,West Maria,India,2024-01-22
CUST03413,John Cunningham,Female,62,Nathanview,USA,2025-01-17
CUST03414,Alexander Golden,Female,44,Jamestown,Canada,2023-12-04
CUST03415,Jasmine Gonzalez MD,Male,22,Fordview,Canada,2023-10-14
CUST03416,Mr. Bruce Price PhD,Male,19,Tanyachester,USA,2021-07-24
CUST03417,Erica Mclaughlin,Female,50,Andrewtown,Canada,2025-09-11
CUST03418,Ashley Schroeder,Female,33,Lake Heatherland,USA,2025-02-25
CUST03419,Connor Pearson,Female,40,New Craig,Australia,2022-02-28
CUST03420,George Morgan,Male,55,Thompsonview,India,2022-12-16
CUST03421,Brooke Carter,Male,33,Welchside,India,2023-09-15
CUST03422,Krystal Taylor,Male,31,New Anthony,India,2021-05-24
CUST03423,Joshua Marsh,Male,46,Hancockchester,USA,2021-07-12
CUST03424,Jared Hernandez,Male,43,Brownstad,USA,2025-03-13
CUST03425,Michelle Peterson,Male,52,South Elizabeth,Germany,2022-09-07
CUST03426,Christina Sullivan,Female,32,Taylorland,Canada,2022-12-14
CUST03427,Kathleen Stewart,Female,20,North Danielshire,Canada,2023-06-30
CUST03428,Lauren Leon,Male,40,Kyleshire,Germany,2021-11-13
CUST03429,Tanya Shields,Female,46,Skinnerfort,Germany,2021-02-14
CUST03430,Raymond Jones MD,Female,51,Johnsonchester,India,2022-07-06
CUST03431,David Flores,Male,50,South Tamara,Germany,2022-08-15
CUST03432,Michael Delacruz,Female,58,New Sheilaport,USA,2022-11-16
CUST03433,Hannah Maxwell,Male,58,South Lawrence,UK,2023-03-23
CUST03434,Matthew Williams,Male,40,Shelleyview,USA,2021-02-24
CUST03435,Erin Anderson,Female,24,Dunnmouth,Germany,2021-05-21
CUST03436,Craig Taylor,Male,20,Port Lindseyfort,Canada,2024-04-19
CUST03437,James Herrera,Male,49,Hammondchester,USA,2021-07-08
CUST03438,Patrick Collins,Male,48,Port Lindaborough,Canada,2022-06-16
CUST03439,Amber Ross,Male,35,Tammyshire,USA,2021-09-29
CUST03440,Rachel Johnson,Male,60,Wardberg,Canada,2021-01-02
CUST03441,Molly Goodwin,Male,24,North Davidberg,Australia,2024-07-04
CUST03442,Tina Hall,Male,58,Lake Barbara,USA,2025-10-09
CUST03443,Jessica Hodge,Male,18,East Miahaven,Canada,2023-07-14
CUST03444,Heather Wells,Female,31,Laurenfurt,UK,2022-03-17
CUST03445,Connor Harris DDS,Female,49,Port Raymond,India,2021-10-09
CUST03446,Judith Baird,Female,23,Hillville,USA,2023-12-13
CUST03447,Nicholas Brown,Male,56,West Deniseside,UK,2025-05-31
CUST03448,Laura Vargas,Male,27,West Theresa,India,2022-10-01
CUST03449,Brittney Smith,Female,24,Georgemouth,USA,2023-03-03
CUST03450,Judith Hoffman,Female,43,South Carly,UK,2022-08-22
CUST03451,Angela Harris,Female,51,Lake Jacobland,UK,2025-10-03
CUST03452,Frank Wheeler,Male,47,North Karenfurt,Australia,2025-06-14
CUST03453,Timothy French,Female,53,East David,UK,2022-01-16
CUST03454,William Jones,Female,38,South Kayla,Australia,2022-05-05
CUST03455,Heather Herring,Male,34,New Nicholas,Germany,2024-05-13
CUST03456,Ricky Summers,Female,50,West Lindatown,Canada,2024-02-04
CUST03457,Bruce Peterson,Male,27,Dianachester,India,2023-06-30
CUST03458,Gabrielle Smith,Male,64,Jessicaport,Canada,2023-05-05
CUST03459,Marissa Rodriguez,Male,59,New Meganfort,Canada,2022-07-11
CUST03460,Courtney Patel,Female,29,Lake Anaton,Australia,2024-11-13
CUST03461,Douglas Daniels,Female,33,Anthonystad,Canada,2023-10-02
CUST03462,Alexander Jones,Male,58,New Philip,UK,2025-07-29
CUST03463,William Lopez,Female,49,Farmerport,Australia,2023-12-02
CUST03464,Christy Smith,Female,32,West Megan,Canada,2023-11-20
CUST03465,Angela Lawrence,Female,44,North Allisonmouth,Australia,2021-05-13
CUST03466,Sandra Delgado,Female,45,Port Julieberg,Germany,2023-06-16
CUST03467,William Williams,Male,34,New Jasonmouth,Australia,2022-01-16
CUST03468,Timothy Allen,Female,63,East Nancyhaven,USA,2025-12-15
CUST03469,Wesley Mcdonald,Male,19,Danielfurt,UK,2023-07-06
CUST03470,Dakota Mccall,Male,53,East Brian,India,2022-12-15
CUST03471,Jessica Miller MD,Female,24,Brookeside,USA,2022-10-07
CUST03472,Michael Padilla,Male,30,Melissaberg,USA,2024-05-26
CUST03473,Christopher Flores,Female,32,Elainefort,USA,2025-08-16
CUST03474,Daniel Norris,Female,42,Castroborough,Canada,2021-04-14
CUST03475,Sarah Randall,Male,40,Reedmouth,Australia,2021-02-24
CUST03476,Brett Graham,Male,39,Rebekahfort,Australia,2021-08-09
CUST03477,Charles Bowman,Male,43,North Lynnchester,Canada,2021-01-24
CUST03478,Benjamin Moore,Male,50,Joshuaberg,UK,2021-11-01
CUST03479,Luke Hernandez,Female,28,Rhodesville,Canada,2023-10-10
CUST03480,Lynn Nguyen,Female,27,Tracyfurt,Canada,2024-04-09
CUST03481,Johnny Moreno,Female,42,New Alyssaburgh,Canada,2024-08-27
CUST03482,Maria Tanner,Male,54,North Melissa,UK,2023-10-04
CUST03483,Hannah Watkins,Male,60,Eileenfurt,UK,2025-04-09
CUST03484,Larry Harris,Male,55,Justinborough,Germany,2023-03-25
CUST03485,Yvette Johnson,Female,58,Sarashire,Germany,2023-12-14
CUST03486,Rhonda Owens,Male,62,East Michael,Germany,2021-06-06
CUST03487,Martin Robinson,Female,41,Lake Rayfurt,Germany,2025-02-20
CUST03488,Angela Warren,Male,57,Webbshire,Australia,2024-11-04
CUST03489,Dale Newman,Female,63,East Tiffany,USA,2025-08-11
CUST03490,Morgan Evans,Female,50,Davisbury,USA,2023-07-08
CUST03491,Christian Burgess,Male,34,Cunninghammouth,Germany,2025-08-29
CUST03492,Victor Morris,Male,41,Hornemouth,Germany,2022-01-29
CUST03493,Jacqueline Chan,Female,54,West Malik,India,2024-07-11
CUST03494,Alex Myers,Female,19,Crosschester,USA,2023-10-26
CUST03495,Tiffany Collins,Male,49,South Janice,India,2023-10-08
CUST03496,Michael Griffin,Male,41,Sandovalfurt,India,2021-02-13
CUST03497,Justin Lewis,Female,26,Yvonnehaven,Canada,2024-01-27
CUST03498,Mrs. Katie Schmidt,Male,21,North Kristenton,Australia,2024-06-30
CUST03499,Brett Larson,Female,34,South Tammy,UK,2022-02-11
CUST03500,Tammy Gutierrez,Female,34,Lake Carlaside,USA,2021-03-12
CUST03501,Alexander Forbes,Male,47,North David,Germany,2021-03-27
CUST03502,Erica Fisher,Male,57,East Whitneyside,Germany,2023-12-16
CUST03503,Holly Coleman,Male,28,East Charlesshire,UK,2024-08-20
CUST03504,Catherine Rangel,Male,38,Graytown,USA,2025-12-22
CUST03505,Tommy Hansen,Male,38,South Heatherberg,Germany,2021-06-08
CUST03506,Lance Li,Female,35,Whiteton,Germany,2025-10-28
CUST03507,Amy Wagner,Female,46,East Nicole,Canada,2022-10-14
CUST03508,Laura Hammond,Male,41,West Caroline,India,2022-04-20
CUST03509,Cassandra Mcintosh,Male,27,New Andrew,Germany,2025-11-22
CUST03510,Courtney Williams,Male,62,Josephburgh,Australia,2023-01-21
CUST03511,Dawn Wood,Female,34,Benjaminside,USA,2024-01-10
CUST03512,George Floyd,Male,35,South Lisaberg,Australia,2021-09-08
CUST03513,Erin Rodriguez,Male,59,Port Zacharyville,UK,2024-06-10
CUST03514,Theresa Barron,Female,37,Mooreberg,Canada,2021-10-04
CUST03515,Beth Jordan,Female,54,Amychester,USA,2021-02-15
CUST03516,Kristen Adams,Male,62,Christopherburgh,Canada,2024-12-27
CUST03517,Sara Thomas,Male,35,Sarafurt,India,2024-08-20
CUST03518,Carrie Rowland,Male,34,Staceyberg,Germany,2024-12-21
CUST03519,Dominique Schneider,Female,26,West Erinland,USA,2021-11-04
CUST03520,Lisa Lewis,Male,31,Changport,UK,2023-06-25
CUST03521,Veronica Deleon,Male,46,Jenniferbury,India,2023-03-20
CUST03522,Travis Scott,Male,48,Hendersonmouth,India,2023-04-19
CUST03523,Christina Wood,Female,21,New Mark,Canada,2022-12-16
CUST03524,Wayne Scott,Female,35,Lake Susanborough,India,2023-05-29
CUST03525,Lisa Perez,Male,37,Karenside,USA,2025-01-06
CUST03526,Tanya Cox,Male,64,Martinezstad,Canada,2023-10-26
CUST03527,John Rivera,Female,60,North Daniel,India,2022-12-05
CUST03528,Heather Simon,Female,61,Toddberg,UK,2025-09-05
CUST03529,Corey Johnson,Female,26,Lake Martinborough,Australia,2025-07-07
CUST03530,Rachel Hudson,Female,30,East Erika,USA,2024-02-11
CUST03531,Scott Burgess,Female,32,Olsontown,UK,2022-01-31
CUST03532,Ernest Paul,Female,44,Thomasburgh,UK,2022-12-09
CUST03533,Karina Cook,Female,32,Millerview,Canada,2023-07-31
CUST03534,Robin Rodriguez,Female,45,Lake Kathrynside,Germany,2021-10-04
CUST03535,Linda Howard,Female,54,Harrisfurt,Canada,2024-10-03
CUST03536,Kelli Bowman,Male,36,East Michaelside,USA,2025-10-03
CUST03537,Carrie Morris,Male,43,Williamston,USA,2022-05-29
CUST03538,Angela Hernandez,Male,43,Port Daniel,Canada,2024-10-10
CUST03539,Sean Rogers,Female,42,Donaldsonland,Germany,2021-02-03
CUST03540,Joseph Scott,Male,43,West Melissa,Canada,2021-03-03
CUST03541,Cynthia Patton,Female,43,North Shannon,USA,2024-05-09
CUST03542,Jeffrey Stein,Female,63,East Kevin,Germany,2022-10-18
CUST03543,Laura Morris,Male,45,New Michael,USA,2024-12-07
CUST03544,Lisa Carey,Female,35,New Gregory,Germany,2024-01-18
CUST03545,Emily Williams,Male,49,Staceyborough,Germany,2022-06-12
CUST03546,Shannon Nichols,Male,20,Chavezfurt,Canada,2025-06-06
CUST03547,Scott Richardson,Male,19,Port Brittneyview,Canada,2022-06-24
CUST03548,Jodi Romero,Female,50,South Summerburgh,Canada,2023-02-20
CUST03549,Russell Molina,Male,59,Ramseystad,Germany,2025-06-02
CUST03550,James Hill,Female,36,Lake Jefferytown,Germany,2021-06-30
CUST03551,Courtney Brady,Male,34,South Brittanytown,USA,2024-05-16
CUST03552,Andrew Goodwin,Male,61,Lawrencebury,UK,2023-06-01
CUST03553,Jonathan Gomez,Male,50,North Ashleytown,Canada,2023-03-20
CUST03554,Theresa Lewis,Female,29,Torrestown,Australia,2025-12-24
CUST03555,Nathan Schwartz,Female,20,Dicksonmouth,USA,2023-01-07
CUST03556,Michael Spears,Female,60,East Marcmouth,USA,2025-09-06
CUST03557,Victoria Frederick,Male,43,Jessicaborough,India,2023-06-10
CUST03558,Brittney Acevedo MD,Male,52,South Shirley,Canada,2024-03-25
CUST03559,Lawrence Dudley,Female,25,Port Kevinstad,USA,2024-03-04
CUST03560,Tammy Harper,Female,53,Tiffanyton,India,2021-06-13
CUST03561,Joseph Mcintosh,Female,24,New Chadside,Australia,2024-09-08
CUST03562,James Glass,Female,63,Scottbury,Australia,2024-10-19
CUST03563,Emily Cummings MD,Female,63,Henrymouth,Canada,2025-05-10
CUST03564,Antonio Hall,Female,53,North Brittanyberg,Germany,2021-05-27
CUST03565,Brittany Schultz,Male,33,Alexbury,India,2023-03-13
CUST03566,Antonio Buchanan,Female,41,Odomton,Germany,2021-06-04
CUST03567,Sherri Grant,Male,18,Markview,Australia,2022-06-03
CUST03568,Maria Bradley,Male,42,East Barry,Australia,2023-10-09
CUST03569,Dawn Mayo,Female,27,Garyhaven,UK,2021-09-05
CUST03570,Alicia Long,Female,33,North Crystal,UK,2021-11-04
CUST03571,Bryan Garza,Male,33,West Kylie,UK,2022-12-31
CUST03572,Robert Davis,Female,25,Johnsontown,UK,2023-12-15
CUST03573,Carl Curtis,Female,46,Port Laura,USA,2023-09-19
CUST03574,Candace Velez,Male,56,Amandaberg,UK,2021-06-28
CUST03575,Tracy Williams,Male,45,Jodiside,USA,2021-07-21
CUST03576,Charles Greene,Male,23,East Tinaport,USA,2022-03-02
CUST03577,Jordan Schroeder,Female,33,Baileymouth,Canada,2023-02-27
CUST03578,Amanda Diaz,Male,37,South Danielleside,USA,2023-09-19
CUST03579,Austin Myers,Female,33,Kennethfurt,USA,2022-04-14
CUST03580,Angela Gibson,Male,24,Walterside,UK,2025-05-03
CUST03581,Monica Hill,Male,58,New Christopher,USA,2023-10-23
CUST03582,Shaun Lawson,Male,31,Laurieland,Germany,2022-05-19
CUST03583,Robert Mcdowell,Female,60,Port Benjamin,UK,2021-11-10
CUST03584,Jennifer Snyder,Female,43,Shirleyfurt,India,2021-01-05
CUST03585,David Shaw,Male,43,Kevinville,UK,2023-09-28
CUST03586,Jennifer Tran,Male,31,Smithview,USA,2021-03-23
CUST03587,Pamela Norman,Male,24,Goodwinborough,Germany,2021-06-12
CUST03588,Jacob Hester,Female,50,New Emilyside,UK,2025-01-13
CUST03589,Billy Dunlap,Male,43,Melvinside,Germany,2021-07-20
CUST03590,James Edwards,Female,62,Joshuaside,India,2023-10-06
CUST03591,Robert Franklin,Male,37,Kramerhaven,Australia,2023-01-09
CUST03592,Kathleen Walker,Male,20,North Amanda,India,2021-03-19
CUST03593,Andrew Wiggins,Male,21,West Luis,Australia,2024-09-03
CUST03594,Crystal Mays,Male,43,Richardsonstad,Canada,2021-12-01
CUST03595,Crystal Mcguire,Male,28,East Brian,Australia,2022-11-02
CUST03596,Charles Davis,Male,19,West Danielchester,Canada,2022-06-07
CUST03597,Michael Huffman DVM,Female,31,New Toni,UK,2023-09-09
CUST03598,Jamie White,Male,61,Leside,Canada,2023-09-01
CUST03599,Andrea Thomas,Female,47,Rodriguezmouth,Germany,2025-08-17
CUST03600,Shannon Ferrell,Male,29,East Loribury,Canada,2024-04-05
CUST03601,Lucas Wilkins,Male,43,Christopherborough,Germany,2024-04-11
CUST03602,Theodore Rogers,Female,61,Amybury,Australia,2025-10-23
CUST03603,Tiffany Gross,Male,50,South Joannaside,Australia,2025-09-13
CUST03604,Carla Hughes,Female,30,Mcgeefort,Australia,2023-01-08
CUST03605,Thomas Harris,Female,31,Richardbury,Canada,2021-01-17
CUST03606,Joshua Smith,Male,41,New Jasonmouth,Australia,2022-11-28
CUST03607,Emily Carter,Female,51,Raymondfurt,Canada,2021-05-10
CUST03608,Daniel Rubio,Female,61,Carlostown,Canada,2021-06-11
CUST03609,Elizabeth Suarez,Male,43,Josephmouth,USA,2024-04-18
CUST03610,Scott Williamson,Female,38,New Gregory,USA,2025-07-29
CUST03611,Jacob King,Male,45,Lake Kurt,Canada,2025-02-17
CUST03612,Matthew Raymond,Male,53,Anthonyton,Germany,2023-04-25
CUST03613,Christopher Allen,Male,57,Ronaldfort,UK,2023-06-04
CUST03614,Joseph Brennan,Male,19,Griffinchester,India,2024-02-27
CUST03615,Lisa Garcia,Female,59,Brownfort,USA,2022-03-20
CUST03616,Tammy Gutierrez,Male,26,Rhondaside,Canada,2024-06-05
CUST03617,Leslie Price DDS,Male,40,Codyville,India,2023-12-02
CUST03618,Megan Mcneil,Female,32,Johnsonport,USA,2024-11-08
CUST03619,Ronald Sosa,Male,30,Kristinahaven,UK,2021-10-09
CUST03620,Andre Snyder,Male,40,Gonzalezville,Germany,2021-11-26
CUST03621,Bradley Sims,Female,34,Sheilabury,Canada,2025-01-25
CUST03622,Kim Vazquez,Female,19,Matthewtown,UK,2022-04-09
CUST03623,Travis Hansen,Female,37,South Jason,USA,2023-02-13
CUST03624,Brian Hill,Female,37,Jonesborough,Canada,2024-11-21
CUST03625,Deanna Mercado,Female,63,South Kathleenchester,India,2025-09-06
CUST03626,Cassandra Schwartz,Female,20,South Jeremy,Australia,2022-08-26
CUST03627,Nancy Reilly,Female,29,Russellhaven,Germany,2023-04-30
CUST03628,Tammy Douglas,Male,57,North Katherine,USA,2024-10-09
CUST03629,Sheila Murray,Female,19,Joshuaton,Germany,2022-01-01
CUST03630,Mark Rodriguez,Female,53,North Brettfurt,Canada,2025-03-26
CUST03631,Alan Whitaker,Female,31,South Steven,Australia,2023-10-05
CUST03632,Ashley Harris,Male,33,Masseymouth,UK,2022-12-10
CUST03633,Seth Glover,Male,36,North Ashleyburgh,Germany,2023-03-13
CUST03634,David Patterson,Female,51,Kevinstad,India,2024-06-25
CUST03635,Alice Jefferson,Female,61,Terryville,USA,2025-07-07
CUST03636,Brittany Turner,Female,63,Pierceview,India,2024-04-21
CUST03637,Matthew Green,Male,23,Michaeltown,Germany,2022-09-27
CUST03638,Andrea Horn,Male,30,North Nathanmouth,Australia,2023-05-29
CUST03639,Jacob Walters,Female,53,Davidfort,UK,2021-07-12
CUST03640,Thomas Morgan,Male,39,New Brandonborough,UK,2021-01-01
CUST03641,Melissa Nunez,Female,35,Melissabury,India,2023-10-04
CUST03642,Kenneth Livingston,Male,29,Patelbury,Canada,2024-05-24
CUST03643,Michael Wise,Male,47,Wileyfurt,Canada,2023-10-09
CUST03644,Richard Barr,Female,57,Lake Joseph,Australia,2021-06-12
CUST03645,Steven Benson,Female,24,New Allison,UK,2022-12-02
CUST03646,Alicia Taylor,Female,49,West Laura,India,2025-08-06
CUST03647,Misty Klein,Female,36,Lake Nancyfort,India,2022-01-16
CUST03648,Annette Wise,Male,23,Francisport,India,2023-01-13
CUST03649,Corey Bullock,Male,37,Wilsonchester,Germany,2022-06-02
CUST03650,George West,Male,44,Edwardhaven,Australia,2023-03-12
CUST03651,Ellen Carpenter,Female,60,East Josephtown,Canada,2021-10-24
CUST03652,Kyle Freeman,Male,54,South Patricia,Canada,2025-07-05
CUST03653,Peter Christensen,Female,24,Pooleburgh,Germany,2025-03-09
CUST03654,Kaitlin Perry,Male,22,North Darrellton,USA,2024-11-27
CUST03655,Kari Medina,Female,28,Josephmouth,Germany,2021-11-02
CUST03656,Helen Castro,Female,32,Jacobport,Australia,2024-11-13
CUST03657,William Martinez,Male,20,Lisaton,India,2022-12-16
CUST03658,Cristina Wilson,Female,22,Kelleyburgh,Germany,2022-07-08
CUST03659,Christopher Adkins,Female,40,Murrayborough,India,2023-03-26
CUST03660,Erin Hartman,Male,54,Nelsonbury,Australia,2021-08-08
CUST03661,Kelly Ross,Female,26,Port Justin,Australia,2024-02-14
CUST03662,Paul Alvarado,Female,32,Jasmineland,UK,2025-02-16
CUST03663,Mark Casey,Female,20,Lake Madeline,India,2021-07-21
CUST03664,Noah Garza,Male,46,Kennedyshire,Canada,2023-04-07
CUST03665,Christopher Johnson,Male,23,Markberg,Germany,2022-08-22
CUST03666,Betty Daniel,Female,34,Patriciaview,Australia,2025-05-15
CUST03667,Dylan Williamson,Male,43,North Davidberg,India,2021-09-30
CUST03668,Tiffany Warren,Female,38,Timothyfurt,USA,2025-05-23
CUST03669,Stacey Rios,Female,25,Port Reginahaven,UK,2024-01-04
CUST03670,Lisa Harris,Female,38,New Jeremyhaven,USA,2023-11-03
CUST03671,Connor Murray,Female,28,Jefferytown,Australia,2021-06-16
CUST03672,Laura Mcdaniel,Female,55,Hannahland,USA,2022-10-08
CUST03673,Danielle Sutton,Male,25,New Kyleland,USA,2021-10-18
CUST03674,Michael Franklin,Female,59,Newmanbury,UK,2023-05-24
CUST03675,Christopher Watson,Male,41,South Kristi,UK,2025-04-14
CUST03676,Jason Garcia,Male,52,New Stephen,UK,2023-11-30
CUST03677,John Bridges,Female,31,North Sharon,UK,2025-01-27
CUST03678,Sarah Grant PhD,Female,31,Villafurt,USA,2022-02-08
CUST03679,Juan Smith,Male,27,Reneeton,Canada,2022-06-24
CUST03680,Tina Smith,Male,29,South Zachary,Canada,2025-02-09
CUST03681,Nancy Stanton DVM,Male,55,Lake Victor,UK,2025-06-08
CUST03682,Sonya Sullivan,Female,61,Martinezton,Germany,2024-02-16
CUST03683,Duane Moore,Male,63,Adamsshire,India,2025-04-18
CUST03684,Rachel Martin,Female,51,North Justinborough,Australia,2025-10-01
CUST03685,Sylvia Chavez,Female,58,Chavezfort,Germany,2022-07-31
CUST03686,Taylor Valentine,Female,27,Sparksstad,Australia,2021-07-15
CUST03687,Kimberly Arnold,Male,34,New Lindsay,Germany,2023-09-14
CUST03688,Kimberly Curtis,Female,34,New Kathleen,Germany,2024-12-24
CUST03689,Colleen Reid,Female,20,Martinville,Canada,2024-10-14
CUST03690,James Diaz,Female,48,Brandifort,India,2023-12-06
CUST03691,James Burton,Female,18,Haneyfort,Germany,2024-06-30
CUST03692,Robert Collins,Female,29,South Jessicaburgh,UK,2021-01-19
CUST03693,Steven Guerra,Male,56,Taylorstad,Australia,2023-12-07
CUST03694,James Johns,Female,21,Lake Tracyhaven,Canada,2022-12-15
CUST03695,Alex Daniels,Female,59,East Jamesport,Australia,2025-07-21
CUST03696,Melinda Smith,Male,30,West Daniel,UK,2025-08-27
CUST03697,Virginia Diaz,Female,51,Carpenterhaven,UK,2024-09-18
CUST03698,Thomas Fleming,Male,59,Justintown,Germany,2024-03-20
CUST03699,Carrie Russell,Female,38,Jacksonshire,UK,2022-06-17
CUST03700,Barbara May,Male,39,West Emilyton,India,2024-11-09
CUST03701,Corey Johnson,Male,21,Lake Sarahstad,UK,2025-02-20
CUST03702,Johnathan Marshall,Female,35,Josephtown,Germany,2022-12-04
CUST03703,Jessica Knight,Female,22,New Courtneybury,Australia,2023-07-18
CUST03704,Scott Campbell,Female,36,East Thomasmouth,UK,2023-12-09
CUST03705,Melissa Moran,Male,19,Franklinville,Canada,2024-08-02
CUST03706,Todd Watkins,Male,29,West Austin,Canada,2021-09-15
CUST03707,Wesley Gomez,Male,34,Lake Johnmouth,Canada,2024-06-06
CUST03708,Joseph Hammond,Female,27,Lake Andrewfort,Australia,2022-05-11
CUST03709,Rose Schroeder,Male,51,New Elizabethton,USA,2023-05-05
CUST03710,Marissa Smith,Male,23,New Angelicafurt,Canada,2024-03-18
CUST03711,Anna Wheeler,Female,25,Ferrellland,Canada,2024-08-08
CUST03712,Katherine Schneider,Male,28,West Carolview,USA,2024-05-09
CUST03713,Alyssa Salazar,Male,29,Martinezfort,Australia,2024-07-14
CUST03714,Yvonne Johnson,Female,26,Port Connorville,Canada,2025-07-02
CUST03715,Dr. Jessica Floyd,Male,19,Mcknightfort,Germany,2023-11-21
CUST03716,Joshua Guerrero,Female,25,Carolton,Australia,2022-02-08
CUST03717,Benjamin Nelson,Female,28,Rossfort,Canada,2024-06-07
CUST03718,William Jenkins,Female,53,Kimberlyburgh,Canada,2023-02-23
CUST03719,Andrew Rodriguez,Female,27,Donnaburgh,USA,2021-01-19
CUST03720,Thomas Lozano,Female,38,Lake Ray,Germany,2024-10-12
CUST03721,Jennifer Oconnor,Male,37,Stevensonmouth,Australia,2023-11-02
CUST03722,Zachary Moore,Male,25,Johnathanside,UK,2025-10-12
CUST03723,Dr. Jared Rocha,Female,53,Port Rachel,India,2025-05-24
CUST03724,Brandi Young,Female,46,New Nicoleshire,Germany,2022-10-20
CUST03725,Mr. Timothy Warren,Male,59,Williamland,UK,2021-05-30
CUST03726,Marc Rose,Female,29,Millerstad,Germany,2025-04-18
CUST03727,Lonnie Salinas,Female,31,North Edwin,UK,2022-08-22
CUST03728,Randy Caldwell,Female,38,West Lynn,UK,2024-10-03
CUST03729,Molly Garrett,Male,39,Joshuaburgh,Germany,2025-05-26
CUST03730,Jerry Jones,Male,38,Lake Catherinechester,USA,2023-12-15
CUST03731,Scott Santos,Female,61,East Crystalhaven,Germany,2022-10-04
CUST03732,Ronald Garcia,Female,47,Karinastad,Germany,2025-07-23
CUST03733,Lisa Thomas,Male,56,Stevenside,UK,2022-12-10
CUST03734,Harry Drake,Male,37,Cherylburgh,India,2022-07-06
CUST03735,Melanie Taylor,Female,41,East Adam,UK,2022-06-01
CUST03736,Brittany Dean,Female,40,East Aaronview,Canada,2025-05-10
CUST03737,Sara Ryan,Male,24,Sophiaside,Germany,2022-06-26
CUST03738,Karen Espinoza,Male,26,West Kathleen,Australia,2024-11-14
CUST03739,Melissa Johnson,Male,18,Yangmouth,Germany,2021-08-20
CUST03740,Ethan Clark,Female,43,Cynthiabury,USA,2023-12-21
CUST03741,Michael Jones,Male,55,South Gregoryhaven,Australia,2024-02-07
CUST03742,Faith Ruiz,Female,55,Smithton,UK,2022-12-28
CUST03743,Crystal Garcia,Male,61,Port David,USA,2025-06-18
CUST03744,Joseph Simpson,Male,39,Lake Joseph,Germany,2025-01-29
CUST03745,Karl Henry,Male,61,Port Lori,UK,2022-12-01
CUST03746,Julie Powell,Male,27,North Henry,UK,2025-05-14
CUST03747,Erika Austin,Female,23,South Amber,Canada,2023-01-21
CUST03748,Cheryl Morgan,Female,34,Wendyview,Canada,2021-09-21
CUST03749,Eric Edwards,Male,55,New Wesleyview,India,2023-03-26
CUST03750,Christopher Patterson,Female,41,Moyermouth,Canada,2024-01-14
CUST03751,Steven Figueroa,Male,27,West Tracystad,Australia,2025-05-28
CUST03752,Christian Wilson,Male,25,Stewarthaven,UK,2024-08-15
CUST03753,Benjamin Parker,Male,38,Jefferyhaven,Canada,2021-06-05
CUST03754,Tammy Jarvis,Male,23,Lake Waltertown,India,2022-02-03
CUST03755,Elizabeth Nelson,Female,38,Joshuaborough,Germany,2021-06-30
CUST03756,Theresa Jones,Male,56,Zacharyburgh,Australia,2024-11-13
CUST03757,Jessica Beck,Male,41,Michaelside,Canada,2021-03-05
CUST03758,Kimberly Gomez,Female,50,Duffyland,UK,2021-02-21
CUST03759,Kathleen Jones,Male,35,Ritaland,Germany,2025-07-02
CUST03760,Desiree Barnes,Male,45,Bentleystad,UK,2025-12-07
CUST03761,Christopher Obrien,Male,49,West Matthew,Germany,2021-10-03
CUST03762,Kyle Charles,Female,29,West Clarence,Australia,2025-08-10
CUST03763,Christine Novak,Male,59,West Thomas,UK,2025-09-06
CUST03764,Jennifer Morrison,Female,44,West Tiffany,Canada,2022-02-02
CUST03765,April Clark,Male,27,South Joshua,Canada,2023-01-15
CUST03766,Kelly Trevino,Male,63,South Jeremyville,India,2021-01-24
CUST03767,Frances Gill,Female,59,Lake Juan,Germany,2025-01-11
CUST03768,Louis Jackson,Male,49,Stewartside,India,2025-01-11
CUST03769,Robert Williams,Male,59,Brianamouth,USA,2021-02-07
CUST03770,Christina Lopez DDS,Female,43,Stevenland,Canada,2023-11-16
CUST03771,Hannah Campbell,Female,42,North Lisa,Germany,2022-04-30
CUST03772,Kimberly Valdez,Female,28,Port Thomasmouth,Australia,2025-05-03
CUST03773,Kathryn Peterson,Female,40,Bentonfort,India,2023-08-29
CUST03774,James Wright,Female,51,Carsonland,Australia,2024-02-16
CUST03775,Mary Woods,Male,57,Carrieton,Australia,2023-03-26
CUST03776,Michael Lopez,Female,40,East Lauraville,Australia,2021-03-30
CUST03777,Melissa Mercado,Male,46,Susanmouth,India,2022-11-08
CUST03778,Cynthia Frederick,Male,48,Smithview,USA,2024-09-03
CUST03779,Dustin Bowman,Male,24,Staffordfort,India,2022-01-10
CUST03780,Jason Baker,Female,57,South Sandra,UK,2021-01-25
CUST03781,Michael Williams,Female,50,North Kimberlymouth,Canada,2022-09-27
CUST03782,Kevin Cortez,Male,38,Martinezbury,India,2023-10-08
CUST03783,Anthony Henson,Female,19,East Robertfort,India,2021-04-25
CUST03784,Denise Kent,Female,35,South Robert,USA,2025-05-07
CUST03785,Nathan Farmer,Female,64,Raymondchester,UK,2021-09-28
CUST03786,Sarah Camacho,Female,50,Lake Morgan,India,2024-01-03
CUST03787,Brittney Melton,Male,54,East Dianaborough,Canada,2025-10-15
CUST03788,Crystal Matthews,Male,51,North Kathy,Canada,2023-04-10
CUST03789,Joseph Williams,Female,37,Aguirreshire,India,2025-04-15
CUST03790,Alejandra Mccall,Male,52,Port Janiceside,Australia,2022-08-12
CUST03791,Isaac Hernandez,Female,35,Davidburgh,Australia,2023-03-10
CUST03792,Diana Rice,Female,63,Carloschester,UK,2023-08-27
CUST03793,Christina Vaughn,Male,41,Ryanville,Canada,2022-04-10
CUST03794,Heather Vance,Male,25,Reillymouth,Australia,2024-11-21
CUST03795,Russell Harper,Male,47,South Jeremiahland,Canada,2025-03-26
CUST03796,Samantha Taylor,Female,61,South Christopherberg,UK,2023-08-08
CUST03797,Amanda Lee,Male,27,North Michael,UK,2021-06-28
CUST03798,Anita Mejia,Female,40,North Wesleyborough,Australia,2025-03-20
CUST03799,Michael Stone,Male,28,Lake Sandra,India,2025-09-29
CUST03800,Karla Garrett,Male,19,Wagnertown,Germany,2024-12-15
CUST03801,Jesse Smith,Female,43,Port Gregorymouth,USA,2024-03-30
CUST03802,Cheryl Alvarado,Female,53,Tiffanyside,Germany,2023-11-26
CUST03803,Jessica Baker,Female,50,Pughberg,Germany,2023-07-03
CUST03804,Aaron Bailey,Female,64,New James,Canada,2022-03-30
CUST03805,Angela Chavez,Female,30,West Gregoryview,UK,2023-10-08
CUST03806,Christopher Farrell,Female,57,North Juliachester,Canada,2024-11-03
CUST03807,Danielle Wang,Female,42,North Reginald,Australia,2025-03-19
CUST03808,Leslie Peterson,Female,21,Raymondstad,USA,2022-07-19
CUST03809,Elizabeth Fernandez,Male,59,Garnerhaven,Australia,2024-12-12
CUST03810,Chelsea Jensen,Female,36,North Rebecca,India,2021-06-27
CUST03811,Katie Smith,Female,35,Lewischester,USA,2021-08-19
CUST03812,Edward Davis,Male,54,Lewisview,Canada,2025-08-23
CUST03813,Adam Perez,Female,47,Robinsonfurt,Canada,2021-02-06
CUST03814,Katelyn Miller,Male,36,East Kaylee,Australia,2021-05-12
CUST03815,Darren Rose,Male,40,Justinton,Canada,2022-02-10
CUST03816,Michelle Lucas,Female,33,Coleport,Canada,2023-06-04
CUST03817,Kristen Cantu,Male,18,New Sherry,Germany,2024-02-14
CUST03818,Sydney Mcconnell,Female,29,Gibsontown,India,2025-11-23
CUST03819,Tina Johnson,Male,41,Sandraview,Germany,2025-05-02
CUST03820,Sarah Atkinson,Male,51,East Lucasbury,Canada,2021-05-10
CUST03821,Vincent Pearson,Male,25,Port Williamshire,UK,2022-07-30
CUST03822,Allison Lewis,Female,35,South Andrewmouth,Germany,2024-09-17
CUST03823,Steven Medina,Female,22,Port Jasonstad,Canada,2025-02-26
CUST03824,Mr. Timothy Holmes DVM,Male,43,Marissaburgh,Canada,2023-03-10
CUST03825,Angela Moreno,Male,47,Saramouth,India,2024-08-12
CUST03826,Brian Alexander,Female,30,Melissafort,Australia,2025-04-24
CUST03827,Helen Crawford,Female,36,New Danielhaven,USA,2023-10-05
CUST03828,Alexis Jackson,Male,46,Saraland,Germany,2025-08-23
CUST03829,Steven Peterson,Male,20,Dylanside,Germany,2023-08-09
CUST03830,Kimberly Johnson,Female,43,South Katie,Germany,2023-08-28
CUST03831,Kimberly Cortez,Female,57,Pattersonton,Canada,2024-09-27
CUST03832,Cheryl Rollins,Female,29,Williamsborough,India,2022-12-03
CUST03833,Bryan Wallace,Female,19,Lake Joeside,Canada,2021-12-07
CUST03834,Tamara Davis,Female,28,Johnsonhaven,Canada,2021-01-10
CUST03835,James Sanchez,Male,61,New Petermouth,Australia,2023-11-13
CUST03836,Kathy Stanley,Female,45,Mckenzieland,UK,2022-12-19
CUST03837,Michelle Lopez,Male,35,Lake Ryanchester,India,2021-12-01
CUST03838,Pamela Martinez,Female,30,Crystalville,Germany,2025-05-09
CUST03839,Mackenzie Bryant,Male,54,Berryberg,USA,2021-01-23
CUST03840,Jeremy Baker,Female,39,East Margaret,Germany,2023-03-14
CUST03841,Mary Price,Female,29,Allisonview,Canada,2023-09-13
CUST03842,Sean Matthews,Male,19,Mccormickburgh,India,2022-01-31
CUST03843,Megan Goodman,Male,54,Lake Johnberg,India,2024-11-11
CUST03844,James Flores,Female,24,West Jameschester,India,2023-07-05
CUST03845,John Schwartz,Female,43,New Jamie,UK,2022-03-23
CUST03846,Mark Fitzpatrick,Female,43,Port Leslieside,Germany,2025-12-21
CUST03847,David Mercado,Female,41,Irwinton,UK,2025-11-23
CUST03848,Samantha Love,Female,29,Jameschester,Australia,2024-09-09
CUST03849,Rachel Dunn,Male,33,Rodriguezmouth,USA,2022-03-09
CUST03850,Bruce Romero,Male,40,North Ryanmouth,Australia,2024-03-05
CUST03851,Amy Garcia,Female,57,Gayland,Canada,2021-12-31
CUST03852,Jerry Bauer,Male,26,Paigeland,UK,2024-08-13
CUST03853,Mrs. Ashley Chase,Male,49,New Monicafort,UK,2023-06-30
CUST03854,Daniel Shaw,Male,32,East Nathaniel,Australia,2024-08-11
CUST03855,William Walls,Female,54,Patrickville,Canada,2024-12-23
CUST03856,Melissa Martin,Male,30,Port Josephstad,India,2024-01-02
CUST03857,Richard Hale,Female,22,Lake Daniellefort,Canada,2021-07-02
CUST03858,Rodney Garcia,Male,28,Jamesshire,Germany,2022-02-11
CUST03859,Jessica Carpenter,Female,27,Meltonside,Australia,2023-09-19
CUST03860,Cheyenne Brown,Male,30,North Danielle,Canada,2025-04-28
CUST03861,Kenneth Parks,Female,58,North Tiffanyfurt,India,2022-08-07
CUST03862,Earl Brown,Female,63,Joneston,Canada,2024-01-06
CUST03863,Victor Baxter,Male,32,Fisherport,UK,2025-09-09
CUST03864,Mr. Francisco Gonzalez,Female,59,Michellehaven,USA,2024-04-09
CUST03865,Michael Little,Female,24,Edwardsside,UK,2024-12-21
CUST03866,Robert Gutierrez,Female,57,North Christopher,USA,2021-01-17
CUST03867,Mr. Jeffrey Lee,Female,45,Port Jessica,Canada,2024-10-01
CUST03868,Leah Carey,Female,49,Martinezbury,Germany,2025-10-29
CUST03869,Cody Campbell,Female,52,South Monica,Canada,2021-06-28
CUST03870,Dorothy Long,Female,32,South Sarahaven,India,2023-02-04
CUST03871,Ronald Lam,Female,53,Port Alicia,Canada,2024-03-01
CUST03872,Donald Hopkins,Male,38,Keithfort,USA,2021-01-03
CUST03873,Robert Brown,Male,23,East Luisfurt,UK,2025-10-12
CUST03874,Louis West,Female,18,Port Christophertown,Germany,2021-04-16
CUST03875,Kaitlin Mathews,Female,21,Cameronview,Canada,2022-07-03
CUST03876,Charles Guerrero,Male,28,New Thomasberg,Canada,2023-09-20
CUST03877,Gloria Davis,Male,61,New Stephanie,UK,2025-04-29
CUST03878,Juan Smith,Male,43,Lake Lawrencehaven,Germany,2025-10-02
CUST03879,Michael Garcia,Female,54,Camposfurt,Australia,2025-10-08
CUST03880,Robert Mitchell,Male,40,Mcneilport,Canada,2024-10-07
CUST03881,Kenneth Torres,Female,46,West Shelly,Canada,2021-09-02
CUST03882,Michael Rodriguez,Female,38,Josephside,Australia,2021-12-31
CUST03883,Hannah Chavez,Male,62,Port Jasonstad,USA,2025-09-20
CUST03884,Aaron Morgan,Female,62,Hollyfurt,USA,2022-04-16
CUST03885,Jeffery Booth,Female,44,Christopherland,India,2024-04-18
CUST03886,Mr. Daniel Barton,Female,56,South Michael,UK,2023-08-13
CUST03887,Chelsea Vargas,Female,57,West Matthewville,Germany,2022-09-24
CUST03888,Brittney Booth,Male,30,Williamstown,Canada,2022-05-07
CUST03889,Amber Chambers,Male,40,Adamside,Canada,2021-12-20
CUST03890,Chad Rodriguez,Female,33,North Joseph,India,2021-04-12
CUST03891,Martha Foster,Female,47,Whitneyborough,Canada,2024-01-04
CUST03892,Ashley Patel,Male,21,Rachelshire,UK,2025-04-27
CUST03893,Michelle Hill,Female,57,Stevenmouth,India,2024-05-02
CUST03894,Michael Wright,Male,33,East Jonathanville,UK,2023-11-16
CUST03895,Dana Smith,Female,48,Benjaminburgh,India,2025-01-24
CUST03896,Joshua Short,Female,59,Nathanielstad,Canada,2022-10-11
CUST03897,Carlos Potter,Male,42,Frostton,India,2023-11-04
CUST03898,Kara Pennington,Male,61,Stevensonmouth,USA,2024-11-19
CUST03899,Melissa Wiggins,Male,29,Lake Diana,Germany,2022-09-22
CUST03900,Robert Martin,Male,43,Chapmanhaven,Canada,2022-01-12
CUST03901,Joseph Hawkins,Female,54,Richardsonview,Australia,2021-09-27
CUST03902,Christine Vasquez,Male,50,Bradleyton,Germany,2021-06-05
CUST03903,Sarah King,Female,45,Lake Tammy,Canada,2025-05-02
CUST03904,Daniel Gonzalez,Male,26,West Katherinehaven,Germany,2024-09-24
CUST03905,Mark Fowler,Male,29,Josephview,USA,2021-03-10
CUST03906,John Juarez,Female,22,Port Diane,Germany,2022-10-21
CUST03907,Jason Johnson,Male,45,South Ambertown,India,2021-03-18
CUST03908,Margaret Jenkins,Male,52,Port Laura,Germany,2023-05-27
CUST03909,Crystal Smith,Male,22,Kennedyborough,Canada,2024-11-05
CUST03910,Zachary Jones,Male,51,Port Keith,Australia,2025-09-06
CUST03911,Richard Jones,Female,63,West Carmen,Australia,2025-04-29
CUST03912,Ashley Jones,Female,51,Gutierrezburgh,UK,2023-08-25
CUST03913,Heather Parker,Male,30,Mitchellland,Germany,2021-08-14
CUST03914,Alice Moore,Male,56,Port William,Australia,2025-11-30
CUST03915,Karen Jackson,Male,59,Lake Jessica,Germany,2021-12-21
CUST03916,Faith Richardson,Female,62,Port Jerome,Australia,2025-11-11
CUST03917,Johnny Henderson,Female,31,North Amanda,Germany,2025-10-31
CUST03918,Darryl Lowe,Female,28,Escobarfort,Canada,2024-05-19
CUST03919,Morgan Freeman,Female,59,North Josephbury,Germany,2021-12-22
CUST03920,Sandra Wood,Male,55,Higginsland,Canada,2023-07-13
CUST03921,Bradley Colon,Male,21,Davidport,Canada,2021-11-07
CUST03922,Kevin Castro,Male,50,Lake Jesse,UK,2023-10-18
CUST03923,Ryan Avery,Female,24,South Gregoryton,Australia,2021-07-03
CUST03924,Krista Gonzalez,Male,58,Muellershire,India,2023-07-12
CUST03925,Travis Arellano,Female,25,Youngside,Canada,2025-01-13
CUST03926,Andrew Andersen,Female,54,Hansenmouth,Australia,2022-10-05
CUST03927,Katherine Martin,Male,27,Morrowland,USA,2024-02-24
CUST03928,Brenda Grant,Male,60,Amyborough,Germany,2022-08-10
CUST03929,Todd Ryan DDS,Male,32,Lake Jenniferfort,USA,2021-11-26
CUST03930,Justin Glover,Female,55,East William,Germany,2022-06-27
CUST03931,Douglas Hebert,Female,32,East Amy,UK,2022-09-04
CUST03932,Tyler Rios,Male,22,Sherylview,Canada,2023-04-28
CUST03933,Kendra Berger,Male,46,North Melissaside,India,2025-08-15
CUST03934,Matthew Bender,Female,36,Juliafurt,Canada,2022-09-02
CUST03935,Jennifer Powell,Male,27,Jonathanmouth,Germany,2023-01-23
CUST03936,Stacy Jones,Female,29,New Jennifer,India,2023-05-29
CUST03937,Jean Copeland,Female,21,Ramseyton,Canada,2024-10-14
CUST03938,Erin Valdez,Male,48,Trevorburgh,India,2024-07-20
CUST03939,Cristian Lewis,Male,35,Lake Krystal,Germany,2022-08-01
CUST03940,Carla Thomas,Male,33,Melissaburgh,UK,2022-01-27
CUST03941,Andre Mcintyre,Male,57,Jenniferview,UK,2021-05-11
CUST03942,Carolyn Perry,Female,53,Lewisshire,Canada,2025-10-26
CUST03943,Marcus Griffith,Female,42,Port Victoriatown,USA,2024-03-12
CUST03944,Austin Lloyd,Female,40,West Elizabethborough,Germany,2023-07-25
CUST03945,Steven Miller,Male,29,New Carlosberg,Canada,2022-01-20
CUST03946,Stacy Woods,Female,51,Port Damon,Canada,2023-10-02
CUST03947,Katrina Stephens DDS,Male,53,Shannonville,UK,2023-11-30
CUST03948,Heather Blackwell,Male,54,Lake Bradley,India,2023-04-26
CUST03949,John Malone,Male,20,Griffithside,Germany,2022-03-13
CUST03950,Bradley Johnson,Male,26,New Tristanchester,India,2021-11-13
CUST03951,Shannon Brown,Male,35,North Jillianland,Australia,2024-02-16
CUST03952,Spencer Lee,Male,60,Colinside,Australia,2022-01-09
CUST03953,Alexander Smith,Female,52,Annaport,Germany,2021-09-05
CUST03954,Michael Harris,Male,51,Chasechester,USA,2022-09-11
CUST03955,Lindsay Patel,Female,58,Floresstad,Australia,2022-07-16
CUST03956,Ryan Stanton,Female,31,East Brian,UK,2023-08-02
CUST03957,Karina Faulkner,Male,21,South Scott,USA,2021-07-14
CUST03958,Nicholas Johnson,Male,46,Lake Ericaburgh,Canada,2024-01-15
CUST03959,Tammy Ward,Male,58,Shellyville,Australia,2022-09-15
CUST03960,Mary Jenkins,Female,62,Danielmouth,UK,2022-06-12
CUST03961,Jacqueline Martin,Male,32,North Crystal,Canada,2024-02-22
CUST03962,Tabitha Brooks,Female,45,East Courtney,USA,2025-03-03
CUST03963,Brenda Brooks,Male,59,East Robertbury,Germany,2021-06-16
CUST03964,Travis Byrd,Male,33,Territown,Canada,2021-11-07
CUST03965,Jeffrey Beck,Female,29,New Kathyville,India,2025-12-10
CUST03966,David Franco,Female,22,Bellburgh,Germany,2024-05-21
CUST03967,Marcus Hunter,Male,51,West Francisco,Germany,2025-04-19
CUST03968,Ralph Dean,Female,59,North Emily,USA,2023-06-07
CUST03969,Jeffrey Price,Female,18,Bethanystad,USA,2025-05-06
CUST03970,Samantha Moss,Female,56,South Andrew,UK,2021-01-29
CUST03971,Barry Holmes,Female,49,Port Kathrynhaven,UK,2025-03-11
CUST03972,Shelby Duke,Female,43,Kimberlyborough,India,2022-10-14
CUST03973,Jamie Lynch,Male,34,Leahberg,Germany,2025-09-30
CUST03974,Andre Dixon,Male,44,Michaelburgh,India,2021-12-16
CUST03975,John Gardner,Female,41,East Crystal,India,2021-12-11
CUST03976,Stephanie Velez,Male,52,East Jameston,USA,2024-08-05
CUST03977,Leah Joseph,Male,63,Nunezstad,India,2022-04-28
CUST03978,Zachary Jones,Female,59,Paulburgh,India,2023-10-07
CUST03979,Joshua Malone,Male,56,South Sandramouth,Canada,2024-03-26
CUST03980,Sonya Jackson,Female,43,Davidberg,UK,2025-04-18
CUST03981,Beth Castillo,Female,55,Port Jason,UK,2022-08-07
CUST03982,Douglas Myers,Male,40,Port Christinestad,Germany,2021-08-25
CUST03983,Robert Ward,Female,39,Port Karen,UK,2022-09-28
CUST03984,Timothy Kelly,Female,21,Williamhaven,Australia,2025-11-02
CUST03985,Tonya Rosales,Female,26,Lake Mariabury,Germany,2024-02-26
CUST03986,Kevin Griffin,Female,21,Port Philip,Canada,2023-03-03
CUST03987,David Chavez,Female,24,Catherineberg,UK,2021-02-22
CUST03988,Jon Jones,Male,40,Lake Wesley,Canada,2023-04-13
CUST03989,Kevin Schneider,Male,19,West Johnny,UK,2024-08-27
CUST03990,Brandon Thompson,Female,41,East Michaelbury,UK,2023-09-01
CUST03991,Jennifer Little,Female,57,Thompsonmouth,Canada,2022-05-20
CUST03992,Catherine Williams,Male,48,Juanchester,India,2022-06-19
CUST03993,Amanda Reese,Female,64,West Cameron,India,2021-04-22
CUST03994,Natalie Lee,Male,48,South Coreyberg,India,2025-05-10
CUST03995,Jessica Ferrell,Female,64,North Jeanetteton,Australia,2025-02-05
CUST03996,Chad Craig,Female,57,Savagechester,India,2022-07-13
CUST03997,Christine Scott,Female,60,North Nicoleborough,UK,2022-05-13
CUST03998,Herbert Keller,Female,51,Lake Kelsey,USA,2025-02-26
CUST03999,Justin Cook,Female,41,Blackfurt,Canada,2024-07-11
CUST04000,Lisa Turner,Female,43,Reynoldsland,USA,2024-11-02
CUST04001,Elizabeth Michael,Female,33,Carmenshire,Australia,2023-10-28
CUST04002,Tara Jennings,Male,64,East Stephenmouth,USA,2024-11-20
CUST04003,Timothy Ruiz,Male,30,Grantshire,Germany,2021-02-26
CUST04004,Reginald Morrison,Male,32,Tiffanybury,India,2022-08-24
CUST04005,Matthew Martin,Female,44,New Robertborough,Australia,2024-04-07
CUST04006,Shelly Nelson,Female,21,South Adamchester,UK,2023-06-25
CUST04007,Joseph Parrish,Female,33,Sheltonchester,India,2024-10-31
CUST04008,Catherine Walker,Female,47,Samanthaport,India,2025-08-08
CUST04009,Robert Harrington,Female,61,New Keithview,USA,2021-10-19
CUST04010,Robert Henry,Female,47,Port Elizabethton,Germany,2021-12-11
CUST04011,Arthur King,Female,53,New Heatherburgh,India,2021-10-13
CUST04012,Joseph Salas,Male,20,Lake Jasonchester,Canada,2023-05-17
CUST04013,Bonnie Maldonado,Female,39,Durhamtown,Canada,2021-01-25
CUST04014,Brenda Smith,Male,39,Sarahtown,India,2023-06-05
CUST04015,Charles Walker,Male,29,Stephanieburgh,USA,2025-02-17
CUST04016,Dennis Gordon,Female,38,Wangtown,USA,2021-08-01
CUST04017,Kathleen Eaton,Female,21,West Dennisberg,UK,2022-08-22
CUST04018,Andrew Morrow,Male,48,Port Danielside,Australia,2022-06-25
CUST04019,Gregory Davis,Male,61,West Joshua,Australia,2022-03-26
CUST04020,Justin Crawford,Female,48,Cynthiastad,Australia,2024-02-18
CUST04021,Timothy Hughes,Female,40,Mooreview,Germany,2024-10-29
CUST04022,Ebony Kramer,Male,37,Wilsonfurt,USA,2023-04-26
CUST04023,Amanda Cooper,Female,32,East Stevenville,UK,2023-06-03
CUST04024,Charles Anderson,Female,40,West Alexanderside,Canada,2025-10-25
CUST04025,Michelle Gutierrez,Female,45,South Paulberg,Australia,2024-02-17
CUST04026,Melissa Smith,Male,33,Richardsonberg,Canada,2022-12-22
CUST04027,Jamie Parker,Male,54,New Elizabeth,Canada,2021-06-02
CUST04028,Cynthia Harper,Male,38,Williamsville,India,2022-04-16
CUST04029,Anna Moon,Female,32,New Ricardoton,Germany,2021-04-06
CUST04030,Amy Henry,Female,34,East Susan,UK,2023-01-05
CUST04031,Michael Mendez,Male,54,Port Kevin,Germany,2023-11-13
CUST04032,Jeremy Taylor,Male,30,West Jacob,India,2023-09-28
CUST04033,Veronica Rodriguez,Male,36,Richardmouth,UK,2024-05-27
CUST04034,George Tate,Female,47,Lake Pamela,UK,2022-09-14
CUST04035,Michael Morales,Male,62,Kimberlyview,USA,2025-05-26
CUST04036,Tyler Hayden,Male,35,Collinsshire,Germany,2025-11-06
CUST04037,Seth Murray,Female,31,West Erichaven,Germany,2023-01-13
CUST04038,Andrew Carrillo,Female,53,East Michael,USA,2021-12-06
CUST04039,Colleen Roth,Female,53,South Brandon,Canada,2022-11-18
CUST04040,David Harrington,Male,37,East Joshua,India,2025-04-27
CUST04041,Nicholas Ford,Female,36,North Jacob,Germany,2023-01-20
CUST04042,Julia Palmer,Female,62,South Adrianborough,USA,2024-09-04
CUST04043,Ronald Aguirre,Male,61,Lake Dianefort,UK,2022-07-05
CUST04044,Douglas Rivera,Female,24,Chrisview,Australia,2024-12-17
CUST04045,Brittany Aguirre,Male,61,Bradystad,USA,2021-07-13
CUST04046,Heather Phillips,Male,21,Scotttown,Australia,2022-08-08
CUST04047,Wendy Miles,Female,51,Rossport,Canada,2024-03-18
CUST04048,Nichole Schmidt,Female,19,Kimberlyside,India,2025-12-01
CUST04049,Alexandria Haley,Female,22,Harrisontown,Australia,2025-09-30
CUST04050,Tiffany Powell,Female,27,West Andrew,Canada,2023-09-27
CUST04051,Tiffany Hahn,Female,49,Websterburgh,Australia,2025-02-16
CUST04052,Amanda Davis,Female,59,North Josephport,UK,2023-07-20
CUST04053,Gregory Walsh,Male,58,Simpsontown,UK,2021-05-26
CUST04054,Julie Marks,Male,30,North Brian,UK,2024-12-07
CUST04055,Bryan Jones,Female,56,South Raymondchester,UK,2024-10-28
CUST04056,Kelly Romero,Male,22,Port Alejandra,USA,2021-08-11
CUST04057,Michael Elliott,Female,27,Ericksonmouth,UK,2025-01-07
CUST04058,Melanie Johnson,Male,27,Richardtown,UK,2024-11-15
CUST04059,David Carrillo,Male,55,New Gina,USA,2022-05-29
CUST04060,Regina Terry,Male,44,South Virginia,UK,2021-10-01
CUST04061,Laura Burns,Female,38,South John,Canada,2023-01-21
CUST04062,Angela Webb,Male,25,New Josephfort,Canada,2022-03-17
CUST04063,Daniel Smith DVM,Female,18,Martinezmouth,Germany,2022-08-20
CUST04064,Kristen Jenkins,Male,45,South Grant,Canada,2024-01-16
CUST04065,Angela Leon,Male,56,West Wendyland,India,2023-01-17
CUST04066,Joel Norman,Male,31,North Tonyashire,India,2025-11-13
CUST04067,Brittany Hunter,Male,38,West Melissa,India,2025-09-26
CUST04068,Anthony Kennedy,Male,47,Lake Laura,USA,2025-11-12
CUST04069,Jessica Austin,Female,38,East Elizabeth,Canada,2024-01-24
CUST04070,April Harrison,Female,26,North Lisahaven,India,2023-08-03
CUST04071,Kevin Campbell,Male,34,Port Marybury,Germany,2021-02-17
CUST04072,Lee Parker,Male,22,Jamesberg,USA,2022-12-03
CUST04073,Colleen Welch,Male,48,Garrettville,Germany,2024-07-03
CUST04074,Christy Perry,Male,57,Lake Stephenside,Canada,2021-03-05
CUST04075,Kiara Miller,Female,55,Mortonbury,UK,2023-02-25
CUST04076,Kevin Walton,Male,60,Cassandramouth,Germany,2022-11-25
CUST04077,Laura Smith,Female,36,North Bridget,UK,2025-12-23
CUST04078,David Long,Male,53,South Joelburgh,USA,2021-07-29
CUST04079,Amber Morgan,Female,50,Jorgeborough,Germany,2025-02-16
CUST04080,Paul Gonzalez,Male,30,Michaelshire,Germany,2022-09-22
CUST04081,Keith Snow,Male,31,West Chadfort,Australia,2024-05-01
CUST04082,Kristy Stephens,Female,50,Stevenside,USA,2025-02-02
CUST04083,George Young,Male,46,Faulknermouth,USA,2022-10-05
CUST04084,Matthew Cobb,Male,60,Lake Rebecca,India,2021-01-19
CUST04085,Danny Wells,Male,53,Merrittmouth,Canada,2022-02-27
CUST04086,Jeffrey Elliott,Female,61,Port Kevinton,Germany,2024-04-28
CUST04087,Dr. Robert Oconnor,Male,27,South Barbara,Germany,2024-07-02
CUST04088,Ryan Barrett,Male,48,North William,USA,2023-08-12
CUST04089,Julie Miles,Female,23,Colleenberg,USA,2024-06-30
CUST04090,Leslie Bauer,Female,18,Ashleyport,Canada,2024-04-24
CUST04091,Nicole Simpson,Female,24,Evansmouth,USA,2023-07-16
CUST04092,Daniel Gray,Male,44,East Nancy,UK,2024-01-25
CUST04093,William Gilmore,Male,38,East Jamesfort,UK,2024-08-28
CUST04094,Jeffrey Padilla,Male,45,Thomashaven,Australia,2023-12-17
CUST04095,James Mcdonald,Female,33,South Ashley,UK,2023-03-09
CUST04096,Monica White,Male,63,Romanview,UK,2022-03-03
CUST04097,Amy Harper,Male,40,Paulaburgh,Canada,2023-03-19
CUST04098,Scott Bailey,Female,37,East Crystal,Germany,2025-04-19
CUST04099,Kristen Stone,Female,55,Port Meaganhaven,UK,2023-04-14
CUST04100,Patricia Boyd,Female,42,Johnsontown,Australia,2024-11-02
CUST04101,Shannon Garrett,Female,45,South Melodyton,USA,2025-10-13
CUST04102,John Miller,Female,22,Port Chadport,UK,2024-10-17
CUST04103,Michelle Lee,Male,38,Courtneyview,Australia,2022-12-29
CUST04104,Amy Peters,Female,35,Lindashire,Canada,2024-05-17
CUST04105,Kenneth Paul,Male,64,Jessicaburgh,USA,2025-10-17
CUST04106,Randall Bennett,Male,23,Lake Brenda,Australia,2022-11-14
CUST04107,James Caldwell,Female,46,Reneetown,UK,2024-11-30
CUST04108,James Phillips,Female,36,Carolstad,Germany,2021-05-02
CUST04109,Jamie Simmons,Female,50,Port Ronald,USA,2024-04-05
CUST04110,Daniel Smith,Male,18,Banksside,USA,2024-10-07
CUST04111,Mariah Pace,Female,62,Marcusmouth,Germany,2022-03-29
CUST04112,John Bailey,Female,20,East Scott,USA,2021-12-05
CUST04113,Christopher Franco,Female,59,North Chadville,UK,2024-10-13
CUST04114,William Reyes,Female,38,Harriston,USA,2025-02-08
CUST04115,Michelle Maxwell,Female,52,Nolanport,UK,2021-02-23
CUST04116,Abigail Mcdonald,Male,58,Port Marissafort,Germany,2024-05-26
CUST04117,Brian Wright,Male,57,Jimenezstad,India,2021-03-22
CUST04118,Victoria Lopez,Male,20,Smithside,Germany,2022-10-03
CUST04119,Russell Figueroa,Female,42,West Dorothyfurt,UK,2023-12-24
CUST04120,Terry Cook,Female,62,West Andrea,Canada,2023-07-11
CUST04121,James Rodriguez,Female,55,Kellychester,Germany,2021-05-12
CUST04122,Marilyn Ortiz,Male,62,Whitestad,Canada,2025-08-08
CUST04123,Timothy Mitchell,Female,37,Gabriellefurt,Canada,2024-06-24
CUST04124,Dr. Tony Barr,Female,61,Ashleymouth,UK,2025-05-02
CUST04125,Pamela Compton,Female,62,Littlemouth,UK,2022-09-25
CUST04126,Erica Powers,Male,51,Port Rogerfort,India,2024-07-05
CUST04127,Cristian Kim,Female,38,North Debbieborough,Australia,2021-04-01
CUST04128,Ryan Hines,Male,40,South Paul,USA,2023-01-23
CUST04129,Wanda Simmons,Female,23,Lake Tara,Germany,2024-10-07
CUST04130,Nathan Ramsey,Male,30,West Caitlinfort,UK,2024-08-07
CUST04131,Katherine Collins,Male,40,Jodimouth,Germany,2024-05-14
CUST04132,Michelle Kline,Male,26,Whitehaven,Australia,2023-04-14
CUST04133,Julia Freeman,Female,34,Romeroborough,Australia,2022-01-18
CUST04134,Daniel Garza,Female,19,New Michael,Canada,2021-03-27
CUST04135,Thomas Rivera,Male,36,Taylorside,USA,2023-04-22
CUST04136,Shannon Parrish,Male,36,Duncanton,India,2025-06-21
CUST04137,Kristin Williams,Female,24,New Christophertown,Germany,2025-11-14
CUST04138,Jonathan Hood,Female,59,Ginaport,USA,2024-10-19
CUST04139,Susan Miller,Male,59,South Joel,India,2024-10-16
CUST04140,Danielle Cook,Female,37,East Lisamouth,Germany,2022-12-22
CUST04141,Maria Stone MD,Female,26,East Jessica,USA,2025-06-04
CUST04142,Lori Nelson,Female,34,Jessicaland,UK,2021-05-09
CUST04143,Anthony Williams,Female,44,Port Christopherfort,Germany,2023-12-26
CUST04144,David Ayers,Male,64,Derrickport,USA,2021-10-28
CUST04145,Ann Davis,Female,19,Jameston,Australia,2022-09-13
CUST04146,Roger Smith,Female,53,Theresafurt,India,2021-05-03
CUST04147,Jennifer Moore,Male,36,Lake Andrew,USA,2023-11-11
CUST04148,Jimmy Fuller,Male,34,Carlsonport,UK,2021-08-15
CUST04149,Jeffrey Skinner,Female,22,Hayesbury,Germany,2023-03-02
CUST04150,Luis Salinas,Female,56,Lisafurt,Germany,2023-01-21
CUST04151,Sheila Levine,Female,35,New Michael,Germany,2024-10-14
CUST04152,Helen Hill,Female,24,South James,UK,2021-10-02
CUST04153,Laura Rodriguez,Male,34,Davilabury,India,2025-01-15
CUST04154,Nicholas Webb,Male,56,Jennyburgh,Germany,2025-06-02
CUST04155,Lance Mcguire,Male,53,North Lisa,India,2023-11-23
CUST04156,Stephanie Roberts,Female,57,Spencerview,USA,2022-11-09
CUST04157,Stephanie Boyd,Female,62,South Morgan,Australia,2023-06-24
CUST04158,Stephanie Patterson,Female,21,Sharpberg,Australia,2021-03-11
CUST04159,Brian Lawson,Female,55,West Michaelville,India,2021-11-26
CUST04160,Frank Hatfield,Male,42,East Jennifertown,India,2021-06-20
CUST04161,Shelby Green,Male,22,East Christineborough,Australia,2023-10-24
CUST04162,Maria Bird,Female,47,East Reginald,Germany,2021-04-06
CUST04163,Crystal Liu,Male,29,South Nicoleland,Canada,2025-08-22
CUST04164,Derrick Leon,Female,21,Molinaburgh,Canada,2024-02-09
CUST04165,Danielle Wilson,Female,41,New Steven,UK,2022-08-15
CUST04166,Mitchell Gates,Male,46,East Ethanfurt,Australia,2024-11-13
CUST04167,Sharon Warren,Female,26,Chavezmouth,Australia,2021-09-27
CUST04168,Ralph Melton,Female,21,Michaelville,UK,2022-06-14
CUST04169,Anthony Snyder,Male,41,South Ronald,Canada,2021-01-24
CUST04170,Gabriel Moore,Female,31,Danborough,USA,2025-11-12
CUST04171,Charles Brown,Female,22,North Briannahaven,Germany,2022-08-26
CUST04172,William Summers,Male,35,Port Sean,Germany,2024-06-30
CUST04173,Cameron Lowe,Female,59,Taramouth,USA,2023-01-10
CUST04174,Juan Adkins,Male,36,New Caseyhaven,USA,2023-02-05
CUST04175,Kirsten Yoder,Female,29,Annechester,Canada,2024-03-26
CUST04176,Jason Johnson,Male,35,North Stephenburgh,UK,2021-01-21
CUST04177,Betty Rodriguez,Male,34,Port Daniel,USA,2021-12-09
CUST04178,Ashley Lee,Male,47,South Andrew,UK,2023-06-27
CUST04179,Peter Short,Female,41,Brittanyton,India,2023-01-21
CUST04180,Dennis Rowland,Male,28,Mitchellville,Germany,2021-02-05
CUST04181,David Griffin,Male,52,East Maryhaven,Canada,2023-05-15
CUST04182,Richard Edwards,Male,40,Port Deborah,Germany,2025-07-20
CUST04183,Nicole Gibson,Male,34,Stevenberg,Canada,2023-03-27
CUST04184,Brittany Wallace,Male,18,Danielhaven,India,2024-10-14
CUST04185,Wayne Maddox,Female,32,Allenfurt,Germany,2023-02-16
CUST04186,Laura Davis,Female,49,Mooreburgh,India,2021-02-17
CUST04187,Benjamin Brown,Female,26,Jacksonfurt,Canada,2023-10-20
CUST04188,Kathryn Petersen,Female,32,West Sarah,USA,2022-02-13
CUST04189,Catherine Stevens,Female,45,East Michaelberg,Germany,2024-04-20
CUST04190,Olivia Wallace,Female,41,South Christopherside,India,2023-12-02
CUST04191,Erin Ballard,Female,52,East Deanna,Australia,2022-01-03
CUST04192,Heather Lewis,Male,39,Lake Lee,Germany,2021-07-31
CUST04193,Larry Woods,Female,44,Morganhaven,Germany,2021-11-01
CUST04194,Mrs. Rebecca Burnett,Male,36,South Vincent,Germany,2021-05-18
CUST04195,Paula Yu,Male,62,North Judith,UK,2023-10-25
CUST04196,Shannon Kennedy,Female,29,Weaverville,India,2025-08-18
CUST04197,Haley Howard,Male,37,Port Jamie,India,2025-02-27
CUST04198,Laurie Thomas,Male,18,South John,Germany,2024-11-16
CUST04199,Jesus Sullivan,Male,38,Taylorport,USA,2025-08-11
CUST04200,Kathleen Bailey,Male,62,East Katelyn,Germany,2023-02-26
CUST04201,Aaron Hardin,Female,18,Lake Vincentland,UK,2021-09-12
CUST04202,Ms. Angela Joseph,Female,27,Murphyville,Canada,2023-04-19
CUST04203,Aaron Willis,Female,64,New Mary,UK,2021-03-27
CUST04204,Stacey Morrow,Female,49,South Stacy,USA,2023-08-23
CUST04205,Jennifer Davis,Female,56,Vargastown,Germany,2021-12-07
CUST04206,Valerie Barnes,Female,39,Makaylaport,India,2023-11-01
CUST04207,Alex Lopez,Female,35,Savageshire,Australia,2022-06-27
CUST04208,John Yoder,Female,63,Michaelview,Germany,2023-04-06
CUST04209,Jessica Jacobs,Female,49,Sanchezville,USA,2021-12-02
CUST04210,Sarah Oconnor,Female,44,South Jennifer,India,2022-05-13
CUST04211,Tyler Marshall,Male,45,North Brittany,UK,2024-05-02
CUST04212,Alyssa Stone,Female,35,Craigland,Canada,2023-05-18
CUST04213,Lindsey Powell,Male,56,South Stacey,Canada,2021-04-23
CUST04214,Dylan Hernandez,Male,46,Alanmouth,Germany,2022-11-17
CUST04215,Kevin Young,Male,35,Port Christine,UK,2024-10-26
CUST04216,Mrs. Tara Lyons,Male,61,Shermanhaven,Australia,2023-04-03
CUST04217,Jamie Dorsey,Female,25,South Williamstad,Australia,2021-08-02
CUST04218,Robert Smith,Male,48,Lake Andrew,USA,2024-02-25
CUST04219,Sandra Benitez,Female,51,West Adam,Canada,2023-06-21
CUST04220,Jessica Boyd,Female,24,Rachelside,UK,2025-01-23
CUST04221,Heather James,Male,53,Joshuaburgh,Germany,2022-01-22
CUST04222,Robert Harris,Female,35,Johnland,India,2021-08-10
CUST04223,Adam Bailey,Male,55,Colemanview,Germany,2023-06-21
CUST04224,Timothy Griffin,Male,26,East Mary,Germany,2025-02-07
CUST04225,Adam Murray,Female,26,South Willie,UK,2024-06-30
CUST04226,Ryan Wolfe,Female,63,Rebeccamouth,Canada,2024-08-28
CUST04227,Dr. Elizabeth Cole,Male,25,Doylemouth,UK,2021-12-27
CUST04228,Emily Rogers,Female,52,Melanieside,India,2022-02-08
CUST04229,Michael Davis,Female,35,Lake James,UK,2022-11-17
CUST04230,Peggy Dyer,Female,22,Georgeland,USA,2022-05-16
CUST04231,Kenneth Holmes,Male,31,Philipfurt,Germany,2023-04-08
CUST04232,Lonnie James,Male,45,Michaelstad,Canada,2021-07-26
CUST04233,Kathy Young,Female,47,Lindseystad,Australia,2025-11-28
CUST04234,Cheryl Dillon,Female,21,West Nicholas,India,2025-01-21
CUST04235,David Salazar,Female,56,East Rachel,Australia,2023-01-16
CUST04236,Debra Stephens,Female,37,North Rickyport,Germany,2025-08-28
CUST04237,Julia Mata,Female,42,Gardnerport,UK,2021-06-01
CUST04238,Joseph Cain,Male,45,Lake Justinside,Australia,2025-08-30
CUST04239,Jeffery Olson,Female,29,Schmidthaven,USA,2021-09-14
CUST04240,Kristen Lee,Male,19,Hamiltonfort,UK,2021-02-05
CUST04241,Heather Bowers MD,Female,60,Weaverland,Germany,2021-10-13
CUST04242,Julie Gardner,Male,31,Richardsland,Australia,2023-10-15
CUST04243,Bethany Brown,Female,39,Davisville,India,2023-11-14
CUST04244,Gregory Perkins,Male,48,Devinchester,Australia,2021-03-14
CUST04245,Mary Warner,Female,40,Williamsport,Australia,2025-04-13
CUST04246,Michael Griffin,Male,37,East Stephaniehaven,Canada,2021-10-13
CUST04247,Melissa Dixon,Male,55,North Theresaview,Australia,2025-03-15
CUST04248,Michael Mooney,Male,21,Port Paulburgh,Germany,2022-12-19
CUST04249,Connor Mitchell,Male,32,East Michelleborough,India,2025-05-07
CUST04250,Curtis Smith,Male,41,Peterside,Germany,2025-07-10
CUST04251,Seth Mendoza,Male,42,New Melissa,USA,2022-12-29
CUST04252,Mary Valentine,Female,18,Jonesview,UK,2025-05-27
CUST04253,Alexis Sullivan,Male,24,Port Ericmouth,Australia,2022-05-11
CUST04254,Tammy Brown,Female,48,Petersontown,Canada,2021-09-22
CUST04255,Gwendolyn Nelson,Female,29,East Matthewtown,India,2022-10-15
CUST04256,Heather Andrade,Female,59,Jeffreyview,Canada,2021-06-30
CUST04257,Katie Chang,Female,22,New Dennis,Canada,2021-06-03
CUST04258,Vanessa Bradshaw,Female,61,Bobbybury,Canada,2022-11-15
CUST04259,Christina Bryant,Male,59,East Lori,Australia,2023-09-16
CUST04260,Holly Barrera,Male,55,Bellbury,India,2025-10-01
CUST04261,Kristen Oconnell,Male,29,New Matthew,India,2024-09-23
CUST04262,David Miller,Female,56,Jodiburgh,Canada,2024-12-02
CUST04263,Dr. Mary Murphy DVM,Male,35,North Jonathan,UK,2022-10-12
CUST04264,Jerry Harrington,Male,19,South Scott,Australia,2023-11-06
CUST04265,Barbara Brown,Male,27,Smithville,Australia,2024-03-13
CUST04266,Tammy Lyons,Male,32,Juanchester,Germany,2021-08-30
CUST04267,Rachel Smith,Male,47,Lake Johnport,Australia,2024-01-16
CUST04268,Cheryl Smith,Female,61,Karaville,Canada,2025-03-12
CUST04269,Elizabeth Johnson,Male,34,Courtneyhaven,USA,2023-06-02
CUST04270,Nicole Harris,Female,21,Jennifershire,Canada,2022-07-14
CUST04271,Mrs. Cynthia Taylor,Female,24,East Richardland,India,2023-05-19
CUST04272,Philip Friedman,Female,58,South Michael,Australia,2025-05-28
CUST04273,Dawn Mueller,Female,48,Vazquezmouth,Australia,2023-10-10
CUST04274,Lisa Ingram,Female,56,West Gregory,Germany,2021-04-05
CUST04275,Kelli Becker,Male,51,Greenbury,USA,2021-01-13
CUST04276,Nancy Thompson,Male,23,New Anna,Australia,2023-12-01
CUST04277,Shane Wong,Male,55,Williamsfurt,Germany,2021-07-30
CUST04278,Hannah Haynes,Female,62,Barrybury,Germany,2023-12-19
CUST04279,Christina Phillips,Male,51,Simmonsfort,USA,2024-06-25
CUST04280,Robert Klein,Male,61,New Billyfort,Canada,2025-02-05
CUST04281,Michael Kim,Female,32,Danielschester,Canada,2025-11-02
CUST04282,Whitney Patterson,Female,31,Dianechester,Canada,2025-04-01
CUST04283,Lauren Klein,Female,23,Stacybury,UK,2024-04-04
CUST04284,Marie Porter,Female,54,South Jamesside,Canada,2024-10-19
CUST04285,Jasmine Russell,Male,49,Christopherview,USA,2022-01-03
CUST04286,Maria Cooke,Female,20,West Mandy,UK,2022-02-12
CUST04287,Monica Sanders,Female,20,East Courtneyborough,Canada,2024-06-11
CUST04288,Bryan Raymond,Male,39,Rogersmouth,UK,2024-05-18
CUST04289,Diana Byrd,Male,39,Port Noah,USA,2022-07-09
CUST04290,Robert Butler,Female,27,Josephbury,Canada,2024-12-08
CUST04291,Heidi Gomez,Male,20,Lake Larrymouth,India,2023-09-12
CUST04292,Kimberly Maldonado,Female,29,Cynthiafort,Australia,2021-04-01
CUST04293,Kathleen Wade,Female,46,Port Loriborough,USA,2021-02-03
CUST04294,Phillip Andrews,Male,34,West Marthashire,Germany,2022-03-29
CUST04295,Pamela Hanson,Male,24,Dianaville,Germany,2025-01-21
CUST04296,Steven Copeland,Female,30,Lake Michael,USA,2023-02-15
CUST04297,Vanessa Adkins,Female,19,Davidmouth,Germany,2021-09-13
CUST04298,Julie Conway,Female,21,Shaneland,USA,2024-12-24
CUST04299,Chelsea Smith,Male,27,Riddleberg,India,2025-06-13
CUST04300,Joseph Mcdaniel,Female,56,Seanfurt,USA,2021-09-21
CUST04301,Brian Franklin,Female,41,South Jacquelinetown,Canada,2022-05-31
CUST04302,Joshua White,Female,34,Richardmouth,Canada,2023-12-06
CUST04303,Matthew Sanchez,Female,23,Ramirezstad,UK,2023-09-26
CUST04304,Jesus Norton,Female,36,Lake Jillianview,Germany,2023-02-09
CUST04305,Steven Dickson,Male,22,Zimmermanmouth,Australia,2023-07-01
CUST04306,Timothy Huang,Female,49,Lake Christopher,Germany,2021-09-27
CUST04307,Abigail Martinez,Female,27,Aaronfurt,USA,2024-05-16
CUST04308,Pamela Flores,Female,26,East Linda,Australia,2023-07-25
CUST04309,Karen Harris,Female,44,Youngport,Australia,2023-06-10
CUST04310,Anna Knight,Male,30,Aaronchester,Germany,2021-09-13
CUST04311,Bridget Hall,Male,36,South Duane,Australia,2023-08-30
CUST04312,Jonathan Barry,Male,38,West Carlland,Australia,2021-12-03
CUST04313,Michael Vaughn,Female,41,Sheppardport,Canada,2023-10-11
CUST04314,Kristopher Pena,Female,55,West Kimberly,India,2025-06-12
CUST04315,Lisa Mitchell,Male,21,East Whitneyhaven,USA,2021-08-28
CUST04316,William Le,Male,41,South Annebury,Germany,2023-09-19
CUST04317,Krystal Gomez,Male,52,New Bethanyfurt,Canada,2025-11-22
CUST04318,Victoria Banks,Female,20,Martinchester,UK,2022-06-21
CUST04319,Anna Taylor,Female,21,North Joelmouth,Australia,2025-01-12
CUST04320,Jacqueline Potts,Male,54,Lake Michelebury,Australia,2022-04-07
CUST04321,Mary Brown,Male,57,West Amanda,Germany,2022-03-02
CUST04322,Loretta Randall,Male,52,North Taylormouth,India,2024-09-16
CUST04323,Dylan Stevenson,Female,48,East Mallorystad,India,2022-12-21
CUST04324,Tamara Torres,Female,61,Lake Kevintown,Germany,2021-07-05
CUST04325,Eric Jenkins,Female,42,Jeffreyport,Germany,2022-06-15
CUST04326,Richard Harrington,Male,57,Beasleybury,Canada,2022-08-17
CUST04327,Morgan Diaz,Male,30,Williamburgh,Germany,2024-05-11
CUST04328,Alicia Hodges,Female,21,Port Michaelmouth,UK,2024-10-15
CUST04329,Bonnie Howard,Male,63,West Adam,Canada,2021-05-13
CUST04330,Donna Smith,Female,31,Lake Katelyn,Australia,2023-01-12
CUST04331,Fred Huber,Male,30,East Brianfurt,Australia,2023-08-11
CUST04332,Amanda Green,Male,44,West Kent,Australia,2021-05-03
CUST04333,Jason Anderson,Male,23,Port Marcville,Australia,2022-01-19
CUST04334,Brianna Brown,Male,34,Clarkmouth,USA,2024-03-12
CUST04335,Blake Avila,Female,53,South Davidshire,UK,2022-12-09
CUST04336,Timothy May,Male,57,Brianside,Canada,2024-01-15
CUST04337,Cody Garcia,Female,52,Cooperview,Canada,2022-06-28
CUST04338,Lindsay Figueroa,Female,34,Toniborough,Australia,2024-05-24
CUST04339,Mackenzie Hughes,Female,58,Lake Jordan,India,2025-11-17
CUST04340,Deanna Rogers,Male,19,Lake Ryanstad,Canada,2025-04-16
CUST04341,Kara Davis,Female,30,Port Kari,UK,2021-02-14
CUST04342,Amanda Khan,Female,19,Jonathanland,Germany,2025-11-20
CUST04343,Katherine Chambers,Female,45,East Brian,UK,2022-04-01
CUST04344,Christopher Mann,Male,60,Maddoxmouth,Australia,2023-03-05
CUST04345,Christopher Petty,Male,43,Snowfurt,Australia,2025-03-25
CUST04346,Brandy Wood,Female,39,Wrightland,USA,2021-01-22
CUST04347,Daniel Hicks,Male,64,Debraland,Canada,2025-01-05
CUST04348,Lori Kelly,Female,60,New Chad,Canada,2022-02-02
CUST04349,Antonio Leonard,Female,20,East Kelly,Canada,2022-01-20
CUST04350,Amanda Frazier,Male,52,Lake Tina,Australia,2025-11-08
CUST04351,Leah Sanchez,Female,29,Richardsonshire,Canada,2022-10-29
CUST04352,Ryan Robertson,Male,41,Powellborough,India,2024-08-23
CUST04353,Beth Sanders,Male,22,East Melissabury,India,2025-09-27
CUST04354,Seth Shaw,Female,37,Jenniferview,Germany,2022-07-19
CUST04355,John Solomon,Male,56,Jillhaven,Canada,2023-09-29
CUST04356,William Smith,Male,56,North Timothy,USA,2023-11-26
CUST04357,Sydney Richardson,Female,30,Justinshire,Germany,2024-09-16
CUST04358,David Richardson,Female,58,Lake Alicia,Australia,2022-06-01
CUST04359,Ruben Woods,Male,62,Michaelmouth,Canada,2023-11-27
CUST04360,Dr. Melissa Ortiz MD,Male,29,East Chelseafurt,India,2021-11-03
CUST04361,Valerie Robinson,Female,30,South Pamela,USA,2024-06-16
CUST04362,Angela Miller,Male,27,Port Martin,Germany,2022-02-25
CUST04363,Deborah Hall,Male,50,Martinstad,USA,2021-08-05
CUST04364,James Klein,Male,57,Michaelchester,Canada,2021-07-12
CUST04365,Brett Richards,Male,33,Mendezborough,UK,2022-12-24
CUST04366,Keith Ross,Male,62,North Monicaport,USA,2023-01-31
CUST04367,Charles Davis,Male,52,Willietown,USA,2022-03-19
CUST04368,Amanda Mcpherson,Male,20,New Andrewview,Australia,2022-09-01
CUST04369,Lisa Hardin,Female,22,Mitchellview,India,2024-12-14
CUST04370,Larry Harrington,Female,43,West Joshua,Canada,2024-06-06
CUST04371,Jennifer Berger,Female,28,West Paulside,USA,2023-11-18
CUST04372,Julie Davis,Female,24,Kathrynhaven,Canada,2023-12-01
CUST04373,Julie Grant,Female,27,South Justinchester,India,2025-02-02
CUST04374,Dale Fletcher,Male,59,Port David,Australia,2025-06-13
CUST04375,Dylan Walker,Male,51,West Lisaport,Canada,2024-11-28
CUST04376,Angela Grimes,Male,20,West Amandaburgh,India,2025-03-29
CUST04377,Mary Beasley,Male,25,West Jonathanview,India,2025-12-02
CUST04378,Bruce Morales,Female,48,Graychester,Germany,2021-05-23
CUST04379,Daniel Hester,Male,28,Lake Amyshire,Australia,2022-03-16
CUST04380,Max Padilla,Male,62,New Margaret,Australia,2022-01-07
CUST04381,Nicholas Smith,Female,24,New Justinfort,Canada,2021-06-02
CUST04382,Lisa Robinson,Male,62,Robinberg,UK,2021-10-02
CUST04383,Aaron Cervantes,Male,19,Jacquelinestad,Germany,2023-03-13
CUST04384,Matthew Bishop,Female,23,North Valerieville,Australia,2025-10-11
CUST04385,Preston Oliver,Male,58,Port Laura,India,2023-10-22
CUST04386,Robert Wright,Male,49,Anneport,Australia,2025-09-06
CUST04387,Katie Peters,Male,37,South Ronnie,UK,2022-01-10
CUST04388,Rebecca Dudley,Male,51,Madisonhaven,USA,2021-02-23
CUST04389,Melissa Thompson,Male,33,New Laura,USA,2025-09-02
CUST04390,Charlene Ryan,Female,42,Taylorstad,Australia,2025-08-20
CUST04391,Samuel Martinez,Female,29,East Jesusfort,Australia,2021-07-09
CUST04392,Paul Johnson,Female,24,South Timothy,Germany,2022-11-22
CUST04393,Joshua Wood,Female,56,North Kaylamouth,Australia,2021-01-25
CUST04394,Mr. Kevin Freeman,Female,34,Amberport,UK,2025-03-27
CUST04395,Nicholas Lamb,Female,62,Port Melissastad,Australia,2023-11-10
CUST04396,Lisa Smith,Male,28,Dianeland,Canada,2023-11-16
CUST04397,Nathaniel Vance Jr.,Female,23,South Bryanfurt,UK,2022-09-28
CUST04398,Marie Austin,Female,40,East Debra,Germany,2024-04-04
CUST04399,Scott Keller,Male,44,Lake Ericview,Canada,2022-02-13
CUST04400,Travis Carson,Male,63,Lake Rebekah,Canada,2025-02-19
CUST04401,Caleb Combs,Female,23,South Lawrence,USA,2023-06-29
CUST04402,James Hernandez,Male,55,Thomasview,UK,2022-08-15
CUST04403,Karen Keith,Female,19,North Thomas,Canada,2021-07-04
CUST04404,Robert Buchanan,Male,39,Katiechester,Germany,2022-12-31
CUST04405,Gary Hanna,Female,37,Huertahaven,USA,2023-06-16
CUST04406,Sue Smith,Male,42,West Davidside,Canada,2025-09-15
CUST04407,Mark Gates,Male,32,Johnbury,UK,2021-07-18
CUST04408,Jessica Cole,Female,46,Lake Bradley,USA,2022-03-15
CUST04409,Tina Webb,Female,25,Judithside,UK,2021-04-02
CUST04410,Troy Garcia,Female,54,Brianfurt,UK,2025-12-15
CUST04411,David Merritt,Female,50,Olsonmouth,UK,2024-02-07
CUST04412,Brent Morris,Female,39,Port Scott,USA,2021-09-23
CUST04413,Diane Brown,Male,64,East Eric,Canada,2024-04-14
CUST04414,Keith Malone,Female,22,East Katherinehaven,Australia,2023-10-21
CUST04415,Barbara Bryant,Female,56,Adamsport,India,2024-09-14
CUST04416,Steven Jennings,Male,35,South Theresaville,Canada,2025-08-04
CUST04417,Zachary Peck,Male,55,Whitetown,USA,2024-09-23
CUST04418,Lawrence Lee,Female,54,New Vanessa,India,2021-10-20
CUST04419,Cynthia Luna,Male,47,Nelsonfort,India,2021-08-15
CUST04420,Rebecca Scott,Male,48,Whiteland,India,2023-08-24
CUST04421,Sarah Thomas,Female,27,Castilloberg,Australia,2022-05-03
CUST04422,Tonya Becker,Male,32,Davidton,Germany,2022-11-18
CUST04423,Martha Young,Male,59,South Jeremyton,USA,2024-09-21
CUST04424,Susan Johnson,Female,61,Maryton,Australia,2021-01-03
CUST04425,Brian Garcia,Female,35,Charlesland,Australia,2022-04-10
CUST04426,Andrea Horn,Male,40,Hendersonfort,Germany,2021-04-21
CUST04427,Anthony Gardner,Male,50,Jasonchester,India,2023-01-04
CUST04428,Russell Coleman,Female,33,Stuarttown,Germany,2021-09-07
CUST04429,Richard Davis,Male,55,Gonzalezland,Germany,2023-05-30
CUST04430,Samuel Rodriguez,Male,52,Marshshire,Australia,2023-06-28
CUST04431,Richard Lewis DDS,Male,51,Lake Christianville,USA,2023-04-15
CUST04432,Dorothy Cervantes,Female,45,Port Alexis,UK,2025-07-07
CUST04433,Ryan Miller,Male,19,Rushberg,Germany,2022-11-07
CUST04434,Bobby Jackson,Male,47,East Cynthiabury,Germany,2021-02-21
CUST04435,Patrick Norton,Female,30,Port Stephen,India,2023-06-24
CUST04436,Deborah Weeks,Male,58,West Christopher,India,2021-08-15
CUST04437,Pamela Olsen,Male,33,Leonardberg,Australia,2022-10-15
CUST04438,Rhonda Robertson,Female,22,Lake Peter,India,2024-01-29
CUST04439,Crystal Chavez,Female,45,West Lynn,Canada,2023-03-01
CUST04440,Michael Andrade,Female,56,Lucastown,Germany,2022-07-30
CUST04441,Daniel Moore DDS,Female,62,Popeland,India,2022-07-11
CUST04442,Nicole Griffin,Male,37,New Lindsay,USA,2025-12-21
CUST04443,Monique Holt,Male,41,Gambleton,Canada,2023-11-23
CUST04444,Stephanie Mccarty,Female,44,Wheelerton,Australia,2022-09-25
CUST04445,Dawn Luna,Female,47,Johnbury,UK,2025-07-06
CUST04446,James Brown,Male,62,Meyerhaven,Germany,2024-06-12
CUST04447,James Holt,Female,44,East William,Germany,2022-07-17
CUST04448,Jacob Jordan,Male,43,Madelineville,USA,2021-05-23
CUST04449,Henry Fuller,Female,24,West Leeberg,UK,2022-02-22
CUST04450,Courtney Johnson,Male,59,Zacharyport,UK,2021-11-25
CUST04451,Paula Chen,Female,64,East Margaret,Australia,2025-09-08
CUST04452,Scott Spencer,Female,55,Port Brittany,Australia,2023-11-22
CUST04453,Gina Thomas,Male,22,North Jasontown,Canada,2025-04-22
CUST04454,Amanda Bryan,Female,40,Lake Tiffany,Germany,2021-03-22
CUST04455,Alexander Benson,Male,45,Traceyborough,India,2021-12-17
CUST04456,Morgan Robbins,Male,51,South Bridget,Australia,2025-04-11
CUST04457,Jared Stafford,Male,32,West Gracehaven,USA,2021-03-14
CUST04458,Richard Galvan,Male,49,Krystalport,USA,2021-08-22
CUST04459,William Poole,Male,43,Lake Nicholemouth,USA,2023-09-16
CUST04460,Megan Thomas,Female,48,Bradyhaven,Australia,2022-05-15
CUST04461,Mr. Mathew Short,Female,36,Haroldstad,Australia,2024-05-30
CUST04462,Theresa Brown,Male,26,Patrickhaven,USA,2025-05-28
CUST04463,Thomas Hoffman,Female,46,Christophermouth,Australia,2024-06-22
CUST04464,Tracie Garcia,Male,56,Taylorside,India,2022-12-27
CUST04465,Sarah Reed,Female,21,West Christophershire,India,2022-10-12
CUST04466,William Reed,Female,20,Markbury,Canada,2024-06-29
CUST04467,Erica Houston,Female,46,Lake Kristen,Germany,2021-12-01
CUST04468,Timothy Caldwell,Female,28,North Daniel,India,2021-12-02
CUST04469,Kelsey Hogan,Male,50,North Adam,Canada,2022-09-03
CUST04470,Victoria Shaw,Male,55,South Stevenbury,UK,2025-01-25
CUST04471,Katie Soto,Female,28,Lake Jamesport,Germany,2022-07-28
CUST04472,Paul Cisneros,Female,44,Chanton,India,2023-11-30
CUST04473,Angela Kennedy,Male,50,East Karenside,UK,2022-09-25
CUST04474,Holly Carter,Female,38,Bakerland,Canada,2025-09-04
CUST04475,Kevin Holt,Male,56,North Tina,India,2023-06-18
CUST04476,Ashley Bass,Male,48,Jeffreyland,India,2025-04-01
CUST04477,Jane Knox,Male,55,Lake Patricia,Australia,2023-10-01
CUST04478,Brian Kim,Female,63,South Mackenziebury,UK,2022-07-18
CUST04479,Jerry Cook,Male,19,Lake Connor,India,2024-05-21
CUST04480,Michael Rogers,Female,44,West Craigburgh,USA,2024-01-28
CUST04481,Stephanie Alvarez,Male,53,Lake Kathleen,Australia,2021-04-28
CUST04482,Shannon Jones,Female,28,Lake Keith,Australia,2021-03-21
CUST04483,James Singleton,Female,64,Crawfordland,India,2022-02-22
CUST04484,Sharon Stephens,Female,35,Lake Regina,Australia,2022-09-12
CUST04485,Patricia Turner,Male,18,Port Josephport,Germany,2024-01-03
CUST04486,Ryan Barnes,Male,52,Lake William,UK,2022-03-28
CUST04487,Jacqueline Olson,Female,52,West Hannah,Germany,2025-04-01
CUST04488,Linda Robinson,Female,48,Anthonyland,Canada,2022-02-23
CUST04489,Jessica Benitez,Female,45,Davidstad,Germany,2023-04-04
CUST04490,Tammy Castillo,Male,56,East Amandamouth,USA,2022-07-27
CUST04491,Thomas Houston,Male,18,Jonesbury,Australia,2025-04-25
CUST04492,Linda Espinoza,Male,42,Lake Christine,Australia,2024-04-28
CUST04493,Ivan Ortiz,Male,60,Wilsonchester,USA,2021-12-30
CUST04494,Yesenia Wilson,Female,55,Port Jennifermouth,Australia,2022-10-01
CUST04495,Barbara Webster,Female,37,Delacruzland,Germany,2025-06-05
CUST04496,Albert Morrow,Male,20,West Laura,Canada,2021-11-16
CUST04497,Tina Mcclain,Male,19,Lake Edwinmouth,India,2024-07-05
CUST04498,Diane Fisher,Female,35,West Jessicahaven,USA,2022-12-15
CUST04499,Kyle Lewis,Male,61,New Tanner,Germany,2023-08-08
CUST04500,Jared Simpson,Male,27,New Margaret,Germany,2022-10-31
CUST04501,Brandi Anderson,Male,22,South Stevenborough,Germany,2023-03-23
CUST04502,Pamela Neal,Male,26,South Gregory,India,2024-11-18
CUST04503,Douglas Mcintyre,Male,19,Mirandamouth,UK,2025-11-26
CUST04504,Shane Young,Male,51,Lake Edwardtown,Australia,2025-01-17
CUST04505,Brenda Sloan,Female,55,Turnerhaven,Australia,2022-09-17
CUST04506,Anthony Huerta,Male,48,Ellisport,Canada,2025-06-04
CUST04507,Christopher Chang,Male,27,East Jeremyberg,UK,2023-08-09
CUST04508,Christina Santos,Female,29,East Joshua,Australia,2025-07-13
CUST04509,Samantha Payne,Female,53,Kirstenborough,Canada,2022-06-18
CUST04510,Lauren Boyd,Female,38,North Jessica,Canada,2024-05-28
CUST04511,Courtney Butler,Male,64,Brandonside,Germany,2021-12-27
CUST04512,Chad Hart,Female,23,Madelineport,USA,2021-07-22
CUST04513,Lynn Simpson,Male,20,North Gloriamouth,Germany,2022-12-19
CUST04514,Carl Huynh,Male,27,Perezfort,India,2024-12-16
CUST04515,Debbie Hayes,Male,22,Hunterside,Australia,2025-12-16
CUST04516,Jordan Gomez,Female,63,Carrville,Canada,2021-12-08
CUST04517,Whitney Jones,Female,43,Michelefort,USA,2024-04-04
CUST04518,Gina Mcmillan,Female,38,Richardstad,Australia,2025-10-18
CUST04519,Katherine Pena,Female,62,North Davidport,Canada,2023-12-09
CUST04520,Jacqueline Bailey,Female,43,West Tammyfurt,Canada,2025-09-28
CUST04521,Joseph Franklin,Male,55,Weavermouth,Germany,2025-12-04
CUST04522,Sean Johnson,Male,61,Port Emilymouth,USA,2021-12-16
CUST04523,Meghan Ruiz,Male,43,Adamsfort,USA,2023-12-08
CUST04524,Julie Love,Male,25,Hardinville,Australia,2023-05-26
CUST04525,Anthony Branch,Female,22,North Crystalville,Canada,2025-05-22
CUST04526,Casey Smith,Female,32,East Jesseport,USA,2024-07-29
CUST04527,Monica Wilcox,Male,33,Scottmouth,USA,2025-07-08
CUST04528,Joseph Flynn,Female,18,North Joshuachester,Australia,2021-01-22
CUST04529,Melissa Baldwin,Female,33,Lake Tammy,Germany,2021-01-10
CUST04530,Cheryl Herman,Male,54,East Ashleymouth,UK,2024-08-29
CUST04531,Joseph Harrington,Male,20,South Jaredport,India,2024-12-26
CUST04532,Harry Sexton,Female,64,Christopherhaven,UK,2022-10-06
CUST04533,Robin Ramirez,Female,48,Millermouth,USA,2023-01-25
CUST04534,Mary Hawkins,Male,30,East Tina,Canada,2025-01-03
CUST04535,April Schneider,Male,33,Catherineberg,India,2024-12-15
CUST04536,Heather Moran,Male,60,Lawrenceville,India,2023-11-30
CUST04537,Teresa Espinoza,Female,38,Coxburgh,Canada,2022-03-01
CUST04538,Miranda Ortiz,Male,19,Jessicaside,India,2024-07-02
CUST04539,Daniel Berry,Male,44,Roberthaven,Canada,2025-04-19
CUST04540,Brandi Hill,Female,55,North Ana,India,2022-04-28
CUST04541,Edgar Pope,Female,43,Matthewborough,Australia,2025-12-25
CUST04542,James Rogers,Female,55,Port Valerie,Australia,2024-02-27
CUST04543,Lucas Marshall,Female,63,South Samuel,UK,2024-09-06
CUST04544,Nathan Ray,Female,42,West Donaldport,India,2021-07-09
CUST04545,Allison Roth,Male,28,West Jillville,Germany,2021-02-10
CUST04546,Emily Flores,Male,25,Phillipsborough,Canada,2021-03-15
CUST04547,Laura Baker,Female,25,New Emilyfort,India,2024-02-07
CUST04548,Taylor Velasquez,Female,50,Jeffreyhaven,Australia,2023-11-14
CUST04549,Heather Johnston,Female,24,Bradleyside,Australia,2024-03-24
CUST04550,Henry Mata,Female,55,North Jody,Canada,2022-01-26
CUST04551,Sara Anderson,Female,38,Jenniferfurt,Germany,2025-06-09
CUST04552,Carla Reese,Male,25,East Emilyburgh,India,2021-08-29
CUST04553,Natalie Garrison,Male,38,Joshuaborough,India,2022-06-12
CUST04554,Patrick Berry,Male,37,North Angelaborough,Germany,2023-07-27
CUST04555,Paul Long,Male,25,New Heatherview,Germany,2024-12-16
CUST04556,William Horton,Female,63,Morrismouth,Germany,2022-08-01
CUST04557,Gregory Benson,Male,48,Kennethmouth,Australia,2023-03-20
CUST04558,Robert Mitchell,Female,46,Lake Natashaborough,Canada,2025-10-31
CUST04559,Jessica Lopez,Female,26,East Melissafurt,Germany,2024-01-12
CUST04560,Craig Estes,Female,32,Smithville,Canada,2021-02-18
CUST04561,Samantha Patel,Male,47,Port Margaretchester,UK,2024-01-09
CUST04562,Matthew Ramirez,Female,43,Lake Jasonhaven,India,2022-09-19
CUST04563,Theresa Stevens,Male,27,North Wendystad,India,2024-04-24
CUST04564,Michele Chase,Male,46,Josephport,USA,2023-12-27
CUST04565,Lisa Jones,Female,33,Sandrafort,UK,2025-05-14
CUST04566,Carol Sharp,Female,53,Shellyberg,Germany,2023-11-19
CUST04567,Christopher York,Female,37,Dylanfort,Germany,2022-08-30
CUST04568,Paula Lynch,Male,62,Jacksonfort,Australia,2022-12-04
CUST04569,Eric Edwards,Female,54,East Ericport,UK,2024-09-14
CUST04570,Amanda Parker,Male,39,Lake Kimberlyborough,Germany,2021-11-07
CUST04571,Sarah Middleton,Female,24,Jonesbury,USA,2023-06-08
CUST04572,Nicholas Jones,Female,40,East Davidborough,Canada,2022-03-31
CUST04573,Ashley Brooks,Male,58,Lake Davidville,India,2021-12-05
CUST04574,Janice Rodriguez,Male,57,South Courtney,UK,2025-01-14
CUST04575,Kenneth Riley,Male,46,North Wayneview,India,2021-06-15
CUST04576,Sharon Crawford,Male,33,Robinshire,Canada,2025-05-13
CUST04577,Tanya Gomez,Male,55,Torresmouth,UK,2021-01-16
CUST04578,Miguel Roberts,Male,45,Angelafurt,Canada,2022-09-11
CUST04579,Nicholas Watkins,Female,55,Joneston,Germany,2021-05-15
CUST04580,Darren Aguilar,Female,48,North Patricia,Germany,2024-01-21
CUST04581,Melissa Schultz,Male,31,Joelshire,Germany,2025-08-28
CUST04582,Denise Harris,Female,50,Christopherfurt,Canada,2022-09-20
CUST04583,William Perkins,Male,26,Clarkstad,Canada,2025-03-30
CUST04584,Colin Cunningham,Female,44,Michaelborough,Canada,2024-04-24
CUST04585,Michelle Johnson,Female,41,New James,India,2023-08-18
CUST04586,Paul Martinez,Male,30,Troyburgh,Canada,2021-08-19
CUST04587,Douglas Cunningham,Male,43,Colonview,Germany,2021-06-27
CUST04588,Seth Smith,Male,46,Port Davidburgh,USA,2021-06-26
CUST04589,Mr. Francisco Wilson,Female,60,East Danland,Canada,2021-10-05
CUST04590,Marie Mccoy,Male,45,East Kristin,USA,2024-08-27
CUST04591,Robert Rivera,Female,45,South Bretthaven,Germany,2024-09-19
CUST04592,Mary Wright,Male,25,Port Michael,Canada,2022-12-01
CUST04593,Regina Benjamin,Female,40,South Michelehaven,India,2021-08-10
CUST04594,Ashley Mendez,Female,46,Lake Christopher,India,2021-01-31
CUST04595,Kerri Harper,Male,22,Sandersville,USA,2023-11-15
CUST04596,Leslie Perez,Female,59,Josephchester,Australia,2025-02-15
CUST04597,Gabriel Brown,Female,24,New Mollyside,India,2025-06-03
CUST04598,Natalie Moore,Male,59,South Seanport,India,2025-07-16
CUST04599,Debra Davis,Female,53,Matthewsside,India,2022-11-01
CUST04600,Tracy Richard,Male,58,Aprilborough,Germany,2023-08-17
CUST04601,Brooke Martinez,Male,44,Johnport,India,2021-03-24
CUST04602,Kayla Dodson,Male,63,Lake Arthur,UK,2021-06-28
CUST04603,Brenda Fisher,Male,19,South Joelburgh,Canada,2024-07-02
CUST04604,Cynthia Price,Female,42,Isaacville,India,2024-04-26
CUST04605,Deanna Miranda,Female,26,Ellenland,Australia,2023-12-14
CUST04606,Paul Johnson,Female,44,South Brianstad,Australia,2024-04-09
CUST04607,Shane Brown,Male,18,North Sherylville,India,2025-02-11
CUST04608,Danielle Brown,Female,40,West Shannonburgh,India,2021-02-25
CUST04609,Michelle Watson,Female,27,Shepherdfurt,UK,2021-04-22
CUST04610,Bryce Wheeler,Male,59,New Nicolemouth,India,2023-02-01
CUST04611,Jennifer Long,Male,42,South Shannon,India,2024-06-17
CUST04612,Jessica Phillips,Female,20,South Austin,Canada,2021-09-20
CUST04613,Jason Alvarez,Male,23,South Shawnamouth,Australia,2022-06-18
CUST04614,Lindsay Jackson,Male,23,North Nicole,UK,2022-07-17
CUST04615,Theresa Sanchez,Male,19,North Taylorburgh,Australia,2023-09-16
CUST04616,Dana Carr,Male,35,Miguelshire,UK,2022-03-26
CUST04617,Jesse Russo,Female,40,South Stevenburgh,Australia,2025-03-09
CUST04618,Karen Lawrence,Male,19,Jessicaburgh,India,2025-07-20
CUST04619,Tammy Jackson,Male,29,Berryfurt,Australia,2023-11-18
CUST04620,Kenneth Howell,Male,39,Robertmouth,Australia,2023-06-16
CUST04621,Ernest Smith,Male,54,New Jonathanmouth,UK,2023-12-01
CUST04622,Lisa Watson,Male,37,East Stephanieburgh,USA,2024-11-07
CUST04623,Stephen Wood,Male,56,South Jacob,UK,2021-12-13
CUST04624,Kimberly Perez,Male,41,New Jasonborough,UK,2023-10-19
CUST04625,Ronald Graham,Male,37,Campbellmouth,UK,2022-01-16
CUST04626,Bobby Hendricks,Female,18,East Eric,Germany,2025-01-13
CUST04627,Robin Hanson,Male,18,Kellyland,Germany,2025-08-18
CUST04628,Christopher Petty,Female,34,Williamsside,Germany,2021-03-18
CUST04629,Joshua Allen,Male,18,Knoxborough,UK,2022-04-11
CUST04630,Elizabeth Marquez,Male,62,Ramirezburgh,USA,2023-07-23
CUST04631,Michael Montgomery,Male,47,Dunnton,UK,2022-08-04
CUST04632,Samuel Gilmore,Male,58,North Robert,India,2025-01-01
CUST04633,Kathy West,Female,64,Shaneside,USA,2024-08-03
CUST04634,Nicole Bradshaw,Male,20,South Joeside,Germany,2024-07-23
CUST04635,Carol Conner,Male,63,Tylerland,Australia,2024-02-14
CUST04636,Tammy Bray,Female,28,Cherryfurt,Australia,2024-09-22
CUST04637,Andrew Velazquez,Female,41,Jimmyhaven,Canada,2021-02-22
CUST04638,Nicole Sparks,Male,39,West Sierra,USA,2022-05-17
CUST04639,Jason Cook,Female,61,South Justin,Germany,2022-12-03
CUST04640,Andrew Carr,Female,62,Randyton,USA,2023-11-15
CUST04641,Jennifer Garcia,Female,43,Danielberg,USA,2025-10-12
CUST04642,Charles Pena,Male,30,Chanfurt,Australia,2025-02-26
CUST04643,Tammy Carlson,Male,18,Noahville,UK,2024-06-12
CUST04644,Lori Barker,Male,41,Espinozaland,India,2023-03-27
CUST04645,Matthew Newman,Female,27,Myersview,Canada,2022-12-28
CUST04646,Alan Williamson,Male,52,Timothyfort,Germany,2023-12-20
CUST04647,Micheal Fisher,Female,41,East Melissa,USA,2025-12-04
CUST04648,Donald Lane,Male,45,Colinhaven,Canada,2024-10-21
CUST04649,Stephanie Franco,Male,53,Lake Ashley,USA,2021-06-13
CUST04650,Tanya Mcgrath,Female,33,Lindaburgh,Australia,2021-05-30
CUST04651,Lance Rodriguez,Male,57,Conniestad,India,2023-08-10
CUST04652,Mark Powell,Female,33,North Scottbury,Australia,2025-04-13
CUST04653,Jessica Chambers,Female,34,Murphyburgh,Canada,2022-06-14
CUST04654,Bonnie Mann,Male,32,South Debbie,Germany,2021-01-03
CUST04655,Dr. Jill Kelley,Female,33,Hahnville,USA,2021-07-22
CUST04656,Michael Hamilton,Male,32,New James,India,2023-11-16
CUST04657,Lisa Brown,Male,51,New Alexandershire,Australia,2023-08-28
CUST04658,Angel Owens,Female,28,Dunlapchester,Canada,2023-08-16
CUST04659,James Crane,Male,18,New Debrafurt,Australia,2025-10-07
CUST04660,Catherine Cole,Female,32,Davischester,USA,2023-11-30
CUST04661,William Tucker,Male,43,Reneefort,USA,2022-06-11
CUST04662,William Burton,Male,21,Bensonfort,Germany,2024-10-04
CUST04663,Janice Garrett,Male,60,North Jorgemouth,India,2022-04-02
CUST04664,Elizabeth Baxter,Male,22,Amandamouth,UK,2025-04-20
CUST04665,Pamela Blair,Male,52,Ronaldland,Australia,2022-12-30
CUST04666,Paula Bailey,Female,30,Thompsonmouth,USA,2022-07-15
CUST04667,Mr. Joshua Perez,Female,27,East Adamport,Canada,2022-10-05
CUST04668,Kayla Woodward,Female,28,Smithbury,Australia,2024-05-12
CUST04669,Jeremy Rojas,Female,35,North Eddiechester,Germany,2024-05-30
CUST04670,Paul Smith,Female,51,North Christopher,Germany,2023-06-10
CUST04671,Victor Foster,Female,56,Carlsonmouth,USA,2022-07-08
CUST04672,Ryan Bradley,Male,58,East Marychester,USA,2021-07-05
CUST04673,Michelle Humphrey,Male,59,Port Heatherburgh,USA,2021-02-06
CUST04674,Michelle Rhodes,Female,40,Port Christineburgh,UK,2024-03-24
CUST04675,Kimberly Hicks,Female,24,New Rachaelstad,USA,2022-12-12
CUST04676,Kelly Gardner,Male,56,Leonbury,Australia,2024-08-12
CUST04677,Benjamin Smith,Male,20,Kennethchester,Australia,2022-09-04
CUST04678,Carlos Rogers,Male,29,East Troy,India,2024-05-16
CUST04679,Steven Salazar,Female,24,Wrightburgh,Canada,2023-10-06
CUST04680,Daniel Bishop,Female,43,North William,USA,2021-07-12
CUST04681,Catherine Buck,Female,50,North Kelli,Australia,2023-03-16
CUST04682,Jimmy Franco,Male,54,West Virginia,Australia,2024-10-20
CUST04683,Jeffrey Roberson,Male,32,New Keithport,Australia,2025-11-27
CUST04684,Christopher Williams,Female,19,Johnport,UK,2022-10-07
CUST04685,Laura Roberson,Female,58,East Nicole,Canada,2024-04-22
CUST04686,Anne Roberts,Male,24,Carlton,Germany,2025-01-29
CUST04687,John Ingram,Male,49,Anthonyport,Australia,2024-10-03
CUST04688,Raymond Dunn,Male,21,Port Justinburgh,USA,2025-03-29
CUST04689,Ashley Johnson,Male,37,New Michaelton,Australia,2025-01-27
CUST04690,Joshua Wolfe,Female,53,Lake Sharontown,Canada,2024-01-25
CUST04691,Cynthia Preston,Male,49,Lake Christopherport,Germany,2021-02-16
CUST04692,Rickey Blackwell,Male,45,Port Paulaland,UK,2021-04-06
CUST04693,Kristin Mueller,Male,30,Jakeborough,India,2023-04-14
CUST04694,Michael Mccoy,Female,18,New Theresa,USA,2023-05-10
CUST04695,Kristy Johnson,Female,52,Simshaven,India,2021-01-03
CUST04696,Mary Washington PhD,Male,47,Reidborough,UK,2023-10-30
CUST04697,Samantha Gonzales,Male,53,South Michaelview,Canada,2023-04-23
CUST04698,Roberta Blair,Male,42,East Elizabethburgh,Canada,2022-03-16
CUST04699,Heather Nguyen,Female,33,Annaland,UK,2021-10-15
CUST04700,Jeffrey Monroe,Female,36,Davidville,Australia,2024-12-29
CUST04701,Susan Torres,Female,18,South Edwardmouth,UK,2021-04-04
CUST04702,Belinda Sandoval,Male,22,Port Jesseshire,USA,2025-02-20
CUST04703,Brian Ortiz,Female,39,West Michaelton,Germany,2024-07-28
CUST04704,Carol Smith,Male,41,Joshuashire,India,2024-06-22
CUST04705,Danielle Nash,Male,60,Lake James,India,2025-05-28
CUST04706,Amanda Alvarado,Male,62,Matthewland,Canada,2025-09-01
CUST04707,Michael Dominguez,Female,54,Edwardsfort,Australia,2022-07-16
CUST04708,Angela Sims,Male,53,South David,Canada,2023-06-14
CUST04709,Robert Martin,Female,53,Shawshire,USA,2025-04-21
CUST04710,Brandon Wright,Female,21,Longside,UK,2023-03-31
CUST04711,Elizabeth Ramirez DDS,Male,53,South Craigshire,India,2024-09-26
CUST04712,Matthew Rodriguez,Male,35,Zacharyside,USA,2021-10-15
CUST04713,Jamie Parks,Female,33,Dennisburgh,Canada,2025-04-20
CUST04714,Derek Rangel,Male,58,New Joshua,Canada,2021-08-30
CUST04715,Justin Jackson,Female,35,Hodgesland,India,2022-09-23
CUST04716,Regina Bowman,Male,39,South Patricialand,Canada,2025-12-01
CUST04717,Michael Olson,Female,19,Dannyport,Australia,2021-06-20
CUST04718,Patricia Jenkins,Female,38,Paynehaven,Canada,2022-03-24
CUST04719,Theresa Ball,Female,53,Fraziertown,Germany,2025-05-24
CUST04720,Melissa Wallace,Female,61,New Lauren,UK,2025-07-18
CUST04721,Jesus Willis,Male,56,Mitchellhaven,Canada,2021-04-11
CUST04722,Ronald Robinson,Male,64,East Christopher,Germany,2025-03-30
CUST04723,Michelle Perkins,Female,56,Gillespieberg,USA,2022-08-19
CUST04724,Dr. Mark Howard,Female,46,Luisport,Canada,2024-10-08
CUST04725,Judith Waters,Male,43,Gordonborough,Australia,2023-03-03
CUST04726,Maria Jones,Male,38,Barronton,USA,2023-05-01
CUST04727,Karen Gutierrez,Male,34,Seanfurt,Canada,2024-05-10
CUST04728,Dr. Sue Jacobs,Male,33,East Justinchester,India,2024-10-20
CUST04729,Brandon Christian,Male,48,Shannonview,Germany,2022-09-02
CUST04730,Shane Jones,Male,26,Hernandezview,Germany,2022-05-25
CUST04731,Brianna Walker,Female,48,Hillton,India,2022-09-20
CUST04732,Paul Sullivan,Male,31,Davidfurt,UK,2022-01-01
CUST04733,Richard Watkins,Male,54,Aaronton,Australia,2024-10-20
CUST04734,Monica Guerrero,Female,19,Dianeport,Germany,2021-09-04
CUST04735,Adam Cole,Male,63,Lambertton,USA,2024-12-15
CUST04736,Ryan Mitchell,Male,31,West Williammouth,Australia,2024-11-06
CUST04737,Stephen Taylor,Male,50,West Christopher,Germany,2024-06-05
CUST04738,Megan Potts,Male,52,Sullivanstad,UK,2024-03-20
CUST04739,Sherry Barajas,Male,56,Coxtown,USA,2024-03-15
CUST04740,Daniel Washington,Female,64,Ericberg,Australia,2021-03-19
CUST04741,Roger Gonzalez,Male,37,New Jason,USA,2024-09-25
CUST04742,Timothy Barnes,Female,19,Johnville,India,2021-02-26
CUST04743,Leah Pruitt,Female,58,South Nicolestad,Canada,2022-06-06
CUST04744,Mark Bryan,Male,36,Paulmouth,India,2023-12-29
CUST04745,Amanda Glover,Female,54,Elizabethport,Australia,2023-02-04
CUST04746,David Fischer,Male,35,Port Steven,Canada,2021-03-29
CUST04747,Cindy Garcia,Female,33,Bennettberg,India,2021-05-26
CUST04748,Amy Martin,Female,21,Port Oliviaburgh,Canada,2025-01-03
CUST04749,Richard Oliver,Male,29,East Pamelaberg,Germany,2022-05-13
CUST04750,Andrea Spencer,Male,46,Turnertown,USA,2021-08-09
CUST04751,Geoffrey Francis,Male,24,Graymouth,Canada,2023-05-13
CUST04752,Brett Berry,Male,31,Lake Emilyview,Germany,2024-06-01
CUST04753,Jeffrey Allen,Male,29,Jamestown,UK,2025-07-17
CUST04754,Michael Anthony,Female,52,Stantonhaven,India,2022-08-23
CUST04755,James Clark,Female,22,Ramirezbury,UK,2023-08-29
CUST04756,Paul Baird,Female,34,Lake Ann,Australia,2025-12-17
CUST04757,Dan Edwards,Female,59,East Michelle,Germany,2024-08-16
CUST04758,Larry Kemp,Female,49,Manuelbury,UK,2023-09-01
CUST04759,Allison Johnson,Female,27,Amberton,UK,2023-02-25
CUST04760,Michael Green,Female,60,Richardtown,Germany,2024-06-22
CUST04761,Mr. Steven Webb,Male,34,Mauriceside,USA,2021-10-20
CUST04762,Mark Powell,Male,22,West Carlabury,Canada,2024-11-08
CUST04763,Amber Reed,Female,62,Mooreview,Australia,2023-06-08
CUST04764,Kenneth Gonzalez,Female,59,Lake Brenda,Australia,2024-05-30
CUST04765,Barbara Cunningham,Male,26,Elainebury,India,2021-11-05
CUST04766,Jennifer Moreno,Male,50,Kimberlymouth,Canada,2022-05-10
CUST04767,Jason Bennett,Male,53,Karenton,India,2025-03-19
CUST04768,Brenda Hamilton,Male,53,South Megan,Australia,2023-02-09
CUST04769,Michael Foley,Female,35,Ramirezport,Canada,2022-11-07
CUST04770,Michelle Ramos,Male,26,South Williamstad,UK,2022-04-22
CUST04771,Logan Lambert,Female,46,New Jeffreyland,USA,2023-06-20
CUST04772,Austin Thompson,Female,31,Caseyfort,UK,2021-10-06
CUST04773,Kimberly Galloway,Female,42,Martinborough,USA,2024-07-03
CUST04774,Jonathan Dixon PhD,Male,32,Peterland,Germany,2025-10-08
CUST04775,Brandon Green,Male,23,South Madisonshire,India,2025-07-20
CUST04776,Randy Newman,Female,59,Hernandezshire,India,2024-06-26
CUST04777,Jeanette Blackburn,Female,46,Meyersstad,Germany,2024-10-05
CUST04778,Barbara Beasley,Female,32,West Christina,Canada,2021-01-21
CUST04779,Patrick Smith,Male,46,South Sergioport,Germany,2024-09-14
CUST04780,Anthony Pierce,Female,21,Michaelshire,Australia,2023-09-22
CUST04781,Sierra Gilmore,Male,35,Donnaburgh,Germany,2023-04-14
CUST04782,Mr. Jeffrey Parker MD,Female,61,Wardview,USA,2023-08-23
CUST04783,Mrs. Mary Huff DVM,Female,56,Stewartchester,Australia,2021-09-01
CUST04784,Thomas Pena,Female,33,Port Derekhaven,Germany,2021-07-02
CUST04785,Scott Meyer,Male,28,Nicholasport,India,2023-01-25
CUST04786,Kimberly Smith,Male,31,Emilyhaven,UK,2025-07-30
CUST04787,Jessica Flores,Female,20,Myersmouth,USA,2023-01-01
CUST04788,Tonya Small,Male,59,West Meganfurt,USA,2022-05-17
CUST04789,Shelley King,Female,55,Jonesberg,Canada,2023-09-28
CUST04790,Brian Gray,Male,62,East Heathermouth,UK,2021-10-28
CUST04791,Jonathan Williams,Male,59,Richardtown,USA,2022-04-05
CUST04792,Amy Hoffman MD,Male,35,Barbershire,Germany,2025-04-02
CUST04793,Grant Benjamin,Female,37,Austinmouth,USA,2023-06-29
CUST04794,Christopher Bond,Male,42,Burtonview,USA,2024-09-01
CUST04795,Natasha Brandt,Male,55,Lake Stephanieside,USA,2021-11-29
CUST04796,Stephanie Wheeler,Female,30,Port Brandon,Canada,2023-01-08
CUST04797,Joshua West,Female,21,Lake Linda,USA,2024-02-17
CUST04798,Michelle Sanchez,Female,31,Lake Benjaminburgh,USA,2024-12-17
CUST04799,Michelle Huang,Female,50,East Amber,Canada,2023-06-22
CUST04800,Rebecca Garcia,Male,45,North Drewfurt,Australia,2021-07-14
CUST04801,James Abbott,Male,54,East Jessicaport,UK,2023-07-25
CUST04802,Alyssa Stein,Male,25,Lake Kyle,Australia,2022-06-07
CUST04803,Jonathan Costa,Male,61,West Beverly,India,2025-04-02
CUST04804,Kristy Campbell,Male,51,Williamsfurt,Canada,2024-08-18
CUST04805,Elizabeth Whitney,Female,61,East Jamie,Canada,2021-03-25
CUST04806,Michael Brown,Male,22,Haleyland,USA,2023-09-30
CUST04807,Megan Summers,Male,22,South Michaeltown,USA,2024-05-22
CUST04808,Jaclyn Smith,Male,48,Matthewberg,India,2021-06-18
CUST04809,Mr. Joshua Larson,Female,62,Phambury,USA,2023-03-24
CUST04810,Chelsea Schneider,Female,26,Littleborough,Germany,2022-02-24
CUST04811,Michael Rush,Male,59,North Julie,USA,2024-11-18
CUST04812,Michael Parsons,Female,49,West Joshualand,USA,2021-09-19
CUST04813,John Ortega,Female,50,South Matthewville,Germany,2025-05-20
CUST04814,Jason Hill,Female,20,North Melissaville,India,2025-07-07
CUST04815,Becky Lee,Female,47,East Steven,Germany,2024-05-17
CUST04816,Jose Swanson,Female,29,North Phillipton,Canada,2022-10-22
CUST04817,Andrea Rodriguez,Female,46,Johnstonport,Germany,2024-11-30
CUST04818,Nicholas Massey,Female,20,South Karenview,UK,2024-01-28
CUST04819,Michael Spencer,Male,43,Gordonmouth,Canada,2021-07-29
CUST04820,Timothy Mathews,Male,47,Port Samuel,USA,2025-07-13
CUST04821,William Gonzalez,Female,26,Codyview,Canada,2022-08-27
CUST04822,Veronica Davis,Male,43,North Arthurborough,India,2023-05-21
CUST04823,Curtis Cox,Male,19,Wilkinsonport,India,2021-03-28
CUST04824,Carla Rojas,Female,20,East Danielfurt,Germany,2025-02-08
CUST04825,Joseph Dunn,Male,63,Lake Marcside,Canada,2024-11-29
CUST04826,Brett Byrd,Female,21,Port Wesley,USA,2023-10-23
CUST04827,Jonathan Hernandez,Female,42,Chapmanshire,India,2023-09-08
CUST04828,Jonathan Grant,Female,30,Michaelfort,Australia,2024-01-10
CUST04829,Jose Wagner,Male,56,Woodview,USA,2024-11-20
CUST04830,Pamela Zimmerman,Male,61,Lake David,Australia,2025-05-27
CUST04831,Matthew Ball,Male,52,Richardmouth,UK,2022-10-19
CUST04832,Don Williamson,Male,40,New Dale,Australia,2025-09-23
CUST04833,Christine French,Female,26,Starkberg,India,2024-03-30
CUST04834,Teresa Alvarez,Female,19,Monicaview,Germany,2023-12-31
CUST04835,Erica Santiago,Male,58,Snydershire,UK,2024-04-14
CUST04836,Jonathan Nunez,Female,61,Spencermouth,Canada,2025-08-26
CUST04837,Andrea Bowen,Female,48,Kimmouth,USA,2025-10-31
CUST04838,Gary Johnson,Male,61,Port Lindseyburgh,India,2022-06-26
CUST04839,Deanna Miller,Female,64,West Jonathan,UK,2023-12-29
CUST04840,Mitchell Newton,Male,19,East Carla,UK,2025-10-21
CUST04841,Ashley Morgan,Female,49,Hurleyberg,India,2025-07-19
CUST04842,Jennifer Johnson,Male,35,Martineztown,Canada,2023-12-03
CUST04843,John Medina,Female,30,North Laura,Canada,2025-06-17
CUST04844,Susan Collins,Female,63,North Christine,Germany,2024-04-05
CUST04845,Julie Morris,Male,22,Gabrielaland,Australia,2024-03-01
CUST04846,John Nelson,Male,59,West Phillipland,Canada,2023-04-01
CUST04847,Mallory Yang,Male,61,East Tracieland,Germany,2023-09-25
CUST04848,Marie Holt,Male,27,Jeffreyberg,Australia,2021-08-25
CUST04849,Connor Reyes,Female,60,New Timothy,UK,2025-11-07
CUST04850,Kendra May,Female,42,Walkerton,India,2022-06-02
CUST04851,Catherine Sanders,Male,51,New Leahville,Canada,2023-11-30
CUST04852,Justin Jackson,Female,54,Port Tamara,Germany,2024-12-20
CUST04853,Charles Munoz,Male,47,Schneiderborough,UK,2022-12-27
CUST04854,Barbara Thompson,Male,24,Crawfordchester,Canada,2021-12-05
CUST04855,Karen Smith,Female,23,Robbinsview,USA,2024-02-03
CUST04856,Stephanie Harrison,Female,20,Griffinfurt,UK,2021-06-01
CUST04857,Kristen Jones DDS,Male,30,Ronaldberg,Canada,2023-06-28
CUST04858,Denise King DVM,Male,20,East Sheryl,UK,2024-10-17
CUST04859,Anthony Gonzales,Male,43,Jonathanborough,India,2024-11-19
CUST04860,Dr. Christine Nunez,Female,41,Williamsview,India,2024-08-01
CUST04861,Ryan Lynch,Female,23,East Janetmouth,India,2022-04-21
CUST04862,Wanda Kennedy,Female,60,West Hannah,Australia,2024-06-22
CUST04863,Donna Smith,Female,59,Smithfort,USA,2025-07-25
CUST04864,Sharon Norris,Male,29,Fryefort,India,2021-10-20
CUST04865,Jennifer Porter,Male,53,Andersonbury,USA,2022-08-09
CUST04866,Rachel Thomas,Male,19,North Cindy,India,2025-09-14
CUST04867,Jeffery Huang,Male,28,Garciaborough,Australia,2024-01-13
CUST04868,Donna Ayers,Male,56,North Sarafurt,UK,2023-02-14
CUST04869,Nathan Robinson,Male,51,Moorebury,Canada,2020-12-31
CUST04870,Matthew Jones,Female,43,Dylanside,Canada,2022-10-25
CUST04871,Gabriel Reed,Female,35,Emilyside,India,2024-12-11
CUST04872,Nicole Romero,Male,38,Harrisview,Canada,2021-09-16
CUST04873,Debra Jordan,Male,53,North Ernest,India,2021-01-23
CUST04874,Matthew Graham,Female,57,West Joebury,India,2021-02-07
CUST04875,Sheri Jenkins,Female,63,Amyside,Germany,2025-09-19
CUST04876,Kristopher Douglas,Female,61,Camposmouth,Germany,2024-06-06
CUST04877,Jamie Frederick,Female,39,Lake Allison,Germany,2021-11-09
CUST04878,Amanda Lee,Male,47,Hartton,USA,2024-09-10
CUST04879,Melissa Cuevas,Male,60,North Matthew,Germany,2024-07-31
CUST04880,Steven Anderson,Male,47,South Ryantown,India,2021-06-12
CUST04881,Dean Powell,Male,25,Gregoryport,Australia,2022-04-23
CUST04882,Jose Rodriguez,Male,51,Lake Tarastad,Australia,2021-08-27
CUST04883,Gerald Burke,Female,64,Howardport,UK,2022-02-03
CUST04884,Cassandra Simmons,Male,26,Brianberg,Germany,2023-06-01
CUST04885,Samuel Cruz,Female,37,Jacksonbury,Australia,2022-07-02
CUST04886,Linda Richardson,Male,57,Johnville,Germany,2023-06-25
CUST04887,Aaron Mckay,Male,42,Garciastad,UK,2024-10-27
CUST04888,Raymond Welch,Male,36,East Codyland,Australia,2022-08-18
CUST04889,Jenny Lopez,Male,22,Johnsonmouth,India,2023-04-09
CUST04890,Paige Henderson,Male,28,West Jenniferfort,USA,2024-10-25
CUST04891,Leslie Gonzales,Female,32,South Andrewberg,Germany,2021-04-11
CUST04892,Clinton Butler,Female,25,Wadeside,Australia,2021-01-20
CUST04893,Charles Wilson,Female,36,New Diana,Australia,2024-11-17
CUST04894,Manuel Bridges,Male,40,Fostermouth,UK,2024-12-21
CUST04895,Susan James,Male,44,Port Seantown,India,2022-11-18
CUST04896,Richard Cannon,Female,57,East Craigmouth,Canada,2025-09-29
CUST04897,Angela Williams,Male,49,West Daniellefurt,Australia,2024-09-26
CUST04898,Denise Cox,Male,43,Hunterborough,USA,2023-01-08
CUST04899,Dr. Robert Martin DVM,Female,44,North Michael,UK,2021-03-22
CUST04900,Terry Cruz,Male,36,Shelbychester,Australia,2022-06-28
CUST04901,Dustin Gonzalez,Female,59,Lake Jenniferbury,Australia,2024-05-11
CUST04902,Elizabeth King,Male,46,Port Katherine,UK,2021-02-28
CUST04903,Ashley Mendoza,Female,56,Loganchester,UK,2024-08-10
CUST04904,James Clark,Male,58,West Vanessaberg,Germany,2023-03-26
CUST04905,Brandy Diaz,Male,50,Kennethport,Australia,2021-02-25
CUST04906,Kara Dodson,Female,36,Millertown,Canada,2023-01-18
CUST04907,David Stevenson,Male,54,Joshuatown,USA,2022-09-21
CUST04908,Danielle Smith,Male,36,East Ericland,India,2025-07-25
CUST04909,Michelle Andrews,Female,50,Austinberg,India,2022-07-14
CUST04910,Lisa Lopez,Male,64,North Jenna,Canada,2023-02-01
CUST04911,Nicole Hansen MD,Female,33,Lake Evelyn,UK,2024-03-03
CUST04912,Jasmine Lowe,Male,40,Cochranland,UK,2024-08-14
CUST04913,Andrea Mcintyre,Male,24,Lake Jessicashire,UK,2025-04-22
CUST04914,Leslie Hughes,Male,43,New Juliefort,Australia,2025-06-07
CUST04915,William Ali,Male,49,Russellshire,UK,2024-03-04
CUST04916,Ronald Wells,Female,29,Nicholastown,UK,2021-10-02
CUST04917,Stephanie Gray,Male,25,Port Ricky,Australia,2024-03-15
CUST04918,Marcus Bowen,Female,22,Beckchester,Australia,2024-04-21
CUST04919,Jerome Mcdonald,Male,59,South David,Canada,2021-11-29
CUST04920,Leslie Zamora,Male,45,Anthonyland,Germany,2022-07-17
CUST04921,Alicia Washington,Male,22,Medinamouth,Australia,2022-07-29
CUST04922,Cody Keller,Male,43,Lake Nicholasside,USA,2022-02-14
CUST04923,Rebecca Buck,Female,22,Lake John,UK,2023-05-16
CUST04924,Karen Kelly,Female,39,Lake William,Germany,2024-01-06
CUST04925,Amanda Wilson,Female,32,Port Amyview,India,2021-07-05
CUST04926,Seth Martinez,Female,30,South Todd,Canada,2021-03-05
CUST04927,Robert Thomas,Male,45,Cooperstad,Germany,2025-07-18
CUST04928,Jennifer Gonzalez,Female,50,Robersonchester,Australia,2022-12-13
CUST04929,Dillon Fischer,Female,60,North John,UK,2022-07-13
CUST04930,Margaret Oneill,Male,40,West Barryside,UK,2024-08-20
CUST04931,Andrew Jones,Male,50,Ibarraville,UK,2022-05-02
CUST04932,Shawn Scott,Male,60,Bryanfurt,Germany,2023-11-20
CUST04933,Jennifer Price,Male,35,Knightton,UK,2025-07-31
CUST04934,Dana Shelton,Female,47,New Jeffreytown,Australia,2024-11-07
CUST04935,Amber Dixon,Female,43,Port Henry,Germany,2025-12-07
CUST04936,Richard Wilson,Male,33,Lake Denise,UK,2022-05-28
CUST04937,Jerome Pena,Male,30,Gregfurt,India,2025-10-21
CUST04938,Paul Mann,Male,56,Lake Brandonshire,India,2022-09-23
CUST04939,Tammy Carr,Female,50,New Brianburgh,USA,2025-05-03
CUST04940,Malik Reeves,Female,43,Adamstad,UK,2025-03-31
CUST04941,Drew Mccormick,Male,18,West Phillipbury,UK,2025-09-28
CUST04942,Hunter Hunter,Male,55,Lisastad,Germany,2025-01-03
CUST04943,Sandy Mckay,Female,19,Abbotthaven,Germany,2025-08-13
CUST04944,Harry Williams,Male,23,Leeside,UK,2023-11-14
CUST04945,Jessica Poole,Male,63,North Kelly,USA,2024-07-14
CUST04946,Thomas Valenzuela,Female,55,Susanhaven,UK,2024-04-12
CUST04947,Jessica Acosta,Male,59,West Amandaborough,Australia,2025-02-14
CUST04948,Lori Cooley,Female,41,New April,Germany,2022-09-10
CUST04949,Beth Williams,Male,35,Reyeston,UK,2022-10-06
CUST04950,William Gill,Male,44,West Maria,Germany,2024-05-08
CUST04951,Ashley Ramirez,Female,58,East Barbarabury,UK,2023-02-15
CUST04952,Selena Berger,Female,25,West Rubenside,Canada,2024-06-30
CUST04953,Laura Wilcox,Male,45,West William,Germany,2021-06-20
CUST04954,Debbie Gonzalez,Female,27,East Leslie,USA,2024-09-15
CUST04955,Theresa Wagner,Male,34,North Richardport,Canada,2023-04-11
CUST04956,Bryan Brennan,Male,46,Brownshire,Australia,2025-06-18
CUST04957,Todd Ross,Female,23,New Brandon,UK,2025-01-21
CUST04958,Steven Perry,Male,31,South Kara,Australia,2022-09-15
CUST04959,Michael Frey,Male,39,New Justin,Germany,2024-11-16
CUST04960,Jacob Wilcox,Female,23,Donnashire,Canada,2023-06-27
CUST04961,Jennifer Johnson,Female,43,Valerieberg,Australia,2024-09-30
CUST04962,Xavier Marsh,Male,56,North Benjaminborough,USA,2022-09-05
CUST04963,Danielle Fitzpatrick,Female,29,West Linda,Germany,2024-05-09
CUST04964,Stephen Harrington,Female,52,Michaelstad,Canada,2022-10-23
CUST04965,Margaret Brown,Female,31,Stephanietown,Australia,2023-03-04
CUST04966,Brittany Cummings,Female,39,Newtonmouth,Canada,2024-10-06
CUST04967,Amanda Daniel,Male,40,New Victorbury,Canada,2023-10-28
CUST04968,Jenny Hernandez,Male,24,Robinsonport,Australia,2025-02-16
CUST04969,Brittney James,Male,57,Lake Crystalburgh,India,2022-07-24
CUST04970,Christy Carroll,Female,42,Thompsonhaven,UK,2025-05-29
CUST04971,Virginia Hudson,Female,30,Christophermouth,Germany,2025-10-24
CUST04972,Christopher Powers,Female,38,New Anitaview,Germany,2024-09-02
CUST04973,Kimberly Davis,Female,58,Nicholasmouth,Germany,2024-11-05
CUST04974,Curtis Krueger,Female,27,Lake Kristina,Canada,2021-10-20
CUST04975,Justin Archer,Female,26,Sarahfurt,Australia,2023-10-23
CUST04976,Brian Savage,Female,32,Lynnmouth,UK,2025-05-31
CUST04977,Louis Murray,Male,19,Alisontown,USA,2022-07-04
CUST04978,Patricia Mitchell,Male,42,Jamesview,Germany,2021-05-15
CUST04979,Alexander Smith,Female,30,Baldwinhaven,Australia,2025-10-18
CUST04980,Billy Murphy,Female,51,Cooperborough,UK,2022-12-07
CUST04981,Timothy Alexander,Female,51,Martinhaven,UK,2024-09-08
CUST04982,Emily Anderson,Male,52,Bryanstad,India,2022-06-22
CUST04983,Sydney Beck MD,Male,55,Lake Jerry,Australia,2024-04-04
CUST04984,Anthony Brock,Female,20,West Jennifer,Germany,2023-01-23
CUST04985,Kendra Lester,Female,59,Gilmoreborough,Canada,2025-07-21
CUST04986,Colleen Davis,Male,23,Parkfort,UK,2021-07-18
CUST04987,Denise Bruce,Male,36,Michaelton,UK,2025-07-02
CUST04988,Maria Rogers,Male,20,West Brooke,USA,2023-10-29
CUST04989,Amy Howard,Male,35,Brewerstad,India,2021-02-01
CUST04990,Elizabeth Snyder,Female,56,Matthewville,UK,2025-03-24
CUST04991,Andrea Peterson,Male,26,South John,UK,2024-04-03
CUST04992,Jacob Hernandez,Male,29,Allenshire,Canada,2022-11-15
CUST04993,Pamela Wright,Female,22,North Bruce,Canada,2021-12-21
CUST04994,Alan Arnold,Male,20,East Andrealand,USA,2023-05-20
CUST04995,Robert Cook,Male,28,Lake George,Australia,2022-07-19
CUST04996,Jennifer Murphy,Male,47,Mooremouth,USA,2025-07-29
CUST04997,Robert White,Female,21,South Sonyatown,USA,2024-06-03
CUST04998,Jennifer Hill,Male,22,New Michaelville,Canada,2022-12-25
CUST04999,James Hebert,Female,18,New Cristian,Australia,2025-07-10
CUST05000,Kimberly Thomas,Female,44,North Samanthafurt,Canada,2024-01-10
