order_id,order_date,customer_id,product_id,store_id,region,sales_channel,quantity,unit_price,discount,payment_method,order_status
O100000,2024-02-10,C6085,P1203,S241,South,Store,2,17152,0,Debit Card,Completed
O100001,2025-07-31,C5745,P1046,S247,North,Store,3,11020,498,Cash,Completed
O100002,2025-07-02,C6362,P1136,S235,North,Store,2,3271,0,Credit Card,Cancelled
O100003,2024-10-14,C5646,P1042,S225,South,Online,4,20007,0,Debit Card,Completed
O100004,2024-10-18,C5044,P1156,S234,East,Store,1,14997,271,Cash,Completed
O100005,2025-05-31,C5225,P1067,S202,East,Store,4,18554,0,Cash,Completed
O100006,2024-10-28,C6361,P1203,S239,West,Store,2,17152,0,Cash,Completed
O100007,2024-09-26,C6040,P1114,S205,South,Online,4,15114,56,UPI,Completed
O100008,2024-03-31,C5565,P1242,S215,East,Store,2,13862,0,UPI,Cancelled
O100009,2024-12-10,C5913,P1013,S245,East,Store,4,18762,177,Debit Card,Completed
O100010,2024-10-26,C5068,P1296,S226,North,Store,3,10596,0,Cash,Completed
O100011,2024-10-09,C5622,P1217,S209,West,Online,2,9870,0,Cash,Completed
O100012,2025-02-28,C6753,P1193,S243,South,Store,5,18061,0,Debit Card,Completed
O100013,2025-06-16,C6688,P1279,S226,North,Store,1,5899,0,Credit Card,Completed
O100014,2025-06-19,C6448,P1021,S231,North,Store,5,11470,0,UPI,Completed
O100015,2025-05-09,C5087,P1233,S215,East,Online,1,12833,0,Cash,Completed
O100016,2024-04-24,C6329,P1290,S240,North,Online,4,5987,0,Cash,Completed
O100017,2024-11-04,C5073,P1271,S224,East,Store,3,14975,0,Credit Card,Completed
O100018,2024-02-15,C6628,P1115,S201,South,Online,3,20308,466,Debit Card,Cancelled
O100019,2025-10-13,C5589,P1220,S230,East,Online,4,15484,0,UPI,Completed
O100020,2024-02-03,C5382,P1020,S200,West,Store,5,10169,0,Debit Card,Completed
O100021,2025-11-25,C5160,P1072,S217,West,Store,2,11213,0,UPI,Completed
O100022,2025-12-05,C5589,P1211,S224,East,Online,5,17552,0,Debit Card,Cancelled
O100023,2024-06-14,C6473,P1089,S215,East,Online,3,18424,0,Cash,Cancelled
O100024,2024-11-25,C5835,P1183,S217,West,Online,1,3139,204,Cash,Cancelled
O100025,2025-02-11,C6446,P1267,S249,East,Store,1,14604,215,Credit Card,Completed
O100026,2025-10-26,C6449,P1286,S225,South,Online,2,1267,0,Credit Card,Completed
O100027,2025-05-06,C6566,P1191,S243,South,Online,4,13093,0,Cash,Completed
O100028,2024-08-09,C6687,P1154,S205,South,Store,3,16309,0,UPI,Completed
O100029,2025-06-07,C5834,P1172,S216,East,Store,1,15856,399,UPI,Cancelled
O100030,2024-04-25,C5595,P1049,S203,East,Online,5,4384,0,Credit Card,Completed
O100031,2024-03-10,C6079,P1198,S239,West,Online,3,834,0,Debit Card,Completed
O100032,2024-06-10,C6380,P1021,S249,East,Online,2,11470,0,Cash,Completed
O100033,2024-01-23,C5309,P1236,S226,North,Online,4,1650,0,Debit Card,Cancelled
O100034,2024-11-23,C5991,P1130,S210,North,Store,5,9394,83,Cash,Cancelled
O100035,2025-08-12,C5057,P1287,S227,North,Online,2,21054,0,Debit Card,Completed
O100036,2025-06-20,C6198,P1268,S227,North,Online,3,5770,139,Cash,Cancelled
O100037,2024-05-02,C5054,P1247,S232,North,Store,5,15686,0,UPI,Completed
O100038,2024-02-26,C6996,P1069,S245,East,Online,4,10947,0,Credit Card,Completed
O100039,2024-11-11,C5553,P1038,S220,South,Online,3,22462,0,Cash,Cancelled
O100040,2025-06-26,C5943,P1224,S215,East,Store,5,21622,0,UPI,Completed
O100041,2024-06-17,C6323,P1068,S244,East,Store,3,11524,285,Cash,Completed
O100042,2025-01-14,C6684,P1167,S247,North,Store,1,14354,322,Credit Card,Completed
O100043,2025-02-26,C5240,P1039,S204,North,Online,5,3162,0,Debit Card,Completed
O100044,2025-06-24,C5433,P1073,S222,East,Online,4,5249,0,UPI,Completed
O100045,2025-10-19,C5561,P1288,S204,North,Store,3,10267,0,Cash,Cancelled
O100046,2024-07-03,C5520,P1182,S229,South,Store,5,18616,0,Debit Card,Completed
O100047,2025-09-28,C5334,P1159,S249,East,Store,4,18152,0,Cash,Completed
O100048,2025-12-21,C6679,P1176,S249,East,Online,4,14974,0,Cash,Cancelled
O100049,2024-03-16,C6349,P1174,S240,North,Store,3,21347,0,Cash,Completed
O100050,2024-12-09,C5220,P1148,S244,East,Store,2,10231,209,Cash,Cancelled
O100051,2024-12-15,C6329,P1200,S249,East,Store,5,2422,0,Credit Card,Cancelled
O100052,2024-07-02,C5509,P1017,S219,North,Online,1,16288,0,Debit Card,Completed
O100053,2024-07-29,C6830,P1002,S205,South,Store,5,21479,0,UPI,Completed
O100054,2024-08-21,C5928,P1029,S238,East,Online,2,21239,0,Debit Card,Cancelled
O100055,2025-08-24,C6875,P1263,S228,South,Online,4,7564,0,UPI,Completed
O100056,2024-11-29,C5819,P1062,S204,North,Store,4,17006,0,UPI,Completed
O100057,2024-09-15,C6548,P1050,S226,North,Online,5,11986,0,UPI,Completed
O100058,2025-03-06,C5433,P1164,S243,South,Store,2,5775,0,Cash,Completed
O100059,2024-04-14,C5894,P1095,S232,North,Online,5,13952,88,Credit Card,Completed
O100060,2025-11-19,C5182,P1194,S224,East,Online,5,10696,0,Credit Card,Completed
O100061,2025-03-23,C6507,P1245,S244,East,Store,3,3373,0,Credit Card,Completed
O100062,2025-11-06,C6210,P1165,S205,South,Store,2,21855,0,Credit Card,Completed
O100063,2024-12-19,C5480,P1121,S249,East,Store,3,12001,0,Debit Card,Completed
O100064,2024-10-24,C6456,P1154,S224,East,Online,5,16309,0,Credit Card,Completed
O100065,2025-01-13,C5086,P1237,S210,North,Online,5,21100,0,Debit Card,Completed
O100066,2025-04-01,C5237,P1126,S200,West,Store,2,13666,0,Cash,Completed
O100067,2024-12-12,C6086,P1006,S228,South,Online,4,17945,0,Debit Card,Completed
O100068,2025-07-12,C5706,P1212,S229,South,Online,2,21743,0,Cash,Cancelled
O100069,2025-11-18,C6859,P1214,S232,North,Online,5,10921,115,Debit Card,Completed
O100070,2025-03-08,C5856,P1174,S236,West,Online,2,21347,0,Credit Card,Completed
O100071,2025-08-29,C6324,P1021,S241,South,Store,4,11470,0,Credit Card,Completed
O100072,2024-06-04,C5567,P1066,S216,East,Online,1,17713,0,Credit Card,Completed
O100073,2025-07-17,C6826,P1072,S220,South,Store,3,11213,0,UPI,Cancelled
O100074,2024-07-07,C5611,P1219,S202,East,Online,5,11028,0,Debit Card,Completed
O100075,2024-08-24,C5100,P1070,S246,North,Online,3,3836,0,Credit Card,Completed
O100076,2024-12-18,C6082,P1137,S227,North,Store,1,8938,0,Credit Card,Cancelled
O100077,2024-05-05,C5917,P1275,S207,North,Online,4,22022,0,Cash,Cancelled
O100078,2024-08-05,C5649,P1096,S236,West,Online,2,16951,0,UPI,Completed
O100079,2024-06-09,C5484,P1096,S241,South,Online,2,16951,0,Debit Card,Completed
O100080,2024-10-18,C5705,P1031,S214,West,Online,1,6951,0,Credit Card,Completed
O100081,2025-09-02,C5445,P1108,S235,North,Store,5,14233,0,Debit Card,Completed
O100082,2025-02-06,C5644,P1237,S223,West,Store,3,21100,0,Debit Card,Completed
O100083,2025-08-13,C6671,P1143,S230,East,Store,2,8850,0,Debit Card,Cancelled
O100084,2024-06-16,C5476,P1074,S222,East,Online,3,5321,0,Credit Card,Completed
O100085,2024-04-06,C5817,P1184,S212,West,Store,3,23546,0,Debit Card,Cancelled
O100086,2024-01-07,C6824,P1228,S227,North,Store,3,13342,0,Debit Card,Completed
O100087,2024-01-31,C5709,P1056,S219,North,Store,2,17229,0,UPI,Completed
O100088,2024-10-10,C6315,P1147,S200,West,Store,2,10106,0,UPI,Completed
O100089,2024-06-18,C5583,P1000,S224,East,Online,4,5850,0,UPI,Completed
O100090,2024-08-25,C6773,P1065,S238,East,Online,4,3007,168,UPI,Completed
O100091,2025-06-28,C6723,P1207,S200,West,Store,4,17879,0,UPI,Completed
O100092,2025-07-01,C5882,P1126,S215,East,Online,1,13666,454,Debit Card,Cancelled
O100093,2024-09-23,C5961,P1298,S200,West,Store,2,14176,0,Cash,Cancelled
O100094,2024-08-15,C5310,P1140,S203,East,Online,3,18510,337,UPI,Completed
O100095,2024-04-29,C6232,P1264,S241,South,Online,4,5155,0,Credit Card,Cancelled
O100096,2024-07-14,C5247,P1060,S226,North,Store,2,10490,425,Cash,Completed
O100097,2024-08-17,C5732,P1067,S222,East,Store,2,18554,0,Debit Card,Completed
O100098,2025-10-03,C5544,P1070,S239,West,Online,4,3836,0,UPI,Completed
O100099,2024-03-03,C5413,P1204,S222,East,Online,5,3675,0,Cash,Completed
O100100,2025-03-03,C5168,P1062,S240,North,Store,2,17006,0,Debit Card,Completed
O100101,2025-05-11,C5419,P1254,S218,North,Online,4,18521,0,Debit Card,Completed
O100102,2025-05-19,C6472,P1114,S243,South,Store,2,15114,402,Cash,Completed
O100103,2024-10-13,C5202,P1226,S218,North,Store,1,19224,195,Debit Card,Cancelled
O100104,2024-01-01,C6806,P1108,S226,North,Online,4,14233,0,Cash,Completed
O100105,2024-03-16,C5855,P1065,S235,North,Store,1,3007,237,Cash,Cancelled
O100106,2025-05-03,C6156,P1064,S241,South,Store,3,13395,0,Credit Card,Completed
O100107,2024-08-21,C5279,P1253,S213,North,Store,1,20605,400,Credit Card,Completed
O100108,2025-08-04,C5429,P1202,S210,North,Store,5,15754,160,Credit Card,Cancelled
O100109,2024-01-28,C5298,P1250,S226,North,Store,1,4746,0,UPI,Completed
O100110,2025-05-14,C5290,P1156,S221,North,Online,2,14997,0,Cash,Completed
O100111,2025-02-08,C5320,P1242,S249,East,Online,2,13862,464,UPI,Completed
O100112,2025-01-25,C6096,P1156,S228,South,Store,3,14997,0,Credit Card,Completed
O100113,2024-11-08,C6951,P1257,S225,South,Online,5,18316,350,UPI,Cancelled
O100114,2024-09-04,C6480,P1136,S223,West,Online,4,3271,0,UPI,Completed
O100115,2024-05-28,C6125,P1297,S234,East,Online,5,20307,0,Credit Card,Completed
O100116,2025-11-26,C5881,P1190,S213,North,Store,1,22649,0,Debit Card,Completed
O100117,2025-11-29,C5228,P1291,S208,East,Store,5,12542,0,Cash,Completed
O100118,2024-12-10,C5293,P1024,S209,West,Store,1,15591,0,Cash,Completed
O100119,2025-08-01,C5087,P1056,S244,East,Store,2,17229,0,Debit Card,Completed
O100120,2025-07-30,C6231,P1119,S214,West,Store,2,20033,0,Cash,Cancelled
O100121,2025-05-31,C5888,P1288,S221,North,Store,1,10267,0,Debit Card,Completed
O100122,2025-01-05,C5370,P1074,S215,East,Store,1,5321,244,UPI,Completed
O100123,2024-03-05,C5651,P1210,S220,South,Store,3,6616,0,Credit Card,Completed
O100124,2025-04-14,C5619,P1260,S205,South,Store,1,1933,0,Debit Card,Completed
O100125,2024-04-05,C6527,P1024,S239,West,Online,2,15591,0,UPI,Cancelled
O100126,2025-10-07,C5013,P1055,S205,South,Store,3,21841,0,Cash,Completed
O100127,2024-11-02,C6689,P1195,S242,North,Store,5,2809,0,Cash,Completed
O100128,2024-05-03,C6791,P1063,S218,North,Store,1,17739,0,Credit Card,Cancelled
O100129,2025-03-03,C5190,P1285,S217,West,Online,5,20596,283,UPI,Completed
O100130,2024-08-02,C6251,P1003,S221,North,Store,2,1494,0,Debit Card,Completed
O100131,2025-03-02,C6811,P1190,S220,South,Store,1,22649,0,UPI,Completed
O100132,2025-03-03,C6636,P1127,S203,East,Online,5,11658,0,Debit Card,Cancelled
O100133,2024-08-02,C5590,P1225,S205,South,Store,2,14610,0,Cash,Cancelled
O100134,2024-11-29,C5199,P1165,S206,South,Store,4,21855,0,Credit Card,Completed
O100135,2024-12-22,C5070,P1101,S221,North,Online,1,17061,149,Credit Card,Completed
O100136,2025-02-20,C6979,P1238,S217,West,Online,5,18960,0,UPI,Completed
O100137,2024-08-14,C5006,P1260,S234,East,Online,2,1933,0,Cash,Completed
O100138,2025-12-11,C6582,P1276,S226,North,Online,4,17692,237,UPI,Completed
O100139,2024-05-13,C5446,P1225,S245,East,Store,1,14610,0,Credit Card,Cancelled
O100140,2024-10-15,C6265,P1117,S231,North,Store,5,10710,0,Debit Card,Completed
O100141,2024-05-16,C6141,P1147,S235,North,Online,5,10106,93,UPI,Completed
O100142,2024-02-15,C5341,P1017,S217,West,Online,3,16288,276,Debit Card,Completed
O100143,2024-09-08,C6858,P1145,S246,North,Online,1,13495,339,Credit Card,Completed
O100144,2024-10-11,C5898,P1143,S240,North,Store,2,8850,0,Cash,Cancelled
O100145,2025-08-26,C5864,P1114,S249,East,Online,3,15114,0,UPI,Completed
O100146,2025-12-12,C5258,P1200,S231,North,Online,4,2422,0,UPI,Cancelled
O100147,2025-02-27,C5188,P1043,S212,West,Store,2,10110,0,Credit Card,Completed
O100148,2024-12-22,C5836,P1190,S233,North,Online,3,22649,132,UPI,Completed
O100149,2024-06-06,C5846,P1216,S205,South,Online,2,19992,0,Cash,Completed
O100150,2024-08-06,C6827,P1255,S236,West,Store,2,14851,377,UPI,Completed
O100151,2024-05-14,C6365,P1261,S228,South,Online,1,22756,0,Debit Card,Completed
O100152,2025-01-21,C5686,P1166,S230,East,Online,5,1640,0,UPI,Cancelled
O100153,2024-05-19,C5702,P1071,S212,West,Store,4,5086,164,Debit Card,Completed
O100154,2024-05-29,C5949,P1118,S229,South,Store,1,23140,146,UPI,Completed
O100155,2024-11-15,C6748,P1106,S246,North,Store,1,16729,0,Credit Card,Completed
O100156,2024-08-17,C6176,P1226,S229,South,Store,5,19224,236,UPI,Completed
O100157,2025-01-26,C6520,P1258,S248,West,Store,4,21780,0,Debit Card,Cancelled
O100158,2025-10-02,C6846,P1178,S228,South,Online,3,8635,0,Cash,Completed
O100159,2024-08-03,C5780,P1171,S244,East,Store,3,20278,0,UPI,Completed
O100160,2024-07-02,C5994,P1079,S248,West,Store,4,9159,0,Debit Card,Completed
O100161,2024-06-21,C6360,P1200,S222,East,Online,3,2422,0,Cash,Completed
O100162,2024-08-30,C5347,P1258,S240,North,Online,5,21780,259,Debit Card,Completed
O100163,2024-07-30,C5271,P1137,S211,West,Store,2,8938,0,UPI,Completed
O100164,2025-10-23,C5087,P1296,S235,North,Online,5,10596,0,Cash,Completed
O100165,2024-11-24,C6096,P1040,S204,North,Store,3,4205,81,Credit Card,Cancelled
O100166,2025-12-11,C6538,P1013,S203,East,Online,2,18762,0,Debit Card,Cancelled
O100167,2024-02-13,C6572,P1219,S214,West,Online,5,11028,0,Credit Card,Completed
O100168,2024-01-14,C5252,P1175,S210,North,Store,1,20666,0,Credit Card,Completed
O100169,2025-02-23,C5554,P1178,S207,North,Store,5,8635,0,Debit Card,Completed
O100170,2025-02-21,C6847,P1239,S235,North,Online,3,20434,443,UPI,Completed
O100171,2025-08-20,C6161,P1281,S209,West,Online,3,12731,0,Cash,Completed
O100172,2024-11-05,C6136,P1166,S216,East,Online,4,1640,0,Debit Card,Completed
O100173,2025-01-14,C5163,P1122,S204,North,Store,1,4929,0,Debit Card,Completed
O100174,2024-06-09,C5137,P1042,S213,North,Store,5,20007,0,Debit Card,Completed
O100175,2025-05-24,C5613,P1156,S231,North,Online,5,14997,0,Debit Card,Completed
O100176,2024-02-10,C5998,P1046,S215,East,Online,3,11020,0,Cash,Completed
O100177,2025-11-15,C6163,P1203,S213,North,Store,4,17152,0,UPI,Completed
O100178,2024-01-11,C6122,P1173,S243,South,Store,4,7396,261,Credit Card,Completed
O100179,2025-12-10,C6681,P1286,S200,West,Online,5,1267,333,Cash,Completed
O100180,2024-09-09,C6358,P1297,S212,West,Online,1,20307,0,Cash,Completed
O100181,2025-10-02,C6106,P1200,S204,North,Store,5,2422,308,Credit Card,Completed
O100182,2025-10-20,C6799,P1184,S213,North,Online,5,23546,0,UPI,Cancelled
O100183,2024-12-14,C6911,P1153,S228,South,Online,5,14011,500,UPI,Cancelled
O100184,2024-05-17,C5899,P1039,S233,North,Store,4,3162,0,Credit Card,Cancelled
O100185,2025-10-22,C6654,P1054,S216,East,Store,3,17956,0,Debit Card,Cancelled
O100186,2024-08-26,C5365,P1157,S242,North,Store,1,20469,244,Cash,Completed
O100187,2025-04-12,C5127,P1099,S200,West,Online,3,17578,444,Debit Card,Completed
O100188,2024-12-10,C5759,P1273,S226,North,Online,1,17610,343,UPI,Completed
O100189,2025-10-11,C5443,P1119,S233,North,Store,1,20033,0,UPI,Completed
O100190,2025-01-17,C5413,P1155,S204,North,Store,2,15032,0,Debit Card,Completed
O100191,2025-10-06,C5051,P1202,S202,East,Store,1,15754,0,Debit Card,Completed
O100192,2024-12-11,C5897,P1186,S204,North,Store,2,14983,0,Debit Card,Completed
O100193,2024-02-25,C5965,P1082,S204,North,Store,3,8487,0,UPI,Completed
O100194,2024-05-29,C6115,P1042,S206,South,Online,5,20007,427,UPI,Completed
O100195,2025-05-30,C5382,P1098,S239,West,Online,1,22065,0,UPI,Cancelled
O100196,2024-09-12,C5840,P1285,S227,North,Store,5,20596,0,UPI,Completed
O100197,2025-01-11,C6293,P1219,S247,North,Store,5,11028,348,Cash,Completed
O100198,2024-05-03,C5400,P1118,S216,East,Online,5,23140,0,UPI,Completed
O100199,2025-04-15,C6335,P1067,S217,West,Online,1,18554,0,Debit Card,Cancelled
O100200,2024-04-20,C6933,P1066,S204,North,Online,5,17713,0,Cash,Completed
O100201,2024-07-18,C6960,P1174,S213,North,Online,1,21347,0,Debit Card,Completed
O100202,2024-05-28,C6067,P1067,S217,West,Store,4,18554,0,UPI,Completed
O100203,2024-03-18,C6154,P1094,S209,West,Online,1,3783,0,Credit Card,Completed
O100204,2025-03-12,C6308,P1287,S204,North,Store,2,21054,0,Cash,Completed
O100205,2024-06-23,C6806,P1163,S238,East,Online,3,11924,0,Credit Card,Completed
O100206,2025-01-24,C6381,P1113,S224,East,Store,2,2267,0,Debit Card,Completed
O100207,2024-10-16,C5211,P1105,S212,West,Store,2,10648,0,Debit Card,Completed
O100208,2025-08-16,C5621,P1169,S228,South,Store,4,5160,0,Debit Card,Completed
O100209,2024-10-04,C6935,P1272,S229,South,Online,4,21727,0,Debit Card,Completed
O100210,2025-02-22,C6616,P1105,S200,West,Online,1,10648,322,Cash,Completed
O100211,2024-02-11,C6062,P1085,S204,North,Store,1,5647,0,Cash,Completed
O100212,2025-04-18,C5796,P1244,S243,South,Store,2,5773,0,Debit Card,Completed
O100213,2025-05-17,C5908,P1129,S227,North,Store,2,5589,0,Debit Card,Completed
O100214,2025-04-02,C6852,P1191,S215,East,Online,5,13093,0,Debit Card,Completed
O100215,2024-11-19,C5321,P1137,S232,North,Store,3,8938,0,Debit Card,Cancelled
O100216,2024-05-23,C6994,P1153,S242,North,Online,2,14011,441,Credit Card,Completed
O100217,2025-12-07,C5674,P1062,S232,North,Online,5,17006,0,Credit Card,Completed
O100218,2025-01-13,C6102,P1260,S237,North,Store,2,1933,0,Credit Card,Completed
O100219,2024-12-28,C6607,P1207,S225,South,Online,2,17879,0,UPI,Cancelled
O100220,2024-05-30,C5745,P1028,S201,South,Store,4,7958,0,Credit Card,Cancelled
O100221,2024-03-18,C5554,P1052,S215,East,Store,5,13741,0,UPI,Completed
O100222,2025-04-18,C5057,P1044,S209,West,Online,5,11357,0,UPI,Cancelled
O100223,2025-11-25,C5088,P1000,S243,South,Store,3,5850,0,Credit Card,Cancelled
O100224,2025-05-17,C5571,P1198,S207,North,Online,1,834,0,UPI,Completed
O100225,2025-03-08,C5141,P1042,S241,South,Online,5,20007,0,Credit Card,Completed
O100226,2025-09-12,C5105,P1110,S222,East,Store,1,5745,0,UPI,Cancelled
O100227,2024-08-21,C5217,P1115,S241,South,Store,2,20308,0,Credit Card,Completed
O100228,2025-05-25,C6814,P1248,S241,South,Online,2,13480,0,Debit Card,Cancelled
O100229,2024-07-05,C6866,P1003,S221,North,Store,4,1494,0,Debit Card,Cancelled
O100230,2024-12-31,C5047,P1121,S226,North,Store,4,12001,0,Cash,Completed
O100231,2025-02-13,C5532,P1163,S217,West,Store,2,11924,0,UPI,Completed
O100232,2024-02-12,C6409,P1147,S214,West,Store,2,10106,139,UPI,Cancelled
O100233,2024-10-21,C6029,P1216,S228,South,Online,5,19992,0,Credit Card,Completed
O100234,2025-10-15,C5486,P1286,S234,East,Store,4,1267,0,Debit Card,Cancelled
O100235,2025-03-04,C6421,P1269,S245,East,Online,1,4684,0,Cash,Completed
O100236,2024-07-11,C6836,P1020,S249,East,Online,3,10169,0,UPI,Cancelled
O100237,2025-05-27,C5822,P1296,S225,South,Online,1,10596,496,Credit Card,Completed
O100238,2025-04-14,C5650,P1174,S202,East,Store,2,21347,0,Cash,Cancelled
O100239,2025-08-17,C6117,P1252,S215,East,Online,3,17202,0,Cash,Completed
O100240,2025-10-14,C6360,P1157,S211,West,Online,4,20469,0,Cash,Completed
O100241,2025-03-13,C6973,P1121,S200,West,Store,2,12001,0,Credit Card,Completed
O100242,2024-07-31,C5669,P1005,S209,West,Store,2,15987,0,Credit Card,Completed
O100243,2025-11-27,C5321,P1164,S212,West,Store,2,5775,0,Debit Card,Completed
O100244,2024-03-06,C5872,P1147,S228,South,Store,2,10106,0,UPI,Cancelled
O100245,2024-11-13,C6972,P1126,S215,East,Store,4,13666,0,Debit Card,Completed
O100246,2024-01-16,C5972,P1160,S224,East,Online,4,17020,0,UPI,Cancelled
O100247,2025-11-20,C5026,P1270,S234,East,Store,4,19833,0,UPI,Completed
O100248,2024-12-22,C5911,P1192,S223,West,Online,1,20500,429,Debit Card,Cancelled
O100249,2025-09-03,C6446,P1228,S212,West,Online,4,13342,0,Credit Card,Completed
O100250,2025-01-18,C6528,P1203,S202,East,Online,2,17152,449,Debit Card,Cancelled
O100251,2024-05-13,C6939,P1000,S229,South,Store,2,5850,0,Credit Card,Cancelled
O100252,2025-12-27,C6948,P1261,S233,North,Online,4,22756,0,Credit Card,Completed
O100253,2025-05-21,C5053,P1015,S226,North,Online,1,19492,0,Credit Card,Cancelled
O100254,2024-05-21,C6782,P1054,S236,West,Online,5,17956,0,Credit Card,Cancelled
O100255,2025-09-08,C5053,P1294,S234,East,Online,2,16364,210,Cash,Cancelled
O100256,2024-03-10,C5543,P1129,S228,South,Online,2,5589,0,Credit Card,Completed
O100257,2025-03-21,C5109,P1186,S224,East,Online,3,14983,0,Cash,Completed
O100258,2024-04-30,C6382,P1070,S226,North,Store,2,3836,0,Credit Card,Completed
O100259,2025-09-21,C6793,P1274,S249,East,Store,2,20728,0,Credit Card,Cancelled
O100260,2025-10-30,C6675,P1097,S225,South,Store,2,8915,0,UPI,Completed
O100261,2025-01-20,C5775,P1144,S220,South,Store,5,21604,0,Debit Card,Completed
O100262,2024-04-05,C5913,P1133,S239,West,Online,5,14458,0,Debit Card,Completed
O100263,2024-10-30,C5117,P1134,S235,North,Online,4,8636,0,Cash,Completed
O100264,2025-12-18,C5930,P1073,S208,East,Store,4,5249,0,Debit Card,Completed
O100265,2024-05-11,C6621,P1005,S228,South,Store,3,15987,0,UPI,Completed
O100266,2024-10-29,C5139,P1178,S245,East,Online,3,8635,288,Debit Card,Completed
O100267,2024-05-31,C5048,P1029,S234,East,Online,4,21239,63,UPI,Completed
O100268,2024-04-10,C6897,P1118,S207,North,Online,4,23140,61,Cash,Cancelled
O100269,2025-12-03,C5029,P1259,S215,East,Store,5,13997,349,Cash,Completed
O100270,2024-06-03,C5880,P1041,S248,West,Store,1,15445,0,UPI,Cancelled
O100271,2025-10-09,C5790,P1073,S238,East,Online,1,5249,0,Debit Card,Completed
O100272,2024-06-22,C6358,P1021,S247,North,Store,5,11470,0,UPI,Completed
O100273,2025-10-18,C5532,P1169,S248,West,Online,3,5160,458,Credit Card,Completed
O100274,2025-07-09,C5462,P1221,S238,East,Store,5,17898,0,Cash,Completed
O100275,2025-11-02,C5504,P1042,S202,East,Online,4,20007,88,Debit Card,Completed
O100276,2024-08-07,C6347,P1195,S244,East,Store,1,2809,0,Cash,Cancelled
O100277,2024-05-30,C5950,P1033,S229,South,Online,4,16111,199,Cash,Completed
O100278,2025-03-01,C6679,P1279,S224,East,Store,3,5899,0,Debit Card,Completed
O100279,2024-12-23,C6636,P1272,S243,South,Store,3,21727,0,Credit Card,Completed
O100280,2025-11-18,C6259,P1018,S240,North,Online,5,14106,444,UPI,Completed
O100281,2025-03-06,C5517,P1188,S217,West,Store,5,15328,0,Credit Card,Completed
O100282,2024-06-20,C6746,P1269,S222,East,Store,1,4684,252,Cash,Completed
O100283,2024-06-25,C5456,P1192,S207,North,Online,4,20500,0,Cash,Completed
O100284,2024-02-10,C5776,P1195,S244,East,Store,5,2809,311,UPI,Completed
O100285,2025-01-05,C5047,P1196,S218,North,Online,3,13692,0,Credit Card,Completed
O100286,2025-01-14,C6434,P1195,S240,North,Store,5,2809,0,Debit Card,Completed
O100287,2024-03-26,C6510,P1018,S233,North,Store,2,14106,496,UPI,Cancelled
O100288,2024-11-29,C6043,P1297,S201,South,Store,1,20307,0,Cash,Completed
O100289,2024-04-11,C6090,P1169,S214,West,Store,1,5160,0,Cash,Cancelled
O100290,2025-05-08,C5737,P1196,S207,North,Online,3,13692,0,Debit Card,Completed
O100291,2025-09-01,C6583,P1284,S240,North,Online,2,13277,0,Debit Card,Cancelled
O100292,2025-01-18,C5463,P1239,S206,South,Store,5,20434,0,Credit Card,Cancelled
O100293,2024-04-17,C5521,P1129,S207,North,Online,4,5589,0,Cash,Completed
O100294,2024-06-01,C5695,P1228,S206,South,Online,1,13342,0,Credit Card,Completed
O100295,2025-11-04,C5939,P1010,S229,South,Online,4,8826,0,UPI,Cancelled
O100296,2024-07-03,C5238,P1155,S210,North,Online,4,15032,0,Debit Card,Completed
O100297,2025-02-23,C6285,P1016,S249,East,Store,4,11602,0,UPI,Completed
O100298,2024-02-02,C5549,P1183,S232,North,Store,5,3139,168,UPI,Completed
O100299,2025-12-27,C6032,P1258,S217,West,Store,1,21780,0,UPI,Completed
O100300,2024-09-03,C5301,P1185,S210,North,Store,4,7628,202,UPI,Completed
O100301,2025-08-05,C6156,P1290,S228,South,Online,3,5987,0,Cash,Completed
O100302,2024-06-14,C5225,P1291,S247,North,Online,1,12542,169,Credit Card,Completed
O100303,2024-05-03,C6556,P1039,S234,East,Store,5,3162,51,Credit Card,Completed
O100304,2025-03-02,C5156,P1207,S245,East,Store,4,17879,0,UPI,Cancelled
O100305,2024-12-01,C5688,P1191,S207,North,Store,2,13093,0,UPI,Completed
O100306,2025-03-25,C6214,P1185,S230,East,Online,5,7628,366,Cash,Completed
O100307,2025-06-26,C6764,P1077,S232,North,Online,5,5894,0,UPI,Cancelled
O100308,2025-08-19,C6163,P1039,S203,East,Store,3,3162,0,UPI,Cancelled
O100309,2024-01-01,C5555,P1254,S223,West,Online,3,18521,0,Cash,Completed
O100310,2025-11-23,C6752,P1153,S239,West,Online,4,14011,0,Debit Card,Completed
O100311,2025-01-03,C6169,P1200,S212,West,Store,2,2422,0,UPI,Cancelled
O100312,2025-11-22,C5804,P1156,S201,South,Online,5,14997,0,Cash,Completed
O100313,2025-05-08,C6466,P1122,S218,North,Store,5,4929,0,Debit Card,Completed
O100314,2024-06-29,C6671,P1224,S202,East,Store,3,21622,0,Debit Card,Completed
O100315,2024-06-15,C5727,P1173,S202,East,Store,4,7396,0,Credit Card,Completed
O100316,2024-11-11,C6538,P1280,S243,South,Store,5,17740,0,UPI,Completed
O100317,2025-08-13,C5621,P1231,S212,West,Online,3,11775,0,Debit Card,Completed
O100318,2025-01-29,C6046,P1051,S222,East,Online,3,16446,359,UPI,Cancelled
O100319,2024-01-15,C5108,P1263,S204,North,Online,5,7564,186,Debit Card,Completed
O100320,2025-12-20,C6364,P1205,S220,South,Store,4,3522,349,Debit Card,Completed
O100321,2025-05-27,C5312,P1081,S203,East,Online,1,11888,0,UPI,Completed
O100322,2024-06-29,C5968,P1143,S241,South,Online,2,8850,0,Debit Card,Completed
O100323,2024-08-13,C6053,P1120,S242,North,Store,5,20523,0,Cash,Cancelled
O100324,2024-02-09,C6967,P1120,S242,North,Store,1,20523,0,Debit Card,Completed
O100325,2025-08-15,C6060,P1014,S224,East,Store,4,6858,0,Cash,Completed
O100326,2024-09-09,C5703,P1284,S217,West,Online,1,13277,0,UPI,Completed
O100327,2024-07-11,C5053,P1063,S207,North,Store,2,17739,0,Credit Card,Completed
O100328,2024-05-05,C5433,P1120,S215,East,Online,3,20523,0,UPI,Completed
O100329,2025-08-08,C5332,P1114,S225,South,Store,3,15114,256,Debit Card,Completed
O100330,2024-03-05,C5890,P1154,S245,East,Store,3,16309,411,Credit Card,Completed
O100331,2024-11-23,C5318,P1202,S247,North,Online,5,15754,384,Debit Card,Completed
O100332,2024-02-11,C5609,P1182,S226,North,Store,3,18616,0,Credit Card,Cancelled
O100333,2025-06-09,C5779,P1224,S217,West,Online,5,21622,0,Cash,Completed
O100334,2024-05-04,C6610,P1107,S223,West,Store,5,7054,0,Debit Card,Completed
O100335,2025-01-04,C6134,P1130,S242,North,Store,5,9394,331,Cash,Cancelled
O100336,2025-06-26,C6002,P1205,S215,East,Store,3,3522,0,UPI,Completed
O100337,2025-02-14,C5524,P1141,S239,West,Online,4,5607,0,UPI,Completed
O100338,2025-06-18,C5756,P1201,S213,North,Online,4,6002,0,Debit Card,Completed
O100339,2024-11-09,C6147,P1071,S200,West,Online,2,5086,0,Debit Card,Completed
O100340,2025-05-04,C5035,P1173,S237,North,Online,2,7396,0,Cash,Completed
O100341,2025-12-11,C6898,P1096,S233,North,Online,5,16951,0,UPI,Completed
O100342,2025-01-22,C6198,P1239,S211,West,Store,1,20434,161,Cash,Completed
O100343,2024-11-27,C6456,P1254,S218,North,Store,2,18521,0,Debit Card,Completed
O100344,2025-05-19,C6826,P1047,S249,East,Online,4,6278,0,Debit Card,Cancelled
O100345,2025-04-13,C5083,P1136,S246,North,Store,2,3271,0,Debit Card,Cancelled
O100346,2024-04-09,C6071,P1179,S204,North,Online,3,19591,0,UPI,Cancelled
O100347,2024-08-02,C5330,P1014,S203,East,Online,4,6858,0,Credit Card,Completed
O100348,2025-10-20,C5350,P1265,S211,West,Online,2,11992,0,Debit Card,Completed
O100349,2024-01-06,C5798,P1174,S226,North,Online,2,21347,0,Debit Card,Cancelled
O100350,2024-07-12,C5225,P1163,S206,South,Store,2,11924,0,UPI,Completed
O100351,2024-06-18,C6483,P1292,S240,North,Store,4,23214,0,Cash,Completed
O100352,2024-08-26,C6374,P1289,S235,North,Store,3,16378,0,Debit Card,Completed
O100353,2025-08-24,C6147,P1114,S204,North,Store,1,15114,0,Debit Card,Cancelled
O100354,2025-11-17,C6942,P1266,S238,East,Store,1,15728,443,Cash,Completed
O100355,2024-03-10,C5598,P1254,S218,North,Online,5,18521,97,Debit Card,Cancelled
O100356,2024-09-21,C5137,P1226,S215,East,Store,1,19224,0,Debit Card,Completed
O100357,2025-07-11,C6864,P1173,S225,South,Online,3,7396,0,UPI,Completed
O100358,2024-04-12,C5273,P1089,S230,East,Online,5,18424,0,Debit Card,Completed
O100359,2024-05-03,C5471,P1206,S214,West,Online,1,21502,0,Credit Card,Completed
O100360,2025-10-11,C6261,P1105,S222,East,Online,1,10648,83,UPI,Completed
O100361,2024-04-23,C5348,P1089,S233,North,Store,4,18424,0,UPI,Completed
O100362,2025-12-18,C6815,P1067,S238,East,Online,1,18554,0,UPI,Completed
O100363,2024-10-08,C5607,P1186,S208,East,Online,3,14983,0,Credit Card,Completed
O100364,2025-05-14,C5309,P1282,S208,East,Store,2,19507,263,UPI,Completed
O100365,2024-08-31,C6683,P1245,S226,North,Store,4,3373,0,Cash,Completed
O100366,2025-03-06,C6905,P1042,S230,East,Store,4,20007,0,Cash,Completed
O100367,2024-12-01,C6128,P1239,S229,South,Online,5,20434,231,UPI,Cancelled
O100368,2025-12-09,C5036,P1018,S231,North,Online,1,14106,0,Debit Card,Cancelled
O100369,2025-03-31,C5894,P1225,S247,North,Online,5,14610,0,Credit Card,Cancelled
O100370,2025-02-04,C5131,P1161,S202,East,Store,5,23914,0,Cash,Completed
O100371,2024-12-14,C6455,P1262,S210,North,Store,5,11478,0,Credit Card,Completed
O100372,2025-05-12,C6204,P1180,S211,West,Store,3,6796,426,UPI,Cancelled
O100373,2024-07-01,C5340,P1149,S228,South,Online,5,12341,0,Credit Card,Completed
O100374,2025-07-20,C6190,P1057,S243,South,Store,1,12244,0,Credit Card,Completed
O100375,2024-12-30,C6729,P1197,S237,North,Online,2,16495,104,Cash,Completed
O100376,2025-10-02,C6469,P1268,S204,North,Store,3,5770,0,Debit Card,Completed
O100377,2025-07-21,C5491,P1129,S240,North,Online,5,5589,366,UPI,Cancelled
O100378,2025-02-21,C5668,P1120,S214,West,Store,1,20523,497,Debit Card,Completed
O100379,2024-01-07,C5238,P1276,S235,North,Online,2,17692,0,Debit Card,Completed
O100380,2025-01-31,C5727,P1012,S218,North,Store,4,20263,488,Debit Card,Completed
O100381,2024-09-07,C5668,P1078,S223,West,Online,3,23389,0,Cash,Completed
O100382,2025-01-20,C5850,P1242,S203,East,Store,4,13862,0,Debit Card,Cancelled
O100383,2025-04-22,C5329,P1026,S217,West,Online,5,5942,401,Debit Card,Completed
O100384,2024-08-23,C6300,P1210,S236,West,Online,5,6616,0,Credit Card,Cancelled
O100385,2024-12-11,C6754,P1199,S213,North,Online,4,17589,0,Cash,Completed
O100386,2024-02-05,C5658,P1125,S226,North,Online,3,8150,0,Credit Card,Cancelled
O100387,2025-03-31,C6320,P1155,S237,North,Online,2,15032,91,Debit Card,Cancelled
O100388,2025-08-04,C6168,P1073,S247,North,Online,2,5249,0,Debit Card,Completed
O100389,2024-10-12,C5966,P1299,S227,North,Store,1,17937,232,UPI,Completed
O100390,2024-09-27,C5117,P1294,S243,South,Store,5,16364,0,UPI,Completed
O100391,2024-08-26,C6637,P1228,S213,North,Store,4,13342,0,UPI,Cancelled
O100392,2024-05-25,C6181,P1101,S241,South,Store,4,17061,0,Credit Card,Cancelled
O100393,2025-11-05,C5925,P1208,S227,North,Store,1,11265,0,Debit Card,Completed
O100394,2025-11-25,C6969,P1212,S233,North,Online,2,21743,0,UPI,Completed
O100395,2024-08-09,C5471,P1190,S236,West,Online,5,22649,0,Debit Card,Completed
O100396,2025-04-29,C6704,P1007,S203,East,Online,2,15969,0,Cash,Completed
O100397,2025-08-01,C5508,P1169,S206,South,Store,1,5160,0,Cash,Completed
O100398,2024-11-07,C6902,P1161,S216,East,Store,1,23914,0,UPI,Completed
O100399,2025-12-25,C6644,P1118,S247,North,Online,4,23140,257,UPI,Cancelled
O100400,2024-02-29,C5667,P1161,S236,West,Online,4,23914,0,Cash,Completed
O100401,2024-04-10,C6507,P1096,S243,South,Online,5,16951,0,Credit Card,Completed
O100402,2024-07-28,C6379,P1181,S220,South,Online,4,4623,0,UPI,Completed
O100403,2025-10-22,C6337,P1075,S229,South,Online,1,19286,0,Cash,Completed
O100404,2025-06-27,C6894,P1165,S218,North,Online,4,21855,0,UPI,Completed
O100405,2025-08-16,C6525,P1197,S203,East,Store,3,16495,0,Debit Card,Completed
O100406,2024-04-18,C6543,P1021,S211,West,Store,2,11470,0,Credit Card,Completed
O100407,2024-11-13,C5986,P1260,S241,South,Online,5,1933,0,UPI,Completed
O100408,2025-08-01,C6436,P1227,S248,West,Store,4,5382,0,Cash,Cancelled
O100409,2024-01-06,C6028,P1217,S247,North,Store,2,9870,0,Cash,Completed
O100410,2025-03-10,C5102,P1206,S216,East,Store,1,21502,319,UPI,Completed
O100411,2024-02-10,C6009,P1212,S227,North,Online,4,21743,0,Cash,Completed
O100412,2024-07-27,C5186,P1280,S209,West,Online,2,17740,0,Cash,Completed
O100413,2025-11-11,C5199,P1135,S232,North,Store,4,18707,87,Debit Card,Completed
O100414,2025-07-14,C6737,P1173,S231,North,Online,1,7396,0,Credit Card,Completed
O100415,2025-01-04,C5656,P1163,S205,South,Store,1,11924,167,Cash,Completed
O100416,2025-08-20,C5269,P1170,S247,North,Store,2,13196,0,Credit Card,Completed
O100417,2025-07-10,C5984,P1070,S225,South,Store,2,3836,0,Credit Card,Completed
O100418,2024-03-07,C6085,P1263,S211,West,Online,2,7564,0,Cash,Completed
O100419,2025-04-24,C5340,P1092,S231,North,Online,2,9784,0,Credit Card,Completed
O100420,2024-06-17,C6879,P1103,S201,South,Store,5,19689,0,Cash,Completed
O100421,2024-09-01,C5417,P1115,S247,North,Online,4,20308,0,Debit Card,Completed
O100422,2025-12-21,C6067,P1082,S209,West,Store,5,8487,0,UPI,Completed
O100423,2024-04-03,C6808,P1223,S237,North,Online,5,4729,0,Credit Card,Completed
O100424,2024-10-14,C6389,P1171,S211,West,Store,4,20278,0,UPI,Completed
O100425,2024-06-10,C6504,P1234,S208,East,Online,4,5302,365,Cash,Completed
O100426,2024-12-10,C5342,P1296,S233,North,Online,1,10596,0,Cash,Completed
O100427,2025-10-27,C5745,P1012,S226,North,Store,2,20263,0,Debit Card,Cancelled
O100428,2025-05-07,C6404,P1176,S238,East,Store,3,14974,390,Cash,Completed
O100429,2025-10-26,C6719,P1294,S209,West,Store,1,16364,0,UPI,Completed
O100430,2024-01-07,C5884,P1132,S217,West,Online,3,19210,0,Debit Card,Cancelled
O100431,2025-01-08,C6624,P1016,S232,North,Store,2,11602,393,UPI,Completed
O100432,2024-05-23,C5535,P1052,S247,North,Store,2,13741,117,Credit Card,Cancelled
O100433,2025-05-11,C6769,P1234,S212,West,Online,4,5302,0,UPI,Completed
O100434,2025-12-23,C6321,P1198,S238,East,Store,1,834,0,Debit Card,Completed
O100435,2025-01-28,C5328,P1216,S207,North,Online,2,19992,0,Cash,Completed
O100436,2024-03-14,C5641,P1288,S237,North,Online,3,10267,0,Debit Card,Completed
O100437,2024-11-15,C6134,P1107,S229,South,Store,1,7054,0,Credit Card,Completed
O100438,2024-01-05,C5659,P1058,S202,East,Store,4,16157,0,UPI,Completed
O100439,2025-11-26,C5162,P1009,S231,North,Online,2,15817,0,Cash,Completed
O100440,2024-08-25,C5922,P1143,S205,South,Store,3,8850,0,Cash,Completed
O100441,2024-06-10,C5378,P1289,S235,North,Store,5,16378,0,UPI,Completed
O100442,2024-08-04,C5075,P1233,S245,East,Online,2,12833,0,UPI,Cancelled
O100443,2024-12-01,C5883,P1146,S213,North,Store,3,13303,160,Debit Card,Completed
O100444,2024-11-17,C6311,P1077,S229,South,Store,4,5894,457,Credit Card,Cancelled
O100445,2025-11-02,C5670,P1155,S218,North,Online,1,15032,0,Cash,Cancelled
O100446,2025-03-25,C5140,P1126,S249,East,Online,1,13666,0,UPI,Cancelled
O100447,2025-04-08,C5060,P1141,S224,East,Store,5,5607,0,Debit Card,Completed
O100448,2025-10-03,C6671,P1242,S200,West,Online,1,13862,0,Credit Card,Completed
O100449,2025-10-29,C5939,P1060,S209,West,Store,4,10490,0,Credit Card,Completed
O100450,2025-12-06,C5899,P1164,S220,South,Store,3,5775,322,UPI,Completed
O100451,2024-11-16,C6464,P1073,S218,North,Store,2,5249,0,Debit Card,Completed
O100452,2024-12-17,C5066,P1002,S234,East,Online,1,21479,0,Debit Card,Completed
O100453,2025-07-25,C5788,P1285,S232,North,Online,4,20596,0,UPI,Completed
O100454,2024-02-24,C5652,P1291,S215,East,Online,3,12542,0,Cash,Cancelled
O100455,2024-03-10,C5277,P1090,S234,East,Online,2,6496,0,Cash,Completed
O100456,2024-09-10,C5437,P1121,S218,North,Online,4,12001,0,Debit Card,Completed
O100457,2024-12-16,C5153,P1153,S227,North,Online,2,14011,0,Cash,Completed
O100458,2024-10-26,C6086,P1210,S214,West,Store,3,6616,0,Debit Card,Cancelled
O100459,2025-09-25,C6649,P1250,S228,South,Online,1,4746,421,Cash,Completed
O100460,2025-06-23,C6473,P1209,S209,West,Online,5,14912,120,Debit Card,Completed
O100461,2024-09-09,C5429,P1207,S217,West,Online,5,17879,0,Credit Card,Completed
O100462,2025-02-25,C6167,P1248,S219,North,Online,3,13480,0,Debit Card,Completed
O100463,2025-08-01,C5060,P1082,S242,North,Store,2,8487,427,Credit Card,Cancelled
O100464,2025-03-20,C6573,P1156,S248,West,Online,5,14997,100,UPI,Cancelled
O100465,2025-02-26,C6218,P1021,S228,South,Online,5,11470,204,UPI,Cancelled
O100466,2024-09-13,C6100,P1162,S201,South,Online,1,8893,0,Credit Card,Completed
O100467,2024-08-27,C6589,P1087,S213,North,Store,3,5062,0,Credit Card,Cancelled
O100468,2024-07-01,C5616,P1189,S213,North,Online,3,23820,0,Cash,Completed
O100469,2025-10-21,C6294,P1240,S211,West,Online,4,9126,0,Debit Card,Completed
O100470,2024-08-16,C6828,P1059,S205,South,Store,3,10909,0,Credit Card,Completed
O100471,2025-07-27,C5786,P1021,S204,North,Store,5,11470,0,Cash,Completed
O100472,2024-07-22,C5473,P1104,S216,East,Store,3,18741,440,Cash,Completed
O100473,2024-04-18,C6173,P1210,S209,West,Online,1,6616,0,UPI,Completed
O100474,2024-08-24,C5916,P1133,S229,South,Online,5,14458,0,UPI,Cancelled
O100475,2024-12-22,C5503,P1131,S220,South,Online,1,20406,0,Debit Card,Completed
O100476,2024-10-20,C5075,P1109,S213,North,Store,5,5046,0,Debit Card,Completed
O100477,2025-01-24,C6332,P1034,S227,North,Store,2,9778,369,UPI,Completed
O100478,2025-04-13,C6728,P1148,S221,North,Store,2,10231,0,Credit Card,Cancelled
O100479,2024-12-06,C6047,P1074,S247,North,Online,2,5321,0,Debit Card,Completed
O100480,2024-10-04,C5774,P1252,S218,North,Online,3,17202,453,Credit Card,Cancelled
O100481,2025-11-25,C6692,P1060,S246,North,Online,1,10490,0,Credit Card,Cancelled
O100482,2025-09-14,C5396,P1251,S237,North,Online,4,8279,0,Debit Card,Completed
O100483,2025-02-03,C5023,P1142,S207,North,Store,5,11011,0,UPI,Cancelled
O100484,2024-09-30,C6848,P1018,S206,South,Store,3,14106,0,Debit Card,Cancelled
O100485,2025-03-29,C5314,P1161,S249,East,Online,4,23914,0,Debit Card,Completed
O100486,2024-05-19,C5606,P1144,S206,South,Store,1,21604,0,UPI,Completed
O100487,2025-08-06,C6205,P1105,S218,North,Online,1,10648,0,Debit Card,Cancelled
O100488,2024-08-13,C6692,P1039,S210,North,Online,4,3162,0,UPI,Cancelled
O100489,2024-10-21,C6941,P1171,S221,North,Store,4,20278,0,UPI,Cancelled
O100490,2025-05-06,C6634,P1192,S227,North,Store,4,20500,138,Debit Card,Completed
O100491,2025-11-26,C6392,P1097,S248,West,Online,5,8915,0,Credit Card,Completed
O100492,2025-05-30,C6229,P1013,S211,West,Store,5,18762,0,Cash,Completed
O100493,2024-05-18,C6033,P1090,S233,North,Store,3,6496,0,Debit Card,Completed
O100494,2024-01-07,C6172,P1226,S247,North,Store,5,19224,0,Cash,Completed
O100495,2025-08-16,C5578,P1125,S211,West,Store,3,8150,0,Cash,Cancelled
O100496,2024-07-08,C5560,P1019,S229,South,Store,3,11005,0,Credit Card,Completed
O100497,2025-06-12,C5124,P1293,S201,South,Online,5,19741,0,Debit Card,Completed
O100498,2025-12-20,C5725,P1081,S212,West,Store,5,11888,0,UPI,Completed
O100499,2024-07-04,C6563,P1083,S242,North,Online,5,7188,192,Cash,Cancelled
O100500,2025-03-22,C5432,P1210,S235,North,Online,1,6616,384,UPI,Completed
O100501,2025-12-19,C5182,P1246,S237,North,Store,3,22713,0,Cash,Cancelled
O100502,2025-01-21,C5712,P1275,S228,South,Store,3,22022,190,Cash,Completed
O100503,2024-03-30,C5659,P1101,S241,South,Store,1,17061,354,Credit Card,Completed
O100504,2025-04-16,C6567,P1021,S225,South,Online,3,11470,247,Cash,Completed
O100505,2024-02-08,C6165,P1178,S241,South,Store,2,8635,0,UPI,Completed
O100506,2024-08-03,C6861,P1113,S206,South,Store,4,2267,0,UPI,Cancelled
O100507,2024-11-30,C6955,P1291,S225,South,Store,3,12542,0,UPI,Cancelled
O100508,2024-08-24,C5446,P1090,S215,East,Online,2,6496,0,Credit Card,Completed
O100509,2024-04-24,C6225,P1226,S222,East,Online,2,19224,0,Debit Card,Completed
O100510,2024-08-26,C6842,P1077,S220,South,Store,2,5894,0,UPI,Completed
O100511,2024-08-06,C5283,P1229,S234,East,Store,1,23069,0,Debit Card,Completed
O100512,2024-04-09,C5249,P1131,S247,North,Store,5,20406,0,Cash,Cancelled
O100513,2025-05-21,C6025,P1003,S200,West,Online,3,1494,0,Debit Card,Completed
O100514,2024-08-05,C5280,P1239,S212,West,Online,5,20434,0,Debit Card,Completed
O100515,2024-06-29,C5236,P1162,S240,North,Online,3,8893,135,Cash,Completed
O100516,2024-09-06,C6992,P1033,S246,North,Online,5,16111,0,Cash,Completed
O100517,2025-11-27,C5663,P1150,S218,North,Store,5,7422,0,Cash,Cancelled
O100518,2025-12-11,C5670,P1159,S227,North,Online,3,18152,389,Credit Card,Completed
O100519,2024-01-16,C5395,P1073,S240,North,Store,5,5249,149,Debit Card,Completed
O100520,2025-03-21,C6436,P1134,S223,West,Online,3,8636,0,Cash,Completed
O100521,2025-02-24,C6308,P1229,S222,East,Store,4,23069,0,Cash,Completed
O100522,2024-06-11,C6928,P1025,S205,South,Store,3,8362,312,Cash,Cancelled
O100523,2025-07-16,C5608,P1091,S209,West,Online,4,12784,0,Credit Card,Cancelled
O100524,2025-05-06,C5040,P1272,S217,West,Store,3,21727,0,Debit Card,Completed
O100525,2024-04-04,C6080,P1216,S238,East,Online,4,19992,0,Credit Card,Cancelled
O100526,2024-08-30,C5364,P1156,S208,East,Online,2,14997,0,Cash,Completed
O100527,2025-11-25,C5804,P1052,S222,East,Online,1,13741,0,UPI,Cancelled
O100528,2025-01-26,C6513,P1212,S204,North,Online,3,21743,0,Cash,Completed
O100529,2025-08-13,C5290,P1234,S210,North,Store,5,5302,0,Cash,Completed
O100530,2025-03-11,C6631,P1026,S210,North,Online,5,5942,0,Cash,Completed
O100531,2024-02-29,C5961,P1238,S237,North,Online,1,18960,0,UPI,Cancelled
O100532,2024-11-17,C6279,P1043,S237,North,Store,2,10110,0,UPI,Completed
O100533,2024-02-11,C5458,P1154,S249,East,Store,2,16309,0,UPI,Completed
O100534,2025-07-03,C6928,P1063,S222,East,Store,3,17739,302,Cash,Completed
O100535,2025-12-18,C5345,P1031,S228,South,Store,5,6951,95,Credit Card,Completed
O100536,2025-10-22,C6949,P1224,S247,North,Store,3,21622,0,Credit Card,Completed
O100537,2025-06-19,C5359,P1103,S205,South,Online,3,19689,465,Debit Card,Completed
O100538,2024-06-09,C6821,P1060,S234,East,Online,1,10490,0,Debit Card,Cancelled
O100539,2025-10-22,C5482,P1258,S213,North,Online,1,21780,344,Cash,Completed
O100540,2025-12-16,C5213,P1154,S238,East,Store,3,16309,0,Cash,Cancelled
O100541,2024-04-08,C6152,P1242,S219,North,Online,1,13862,0,UPI,Cancelled
O100542,2024-11-18,C5256,P1252,S233,North,Online,3,17202,0,Cash,Completed
O100543,2024-02-28,C6951,P1082,S248,West,Store,5,8487,0,Credit Card,Completed
O100544,2025-09-13,C5629,P1213,S227,North,Online,2,14282,0,Debit Card,Completed
O100545,2024-01-12,C6676,P1270,S211,West,Online,3,19833,0,Debit Card,Completed
O100546,2024-03-15,C5789,P1033,S203,East,Online,2,16111,265,UPI,Completed
O100547,2025-03-13,C5026,P1161,S246,North,Online,4,23914,0,Cash,Completed
O100548,2025-03-03,C6394,P1265,S210,North,Store,1,11992,0,Debit Card,Completed
O100549,2025-10-10,C6166,P1214,S244,East,Online,3,10921,160,UPI,Completed
O100550,2024-10-29,C6975,P1008,S221,North,Online,4,11489,454,Credit Card,Cancelled
O100551,2024-11-06,C6847,P1038,S217,West,Store,2,22462,0,Cash,Completed
O100552,2024-07-22,C5223,P1044,S245,East,Online,5,11357,411,Debit Card,Completed
O100553,2024-12-19,C6350,P1293,S215,East,Online,2,19741,0,Credit Card,Cancelled
O100554,2025-07-01,C6286,P1110,S222,East,Store,1,5745,414,UPI,Completed
O100555,2024-06-03,C6833,P1271,S239,West,Store,1,14975,0,Debit Card,Completed
O100556,2025-04-25,C6166,P1177,S221,North,Store,4,4568,0,Debit Card,Cancelled
O100557,2025-03-08,C6415,P1228,S243,South,Store,2,13342,0,Debit Card,Completed
O100558,2024-04-26,C5051,P1218,S223,West,Store,1,15354,0,Debit Card,Cancelled
O100559,2025-02-20,C5737,P1253,S207,North,Store,2,20605,0,Debit Card,Completed
O100560,2024-09-28,C6154,P1128,S205,South,Store,1,10078,51,Cash,Completed
O100561,2024-08-25,C5472,P1090,S210,North,Store,1,6496,0,Debit Card,Completed
O100562,2025-09-26,C5889,P1130,S229,South,Online,5,9394,0,UPI,Completed
O100563,2025-10-31,C5014,P1289,S209,West,Online,3,16378,355,Credit Card,Cancelled
O100564,2025-02-09,C6187,P1068,S210,North,Store,3,11524,0,Credit Card,Cancelled
O100565,2025-01-08,C6152,P1112,S217,West,Store,5,14915,239,Debit Card,Completed
O100566,2025-11-20,C6028,P1219,S235,North,Online,2,11028,0,UPI,Completed
O100567,2025-01-02,C6330,P1087,S213,North,Online,1,5062,500,Cash,Completed
O100568,2024-11-10,C5361,P1232,S238,East,Online,1,4324,0,Cash,Cancelled
O100569,2024-06-11,C5330,P1062,S238,East,Online,2,17006,0,Debit Card,Completed
O100570,2025-05-22,C6784,P1233,S207,North,Store,1,12833,0,Debit Card,Completed
O100571,2024-03-02,C5671,P1061,S220,South,Store,5,22570,0,Cash,Completed
O100572,2025-09-28,C5872,P1286,S247,North,Store,4,1267,0,Cash,Cancelled
O100573,2024-02-17,C6027,P1214,S241,South,Store,1,10921,0,UPI,Completed
O100574,2025-10-09,C6925,P1118,S215,East,Online,2,23140,0,Cash,Completed
O100575,2024-11-20,C6128,P1217,S225,South,Online,5,9870,107,Credit Card,Completed
O100576,2025-02-09,C5881,P1177,S212,West,Online,3,4568,0,Cash,Completed
O100577,2024-06-11,C5410,P1233,S223,West,Online,2,12833,0,UPI,Completed
O100578,2024-07-07,C6008,P1276,S216,East,Online,2,17692,0,UPI,Completed
O100579,2025-07-05,C5348,P1091,S219,North,Store,3,12784,0,Credit Card,Cancelled
O100580,2024-04-15,C6559,P1270,S204,North,Store,3,19833,0,Cash,Completed
O100581,2025-11-26,C5861,P1156,S247,North,Online,4,14997,0,Debit Card,Cancelled
O100582,2024-12-06,C5271,P1246,S248,West,Store,1,22713,0,UPI,Cancelled
O100583,2025-12-18,C5506,P1080,S239,West,Store,5,5303,0,Debit Card,Completed
O100584,2024-05-22,C6822,P1169,S228,South,Store,5,5160,0,Credit Card,Completed
O100585,2024-06-28,C5005,P1232,S228,South,Store,5,4324,413,UPI,Completed
O100586,2025-07-02,C5396,P1220,S245,East,Online,4,15484,0,UPI,Completed
O100587,2025-02-28,C5791,P1282,S220,South,Store,3,19507,0,UPI,Completed
O100588,2025-08-16,C6452,P1101,S249,East,Online,3,17061,0,UPI,Completed
O100589,2024-01-31,C6142,P1131,S229,South,Online,4,20406,0,Debit Card,Completed
O100590,2024-04-19,C5119,P1238,S248,West,Store,5,18960,0,Cash,Completed
O100591,2024-06-05,C6503,P1040,S235,North,Online,3,4205,0,Debit Card,Cancelled
O100592,2025-08-14,C5730,P1293,S217,West,Online,3,19741,0,Credit Card,Cancelled
O100593,2025-04-16,C6984,P1225,S222,East,Store,2,14610,0,Debit Card,Cancelled
O100594,2024-11-25,C6836,P1181,S223,West,Store,1,4623,0,Debit Card,Completed
O100595,2025-04-17,C6146,P1169,S237,North,Store,5,5160,0,UPI,Completed
O100596,2024-11-05,C5170,P1248,S226,North,Store,3,13480,180,Credit Card,Completed
O100597,2024-03-01,C6910,P1112,S231,North,Store,4,14915,0,Debit Card,Completed
O100598,2025-08-01,C5740,P1299,S233,North,Online,4,17937,107,Credit Card,Completed
O100599,2024-05-27,C5685,P1030,S249,East,Store,3,11890,0,Debit Card,Completed
O100600,2024-01-11,C5713,P1208,S223,West,Online,5,11265,0,Debit Card,Completed
O100601,2024-10-01,C6996,P1113,S209,West,Online,2,2267,222,Debit Card,Completed
O100602,2024-08-08,C5876,P1187,S248,West,Online,4,10875,0,Debit Card,Cancelled
O100603,2024-08-30,C5697,P1169,S239,West,Online,5,5160,214,Debit Card,Completed
O100604,2025-02-06,C5568,P1109,S245,East,Online,2,5046,0,Cash,Completed
O100605,2024-05-28,C6505,P1140,S207,North,Online,3,18510,0,Cash,Cancelled
O100606,2025-05-04,C5630,P1268,S242,North,Online,4,5770,464,Credit Card,Completed
O100607,2025-07-02,C5379,P1058,S237,North,Online,4,16157,61,Debit Card,Cancelled
O100608,2024-10-01,C5253,P1110,S224,East,Online,3,5745,94,Debit Card,Completed
O100609,2025-04-12,C5513,P1247,S229,South,Store,5,15686,0,UPI,Completed
O100610,2024-07-09,C5622,P1093,S233,North,Online,4,7635,0,UPI,Completed
O100611,2025-01-02,C6646,P1263,S248,West,Store,5,7564,0,Credit Card,Completed
O100612,2025-08-15,C6544,P1152,S201,South,Online,5,11737,0,UPI,Completed
O100613,2024-07-03,C6522,P1253,S223,West,Online,3,20605,253,Credit Card,Completed
O100614,2024-01-31,C5499,P1251,S239,West,Online,5,8279,0,Credit Card,Cancelled
O100615,2024-12-15,C6701,P1218,S209,West,Store,3,15354,276,Credit Card,Completed
O100616,2025-10-24,C5187,P1145,S205,South,Store,5,13495,355,Cash,Completed
O100617,2025-05-22,C6020,P1011,S208,East,Online,2,6770,0,UPI,Completed
O100618,2025-01-03,C5319,P1271,S218,North,Store,1,14975,0,Debit Card,Completed
O100619,2025-11-10,C6718,P1215,S200,West,Online,2,16425,0,Cash,Cancelled
O100620,2025-08-29,C5595,P1262,S243,South,Online,5,11478,202,UPI,Completed
O100621,2024-08-15,C6201,P1288,S205,South,Store,1,10267,0,Cash,Completed
O100622,2025-03-16,C5335,P1076,S234,East,Online,5,16951,0,Debit Card,Completed
O100623,2025-04-23,C5090,P1010,S201,South,Online,3,8826,0,Credit Card,Cancelled
O100624,2024-12-12,C6027,P1217,S217,West,Store,5,9870,256,Cash,Completed
O100625,2024-01-02,C5387,P1125,S249,East,Online,5,8150,90,Debit Card,Completed
O100626,2024-04-16,C6739,P1267,S201,South,Online,2,14604,0,UPI,Completed
O100627,2024-06-08,C5393,P1163,S204,North,Store,1,11924,128,Credit Card,Completed
O100628,2025-02-27,C6440,P1178,S207,North,Online,5,8635,0,Cash,Completed
O100629,2024-01-05,C5213,P1178,S238,East,Online,3,8635,0,Cash,Completed
O100630,2025-11-08,C6120,P1064,S247,North,Online,5,13395,0,Debit Card,Completed
O100631,2025-01-23,C5253,P1011,S247,North,Online,1,6770,0,UPI,Cancelled
O100632,2025-11-25,C6993,P1062,S209,West,Online,2,17006,439,Credit Card,Completed
O100633,2025-02-07,C6498,P1083,S244,East,Online,4,7188,0,Cash,Completed
O100634,2024-12-30,C6058,P1099,S232,North,Store,4,17578,0,Cash,Completed
O100635,2025-01-03,C5152,P1164,S240,North,Online,2,5775,0,UPI,Cancelled
O100636,2024-09-24,C6991,P1236,S225,South,Online,5,1650,0,Cash,Completed
O100637,2025-10-04,C5267,P1028,S211,West,Online,2,7958,0,UPI,Completed
O100638,2024-06-02,C5049,P1126,S236,West,Store,4,13666,0,UPI,Cancelled
O100639,2025-10-23,C6399,P1007,S248,West,Online,4,15969,0,Debit Card,Completed
O100640,2024-08-19,C6550,P1204,S209,West,Store,5,3675,0,UPI,Completed
O100641,2025-07-18,C6695,P1185,S218,North,Online,2,7628,0,Cash,Cancelled
O100642,2025-02-13,C6503,P1283,S228,South,Online,4,17954,0,Credit Card,Completed
O100643,2024-08-10,C5661,P1263,S236,West,Online,5,7564,0,Credit Card,Completed
O100644,2024-03-02,C6639,P1107,S237,North,Store,5,7054,296,Cash,Cancelled
O100645,2025-04-29,C5738,P1241,S241,South,Store,4,19467,256,Debit Card,Completed
O100646,2025-03-26,C5004,P1105,S234,East,Online,1,10648,0,UPI,Completed
O100647,2024-01-28,C5169,P1092,S222,East,Store,5,9784,0,Debit Card,Cancelled
O100648,2024-07-13,C5550,P1102,S200,West,Online,1,11805,114,Debit Card,Completed
O100649,2025-06-02,C5760,P1208,S226,North,Store,1,11265,0,Credit Card,Completed
O100650,2025-07-31,C5499,P1205,S200,West,Store,2,3522,127,Debit Card,Completed
O100651,2024-03-04,C6702,P1142,S207,North,Store,4,11011,146,UPI,Completed
O100652,2024-11-21,C5367,P1191,S240,North,Store,4,13093,328,Credit Card,Cancelled
O100653,2025-07-21,C6786,P1188,S205,South,Store,3,15328,0,Cash,Completed
O100654,2025-12-02,C6745,P1294,S248,West,Store,4,16364,0,UPI,Completed
O100655,2024-09-29,C5366,P1083,S214,West,Online,3,7188,0,Debit Card,Completed
O100656,2024-04-09,C5263,P1238,S245,East,Store,2,18960,313,UPI,Completed
O100657,2024-01-19,C6557,P1097,S228,South,Store,1,8915,0,Debit Card,Cancelled
O100658,2025-06-12,C6275,P1131,S223,West,Online,1,20406,0,Cash,Completed
O100659,2025-10-11,C5846,P1221,S222,East,Store,5,17898,0,UPI,Completed
O100660,2025-07-21,C6290,P1230,S200,West,Store,5,12075,0,Cash,Completed
O100661,2024-11-01,C6869,P1204,S226,North,Store,1,3675,0,Credit Card,Completed
O100662,2024-02-13,C6131,P1136,S218,North,Store,5,3271,0,Credit Card,Completed
O100663,2024-03-09,C5663,P1138,S218,North,Online,3,8919,0,UPI,Completed
O100664,2025-05-20,C6594,P1066,S201,South,Store,4,17713,265,Cash,Completed
O100665,2025-07-28,C6235,P1205,S210,North,Online,1,3522,0,Debit Card,Completed
O100666,2025-02-03,C5436,P1177,S212,West,Store,2,4568,0,Credit Card,Completed
O100667,2024-09-09,C5206,P1239,S245,East,Store,4,20434,0,Debit Card,Cancelled
O100668,2025-12-19,C6436,P1134,S237,North,Store,5,8636,0,Credit Card,Cancelled
O100669,2025-12-04,C6400,P1240,S231,North,Store,5,9126,0,UPI,Completed
O100670,2025-12-19,C6378,P1279,S217,West,Store,4,5899,0,UPI,Cancelled
O100671,2024-01-04,C6190,P1278,S234,East,Online,2,19013,261,Cash,Completed
O100672,2025-06-05,C6113,P1217,S211,West,Store,2,9870,0,Debit Card,Completed
O100673,2025-02-26,C6819,P1193,S201,South,Online,3,18061,0,Credit Card,Completed
O100674,2025-03-19,C5887,P1169,S224,East,Store,3,5160,345,UPI,Cancelled
O100675,2025-10-26,C5453,P1027,S220,South,Store,3,5053,0,Credit Card,Completed
O100676,2025-05-20,C5709,P1101,S237,North,Store,2,17061,0,UPI,Completed
O100677,2025-12-23,C5566,P1020,S210,North,Store,1,10169,422,Credit Card,Completed
O100678,2024-06-04,C6348,P1286,S230,East,Online,1,1267,264,UPI,Cancelled
O100679,2024-03-07,C6289,P1007,S237,North,Store,1,15969,0,Cash,Completed
O100680,2024-06-17,C5094,P1013,S229,South,Store,5,18762,238,UPI,Cancelled
O100681,2025-09-13,C5795,P1204,S245,East,Online,1,3675,0,Cash,Cancelled
O100682,2025-11-09,C6327,P1047,S232,North,Online,5,6278,0,Credit Card,Cancelled
O100683,2025-11-04,C6954,P1047,S248,West,Online,4,6278,0,Credit Card,Cancelled
O100684,2025-02-20,C6820,P1062,S242,North,Store,3,17006,0,UPI,Cancelled
O100685,2025-07-28,C6184,P1174,S227,North,Store,3,21347,0,Debit Card,Completed
O100686,2024-09-11,C6520,P1287,S210,North,Store,3,21054,0,Debit Card,Completed
O100687,2025-08-07,C6052,P1258,S240,North,Store,4,21780,304,Credit Card,Completed
O100688,2025-07-16,C5406,P1147,S212,West,Store,3,10106,0,UPI,Cancelled
O100689,2025-08-01,C6064,P1068,S210,North,Online,3,11524,0,Cash,Completed
O100690,2024-03-03,C5801,P1278,S248,West,Store,1,19013,0,Credit Card,Completed
O100691,2024-04-07,C5500,P1021,S212,West,Store,3,11470,460,Credit Card,Completed
O100692,2024-09-12,C6447,P1235,S233,North,Store,2,21005,168,Cash,Completed
O100693,2024-10-02,C5642,P1265,S214,West,Online,3,11992,285,Credit Card,Cancelled
O100694,2025-03-04,C6081,P1160,S221,North,Store,1,17020,0,UPI,Completed
O100695,2024-12-14,C6155,P1055,S248,West,Store,2,21841,0,Credit Card,Cancelled
O100696,2024-02-27,C5381,P1201,S219,North,Store,3,6002,283,Credit Card,Completed
O100697,2024-12-07,C6687,P1239,S234,East,Online,4,20434,300,Cash,Completed
O100698,2025-06-19,C6819,P1112,S229,South,Store,2,14915,0,UPI,Completed
O100699,2025-06-18,C5919,P1180,S230,East,Online,4,6796,0,Debit Card,Completed
O100700,2025-10-04,C6390,P1265,S213,North,Store,1,11992,0,Debit Card,Completed
O100701,2024-06-14,C6993,P1148,S208,East,Store,4,10231,305,Credit Card,Cancelled
O100702,2025-01-21,C5795,P1139,S219,North,Online,2,21395,0,Credit Card,Completed
O100703,2025-11-23,C5851,P1245,S221,North,Online,4,3373,0,Cash,Completed
O100704,2025-12-20,C6000,P1059,S245,East,Store,3,10909,0,UPI,Cancelled
O100705,2025-02-22,C5463,P1250,S222,East,Online,2,4746,352,UPI,Completed
O100706,2024-03-24,C5710,P1158,S219,North,Store,1,18699,0,UPI,Completed
O100707,2025-03-16,C5627,P1104,S241,South,Store,2,18741,0,Debit Card,Completed
O100708,2024-02-11,C6749,P1024,S224,East,Online,5,15591,0,Debit Card,Cancelled
O100709,2025-03-04,C6924,P1276,S236,West,Store,4,17692,359,Credit Card,Completed
O100710,2024-09-14,C5453,P1281,S203,East,Store,3,12731,0,Cash,Completed
O100711,2025-03-27,C5118,P1081,S237,North,Store,5,11888,0,Debit Card,Cancelled
O100712,2025-12-14,C6310,P1189,S226,North,Online,3,23820,0,Cash,Completed
O100713,2024-04-22,C5153,P1122,S243,South,Online,2,4929,0,Credit Card,Completed
O100714,2024-05-21,C5358,P1186,S231,North,Store,5,14983,0,Credit Card,Cancelled
O100715,2024-05-06,C6906,P1169,S229,South,Store,2,5160,0,Credit Card,Completed
O100716,2025-09-09,C5738,P1273,S226,North,Online,3,17610,0,Debit Card,Completed
O100717,2025-01-17,C5493,P1182,S215,East,Store,5,18616,0,Cash,Completed
O100718,2025-09-10,C5427,P1179,S232,North,Store,3,19591,0,Debit Card,Completed
O100719,2025-09-15,C6573,P1085,S235,North,Online,3,5647,0,Cash,Completed
O100720,2024-09-18,C6913,P1280,S240,North,Store,1,17740,185,Debit Card,Completed
O100721,2024-12-15,C5783,P1026,S200,West,Online,4,5942,0,Cash,Cancelled
O100722,2024-01-04,C6034,P1278,S202,East,Store,4,19013,0,UPI,Completed
O100723,2024-08-10,C5039,P1284,S218,North,Store,5,13277,0,UPI,Completed
O100724,2024-03-09,C5455,P1209,S218,North,Store,3,14912,0,Cash,Completed
O100725,2025-11-18,C5927,P1241,S204,North,Online,3,19467,311,Credit Card,Completed
O100726,2025-01-31,C6842,P1202,S224,East,Online,1,15754,0,Credit Card,Cancelled
O100727,2025-02-04,C5535,P1094,S220,South,Store,3,3783,0,Credit Card,Completed
O100728,2024-03-21,C5335,P1247,S233,North,Online,5,15686,0,Credit Card,Completed
O100729,2024-09-05,C6626,P1019,S239,West,Store,5,11005,0,Cash,Cancelled
O100730,2024-09-28,C5180,P1230,S248,West,Online,4,12075,0,Debit Card,Cancelled
O100731,2025-06-19,C5300,P1119,S202,East,Store,1,20033,0,UPI,Completed
O100732,2025-10-08,C6293,P1127,S248,West,Online,1,11658,0,Cash,Completed
O100733,2024-03-20,C6608,P1171,S236,West,Online,1,20278,0,Credit Card,Completed
O100734,2024-02-05,C5537,P1107,S244,East,Online,2,7054,0,Credit Card,Cancelled
O100735,2025-10-20,C5666,P1131,S228,South,Store,4,20406,329,Credit Card,Completed
O100736,2024-02-23,C5370,P1049,S208,East,Online,5,4384,0,Credit Card,Completed
O100737,2025-09-05,C6176,P1213,S215,East,Store,5,14282,194,Debit Card,Completed
O100738,2025-09-13,C6611,P1122,S206,South,Store,1,4929,0,Credit Card,Completed
O100739,2024-04-28,C5876,P1087,S245,East,Store,3,5062,0,Debit Card,Completed
O100740,2025-10-20,C5042,P1223,S244,East,Store,5,4729,0,Debit Card,Cancelled
O100741,2025-04-13,C6462,P1201,S208,East,Store,2,6002,0,UPI,Completed
O100742,2024-10-23,C5467,P1023,S226,North,Online,4,11148,0,Credit Card,Completed
O100743,2024-11-01,C6403,P1152,S230,East,Online,1,11737,0,Credit Card,Completed
O100744,2025-03-12,C5012,P1012,S226,North,Online,4,20263,0,Credit Card,Cancelled
O100745,2024-04-11,C6662,P1118,S243,South,Store,1,23140,0,UPI,Completed
O100746,2024-03-08,C6004,P1112,S225,South,Online,1,14915,486,UPI,Completed
O100747,2025-08-02,C6054,P1043,S204,North,Store,4,10110,0,Debit Card,Completed
O100748,2025-07-04,C6166,P1248,S230,East,Online,5,13480,0,Credit Card,Cancelled
O100749,2024-08-09,C6549,P1154,S216,East,Online,4,16309,154,Cash,Completed
O100750,2025-03-27,C6787,P1210,S228,South,Store,4,6616,422,Cash,Completed
O100751,2024-05-16,C6658,P1284,S230,East,Online,2,13277,0,Cash,Completed
O100752,2025-01-20,C6193,P1246,S223,West,Online,5,22713,0,Credit Card,Cancelled
O100753,2025-11-19,C5673,P1050,S235,North,Online,4,11986,0,Cash,Completed
O100754,2024-04-08,C6115,P1008,S203,East,Online,5,11489,424,Credit Card,Completed
O100755,2024-05-11,C6683,P1285,S244,East,Store,1,20596,0,Debit Card,Completed
O100756,2025-02-27,C6815,P1186,S211,West,Store,4,14983,106,UPI,Completed
O100757,2025-06-27,C6131,P1292,S220,South,Online,1,23214,0,Debit Card,Cancelled
O100758,2024-05-19,C5100,P1033,S239,West,Store,1,16111,0,Cash,Cancelled
O100759,2025-04-02,C5828,P1060,S221,North,Store,4,10490,0,Debit Card,Cancelled
O100760,2025-12-03,C6525,P1240,S244,East,Store,1,9126,160,Debit Card,Completed
O100761,2025-07-29,C5704,P1147,S205,South,Online,1,10106,0,Cash,Completed
O100762,2024-03-10,C5864,P1047,S220,South,Store,1,6278,0,Credit Card,Cancelled
O100763,2024-06-21,C5055,P1059,S201,South,Store,3,10909,0,Debit Card,Cancelled
O100764,2025-10-18,C6675,P1108,S247,North,Online,3,14233,0,UPI,Completed
O100765,2025-02-28,C6250,P1028,S204,North,Online,4,7958,485,Debit Card,Completed
O100766,2025-10-04,C6257,P1054,S235,North,Store,2,17956,0,UPI,Completed
O100767,2024-03-08,C5133,P1172,S244,East,Online,5,15856,0,Debit Card,Completed
O100768,2025-06-04,C6486,P1137,S236,West,Store,2,8938,0,UPI,Completed
O100769,2024-11-10,C5214,P1254,S239,West,Online,5,18521,473,Debit Card,Completed
O100770,2025-11-13,C5937,P1091,S222,East,Online,1,12784,479,Cash,Completed
O100771,2024-03-02,C5533,P1278,S223,West,Store,4,19013,0,Debit Card,Completed
O100772,2024-07-27,C6285,P1078,S231,North,Store,5,23389,279,Credit Card,Completed
O100773,2024-08-08,C5293,P1136,S225,South,Store,1,3271,0,Cash,Cancelled
O100774,2025-04-11,C5428,P1080,S222,East,Store,1,5303,0,Cash,Completed
O100775,2024-10-05,C5365,P1234,S231,North,Store,3,5302,0,Debit Card,Completed
O100776,2024-03-28,C5300,P1039,S217,West,Online,3,3162,0,Credit Card,Completed
O100777,2025-04-26,C5692,P1171,S213,North,Online,3,20278,419,Cash,Completed
O100778,2024-03-13,C5309,P1215,S240,North,Online,1,16425,0,Cash,Completed
O100779,2024-02-17,C6714,P1124,S245,East,Online,2,18693,483,Cash,Completed
O100780,2024-09-29,C5500,P1280,S215,East,Online,5,17740,0,Credit Card,Completed
O100781,2025-01-15,C5167,P1290,S248,West,Store,2,5987,0,UPI,Completed
O100782,2025-08-19,C6081,P1111,S230,East,Store,4,6965,0,UPI,Cancelled
O100783,2025-01-13,C6751,P1206,S242,North,Store,2,21502,0,Debit Card,Completed
O100784,2024-02-03,C5133,P1248,S238,East,Online,4,13480,0,Debit Card,Completed
O100785,2025-07-05,C5790,P1098,S219,North,Online,2,22065,476,UPI,Completed
O100786,2024-03-20,C6318,P1244,S206,South,Store,3,5773,0,Credit Card,Completed
O100787,2024-12-14,C6174,P1269,S220,South,Store,4,4684,0,Credit Card,Completed
O100788,2025-09-01,C5726,P1230,S236,West,Online,4,12075,170,Credit Card,Cancelled
O100789,2024-10-11,C6920,P1267,S233,North,Online,5,14604,0,UPI,Completed
O100790,2024-01-03,C6580,P1047,S223,West,Online,1,6278,0,Cash,Completed
O100791,2024-08-07,C6715,P1000,S232,North,Store,3,5850,0,Debit Card,Completed
O100792,2024-01-20,C6245,P1220,S207,North,Store,2,15484,0,Debit Card,Completed
O100793,2025-06-30,C5440,P1171,S240,North,Store,3,20278,0,Cash,Completed
O100794,2024-08-16,C6386,P1230,S243,South,Store,3,12075,0,Debit Card,Completed
O100795,2025-11-17,C5525,P1007,S203,East,Online,3,15969,0,Debit Card,Completed
O100796,2025-01-15,C6418,P1026,S238,East,Online,2,5942,0,Credit Card,Cancelled
O100797,2024-09-02,C6879,P1294,S230,East,Online,2,16364,407,Credit Card,Completed
O100798,2024-02-16,C6723,P1224,S202,East,Store,3,21622,0,UPI,Completed
O100799,2025-02-25,C5089,P1295,S216,East,Online,4,3337,490,Debit Card,Cancelled
O100800,2025-02-18,C6332,P1009,S237,North,Store,5,15817,113,UPI,Completed
O100801,2024-06-30,C5116,P1205,S208,East,Online,2,3522,0,Cash,Completed
O100802,2024-01-17,C6275,P1054,S216,East,Store,3,17956,0,Credit Card,Cancelled
O100803,2024-11-07,C6060,P1266,S236,West,Online,3,15728,0,UPI,Completed
O100804,2025-06-22,C5874,P1006,S240,North,Online,4,17945,0,Cash,Cancelled
O100805,2025-07-27,C5117,P1285,S217,West,Store,5,20596,0,Cash,Completed
O100806,2025-07-24,C5371,P1172,S237,North,Online,5,15856,0,Debit Card,Completed
O100807,2024-06-21,C5701,P1182,S237,North,Online,1,18616,0,Credit Card,Completed
O100808,2024-02-18,C6360,P1262,S233,North,Online,4,11478,0,Credit Card,Completed
O100809,2024-09-17,C5254,P1211,S231,North,Online,3,17552,485,Cash,Completed
O100810,2024-05-31,C5421,P1129,S218,North,Online,1,5589,284,UPI,Completed
O100811,2025-07-02,C5126,P1131,S213,North,Store,2,20406,464,Debit Card,Completed
O100812,2025-08-30,C6883,P1232,S209,West,Store,2,4324,258,Debit Card,Completed
O100813,2025-02-12,C5395,P1142,S222,East,Store,5,11011,0,Credit Card,Cancelled
O100814,2024-11-25,C6049,P1120,S232,North,Online,4,20523,0,Debit Card,Completed
O100815,2025-06-16,C5340,P1099,S214,West,Online,3,17578,0,Debit Card,Cancelled
O100816,2025-04-15,C6279,P1232,S234,East,Online,3,4324,0,Credit Card,Completed
O100817,2024-09-23,C6330,P1064,S227,North,Store,1,13395,0,Cash,Completed
O100818,2024-12-19,C5368,P1295,S233,North,Online,4,3337,0,Debit Card,Completed
O100819,2025-06-05,C5802,P1124,S225,South,Store,4,18693,0,Debit Card,Completed
O100820,2024-06-26,C5265,P1062,S214,West,Online,3,17006,254,UPI,Cancelled
O100821,2024-02-15,C6082,P1005,S200,West,Online,5,15987,0,UPI,Cancelled
O100822,2024-02-14,C5840,P1282,S221,North,Online,1,19507,0,Credit Card,Completed
O100823,2025-04-04,C5080,P1147,S228,South,Online,2,10106,0,Cash,Completed
O100824,2025-03-31,C5813,P1250,S203,East,Online,5,4746,0,Credit Card,Completed
O100825,2025-09-11,C5965,P1272,S238,East,Online,1,21727,0,Credit Card,Completed
O100826,2024-01-12,C5913,P1279,S216,East,Online,2,5899,0,UPI,Completed
O100827,2024-06-02,C5370,P1117,S245,East,Online,1,10710,396,Credit Card,Completed
O100828,2025-06-11,C6146,P1105,S242,North,Store,5,10648,0,UPI,Completed
O100829,2025-09-19,C6451,P1236,S218,North,Store,5,1650,0,Debit Card,Cancelled
O100830,2024-05-07,C6892,P1253,S202,East,Store,2,20605,0,UPI,Cancelled
O100831,2024-11-21,C6212,P1168,S238,East,Online,2,11993,0,Cash,Completed
O100832,2024-03-15,C5766,P1249,S216,East,Store,3,17145,0,Credit Card,Cancelled
O100833,2025-06-26,C5697,P1172,S226,North,Store,5,15856,0,Cash,Completed
O100834,2025-06-03,C5553,P1031,S238,East,Online,5,6951,0,Cash,Completed
O100835,2024-02-10,C6411,P1129,S229,South,Online,5,5589,0,Debit Card,Completed
O100836,2025-03-08,C6670,P1211,S237,North,Store,3,17552,93,Cash,Completed
O100837,2025-08-07,C6516,P1276,S235,North,Store,2,17692,0,Cash,Cancelled
O100838,2024-10-30,C6220,P1273,S240,North,Online,2,17610,225,Credit Card,Completed
O100839,2025-04-22,C6733,P1185,S249,East,Online,4,7628,458,Debit Card,Completed
O100840,2025-05-04,C6459,P1143,S212,West,Online,3,8850,0,Debit Card,Completed
O100841,2025-04-14,C5880,P1064,S237,North,Online,1,13395,0,Credit Card,Completed
O100842,2025-01-18,C6460,P1054,S201,South,Online,3,17956,54,UPI,Completed
O100843,2024-06-23,C6035,P1003,S200,West,Online,3,1494,179,Cash,Cancelled
O100844,2024-07-05,C6482,P1206,S217,West,Online,3,21502,0,Cash,Cancelled
O100845,2024-06-15,C6313,P1032,S237,North,Store,3,2864,0,Credit Card,Completed
O100846,2024-11-26,C5565,P1020,S244,East,Store,5,10169,414,Credit Card,Completed
O100847,2024-02-21,C5533,P1204,S246,North,Online,3,3675,0,UPI,Completed
O100848,2025-06-24,C6268,P1102,S249,East,Online,3,11805,0,Debit Card,Completed
O100849,2024-08-03,C6749,P1065,S222,East,Store,5,3007,0,Cash,Completed
O100850,2025-04-05,C6216,P1250,S209,West,Online,2,4746,0,Credit Card,Completed
O100851,2025-01-07,C5584,P1137,S237,North,Online,1,8938,0,Cash,Cancelled
O100852,2024-05-29,C5860,P1036,S244,East,Store,3,11836,0,Credit Card,Cancelled
O100853,2024-04-28,C5805,P1201,S204,North,Online,3,6002,0,Debit Card,Cancelled
O100854,2024-10-18,C6223,P1045,S227,North,Online,4,18465,0,UPI,Completed
O100855,2024-02-27,C6635,P1034,S243,South,Online,4,9778,0,Credit Card,Completed
O100856,2025-11-03,C5221,P1262,S227,North,Store,5,11478,0,UPI,Completed
O100857,2024-10-06,C6418,P1164,S246,North,Store,2,5775,0,UPI,Completed
O100858,2025-11-13,C5662,P1237,S243,South,Store,1,21100,0,Debit Card,Completed
O100859,2025-11-02,C6716,P1276,S247,North,Online,2,17692,0,UPI,Completed
O100860,2024-07-11,C5136,P1283,S247,North,Online,2,17954,0,UPI,Completed
O100861,2024-08-29,C5055,P1023,S245,East,Store,2,11148,394,Cash,Completed
O100862,2025-07-30,C6073,P1081,S209,West,Online,2,11888,0,Credit Card,Completed
O100863,2024-12-19,C5056,P1051,S212,West,Store,4,16446,0,Debit Card,Completed
O100864,2025-10-17,C6607,P1195,S244,East,Online,1,2809,468,Cash,Completed
O100865,2025-06-09,C6062,P1188,S222,East,Store,4,15328,0,Credit Card,Completed
O100866,2024-09-22,C6607,P1271,S226,North,Store,4,14975,0,UPI,Completed
O100867,2024-05-22,C6245,P1257,S242,North,Online,5,18316,0,Debit Card,Completed
O100868,2025-12-07,C6841,P1004,S238,East,Online,3,6831,0,Cash,Completed
O100869,2025-03-20,C5295,P1227,S236,West,Online,4,5382,0,Credit Card,Completed
O100870,2025-02-14,C6778,P1161,S241,South,Online,4,23914,0,Debit Card,Completed
O100871,2025-09-12,C6057,P1126,S213,North,Online,5,13666,0,Debit Card,Cancelled
O100872,2024-02-19,C6260,P1135,S230,East,Store,1,18707,328,Cash,Completed
O100873,2025-11-26,C5111,P1033,S245,East,Online,2,16111,0,UPI,Completed
O100874,2024-03-29,C5367,P1089,S228,South,Online,2,18424,344,Debit Card,Completed
O100875,2024-03-04,C5043,P1182,S230,East,Store,4,18616,0,Credit Card,Completed
O100876,2024-01-23,C6929,P1068,S239,West,Online,2,11524,0,Credit Card,Completed
O100877,2024-06-17,C6020,P1001,S202,East,Store,4,15566,0,Credit Card,Completed
O100878,2025-10-18,C6766,P1190,S243,South,Online,4,22649,175,UPI,Completed
O100879,2024-10-10,C5148,P1262,S210,North,Online,5,11478,333,Debit Card,Completed
O100880,2025-02-13,C6978,P1225,S208,East,Store,1,14610,0,Debit Card,Completed
O100881,2025-04-16,C5944,P1131,S212,West,Store,5,20406,0,UPI,Cancelled
O100882,2024-08-01,C5003,P1088,S242,North,Store,4,21299,0,Cash,Completed
O100883,2025-09-11,C6781,P1152,S226,North,Store,4,11737,161,Debit Card,Cancelled
O100884,2023-12-31,C5846,P1155,S220,South,Online,2,15032,182,UPI,Cancelled
O100885,2025-12-10,C6508,P1160,S213,North,Online,5,17020,0,Cash,Completed
O100886,2024-07-05,C6052,P1057,S222,East,Online,3,12244,0,Debit Card,Completed
O100887,2025-05-26,C6164,P1046,S212,West,Online,1,11020,111,Credit Card,Cancelled
O100888,2024-07-30,C6761,P1185,S228,South,Online,1,7628,306,Cash,Completed
O100889,2025-04-16,C5824,P1065,S218,North,Store,4,3007,235,UPI,Completed
O100890,2024-06-07,C5273,P1106,S240,North,Store,5,16729,0,Debit Card,Completed
O100891,2024-06-25,C5625,P1270,S215,East,Store,3,19833,0,Cash,Completed
O100892,2025-10-20,C6491,P1252,S249,East,Store,5,17202,0,Credit Card,Completed
O100893,2024-02-10,C6948,P1001,S233,North,Store,1,15566,0,Cash,Completed
O100894,2025-06-16,C6653,P1101,S242,North,Online,3,17061,0,Debit Card,Completed
O100895,2024-08-26,C6223,P1154,S240,North,Store,2,16309,201,Debit Card,Completed
O100896,2024-11-18,C5631,P1270,S227,North,Online,3,19833,0,Cash,Completed
O100897,2024-02-08,C5487,P1214,S203,East,Online,1,10921,0,UPI,Cancelled
O100898,2025-04-11,C5515,P1038,S249,East,Store,3,22462,0,UPI,Completed
O100899,2025-09-06,C5423,P1223,S216,East,Store,1,4729,0,Debit Card,Cancelled
O100900,2024-05-02,C6604,P1289,S210,North,Online,4,16378,0,Credit Card,Completed
O100901,2024-07-05,C5525,P1185,S244,East,Online,3,7628,0,UPI,Completed
O100902,2024-07-29,C5627,P1004,S234,East,Store,5,6831,132,Debit Card,Cancelled
O100903,2024-07-13,C6680,P1103,S231,North,Store,5,19689,0,Debit Card,Cancelled
O100904,2025-05-01,C6957,P1026,S228,South,Store,4,5942,0,Debit Card,Completed
O100905,2025-10-24,C6468,P1256,S239,West,Online,2,8546,0,UPI,Completed
O100906,2025-01-09,C5893,P1237,S223,West,Store,3,21100,0,Cash,Cancelled
O100907,2024-01-03,C5161,P1243,S214,West,Online,3,21225,0,Debit Card,Completed
O100908,2024-03-24,C5042,P1074,S214,West,Online,5,5321,0,Credit Card,Cancelled
O100909,2024-01-02,C6612,P1066,S248,West,Online,1,17713,0,UPI,Completed
O100910,2024-10-28,C5478,P1284,S245,East,Online,2,13277,0,UPI,Cancelled
O100911,2025-07-08,C5713,P1033,S237,North,Store,5,16111,0,Debit Card,Completed
O100912,2024-12-20,C5152,P1112,S229,South,Online,2,14915,0,Cash,Completed
O100913,2025-07-18,C6455,P1193,S200,West,Store,3,18061,261,UPI,Cancelled
O100914,2025-05-28,C5829,P1235,S246,North,Online,1,21005,474,Credit Card,Completed
O100915,2025-05-27,C5926,P1002,S217,West,Online,3,21479,0,UPI,Completed
O100916,2024-12-13,C6050,P1214,S217,West,Online,1,10921,460,Cash,Cancelled
O100917,2025-01-22,C6959,P1253,S229,South,Store,2,20605,0,UPI,Cancelled
O100918,2025-12-07,C6948,P1256,S223,West,Store,5,8546,0,UPI,Cancelled
O100919,2025-08-22,C5426,P1083,S212,West,Store,2,7188,0,Cash,Cancelled
O100920,2025-12-25,C5218,P1143,S218,North,Store,4,8850,0,Credit Card,Completed
O100921,2024-01-13,C6601,P1187,S222,East,Store,4,10875,0,UPI,Completed
O100922,2025-06-08,C6448,P1294,S229,South,Online,4,16364,216,Credit Card,Cancelled
O100923,2025-07-24,C5679,P1199,S231,North,Store,4,17589,0,Debit Card,Cancelled
O100924,2024-03-27,C5957,P1070,S228,South,Online,4,3836,196,Debit Card,Completed
O100925,2025-07-25,C6345,P1002,S226,North,Store,4,21479,0,UPI,Completed
O100926,2024-06-22,C5105,P1068,S211,West,Online,5,11524,0,Debit Card,Cancelled
O100927,2024-03-12,C6445,P1252,S244,East,Online,4,17202,0,Cash,Cancelled
O100928,2024-11-17,C5157,P1057,S204,North,Online,5,12244,0,UPI,Completed
O100929,2025-09-16,C6015,P1188,S203,East,Online,5,15328,0,UPI,Completed
O100930,2024-12-04,C6437,P1172,S244,East,Online,5,15856,94,UPI,Completed
O100931,2025-10-22,C5367,P1031,S222,East,Store,1,6951,0,Cash,Completed
O100932,2024-10-30,C6569,P1065,S242,North,Store,3,3007,0,Cash,Completed
O100933,2024-10-25,C6384,P1149,S230,East,Store,5,12341,245,UPI,Completed
O100934,2025-06-26,C5745,P1282,S244,East,Online,3,19507,0,Credit Card,Completed
O100935,2024-06-08,C5157,P1102,S203,East,Online,2,11805,0,Debit Card,Completed
O100936,2025-01-05,C6461,P1259,S220,South,Online,2,13997,0,Debit Card,Completed
O100937,2024-12-26,C5604,P1256,S200,West,Store,2,8546,279,Cash,Cancelled
O100938,2024-11-24,C6246,P1232,S249,East,Store,2,4324,0,UPI,Completed
O100939,2024-04-14,C6601,P1025,S201,South,Store,3,8362,333,Cash,Completed
O100940,2024-10-01,C5295,P1026,S224,East,Store,4,5942,115,UPI,Cancelled
O100941,2025-06-25,C5377,P1256,S242,North,Online,1,8546,0,UPI,Completed
O100942,2024-10-11,C6559,P1251,S233,North,Store,5,8279,72,UPI,Completed
O100943,2024-11-02,C5093,P1199,S214,West,Store,3,17589,0,Cash,Completed
O100944,2024-10-20,C5383,P1248,S237,North,Online,5,13480,228,Cash,Completed
O100945,2024-12-06,C6134,P1133,S248,West,Online,3,14458,0,Cash,Cancelled
O100946,2024-12-01,C5518,P1228,S201,South,Store,1,13342,0,Debit Card,Cancelled
O100947,2025-03-15,C5238,P1103,S243,South,Store,5,19689,0,Credit Card,Cancelled
O100948,2024-09-17,C5089,P1009,S210,North,Online,3,15817,0,Cash,Completed
O100949,2025-11-05,C5618,P1246,S217,West,Online,3,22713,140,Debit Card,Cancelled
O100950,2024-08-22,C6521,P1022,S241,South,Store,3,14533,0,Cash,Cancelled
O100951,2025-04-24,C5356,P1270,S221,North,Store,2,19833,0,Debit Card,Completed
O100952,2025-03-09,C5472,P1047,S217,West,Store,5,6278,0,Cash,Completed
O100953,2025-03-19,C6660,P1157,S230,East,Online,2,20469,411,Cash,Cancelled
O100954,2025-07-06,C5809,P1102,S234,East,Store,1,11805,0,UPI,Completed
O100955,2025-04-28,C6467,P1078,S200,West,Store,1,23389,0,Cash,Completed
O100956,2024-09-04,C6940,P1134,S200,West,Store,3,8636,0,Cash,Cancelled
O100957,2025-10-14,C6378,P1298,S230,East,Online,3,14176,0,Credit Card,Cancelled
O100958,2024-01-05,C6307,P1007,S240,North,Store,2,15969,0,UPI,Completed
O100959,2024-09-17,C6858,P1063,S209,West,Online,3,17739,0,UPI,Cancelled
O100960,2024-10-30,C5152,P1101,S237,North,Store,4,17061,214,Credit Card,Completed
O100961,2025-06-11,C6561,P1169,S241,South,Online,3,5160,0,UPI,Completed
O100962,2024-04-20,C5619,P1106,S237,North,Online,2,16729,0,Credit Card,Cancelled
O100963,2024-01-10,C5005,P1285,S229,South,Store,4,20596,435,Cash,Completed
O100964,2025-04-10,C6152,P1130,S245,East,Store,5,9394,0,Credit Card,Completed
O100965,2024-02-12,C5880,P1094,S217,West,Store,4,3783,0,Cash,Completed
O100966,2025-02-13,C6621,P1187,S236,West,Online,4,10875,0,Debit Card,Completed
O100967,2024-04-01,C5969,P1196,S223,West,Online,3,13692,0,Debit Card,Cancelled
O100968,2024-12-21,C6159,P1038,S220,South,Store,2,22462,0,UPI,Completed
O100969,2025-08-25,C5333,P1025,S239,West,Store,5,8362,0,UPI,Cancelled
O100970,2025-11-17,C6103,P1274,S246,North,Online,2,20728,53,Cash,Completed
O100971,2024-06-23,C5882,P1162,S242,North,Online,3,8893,0,Credit Card,Completed
O100972,2024-10-06,C5958,P1090,S208,East,Store,5,6496,0,Debit Card,Completed
O100973,2024-07-12,C6475,P1116,S241,South,Online,5,5919,0,Cash,Cancelled
O100974,2024-06-08,C5769,P1101,S211,West,Store,4,17061,202,Credit Card,Completed
O100975,2025-08-30,C6557,P1201,S220,South,Store,4,6002,321,UPI,Completed
O100976,2025-12-26,C5832,P1038,S205,South,Store,5,22462,0,UPI,Completed
O100977,2025-03-07,C5465,P1076,S233,North,Online,1,16951,0,UPI,Completed
O100978,2024-07-20,C5990,P1209,S246,North,Online,1,14912,0,Cash,Completed
O100979,2024-10-03,C5147,P1240,S237,North,Online,3,9126,0,Credit Card,Completed
O100980,2025-08-07,C5363,P1020,S206,South,Store,5,10169,0,Credit Card,Cancelled
O100981,2024-03-24,C5093,P1053,S200,West,Store,1,3129,252,Cash,Completed
O100982,2024-01-03,C6276,P1163,S211,West,Online,1,11924,0,Cash,Completed
O100983,2025-09-18,C5730,P1033,S219,North,Store,3,16111,0,Credit Card,Completed
O100984,2024-08-06,C6823,P1255,S245,East,Online,1,14851,0,Credit Card,Completed
O100985,2025-06-30,C5704,P1162,S227,North,Online,1,8893,329,Debit Card,Completed
O100986,2024-10-29,C5055,P1110,S203,East,Online,1,5745,349,UPI,Completed
O100987,2024-08-06,C6474,P1223,S227,North,Store,5,4729,0,Cash,Completed
O100988,2025-06-24,C6901,P1102,S230,East,Store,5,11805,0,UPI,Completed
O100989,2025-05-29,C5061,P1089,S201,South,Online,4,18424,0,Cash,Cancelled
O100990,2024-12-31,C5149,P1056,S212,West,Online,5,17229,77,Cash,Completed
O100991,2025-03-21,C6863,P1020,S240,North,Online,5,10169,0,Credit Card,Completed
O100992,2024-12-14,C5801,P1048,S209,West,Online,1,16836,56,UPI,Cancelled
O100993,2025-12-14,C6709,P1153,S206,South,Online,5,14011,347,Credit Card,Cancelled
O100994,2024-05-11,C6876,P1199,S227,North,Store,5,17589,0,Credit Card,Completed
O100995,2024-08-20,C6099,P1290,S219,North,Store,1,5987,445,UPI,Cancelled
O100996,2025-11-08,C5510,P1037,S245,East,Store,1,17516,0,UPI,Cancelled
O100997,2025-05-07,C6032,P1260,S231,North,Store,3,1933,367,UPI,Cancelled
O100998,2025-09-03,C6504,P1004,S249,East,Online,5,6831,0,Debit Card,Completed
O100999,2024-02-29,C6894,P1013,S242,North,Store,2,18762,0,Cash,Completed
O101000,2025-11-23,C6703,P1106,S209,West,Store,2,16729,54,UPI,Cancelled
O101001,2024-06-10,C5754,P1111,S225,South,Online,5,6965,0,UPI,Completed
O101002,2024-06-25,C5284,P1274,S226,North,Store,4,20728,0,Cash,Completed
O101003,2025-03-19,C5127,P1054,S241,South,Store,1,17956,0,Credit Card,Completed
O101004,2025-04-29,C6229,P1005,S232,North,Online,4,15987,0,Cash,Completed
O101005,2024-09-30,C5118,P1047,S240,North,Online,4,6278,0,Debit Card,Completed
O101006,2025-11-27,C6749,P1150,S230,East,Online,1,7422,0,Cash,Completed
O101007,2024-02-14,C5735,P1078,S205,South,Online,3,23389,0,UPI,Completed
O101008,2024-10-24,C5953,P1090,S235,North,Online,4,6496,291,Debit Card,Cancelled
O101009,2024-03-13,C5911,P1025,S233,North,Online,1,8362,90,UPI,Completed
O101010,2024-05-17,C6999,P1235,S221,North,Store,3,21005,0,Credit Card,Cancelled
O101011,2024-07-15,C6675,P1259,S222,East,Online,2,13997,0,Credit Card,Completed
O101012,2025-04-05,C6107,P1022,S201,South,Store,4,14533,0,Credit Card,Completed
O101013,2024-05-14,C6697,P1193,S201,South,Store,3,18061,0,UPI,Completed
O101014,2024-02-13,C5626,P1168,S233,North,Store,5,11993,0,Credit Card,Completed
O101015,2025-07-05,C5633,P1208,S210,North,Store,3,11265,0,Cash,Cancelled
O101016,2025-04-02,C6541,P1053,S205,South,Store,2,3129,0,Debit Card,Completed
O101017,2025-11-01,C6373,P1071,S242,North,Store,4,5086,0,Debit Card,Completed
O101018,2025-05-31,C5241,P1014,S231,North,Online,5,6858,0,Debit Card,Completed
O101019,2025-04-21,C6514,P1164,S241,South,Online,5,5775,0,Cash,Completed
O101020,2024-08-12,C6146,P1090,S216,East,Online,2,6496,0,Debit Card,Completed
O101021,2025-02-01,C5501,P1218,S227,North,Store,3,15354,0,Credit Card,Completed
O101022,2025-10-31,C5046,P1253,S217,West,Online,4,20605,0,UPI,Completed
O101023,2025-01-19,C6377,P1143,S222,East,Online,3,8850,0,UPI,Completed
O101024,2024-03-16,C6887,P1067,S209,West,Online,3,18554,0,Debit Card,Completed
O101025,2025-08-04,C6153,P1134,S247,North,Store,2,8636,0,Cash,Completed
O101026,2024-07-21,C6356,P1176,S223,West,Online,3,14974,0,Credit Card,Completed
O101027,2024-12-01,C5635,P1285,S231,North,Online,4,20596,0,Credit Card,Completed
O101028,2024-02-09,C6041,P1270,S204,North,Online,3,19833,0,UPI,Completed
O101029,2023-12-28,C6852,P1273,S226,North,Online,5,17610,0,Cash,Completed
O101030,2024-04-30,C5103,P1292,S208,East,Store,2,23214,0,Cash,Completed
O101031,2025-03-29,C6266,P1258,S242,North,Store,2,21780,267,UPI,Cancelled
O101032,2024-07-16,C5676,P1287,S202,East,Store,5,21054,97,Cash,Completed
O101033,2024-04-07,C6250,P1049,S236,West,Online,4,4384,0,Debit Card,Completed
O101034,2025-11-23,C6597,P1153,S245,East,Online,4,14011,0,Cash,Completed
O101035,2024-04-04,C5253,P1146,S227,North,Online,1,13303,0,Debit Card,Completed
O101036,2025-05-31,C6292,P1139,S200,West,Online,4,21395,145,Credit Card,Completed
O101037,2025-02-27,C5115,P1015,S200,West,Store,4,19492,0,Credit Card,Completed
O101038,2025-02-19,C5562,P1234,S227,North,Store,1,5302,0,Debit Card,Completed
O101039,2024-03-06,C6331,P1119,S225,South,Store,5,20033,0,Cash,Completed
O101040,2025-06-12,C5080,P1109,S240,North,Online,4,5046,0,Credit Card,Cancelled
O101041,2025-11-24,C5677,P1140,S246,North,Store,2,18510,0,Credit Card,Completed
O101042,2025-09-04,C5742,P1052,S209,West,Online,2,13741,0,Credit Card,Completed
O101043,2025-08-27,C6740,P1009,S202,East,Online,2,15817,90,Credit Card,Completed
O101044,2025-06-17,C6415,P1297,S207,North,Store,5,20307,0,Debit Card,Completed
O101045,2025-07-01,C5646,P1260,S249,East,Store,5,1933,0,Debit Card,Completed
O101046,2024-12-30,C6023,P1122,S222,East,Store,5,4929,0,Credit Card,Cancelled
O101047,2024-03-08,C5696,P1261,S244,East,Store,1,22756,0,Credit Card,Completed
O101048,2024-07-04,C5653,P1006,S226,North,Store,4,17945,0,Debit Card,Cancelled
O101049,2025-03-07,C5519,P1097,S213,North,Store,5,8915,0,UPI,Completed
O101050,2024-02-01,C5624,P1112,S242,North,Online,3,14915,0,UPI,Completed
O101051,2025-05-04,C6508,P1192,S222,East,Online,3,20500,0,Debit Card,Completed
O101052,2025-08-18,C5315,P1177,S203,East,Online,4,4568,0,Cash,Cancelled
O101053,2024-11-17,C6107,P1103,S222,East,Store,4,19689,0,Cash,Cancelled
O101054,2025-02-18,C5409,P1025,S246,North,Online,4,8362,0,UPI,Cancelled
O101055,2024-03-26,C5583,P1107,S220,South,Store,5,7054,0,Credit Card,Cancelled
O101056,2025-05-31,C5857,P1238,S230,East,Store,4,18960,0,UPI,Completed
O101057,2024-12-09,C6880,P1218,S231,North,Online,3,15354,0,Debit Card,Completed
O101058,2025-03-29,C5993,P1181,S227,North,Store,2,4623,0,Debit Card,Completed
O101059,2025-08-07,C5993,P1167,S241,South,Online,1,14354,0,Debit Card,Cancelled
O101060,2025-01-13,C6954,P1220,S239,West,Online,4,15484,0,Debit Card,Completed
O101061,2024-10-17,C6289,P1231,S200,West,Online,3,11775,0,Debit Card,Cancelled
O101062,2025-04-25,C5196,P1241,S246,North,Online,3,19467,0,UPI,Completed
O101063,2024-07-09,C6416,P1160,S246,North,Store,2,17020,0,Debit Card,Completed
O101064,2025-11-01,C6529,P1232,S228,South,Online,1,4324,113,UPI,Completed
O101065,2025-04-03,C5393,P1176,S232,North,Store,2,14974,0,Cash,Completed
O101066,2025-04-08,C6055,P1128,S202,East,Online,1,10078,0,Credit Card,Completed
O101067,2025-09-14,C5219,P1005,S234,East,Store,5,15987,0,UPI,Completed
O101068,2025-09-03,C5197,P1052,S219,North,Store,5,13741,193,Credit Card,Cancelled
O101069,2024-02-20,C5405,P1286,S211,West,Store,3,1267,0,Credit Card,Cancelled
O101070,2025-06-16,C6771,P1085,S245,East,Store,4,5647,493,Debit Card,Cancelled
O101071,2024-02-29,C5121,P1213,S245,East,Store,4,14282,0,Cash,Cancelled
O101072,2025-10-17,C6638,P1073,S245,East,Online,1,5249,0,UPI,Cancelled
O101073,2024-06-22,C6419,P1148,S240,North,Online,2,10231,492,Cash,Completed
O101074,2025-04-16,C6056,P1056,S211,West,Store,3,17229,0,UPI,Completed
O101075,2024-03-09,C6838,P1254,S234,East,Store,1,18521,0,Cash,Cancelled
O101076,2025-06-01,C5687,P1212,S200,West,Store,2,21743,0,Credit Card,Completed
O101077,2025-10-07,C6680,P1078,S211,West,Online,4,23389,432,Cash,Completed
O101078,2025-07-31,C6420,P1163,S230,East,Online,2,11924,0,Credit Card,Cancelled
O101079,2024-07-21,C6003,P1278,S207,North,Online,5,19013,0,Cash,Completed
O101080,2024-07-19,C5228,P1181,S202,East,Store,1,4623,0,UPI,Completed
O101081,2025-08-07,C5875,P1225,S216,East,Online,5,14610,0,Debit Card,Cancelled
O101082,2024-01-07,C6852,P1220,S221,North,Store,2,15484,0,Debit Card,Completed
O101083,2024-02-25,C6015,P1133,S234,East,Store,3,14458,0,UPI,Completed
O101084,2025-05-14,C5790,P1003,S216,East,Store,2,1494,344,Debit Card,Completed
O101085,2024-04-13,C5758,P1046,S229,South,Store,2,11020,0,Debit Card,Completed
O101086,2025-12-06,C6026,P1116,S241,South,Store,1,5919,0,Cash,Completed
O101087,2024-11-03,C5212,P1139,S247,North,Online,2,21395,0,Credit Card,Completed
O101088,2025-09-28,C6961,P1190,S231,North,Store,1,22649,0,Debit Card,Completed
O101089,2025-09-14,C6423,P1195,S232,North,Store,5,2809,191,Cash,Cancelled
O101090,2025-05-13,C6867,P1023,S209,West,Online,4,11148,304,Debit Card,Completed
O101091,2025-08-18,C5002,P1204,S211,West,Online,2,3675,0,Debit Card,Cancelled
O101092,2025-09-18,C6666,P1285,S204,North,Store,2,20596,0,Cash,Completed
O101093,2025-11-26,C5513,P1232,S248,West,Online,3,4324,0,UPI,Completed
O101094,2025-04-14,C6883,P1025,S236,West,Online,5,8362,0,Debit Card,Cancelled
O101095,2025-08-09,C6004,P1148,S224,East,Online,5,10231,0,Debit Card,Completed
O101096,2024-11-10,C5084,P1068,S224,East,Store,5,11524,0,Credit Card,Cancelled
O101097,2024-05-07,C6289,P1093,S224,East,Online,4,7635,0,Credit Card,Completed
O101098,2025-11-26,C5791,P1169,S207,North,Store,3,5160,162,Credit Card,Completed
O101099,2025-01-13,C6621,P1271,S214,West,Store,5,14975,0,UPI,Completed
O101100,2024-07-17,C5820,P1012,S204,North,Online,1,20263,339,Cash,Completed
O101101,2024-07-10,C6727,P1291,S236,West,Online,1,12542,413,Cash,Completed
O101102,2025-01-07,C6988,P1191,S204,North,Store,1,13093,0,Cash,Cancelled
O101103,2024-05-24,C5735,P1077,S204,North,Store,5,5894,0,Debit Card,Cancelled
O101104,2024-04-07,C5684,P1266,S227,North,Store,5,15728,0,UPI,Completed
O101105,2025-09-18,C6749,P1248,S220,South,Online,3,13480,0,Cash,Cancelled
O101106,2025-02-11,C6167,P1057,S215,East,Store,1,12244,0,UPI,Cancelled
O101107,2025-07-20,C6410,P1268,S242,North,Online,2,5770,0,Cash,Completed
O101108,2024-01-11,C6642,P1249,S207,North,Online,1,17145,0,Credit Card,Completed
O101109,2024-12-04,C5711,P1071,S215,East,Store,4,5086,164,UPI,Completed
O101110,2025-07-03,C5939,P1241,S235,North,Store,1,19467,0,Credit Card,Completed
O101111,2025-01-01,C5949,P1093,S228,South,Store,3,7635,0,Credit Card,Completed
O101112,2025-07-14,C5909,P1255,S215,East,Store,3,14851,65,Debit Card,Completed
O101113,2025-10-17,C6881,P1173,S208,East,Online,3,7396,0,UPI,Completed
O101114,2024-08-26,C6668,P1216,S210,North,Store,2,19992,335,Cash,Cancelled
O101115,2025-08-14,C6956,P1099,S226,North,Store,4,17578,0,UPI,Completed
O101116,2024-11-11,C5014,P1178,S237,North,Online,5,8635,0,Credit Card,Completed
O101117,2025-04-02,C6797,P1087,S212,West,Store,1,5062,0,Debit Card,Cancelled
O101118,2024-09-26,C6491,P1204,S228,South,Online,3,3675,0,Debit Card,Completed
O101119,2024-10-26,C5099,P1041,S246,North,Online,5,15445,0,UPI,Cancelled
O101120,2024-01-16,C5249,P1284,S237,North,Online,1,13277,0,UPI,Completed
O101121,2025-03-27,C5972,P1297,S229,South,Store,3,20307,0,UPI,Completed
O101122,2024-11-23,C6008,P1170,S249,East,Online,1,13196,0,Credit Card,Cancelled
O101123,2024-09-29,C5699,P1214,S238,East,Store,2,10921,0,Cash,Completed
O101124,2024-11-19,C6995,P1196,S226,North,Store,3,13692,0,Credit Card,Completed
O101125,2024-03-17,C6438,P1249,S211,West,Store,3,17145,0,UPI,Cancelled
O101126,2024-04-10,C6052,P1193,S243,South,Store,2,18061,209,Credit Card,Cancelled
O101127,2025-06-16,C5522,P1089,S226,North,Online,4,18424,0,Debit Card,Completed
O101128,2025-02-04,C5041,P1036,S204,North,Store,2,11836,0,Credit Card,Completed
O101129,2024-11-08,C6177,P1094,S235,North,Online,4,3783,0,Credit Card,Completed
O101130,2024-03-25,C5589,P1262,S246,North,Online,5,11478,0,Credit Card,Completed
O101131,2024-01-31,C6227,P1214,S220,South,Online,1,10921,0,Cash,Completed
O101132,2024-05-20,C6459,P1079,S234,East,Online,4,9159,0,Credit Card,Completed
O101133,2025-01-20,C6894,P1294,S225,South,Store,5,16364,0,UPI,Completed
O101134,2024-05-13,C5632,P1237,S235,North,Store,1,21100,0,Cash,Completed
O101135,2025-03-10,C5496,P1154,S210,North,Store,2,16309,0,Credit Card,Completed
O101136,2025-11-27,C5196,P1243,S208,East,Store,2,21225,0,Debit Card,Completed
O101137,2024-06-27,C6119,P1200,S228,South,Online,4,2422,0,Credit Card,Cancelled
O101138,2025-08-02,C5385,P1105,S202,East,Store,2,10648,0,UPI,Completed
O101139,2025-02-06,C6276,P1014,S234,East,Store,4,6858,0,Credit Card,Completed
O101140,2025-02-13,C6204,P1177,S228,South,Online,5,4568,0,Credit Card,Completed
O101141,2025-04-03,C6815,P1139,S233,North,Store,1,21395,0,UPI,Completed
O101142,2024-01-11,C5063,P1262,S210,North,Store,5,11478,296,Debit Card,Completed
O101143,2024-01-03,C6409,P1073,S215,East,Store,2,5249,173,Debit Card,Cancelled
O101144,2025-10-29,C5614,P1172,S200,West,Store,5,15856,0,UPI,Completed
O101145,2024-05-30,C6140,P1005,S248,West,Store,2,15987,0,Credit Card,Completed
O101146,2024-03-22,C6421,P1154,S235,North,Store,1,16309,0,Cash,Completed
O101147,2024-10-17,C5212,P1164,S219,North,Store,3,5775,0,Debit Card,Completed
O101148,2024-10-25,C5955,P1001,S213,North,Online,3,15566,99,UPI,Completed
O101149,2024-04-03,C5683,P1245,S246,North,Store,3,3373,0,UPI,Cancelled
O101150,2025-05-23,C5811,P1298,S227,North,Online,3,14176,0,Credit Card,Completed
O101151,2024-08-27,C5623,P1279,S234,East,Online,4,5899,0,UPI,Cancelled
O101152,2024-01-07,C5826,P1162,S203,East,Store,4,8893,0,UPI,Completed
O101153,2024-05-24,C5098,P1205,S206,South,Online,1,3522,0,UPI,Completed
O101154,2024-06-19,C6956,P1180,S208,East,Online,2,6796,0,UPI,Completed
O101155,2025-08-17,C5142,P1103,S247,North,Store,3,19689,0,Debit Card,Completed
O101156,2025-07-04,C5104,P1061,S232,North,Store,4,22570,0,UPI,Completed
O101157,2025-03-31,C5692,P1164,S206,South,Store,5,5775,0,Credit Card,Completed
O101158,2025-03-30,C6575,P1085,S234,East,Store,4,5647,0,UPI,Completed
O101159,2024-02-22,C5495,P1112,S205,South,Store,2,14915,0,UPI,Completed
O101160,2024-12-07,C6721,P1293,S224,East,Store,5,19741,0,UPI,Completed
O101161,2025-05-21,C6628,P1046,S215,East,Store,4,11020,0,UPI,Cancelled
O101162,2024-11-13,C5102,P1191,S217,West,Store,2,13093,0,Cash,Completed
O101163,2025-10-02,C6998,P1242,S248,West,Store,4,13862,0,Cash,Cancelled
O101164,2025-01-12,C6062,P1169,S230,East,Store,4,5160,0,Credit Card,Completed
O101165,2024-01-04,C5289,P1272,S217,West,Online,4,21727,0,Debit Card,Completed
O101166,2024-08-15,C5679,P1031,S206,South,Store,5,6951,0,Debit Card,Completed
O101167,2025-09-11,C5155,P1034,S209,West,Store,2,9778,0,Credit Card,Cancelled
O101168,2024-07-05,C5835,P1016,S200,West,Online,1,11602,0,Credit Card,Cancelled
O101169,2025-12-26,C5349,P1007,S233,North,Store,5,15969,0,Credit Card,Completed
O101170,2024-02-08,C6623,P1189,S226,North,Store,4,23820,0,Debit Card,Cancelled
O101171,2025-10-25,C6214,P1018,S215,East,Online,3,14106,0,Debit Card,Completed
O101172,2025-03-31,C6590,P1233,S223,West,Store,5,12833,0,Credit Card,Cancelled
O101173,2024-06-14,C5560,P1022,S236,West,Online,4,14533,457,Credit Card,Completed
O101174,2024-04-13,C5277,P1138,S245,East,Store,2,8919,95,Cash,Completed
O101175,2025-11-11,C6796,P1243,S206,South,Online,5,21225,355,UPI,Cancelled
O101176,2024-03-24,C6284,P1075,S222,East,Store,2,19286,0,Cash,Completed
O101177,2025-05-29,C5179,P1213,S205,South,Online,2,14282,0,Cash,Completed
O101178,2025-05-11,C5400,P1112,S222,East,Store,4,14915,0,Debit Card,Completed
O101179,2025-07-09,C5412,P1123,S243,South,Online,4,15348,0,Debit Card,Completed
O101180,2025-01-03,C5640,P1218,S206,South,Online,2,15354,0,Credit Card,Completed
O101181,2025-03-12,C5031,P1083,S205,South,Store,4,7188,0,Debit Card,Completed
O101182,2024-03-08,C6685,P1208,S217,West,Online,1,11265,0,UPI,Cancelled
O101183,2024-02-09,C6039,P1229,S206,South,Store,4,23069,0,Debit Card,Completed
O101184,2025-04-19,C5526,P1186,S215,East,Store,2,14983,0,Credit Card,Cancelled
O101185,2024-08-24,C6558,P1071,S219,North,Store,1,5086,0,UPI,Cancelled
O101186,2025-08-17,C5578,P1287,S208,East,Online,3,21054,0,Debit Card,Completed
O101187,2025-07-30,C6169,P1030,S240,North,Online,1,11890,362,Debit Card,Completed
O101188,2024-05-27,C5776,P1030,S230,East,Store,4,11890,0,Debit Card,Completed
O101189,2024-06-02,C5499,P1186,S245,East,Store,3,14983,0,Cash,Completed
O101190,2025-11-25,C6272,P1216,S209,West,Store,4,19992,0,Cash,Completed
O101191,2025-05-29,C5100,P1162,S221,North,Store,3,8893,0,UPI,Completed
O101192,2024-04-16,C6392,P1155,S242,North,Store,4,15032,488,UPI,Completed
O101193,2024-05-07,C6085,P1079,S205,South,Online,5,9159,265,Credit Card,Cancelled
O101194,2025-06-28,C5715,P1096,S243,South,Store,2,16951,0,Credit Card,Cancelled
O101195,2024-03-10,C6133,P1119,S216,East,Online,2,20033,0,Cash,Completed
O101196,2024-01-20,C5289,P1097,S240,North,Store,2,8915,109,Cash,Completed
O101197,2025-10-24,C5766,P1133,S246,North,Store,2,14458,0,UPI,Completed
O101198,2025-05-09,C5231,P1061,S209,West,Online,5,22570,305,Cash,Completed
O101199,2025-04-25,C6927,P1132,S242,North,Online,2,19210,336,Debit Card,Completed
O101200,2025-07-28,C6770,P1123,S202,East,Store,3,15348,0,Cash,Completed
O101201,2024-02-22,C5382,P1128,S246,North,Online,2,10078,0,Credit Card,Completed
O101202,2024-11-04,C6758,P1293,S237,North,Store,2,19741,0,Debit Card,Completed
O101203,2025-05-01,C5448,P1011,S240,North,Store,3,6770,0,Credit Card,Cancelled
O101204,2024-01-19,C5840,P1158,S200,West,Online,1,18699,0,Debit Card,Cancelled
O101205,2024-11-02,C5871,P1011,S237,North,Store,1,6770,0,Credit Card,Cancelled
O101206,2025-03-20,C6982,P1002,S230,East,Online,4,21479,0,Debit Card,Completed
O101207,2024-06-04,C5039,P1199,S218,North,Online,1,17589,80,Credit Card,Completed
O101208,2024-07-06,C5704,P1073,S246,North,Store,2,5249,0,Credit Card,Completed
O101209,2024-05-13,C5430,P1197,S245,East,Online,3,16495,461,UPI,Completed
O101210,2024-04-06,C6649,P1128,S226,North,Online,5,10078,0,UPI,Cancelled
O101211,2025-03-28,C5443,P1139,S233,North,Online,2,21395,0,Credit Card,Completed
O101212,2025-12-03,C5094,P1205,S247,North,Store,1,3522,254,UPI,Cancelled
O101213,2024-06-29,C5646,P1006,S230,East,Store,5,17945,500,Credit Card,Cancelled
O101214,2025-12-13,C6490,P1234,S212,West,Store,5,5302,0,UPI,Completed
O101215,2025-01-15,C6266,P1255,S247,North,Online,4,14851,0,Debit Card,Completed
O101216,2025-01-21,C6035,P1023,S214,West,Online,3,11148,0,Debit Card,Cancelled
O101217,2024-04-20,C6046,P1074,S223,West,Store,2,5321,0,Credit Card,Completed
O101218,2025-06-07,C6667,P1266,S217,West,Store,2,15728,120,UPI,Completed
O101219,2024-04-12,C6087,P1240,S225,South,Online,1,9126,0,Credit Card,Completed
O101220,2025-12-23,C6869,P1175,S229,South,Store,3,20666,239,UPI,Cancelled
O101221,2024-12-31,C6256,P1274,S216,East,Online,5,20728,0,UPI,Completed
O101222,2024-10-09,C5009,P1001,S204,North,Online,2,15566,0,UPI,Cancelled
O101223,2025-06-30,C5182,P1008,S236,West,Online,1,11489,187,Debit Card,Completed
O101224,2024-09-08,C6112,P1142,S209,West,Online,4,11011,0,Credit Card,Completed
O101225,2025-11-03,C5865,P1279,S224,East,Store,4,5899,0,UPI,Completed
O101226,2024-04-27,C5758,P1175,S248,West,Online,3,20666,0,Debit Card,Completed
O101227,2024-06-19,C6079,P1134,S207,North,Store,5,8636,0,UPI,Cancelled
O101228,2025-10-02,C6259,P1107,S243,South,Online,4,7054,0,Credit Card,Cancelled
O101229,2025-10-02,C5999,P1175,S240,North,Online,5,20666,0,Cash,Cancelled
O101230,2025-06-17,C6122,P1270,S249,East,Online,3,19833,0,UPI,Completed
O101231,2024-06-02,C6957,P1212,S247,North,Store,4,21743,0,Debit Card,Completed
O101232,2024-09-13,C5486,P1026,S237,North,Store,4,5942,0,UPI,Completed
O101233,2024-08-01,C6484,P1144,S209,West,Store,3,21604,0,Cash,Cancelled
O101234,2025-01-22,C6729,P1123,S237,North,Store,5,15348,0,Cash,Completed
O101235,2025-02-01,C6170,P1059,S230,East,Store,5,10909,0,UPI,Completed
O101236,2025-06-15,C5598,P1100,S247,North,Store,5,9778,0,UPI,Completed
O101237,2025-06-07,C5957,P1050,S240,North,Store,4,11986,162,Cash,Completed
O101238,2024-06-19,C6232,P1048,S234,East,Store,4,16836,353,Cash,Completed
O101239,2024-02-13,C5978,P1085,S216,East,Online,1,5647,0,Debit Card,Cancelled
O101240,2025-09-14,C6481,P1007,S209,West,Store,1,15969,0,Debit Card,Completed
O101241,2024-12-27,C5378,P1053,S218,North,Online,3,3129,0,UPI,Completed
O101242,2025-05-26,C6815,P1028,S232,North,Online,5,7958,421,UPI,Completed
O101243,2024-08-13,C5327,P1162,S204,North,Online,5,8893,0,Cash,Cancelled
O101244,2025-02-07,C5552,P1195,S213,North,Online,4,2809,0,UPI,Completed
O101245,2024-09-01,C5004,P1208,S239,West,Store,1,11265,0,Debit Card,Completed
O101246,2024-02-23,C5285,P1055,S240,North,Online,2,21841,0,Credit Card,Completed
O101247,2025-12-23,C5769,P1062,S244,East,Online,5,17006,404,Cash,Cancelled
O101248,2025-08-26,C5162,P1187,S245,East,Store,5,10875,0,UPI,Completed
O101249,2025-04-04,C6115,P1182,S240,North,Online,3,18616,223,Debit Card,Completed
O101250,2024-03-18,C5690,P1236,S218,North,Store,2,1650,0,UPI,Completed
O101251,2024-10-12,C6972,P1277,S215,East,Online,5,2790,0,UPI,Completed
O101252,2024-02-03,C6598,P1130,S240,North,Online,3,9394,0,Cash,Completed
O101253,2025-12-14,C6653,P1292,S210,North,Store,1,23214,0,Debit Card,Completed
O101254,2025-04-09,C5852,P1221,S201,South,Online,3,17898,0,Debit Card,Completed
O101255,2025-04-14,C6568,P1230,S229,South,Online,1,12075,0,Cash,Cancelled
O101256,2024-04-14,C6856,P1291,S202,East,Store,1,12542,297,Credit Card,Completed
O101257,2024-07-11,C5633,P1045,S204,North,Store,1,18465,0,Cash,Completed
O101258,2025-12-05,C6655,P1002,S222,East,Online,3,21479,0,Debit Card,Cancelled
O101259,2024-06-04,C5857,P1221,S227,North,Online,5,17898,0,Credit Card,Completed
O101260,2024-06-16,C5161,P1247,S215,East,Online,3,15686,0,Credit Card,Completed
O101261,2024-11-05,C5869,P1283,S201,South,Online,3,17954,146,Credit Card,Completed
O101262,2024-07-11,C6354,P1217,S219,North,Store,5,9870,0,Debit Card,Completed
O101263,2025-04-05,C6506,P1105,S249,East,Online,3,10648,0,Debit Card,Completed
O101264,2025-12-13,C5257,P1064,S204,North,Store,3,13395,0,Debit Card,Completed
O101265,2025-10-29,C5126,P1119,S213,North,Online,2,20033,61,Cash,Cancelled
O101266,2025-01-21,C6305,P1015,S227,North,Store,1,19492,0,UPI,Completed
O101267,2024-06-10,C5576,P1296,S204,North,Online,5,10596,0,Debit Card,Completed
O101268,2025-05-11,C5840,P1015,S207,North,Store,5,19492,0,Cash,Completed
O101269,2025-06-25,C5507,P1176,S219,North,Store,2,14974,94,Credit Card,Completed
O101270,2025-07-13,C5964,P1153,S205,South,Online,4,14011,222,Credit Card,Completed
O101271,2024-09-05,C6708,P1131,S206,South,Online,1,20406,0,Debit Card,Completed
O101272,2024-03-08,C6117,P1006,S238,East,Store,1,17945,0,Cash,Completed
O101273,2025-02-23,C5480,P1027,S227,North,Online,2,5053,0,Credit Card,Completed
O101274,2024-07-12,C6739,P1189,S204,North,Store,4,23820,407,UPI,Completed
O101275,2024-01-04,C6900,P1179,S231,North,Store,2,19591,0,UPI,Completed
O101276,2025-03-29,C5035,P1256,S203,East,Store,5,8546,0,Credit Card,Completed
O101277,2025-05-31,C6061,P1019,S218,North,Online,5,11005,0,UPI,Completed
O101278,2024-09-15,C5024,P1166,S222,East,Store,2,1640,0,Credit Card,Completed
O101279,2024-05-19,C6906,P1020,S205,South,Store,2,10169,101,Debit Card,Completed
O101280,2025-06-23,C6867,P1053,S233,North,Store,3,3129,0,Cash,Completed
O101281,2025-07-22,C6763,P1142,S215,East,Online,3,11011,0,Debit Card,Completed
O101282,2025-03-04,C6854,P1154,S243,South,Online,4,16309,0,Cash,Completed
O101283,2024-08-31,C6687,P1212,S204,North,Online,4,21743,0,Cash,Completed
O101284,2024-10-05,C5905,P1019,S235,North,Store,3,11005,0,UPI,Completed
O101285,2025-05-19,C6491,P1270,S200,West,Online,1,19833,0,UPI,Completed
O101286,2024-02-03,C5194,P1231,S211,West,Store,5,11775,0,Credit Card,Completed
O101287,2024-03-08,C5917,P1051,S232,North,Store,4,16446,484,Cash,Cancelled
O101288,2024-02-20,C6753,P1255,S209,West,Online,5,14851,0,Cash,Cancelled
O101289,2024-06-22,C6785,P1153,S220,South,Store,2,14011,0,Cash,Completed
O101290,2024-12-27,C6172,P1261,S240,North,Store,4,22756,0,Cash,Completed
O101291,2025-10-17,C6911,P1296,S204,North,Online,3,10596,147,Debit Card,Completed
O101292,2025-08-28,C6071,P1058,S236,West,Online,4,16157,0,Debit Card,Completed
O101293,2024-12-01,C5874,P1270,S229,South,Online,3,19833,0,UPI,Completed
O101294,2025-09-16,C6236,P1034,S246,North,Store,3,9778,292,Credit Card,Completed
O101295,2025-10-04,C5916,P1124,S220,South,Store,2,18693,0,UPI,Completed
O101296,2024-04-17,C6747,P1145,S200,West,Store,2,13495,0,Cash,Completed
O101297,2025-08-01,C5000,P1258,S207,North,Online,3,21780,0,Debit Card,Completed
O101298,2025-12-21,C5908,P1040,S246,North,Store,4,4205,0,Credit Card,Completed
O101299,2025-05-13,C5019,P1293,S223,West,Online,2,19741,0,Credit Card,Cancelled
O101300,2024-10-22,C6210,P1122,S206,South,Store,4,4929,0,Credit Card,Completed
O101301,2024-06-05,C5710,P1022,S206,South,Online,2,14533,0,Cash,Cancelled
O101302,2024-11-29,C5409,P1065,S236,West,Online,1,3007,0,Cash,Completed
O101303,2024-12-23,C6508,P1089,S236,West,Store,2,18424,0,Credit Card,Completed
O101304,2024-11-19,C5231,P1017,S208,East,Online,5,16288,270,Debit Card,Completed
O101305,2024-10-27,C5138,P1082,S234,East,Store,3,8487,298,Debit Card,Completed
O101306,2025-04-12,C5588,P1043,S233,North,Store,5,10110,0,Debit Card,Completed
O101307,2025-06-30,C6928,P1202,S241,South,Online,3,15754,0,Cash,Completed
O101308,2025-02-18,C6273,P1135,S240,North,Online,3,18707,0,UPI,Completed
O101309,2025-03-17,C5031,P1056,S221,North,Store,5,17229,0,Debit Card,Completed
O101310,2025-02-06,C6086,P1058,S200,West,Online,2,16157,0,Credit Card,Completed
O101311,2025-03-07,C5727,P1016,S227,North,Online,4,11602,0,Credit Card,Completed
O101312,2025-02-18,C5521,P1036,S249,East,Online,2,11836,0,UPI,Cancelled
O101313,2024-04-09,C6000,P1162,S239,West,Store,5,8893,0,Credit Card,Completed
O101314,2024-06-09,C6428,P1037,S235,North,Online,3,17516,0,Cash,Completed
O101315,2025-09-01,C6152,P1072,S209,West,Online,3,11213,0,UPI,Completed
O101316,2025-07-22,C5520,P1082,S227,North,Online,4,8487,309,Cash,Completed
O101317,2024-09-28,C6822,P1059,S246,North,Store,2,10909,0,Debit Card,Completed
O101318,2025-01-16,C5762,P1186,S209,West,Store,4,14983,209,UPI,Cancelled
O101319,2025-05-06,C6540,P1144,S205,South,Store,5,21604,0,UPI,Completed
O101320,2024-01-20,C5168,P1281,S240,North,Store,3,12731,0,Credit Card,Cancelled
O101321,2025-06-09,C5581,P1162,S217,West,Online,2,8893,0,Debit Card,Completed
O101322,2024-07-18,C6726,P1145,S202,East,Online,2,13495,0,Debit Card,Completed
O101323,2024-10-09,C6525,P1044,S244,East,Online,1,11357,0,Credit Card,Completed
O101324,2024-12-21,C5944,P1244,S215,East,Store,1,5773,0,Cash,Completed
O101325,2024-05-18,C5940,P1148,S214,West,Online,2,10231,0,Credit Card,Cancelled
O101326,2025-12-20,C5994,P1272,S239,West,Store,2,21727,0,UPI,Completed
O101327,2024-07-03,C6621,P1221,S224,East,Store,4,17898,185,Credit Card,Completed
O101328,2024-11-01,C6007,P1181,S226,North,Online,5,4623,0,Cash,Completed
O101329,2025-05-15,C6803,P1029,S224,East,Online,4,21239,0,Debit Card,Completed
O101330,2025-04-23,C6246,P1215,S239,West,Store,3,16425,0,UPI,Completed
O101331,2024-05-08,C5749,P1188,S228,South,Store,4,15328,329,Debit Card,Completed
O101332,2024-04-20,C6766,P1101,S248,West,Store,5,17061,0,Cash,Cancelled
O101333,2024-12-14,C5120,P1189,S220,South,Store,2,23820,0,Cash,Completed
O101334,2025-02-02,C5086,P1078,S217,West,Store,4,23389,161,Cash,Cancelled
O101335,2024-08-15,C6140,P1275,S226,North,Online,1,22022,0,Credit Card,Completed
O101336,2025-08-29,C6877,P1002,S241,South,Online,1,21479,229,UPI,Completed
O101337,2024-08-06,C6985,P1129,S221,North,Online,3,5589,0,Debit Card,Completed
O101338,2024-09-17,C5284,P1025,S200,West,Store,2,8362,0,Debit Card,Completed
O101339,2025-04-12,C5206,P1287,S242,North,Online,3,21054,0,Credit Card,Cancelled
O101340,2025-04-25,C5112,P1284,S245,East,Online,1,13277,0,Cash,Completed
O101341,2025-10-21,C6951,P1057,S243,South,Store,4,12244,0,Credit Card,Completed
O101342,2025-02-11,C6351,P1247,S219,North,Online,3,15686,0,Cash,Cancelled
O101343,2024-12-25,C6966,P1092,S202,East,Store,4,9784,0,UPI,Completed
O101344,2025-07-03,C6435,P1283,S248,West,Online,4,17954,0,Credit Card,Cancelled
O101345,2024-10-25,C5436,P1230,S213,North,Online,5,12075,119,Cash,Cancelled
O101346,2024-04-12,C6976,P1151,S231,North,Online,3,12508,0,UPI,Completed
O101347,2024-07-23,C6002,P1213,S236,West,Online,5,14282,0,Credit Card,Completed
O101348,2025-09-18,C6282,P1105,S211,West,Store,2,10648,0,Debit Card,Completed
O101349,2025-08-08,C6481,P1066,S223,West,Online,4,17713,0,Credit Card,Completed
O101350,2024-08-20,C5995,P1131,S238,East,Online,5,20406,0,Cash,Cancelled
O101351,2024-06-21,C5265,P1216,S214,West,Online,3,19992,0,Debit Card,Cancelled
O101352,2024-11-03,C6095,P1215,S218,North,Store,5,16425,0,Credit Card,Cancelled
O101353,2025-07-13,C6190,P1086,S203,East,Store,5,9673,0,UPI,Completed
O101354,2024-07-01,C6296,P1004,S222,East,Online,2,6831,0,UPI,Completed
O101355,2023-12-29,C5064,P1247,S243,South,Store,5,15686,0,Credit Card,Completed
O101356,2024-09-24,C5273,P1140,S245,East,Online,3,18510,251,Debit Card,Completed
O101357,2024-10-01,C5384,P1165,S231,North,Online,5,21855,0,Cash,Completed
O101358,2025-04-06,C6054,P1026,S214,West,Store,4,5942,0,Credit Card,Cancelled
O101359,2024-10-02,C5308,P1086,S238,East,Store,5,9673,0,UPI,Completed
O101360,2025-11-19,C5499,P1233,S247,North,Store,1,12833,0,UPI,Cancelled
O101361,2024-05-08,C6756,P1282,S215,East,Online,5,19507,216,Cash,Completed
O101362,2025-04-08,C6293,P1132,S215,East,Store,1,19210,0,UPI,Completed
O101363,2025-06-27,C5547,P1171,S228,South,Online,5,20278,0,Debit Card,Completed
O101364,2025-10-04,C5310,P1064,S242,North,Store,2,13395,0,Debit Card,Completed
O101365,2025-11-08,C5781,P1235,S224,East,Store,3,21005,0,UPI,Completed
O101366,2024-04-25,C6406,P1106,S201,South,Online,1,16729,0,UPI,Completed
O101367,2025-11-28,C6730,P1037,S217,West,Online,4,17516,0,Cash,Completed
O101368,2025-03-25,C5580,P1087,S249,East,Store,1,5062,0,Debit Card,Completed
O101369,2024-07-26,C5224,P1059,S212,West,Online,1,10909,0,Credit Card,Completed
O101370,2025-03-16,C6320,P1001,S200,West,Online,2,15566,230,Cash,Cancelled
O101371,2024-06-06,C6028,P1185,S216,East,Online,3,7628,0,Debit Card,Completed
O101372,2025-03-18,C6025,P1152,S223,West,Store,2,11737,0,Credit Card,Completed
O101373,2025-07-14,C6339,P1116,S217,West,Store,4,5919,288,Cash,Completed
O101374,2024-08-24,C6868,P1148,S222,East,Store,4,10231,0,Cash,Completed
O101375,2024-10-15,C6327,P1078,S230,East,Online,4,23389,0,UPI,Cancelled
O101376,2025-08-06,C5268,P1096,S226,North,Store,3,16951,0,Credit Card,Cancelled
O101377,2025-10-08,C6705,P1235,S212,West,Store,5,21005,408,Credit Card,Cancelled
O101378,2025-11-03,C5251,P1093,S233,North,Store,4,7635,0,Credit Card,Cancelled
O101379,2025-02-15,C6186,P1075,S231,North,Online,3,19286,191,UPI,Completed
O101380,2024-09-05,C6779,P1158,S234,East,Store,1,18699,225,UPI,Completed
O101381,2025-05-17,C6824,P1093,S206,South,Store,1,7635,160,Debit Card,Completed
O101382,2025-02-03,C5318,P1113,S246,North,Store,1,2267,52,Debit Card,Completed
O101383,2025-03-17,C5581,P1049,S216,East,Online,5,4384,0,Credit Card,Completed
O101384,2025-12-12,C6251,P1175,S211,West,Store,2,20666,0,Cash,Completed
O101385,2025-07-25,C5218,P1157,S205,South,Store,4,20469,0,Debit Card,Completed
O101386,2025-05-22,C5823,P1255,S205,South,Online,1,14851,0,UPI,Completed
O101387,2024-09-03,C5279,P1115,S222,East,Store,2,20308,57,UPI,Completed
O101388,2024-07-28,C5364,P1113,S203,East,Online,2,2267,0,Cash,Completed
O101389,2024-06-29,C5301,P1040,S235,North,Online,2,4205,0,Cash,Completed
O101390,2025-07-28,C5734,P1226,S202,East,Online,2,19224,0,UPI,Completed
O101391,2024-04-27,C6833,P1183,S234,East,Store,1,3139,0,Cash,Completed
O101392,2025-01-31,C5082,P1083,S236,West,Online,3,7188,232,UPI,Completed
O101393,2024-10-24,C6189,P1204,S223,West,Store,5,3675,150,Cash,Completed
O101394,2025-04-06,C5413,P1264,S241,South,Store,4,5155,0,Debit Card,Cancelled
O101395,2025-09-25,C6420,P1265,S204,North,Online,3,11992,0,Credit Card,Completed
O101396,2025-01-14,C5925,P1202,S230,East,Online,1,15754,65,Debit Card,Completed
O101397,2025-07-25,C5575,P1220,S209,West,Store,2,15484,0,Credit Card,Completed
O101398,2025-07-18,C5373,P1166,S232,North,Store,2,1640,0,Cash,Cancelled
O101399,2025-02-05,C6501,P1186,S231,North,Store,1,14983,0,Debit Card,Completed
O101400,2024-11-22,C6012,P1090,S227,North,Online,5,6496,0,Cash,Completed
O101401,2024-05-27,C6911,P1169,S223,West,Online,2,5160,0,Credit Card,Completed
O101402,2024-07-12,C5970,P1095,S233,North,Online,1,13952,228,Credit Card,Completed
O101403,2024-05-01,C6498,P1194,S212,West,Online,3,10696,0,Credit Card,Completed
O101404,2024-04-19,C6814,P1260,S232,North,Store,3,1933,383,UPI,Completed
O101405,2025-07-16,C5877,P1098,S231,North,Store,4,22065,0,Credit Card,Completed
O101406,2025-01-19,C5653,P1173,S224,East,Store,4,7396,300,Credit Card,Completed
O101407,2024-11-23,C5769,P1009,S204,North,Online,2,15817,438,Credit Card,Completed
O101408,2025-04-08,C6001,P1018,S203,East,Store,5,14106,0,Debit Card,Completed
O101409,2024-02-19,C6131,P1217,S232,North,Online,3,9870,0,UPI,Cancelled
O101410,2025-10-26,C5878,P1168,S221,North,Store,3,11993,0,Cash,Cancelled
O101411,2024-06-23,C5343,P1170,S210,North,Store,3,13196,0,UPI,Completed
O101412,2024-10-21,C5347,P1160,S249,East,Store,4,17020,0,Cash,Cancelled
O101413,2024-02-28,C6764,P1209,S210,North,Store,1,14912,0,Debit Card,Cancelled
O101414,2024-10-09,C6710,P1004,S201,South,Store,1,6831,0,Cash,Completed
O101415,2024-06-20,C6391,P1154,S226,North,Store,3,16309,55,Debit Card,Completed
O101416,2024-06-11,C6363,P1076,S240,North,Online,3,16951,253,Cash,Completed
O101417,2024-02-25,C6700,P1086,S203,East,Online,3,9673,0,UPI,Cancelled
O101418,2024-06-13,C6083,P1109,S224,East,Store,5,5046,0,Debit Card,Completed
O101419,2024-04-06,C6006,P1084,S220,South,Online,1,18967,0,Credit Card,Completed
O101420,2025-07-29,C6074,P1247,S214,West,Online,5,15686,0,Cash,Cancelled
O101421,2025-09-12,C5765,P1085,S240,North,Store,1,5647,0,Debit Card,Completed
O101422,2024-01-10,C6873,P1188,S222,East,Online,2,15328,0,Cash,Completed
O101423,2025-05-26,C5063,P1245,S208,East,Store,5,3373,271,UPI,Completed
O101424,2024-12-03,C6775,P1018,S218,North,Online,5,14106,0,Cash,Completed
O101425,2025-12-11,C6449,P1122,S224,East,Online,1,4929,0,Credit Card,Completed
O101426,2024-03-13,C5854,P1108,S205,South,Store,4,14233,0,Debit Card,Completed
O101427,2025-12-20,C5351,P1150,S204,North,Store,4,7422,0,UPI,Cancelled
O101428,2024-03-03,C5128,P1296,S225,South,Online,2,10596,0,Credit Card,Cancelled
O101429,2025-08-08,C6438,P1233,S219,North,Online,4,12833,108,Credit Card,Cancelled
O101430,2024-07-05,C6663,P1181,S210,North,Store,5,4623,0,Debit Card,Completed
O101431,2024-10-22,C5257,P1154,S231,North,Online,1,16309,0,UPI,Completed
O101432,2025-05-19,C5836,P1273,S235,North,Store,1,17610,207,UPI,Cancelled
O101433,2025-05-03,C6249,P1252,S204,North,Online,4,17202,0,Cash,Cancelled
O101434,2025-04-12,C6434,P1298,S246,North,Store,2,14176,172,Credit Card,Completed
O101435,2024-04-03,C6619,P1208,S219,North,Online,3,11265,0,UPI,Completed
O101436,2024-04-04,C6635,P1067,S236,West,Store,3,18554,0,Cash,Completed
O101437,2024-05-02,C6396,P1164,S212,West,Online,2,5775,0,Credit Card,Completed
O101438,2024-11-26,C5843,P1090,S227,North,Store,5,6496,0,UPI,Completed
O101439,2024-04-07,C5537,P1286,S209,West,Store,3,1267,0,Cash,Completed
O101440,2025-03-09,C5556,P1208,S238,East,Store,2,11265,375,Cash,Cancelled
O101441,2025-08-08,C6115,P1101,S214,West,Store,2,17061,0,Cash,Completed
O101442,2025-01-10,C5515,P1083,S208,East,Online,3,7188,0,UPI,Cancelled
O101443,2024-10-10,C5452,P1272,S215,East,Store,2,21727,0,Debit Card,Completed
O101444,2024-05-07,C6817,P1022,S226,North,Online,1,14533,0,UPI,Completed
O101445,2024-03-31,C5037,P1253,S229,South,Store,4,20605,343,Cash,Completed
O101446,2025-04-20,C5928,P1270,S243,South,Store,3,19833,0,UPI,Cancelled
O101447,2024-03-09,C6066,P1023,S207,North,Online,1,11148,0,Credit Card,Completed
O101448,2024-03-16,C6254,P1037,S220,South,Store,4,17516,0,Cash,Completed
O101449,2024-11-14,C6011,P1079,S227,North,Online,5,9159,0,Credit Card,Completed
O101450,2025-12-13,C5650,P1190,S224,East,Online,4,22649,0,Cash,Completed
O101451,2025-07-27,C5415,P1046,S235,North,Online,5,11020,0,UPI,Completed
O101452,2025-11-17,C6601,P1144,S210,North,Online,1,21604,0,Credit Card,Completed
O101453,2025-02-27,C5717,P1048,S234,East,Online,5,16836,0,UPI,Completed
O101454,2024-02-10,C5989,P1033,S248,West,Store,3,16111,0,UPI,Cancelled
O101455,2024-03-01,C6086,P1203,S204,North,Online,3,17152,0,UPI,Completed
O101456,2025-12-27,C5274,P1177,S215,East,Online,1,4568,205,Credit Card,Completed
O101457,2025-04-04,C6762,P1193,S239,West,Online,1,18061,0,Cash,Completed
O101458,2024-06-24,C6100,P1115,S214,West,Store,1,20308,0,UPI,Completed
O101459,2025-01-21,C5914,P1025,S201,South,Store,1,8362,0,Cash,Completed
O101460,2025-11-07,C5233,P1081,S201,South,Store,3,11888,0,UPI,Completed
O101461,2024-12-28,C6417,P1100,S243,South,Online,3,9778,0,Debit Card,Completed
O101462,2025-09-07,C6050,P1152,S211,West,Store,1,11737,0,Debit Card,Completed
O101463,2025-12-20,C5564,P1210,S209,West,Store,3,6616,64,Credit Card,Completed
O101464,2025-07-30,C6336,P1242,S204,North,Store,5,13862,0,UPI,Completed
O101465,2025-06-22,C6563,P1098,S245,East,Store,1,22065,0,UPI,Cancelled
O101466,2025-11-19,C5899,P1252,S203,East,Store,5,17202,0,Credit Card,Completed
O101467,2024-10-20,C6034,P1147,S205,South,Store,3,10106,125,Debit Card,Completed
O101468,2024-03-09,C5847,P1166,S240,North,Online,4,1640,0,UPI,Completed
O101469,2025-12-15,C5306,P1006,S244,East,Online,4,17945,0,UPI,Completed
O101470,2024-10-17,C6690,P1061,S207,North,Store,5,22570,466,UPI,Completed
O101471,2024-03-15,C6601,P1082,S207,North,Store,5,8487,0,UPI,Completed
O101472,2024-01-20,C5399,P1037,S231,North,Store,4,17516,384,Debit Card,Cancelled
O101473,2025-05-29,C5555,P1269,S226,North,Online,5,4684,0,Debit Card,Completed
O101474,2025-01-17,C5083,P1084,S213,North,Store,3,18967,0,Cash,Cancelled
O101475,2025-12-18,C6955,P1152,S200,West,Store,4,11737,0,UPI,Completed
O101476,2025-06-09,C5946,P1190,S230,East,Online,4,22649,0,Debit Card,Completed
O101477,2024-12-11,C5829,P1067,S208,East,Online,3,18554,383,Credit Card,Completed
O101478,2024-05-10,C6170,P1205,S215,East,Online,5,3522,0,UPI,Completed
O101479,2024-04-19,C6114,P1092,S221,North,Store,3,9784,432,UPI,Completed
O101480,2025-01-03,C5602,P1220,S219,North,Online,5,15484,0,Credit Card,Completed
O101481,2024-03-31,C6651,P1174,S225,South,Online,3,21347,0,Cash,Cancelled
O101482,2025-12-11,C5851,P1287,S213,North,Online,3,21054,145,UPI,Completed
O101483,2023-12-31,C5092,P1054,S240,North,Online,2,17956,0,Credit Card,Completed
O101484,2025-12-17,C5773,P1083,S232,North,Online,2,7188,0,Debit Card,Cancelled
O101485,2024-09-01,C5703,P1175,S242,North,Online,2,20666,0,Credit Card,Completed
O101486,2025-03-31,C6296,P1005,S216,East,Online,5,15987,0,Debit Card,Cancelled
O101487,2024-04-29,C5530,P1077,S245,East,Online,3,5894,0,Cash,Completed
O101488,2025-05-17,C5315,P1176,S218,North,Store,2,14974,0,Cash,Completed
O101489,2025-10-23,C5380,P1171,S212,West,Store,5,20278,290,Debit Card,Completed
O101490,2024-07-22,C5681,P1031,S223,West,Online,1,6951,51,Credit Card,Completed
O101491,2024-12-07,C6570,P1077,S206,South,Online,3,5894,0,Credit Card,Cancelled
O101492,2024-02-01,C5124,P1171,S233,North,Online,3,20278,0,Cash,Completed
O101493,2024-11-04,C5515,P1161,S242,North,Online,2,23914,0,Cash,Completed
O101494,2025-09-01,C5475,P1293,S245,East,Store,2,19741,0,UPI,Completed
O101495,2025-08-27,C5319,P1220,S238,East,Store,1,15484,0,Cash,Completed
O101496,2024-09-01,C5370,P1177,S242,North,Online,1,4568,0,Cash,Cancelled
O101497,2025-04-17,C5672,P1194,S233,North,Store,5,10696,0,Cash,Cancelled
O101498,2024-08-07,C5100,P1174,S234,East,Store,3,21347,0,Debit Card,Cancelled
O101499,2024-10-25,C5318,P1167,S235,North,Store,3,14354,0,Cash,Completed
O101500,2025-03-19,C6361,P1195,S228,South,Store,5,2809,281,Credit Card,Cancelled
O101501,2024-12-21,C6985,P1172,S219,North,Store,1,15856,155,Debit Card,Completed
O101502,2024-03-04,C5049,P1275,S205,South,Store,1,22022,420,UPI,Completed
O101503,2025-08-21,C6425,P1227,S230,East,Store,5,5382,0,Cash,Completed
O101504,2024-10-22,C5545,P1034,S242,North,Online,1,9778,0,Credit Card,Cancelled
O101505,2025-08-05,C5735,P1122,S236,West,Store,4,4929,0,Cash,Completed
O101506,2025-07-30,C6660,P1144,S203,East,Online,3,21604,0,Cash,Completed
O101507,2025-05-12,C6470,P1106,S232,North,Store,3,16729,0,UPI,Completed
O101508,2024-02-26,C5693,P1155,S226,North,Store,3,15032,0,UPI,Cancelled
O101509,2025-10-28,C6095,P1211,S248,West,Store,3,17552,0,Credit Card,Completed
O101510,2025-09-22,C5038,P1216,S230,East,Online,2,19992,244,Cash,Completed
O101511,2025-02-10,C5041,P1147,S237,North,Online,4,10106,0,UPI,Completed
O101512,2024-02-10,C6668,P1298,S218,North,Online,4,14176,0,Debit Card,Completed
O101513,2024-06-03,C6889,P1085,S215,East,Store,2,5647,0,UPI,Completed
O101514,2024-02-14,C5507,P1110,S213,North,Store,3,5745,0,UPI,Completed
O101515,2024-07-04,C5006,P1203,S243,South,Store,3,17152,0,Credit Card,Completed
O101516,2024-09-12,C6203,P1152,S222,East,Store,4,11737,0,Credit Card,Completed
O101517,2024-12-02,C6394,P1024,S216,East,Online,4,15591,0,Debit Card,Completed
O101518,2024-04-11,C6300,P1236,S200,West,Online,1,1650,351,Credit Card,Completed
O101519,2025-01-08,C5294,P1126,S241,South,Store,4,13666,0,Cash,Completed
O101520,2025-05-01,C5581,P1201,S206,South,Store,3,6002,0,UPI,Completed
O101521,2025-07-01,C6019,P1199,S226,North,Store,3,17589,0,Debit Card,Completed
O101522,2024-08-23,C6235,P1205,S241,South,Store,4,3522,0,Debit Card,Completed
O101523,2025-11-23,C6603,P1171,S226,North,Store,2,20278,0,Credit Card,Completed
O101524,2024-07-15,C5870,P1127,S232,North,Store,4,11658,118,UPI,Completed
O101525,2025-07-22,C5435,P1157,S222,East,Online,5,20469,476,Cash,Completed
O101526,2025-03-17,C5098,P1074,S244,East,Store,4,5321,0,UPI,Completed
O101527,2024-09-23,C6595,P1245,S233,North,Store,1,3373,0,UPI,Completed
O101528,2025-04-24,C5757,P1020,S247,North,Store,2,10169,0,Credit Card,Completed
O101529,2025-04-19,C6139,P1083,S205,South,Store,5,7188,0,Debit Card,Completed
O101530,2025-12-17,C5329,P1020,S201,South,Online,5,10169,94,Cash,Completed
O101531,2025-05-25,C5324,P1272,S220,South,Store,3,21727,293,Debit Card,Completed
O101532,2024-07-06,C6192,P1102,S210,North,Store,1,11805,0,Debit Card,Cancelled
O101533,2024-10-12,C5771,P1022,S241,South,Online,1,14533,0,Cash,Completed
O101534,2024-08-31,C5911,P1208,S209,West,Online,4,11265,0,UPI,Completed
O101535,2025-04-09,C6380,P1193,S220,South,Store,3,18061,0,Debit Card,Completed
O101536,2024-04-23,C6928,P1284,S233,North,Online,2,13277,0,UPI,Cancelled
O101537,2024-02-23,C6841,P1284,S225,South,Store,2,13277,0,UPI,Completed
O101538,2025-12-23,C6139,P1276,S243,South,Store,2,17692,432,Credit Card,Completed
O101539,2024-05-16,C5956,P1222,S238,East,Store,2,15054,0,Debit Card,Completed
O101540,2025-05-01,C6302,P1237,S212,West,Online,2,21100,0,UPI,Cancelled
O101541,2024-03-01,C5248,P1274,S220,South,Online,3,20728,457,Cash,Cancelled
O101542,2025-12-13,C5918,P1101,S220,South,Online,5,17061,0,Cash,Completed
O101543,2024-07-29,C6145,P1090,S242,North,Online,3,6496,0,Cash,Completed
O101544,2024-05-06,C5329,P1027,S243,South,Online,1,5053,0,Debit Card,Completed
O101545,2025-07-14,C5071,P1182,S225,South,Online,4,18616,291,Cash,Completed
O101546,2024-09-14,C6621,P1018,S214,West,Online,4,14106,376,Debit Card,Cancelled
O101547,2024-07-08,C5239,P1229,S239,West,Online,1,23069,0,Debit Card,Completed
O101548,2025-04-24,C6864,P1027,S204,North,Store,4,5053,0,Credit Card,Completed
O101549,2025-07-16,C5358,P1051,S221,North,Store,5,16446,0,Debit Card,Completed
O101550,2024-10-20,C5297,P1021,S218,North,Online,3,11470,0,UPI,Cancelled
O101551,2025-10-12,C6505,P1292,S242,North,Online,5,23214,64,Credit Card,Completed
O101552,2025-08-23,C6150,P1271,S247,North,Online,5,14975,0,Debit Card,Cancelled
O101553,2024-08-29,C5531,P1105,S213,North,Online,3,10648,0,Debit Card,Completed
O101554,2025-07-22,C5305,P1214,S244,East,Online,5,10921,72,Debit Card,Cancelled
O101555,2024-05-21,C5995,P1105,S238,East,Store,3,10648,0,Credit Card,Completed
O101556,2024-10-12,C5155,P1105,S238,East,Store,5,10648,471,Debit Card,Completed
O101557,2025-01-28,C5437,P1184,S235,North,Store,2,23546,258,Credit Card,Completed
O101558,2024-09-11,C6761,P1041,S201,South,Online,1,15445,0,Credit Card,Completed
O101559,2024-05-18,C6097,P1243,S246,North,Store,1,21225,484,Credit Card,Cancelled
O101560,2025-03-06,C5952,P1224,S209,West,Store,1,21622,0,Cash,Completed
O101561,2024-05-20,C5154,P1215,S239,West,Online,4,16425,0,Cash,Cancelled
O101562,2025-11-11,C5544,P1294,S238,East,Online,3,16364,0,Debit Card,Cancelled
O101563,2024-08-26,C5873,P1222,S203,East,Online,4,15054,151,Debit Card,Completed
O101564,2024-02-10,C5213,P1121,S201,South,Online,3,12001,0,Credit Card,Completed
O101565,2025-01-14,C5750,P1024,S249,East,Online,3,15591,0,Credit Card,Cancelled
O101566,2025-10-29,C6438,P1172,S225,South,Store,3,15856,0,Credit Card,Cancelled
O101567,2025-04-28,C5294,P1200,S237,North,Online,5,2422,0,Debit Card,Cancelled
O101568,2024-11-07,C5837,P1113,S226,North,Online,1,2267,363,Cash,Completed
O101569,2024-07-07,C6218,P1173,S230,East,Store,5,7396,0,UPI,Completed
O101570,2025-09-05,C6153,P1230,S207,North,Online,4,12075,0,Debit Card,Completed
O101571,2025-12-04,C6506,P1192,S202,East,Online,5,20500,0,UPI,Completed
O101572,2024-06-26,C5585,P1170,S220,South,Store,4,13196,0,Credit Card,Cancelled
O101573,2024-12-10,C6147,P1098,S240,North,Online,2,22065,0,Cash,Cancelled
O101574,2025-06-14,C5047,P1155,S221,North,Store,5,15032,0,Credit Card,Cancelled
O101575,2025-01-31,C6440,P1145,S208,East,Store,2,13495,324,Debit Card,Completed
O101576,2024-04-12,C6167,P1281,S224,East,Online,4,12731,0,UPI,Completed
O101577,2024-04-14,C5858,P1210,S228,South,Online,2,6616,0,UPI,Cancelled
O101578,2024-04-06,C6896,P1239,S222,East,Store,3,20434,0,Credit Card,Completed
O101579,2024-07-12,C5736,P1244,S231,North,Online,3,5773,0,Credit Card,Completed
O101580,2024-01-05,C5387,P1202,S230,East,Store,1,15754,0,Cash,Completed
O101581,2025-05-16,C6556,P1296,S206,South,Store,3,10596,0,Cash,Completed
O101582,2024-03-11,C5935,P1088,S215,East,Online,3,21299,0,Cash,Completed
O101583,2025-11-05,C6267,P1283,S229,South,Online,3,17954,0,Cash,Completed
O101584,2024-06-17,C5405,P1225,S230,East,Store,3,14610,0,Credit Card,Completed
O101585,2025-01-30,C5386,P1233,S205,South,Online,4,12833,417,UPI,Completed
O101586,2025-11-20,C6960,P1220,S208,East,Store,5,15484,57,Debit Card,Cancelled
O101587,2024-07-11,C5326,P1255,S247,North,Store,5,14851,0,Cash,Completed
O101588,2024-05-31,C5741,P1162,S231,North,Online,2,8893,0,Credit Card,Completed
O101589,2024-11-29,C6571,P1021,S246,North,Online,1,11470,233,UPI,Completed
O101590,2024-02-16,C5274,P1212,S209,West,Online,3,21743,0,Cash,Cancelled
O101591,2024-12-26,C5079,P1198,S243,South,Store,2,834,0,Debit Card,Completed
O101592,2024-12-31,C6335,P1053,S249,East,Online,4,3129,0,Debit Card,Cancelled
O101593,2025-08-09,C6096,P1231,S249,East,Store,4,11775,0,Cash,Completed
O101594,2025-05-09,C5932,P1024,S205,South,Online,3,15591,0,Cash,Completed
O101595,2025-01-31,C6847,P1224,S213,North,Store,4,21622,0,Credit Card,Completed
O101596,2025-07-23,C6422,P1097,S225,South,Store,5,8915,0,Credit Card,Completed
O101597,2025-07-14,C5602,P1246,S202,East,Online,1,22713,0,Debit Card,Completed
O101598,2025-12-03,C6399,P1039,S200,West,Store,3,3162,0,Debit Card,Completed
O101599,2025-08-25,C6671,P1268,S226,North,Store,5,5770,0,Debit Card,Completed
O101600,2024-03-16,C5337,P1199,S232,North,Online,1,17589,0,Debit Card,Completed
O101601,2025-06-07,C6891,P1033,S226,North,Store,1,16111,0,Debit Card,Completed
O101602,2024-04-11,C5269,P1121,S200,West,Online,5,12001,0,Credit Card,Completed
O101603,2024-02-10,C6355,P1024,S233,North,Store,1,15591,320,Cash,Completed
O101604,2024-09-17,C5235,P1013,S206,South,Online,3,18762,0,Credit Card,Completed
O101605,2024-05-01,C6272,P1251,S200,West,Online,2,8279,0,UPI,Completed
O101606,2025-06-04,C6570,P1026,S228,South,Store,5,5942,0,Cash,Completed
O101607,2024-06-16,C5589,P1262,S217,West,Online,3,11478,0,Cash,Cancelled
O101608,2025-04-04,C5409,P1225,S225,South,Online,3,14610,0,UPI,Completed
O101609,2024-02-19,C6110,P1099,S222,East,Store,2,17578,0,Credit Card,Completed
O101610,2025-04-23,C5080,P1259,S242,North,Online,5,13997,427,UPI,Completed
O101611,2025-01-17,C5974,P1173,S209,West,Online,4,7396,0,Cash,Completed
O101612,2024-02-01,C5051,P1197,S231,North,Online,5,16495,0,Credit Card,Completed
O101613,2024-01-25,C5164,P1191,S242,North,Store,3,13093,182,Cash,Completed
O101614,2025-03-04,C5741,P1071,S242,North,Store,2,5086,0,Debit Card,Cancelled
O101615,2025-03-01,C6724,P1235,S205,South,Online,3,21005,0,Cash,Completed
O101616,2024-11-16,C5406,P1101,S217,West,Store,5,17061,0,Cash,Completed
O101617,2025-11-26,C5234,P1010,S204,North,Store,4,8826,425,UPI,Completed
O101618,2025-08-17,C5563,P1207,S216,East,Store,2,17879,0,Debit Card,Completed
O101619,2024-01-21,C5117,P1065,S210,North,Online,1,3007,0,Debit Card,Completed
O101620,2025-10-29,C5793,P1025,S222,East,Online,5,8362,126,Cash,Completed
O101621,2024-03-06,C6738,P1013,S203,East,Store,5,18762,0,Credit Card,Cancelled
O101622,2025-03-07,C5971,P1108,S231,North,Store,2,14233,454,UPI,Completed
O101623,2025-11-25,C5667,P1210,S224,East,Online,1,6616,0,Cash,Completed
O101624,2024-11-11,C6839,P1123,S209,West,Online,5,15348,0,Debit Card,Cancelled
O101625,2025-11-04,C5958,P1266,S214,West,Online,4,15728,0,Cash,Cancelled
O101626,2025-03-06,C6477,P1183,S245,East,Online,5,3139,103,UPI,Completed
O101627,2025-08-09,C6823,P1236,S239,West,Store,2,1650,0,Debit Card,Completed
O101628,2024-09-03,C5632,P1273,S216,East,Online,2,17610,0,UPI,Cancelled
O101629,2024-11-01,C5542,P1142,S218,North,Store,1,11011,138,Debit Card,Completed
O101630,2024-11-26,C6311,P1014,S219,North,Store,5,6858,0,Credit Card,Completed
O101631,2024-02-11,C6570,P1019,S206,South,Store,4,11005,0,Cash,Completed
O101632,2025-01-07,C5827,P1051,S233,North,Store,1,16446,0,Credit Card,Cancelled
O101633,2025-10-05,C6745,P1034,S229,South,Store,4,9778,0,UPI,Completed
O101634,2025-01-16,C6507,P1193,S225,South,Store,4,18061,330,UPI,Cancelled
O101635,2025-04-05,C6005,P1142,S210,North,Online,1,11011,0,Debit Card,Completed
O101636,2024-04-09,C5360,P1251,S232,North,Online,2,8279,0,Credit Card,Cancelled
O101637,2024-05-03,C5975,P1022,S200,West,Online,3,14533,71,Credit Card,Cancelled
O101638,2025-04-05,C5386,P1200,S200,West,Store,5,2422,454,Debit Card,Completed
O101639,2024-11-01,C5896,P1059,S236,West,Online,4,10909,0,Debit Card,Cancelled
O101640,2024-01-13,C5690,P1021,S205,South,Online,3,11470,0,Debit Card,Completed
O101641,2025-07-05,C6723,P1243,S204,North,Online,1,21225,311,Credit Card,Completed
O101642,2025-06-30,C6324,P1078,S219,North,Store,3,23389,0,UPI,Completed
O101643,2025-12-05,C6303,P1183,S249,East,Online,1,3139,320,UPI,Completed
O101644,2024-04-03,C6840,P1150,S212,West,Online,4,7422,0,UPI,Cancelled
O101645,2025-03-05,C5861,P1119,S230,East,Store,1,20033,0,Cash,Completed
O101646,2024-10-03,C6376,P1054,S226,North,Online,2,17956,0,Credit Card,Completed
O101647,2025-05-26,C6871,P1186,S205,South,Store,4,14983,0,Credit Card,Completed
O101648,2025-04-05,C5705,P1214,S208,East,Online,5,10921,496,Cash,Completed
O101649,2025-06-25,C6961,P1195,S237,North,Store,2,2809,0,Credit Card,Completed
O101650,2025-01-31,C6895,P1068,S243,South,Store,4,11524,0,Credit Card,Completed
O101651,2024-11-28,C6818,P1125,S245,East,Store,3,8150,152,Credit Card,Cancelled
O101652,2025-04-29,C6664,P1291,S242,North,Online,2,12542,0,UPI,Completed
O101653,2024-03-07,C5722,P1209,S215,East,Store,5,14912,186,Credit Card,Completed
O101654,2024-01-17,C6051,P1290,S237,North,Store,3,5987,0,Cash,Cancelled
O101655,2024-07-20,C5983,P1131,S201,South,Online,2,20406,0,Credit Card,Cancelled
O101656,2024-03-05,C6340,P1236,S202,East,Online,1,1650,0,Debit Card,Completed
O101657,2024-04-20,C6659,P1011,S208,East,Online,5,6770,142,Cash,Completed
O101658,2025-10-15,C6292,P1141,S240,North,Store,2,5607,0,Debit Card,Completed
O101659,2024-08-13,C6127,P1264,S216,East,Store,4,5155,0,Credit Card,Completed
O101660,2024-02-22,C6776,P1279,S221,North,Online,4,5899,0,Cash,Completed
O101661,2024-03-30,C5255,P1047,S219,North,Store,2,6278,203,Credit Card,Completed
O101662,2024-11-01,C5834,P1144,S242,North,Store,2,21604,464,Cash,Completed
O101663,2024-05-21,C5235,P1000,S225,South,Online,2,5850,0,Credit Card,Completed
O101664,2024-06-02,C6046,P1267,S200,West,Online,1,14604,0,Debit Card,Completed
O101665,2024-09-27,C6500,P1122,S218,North,Online,2,4929,0,Credit Card,Cancelled
O101666,2024-07-19,C6897,P1226,S208,East,Store,3,19224,0,Cash,Completed
O101667,2025-06-06,C5355,P1039,S200,West,Store,3,3162,0,UPI,Completed
O101668,2025-11-29,C5592,P1291,S225,South,Online,3,12542,0,Debit Card,Completed
O101669,2024-07-28,C5605,P1011,S231,North,Online,3,6770,0,Cash,Cancelled
O101670,2025-01-19,C6039,P1076,S217,West,Store,3,16951,321,UPI,Cancelled
O101671,2025-10-09,C6767,P1118,S208,East,Store,1,23140,0,Cash,Completed
O101672,2025-02-02,C6075,P1130,S231,North,Online,2,9394,496,UPI,Completed
O101673,2025-01-31,C5375,P1100,S211,West,Store,2,9778,0,Credit Card,Completed
O101674,2024-08-18,C6760,P1228,S249,East,Store,5,13342,56,Cash,Cancelled
O101675,2025-02-09,C5416,P1029,S218,North,Online,3,21239,0,UPI,Completed
O101676,2025-11-21,C6575,P1109,S248,West,Store,5,5046,0,Cash,Completed
O101677,2025-07-02,C5276,P1145,S246,North,Store,4,13495,0,Credit Card,Completed
O101678,2025-04-11,C6719,P1182,S211,West,Online,1,18616,0,Cash,Cancelled
O101679,2025-01-14,C5149,P1231,S206,South,Online,4,11775,0,Debit Card,Cancelled
O101680,2024-07-06,C5288,P1232,S239,West,Online,3,4324,0,Cash,Completed
O101681,2024-08-10,C6731,P1280,S233,North,Store,2,17740,0,Debit Card,Completed
O101682,2025-06-12,C5295,P1258,S223,West,Online,1,21780,0,UPI,Completed
O101683,2024-09-03,C6677,P1044,S240,North,Online,2,11357,0,Cash,Cancelled
O101684,2025-06-18,C6508,P1118,S236,West,Store,3,23140,0,UPI,Completed
O101685,2025-04-25,C5831,P1222,S244,East,Store,2,15054,0,Debit Card,Completed
O101686,2024-03-19,C6551,P1104,S210,North,Store,3,18741,0,Cash,Completed
O101687,2024-07-28,C6394,P1197,S240,North,Online,2,16495,0,Credit Card,Completed
O101688,2024-10-03,C6860,P1187,S230,East,Online,1,10875,0,UPI,Completed
O101689,2025-07-12,C5795,P1067,S203,East,Online,3,18554,0,UPI,Completed
O101690,2024-05-01,C6106,P1238,S245,East,Store,5,18960,0,Cash,Completed
O101691,2024-04-13,C5070,P1111,S230,East,Online,4,6965,459,Debit Card,Completed
O101692,2025-08-03,C6121,P1101,S217,West,Online,5,17061,0,Credit Card,Completed
O101693,2025-04-17,C6868,P1051,S223,West,Store,2,16446,263,Cash,Completed
O101694,2024-07-23,C6520,P1171,S236,West,Online,2,20278,142,Cash,Completed
O101695,2025-04-23,C6003,P1262,S231,North,Store,2,11478,0,Cash,Cancelled
O101696,2025-05-24,C6098,P1044,S230,East,Online,5,11357,114,UPI,Completed
O101697,2025-01-14,C6747,P1232,S223,West,Store,1,4324,70,Cash,Cancelled
O101698,2025-10-26,C5046,P1112,S239,West,Online,3,14915,402,Cash,Completed
O101699,2024-09-15,C5197,P1067,S203,East,Store,5,18554,0,UPI,Completed
O101700,2024-01-31,C5802,P1254,S235,North,Store,3,18521,0,Cash,Completed
O101701,2024-06-11,C5196,P1279,S215,East,Online,1,5899,0,Credit Card,Completed
O101702,2024-12-13,C6201,P1081,S204,North,Online,1,11888,0,Cash,Completed
O101703,2025-12-15,C6464,P1208,S213,North,Online,3,11265,0,UPI,Cancelled
O101704,2024-11-15,C5286,P1082,S247,North,Store,3,8487,289,Debit Card,Completed
O101705,2025-06-01,C5873,P1034,S248,West,Store,4,9778,0,Credit Card,Completed
O101706,2024-01-20,C6638,P1254,S236,West,Online,5,18521,0,UPI,Completed
O101707,2025-02-18,C6362,P1199,S227,North,Store,4,17589,0,Debit Card,Completed
O101708,2024-05-15,C5708,P1165,S225,South,Online,2,21855,374,Debit Card,Cancelled
O101709,2025-09-23,C6939,P1028,S202,East,Online,2,7958,0,Credit Card,Completed
O101710,2024-10-14,C5798,P1272,S200,West,Online,2,21727,0,Credit Card,Completed
O101711,2024-03-25,C5237,P1034,S216,East,Store,3,9778,0,Cash,Completed
O101712,2025-12-07,C6381,P1003,S200,West,Store,5,1494,0,UPI,Cancelled
O101713,2025-07-08,C5240,P1253,S213,North,Online,2,20605,0,Credit Card,Completed
O101714,2024-04-23,C6186,P1052,S243,South,Store,4,13741,222,Debit Card,Completed
O101715,2024-05-21,C5096,P1197,S237,North,Store,3,16495,0,Debit Card,Cancelled
O101716,2025-05-22,C6362,P1209,S241,South,Online,2,14912,0,Cash,Cancelled
O101717,2025-06-19,C6072,P1065,S228,South,Store,1,3007,0,Cash,Completed
O101718,2025-03-03,C6679,P1267,S232,North,Store,5,14604,146,Debit Card,Cancelled
O101719,2025-10-28,C5690,P1145,S202,East,Store,2,13495,0,Cash,Cancelled
O101720,2024-09-20,C5223,P1064,S209,West,Store,2,13395,0,Cash,Completed
O101721,2025-05-28,C5195,P1192,S234,East,Store,4,20500,0,Credit Card,Cancelled
O101722,2025-03-27,C6820,P1238,S201,South,Online,1,18960,0,Debit Card,Completed
O101723,2024-05-19,C5698,P1290,S220,South,Online,4,5987,0,Cash,Cancelled
O101724,2024-03-16,C6316,P1283,S226,North,Store,3,17954,0,Cash,Completed
O101725,2024-12-13,C5593,P1125,S244,East,Online,3,8150,0,Credit Card,Completed
O101726,2025-04-17,C6572,P1032,S226,North,Store,4,2864,0,Cash,Completed
O101727,2025-11-28,C6324,P1023,S234,East,Store,5,11148,54,Credit Card,Completed
O101728,2024-03-01,C6195,P1268,S228,South,Online,1,5770,0,Cash,Cancelled
O101729,2025-05-21,C5986,P1219,S217,West,Online,5,11028,132,Credit Card,Completed
O101730,2025-10-24,C6034,P1234,S223,West,Online,1,5302,0,Cash,Completed
O101731,2025-05-01,C5913,P1080,S246,North,Online,1,5303,0,UPI,Cancelled
O101732,2024-11-12,C5230,P1183,S245,East,Online,4,3139,0,Debit Card,Completed
O101733,2025-06-16,C5310,P1224,S212,West,Online,4,21622,0,Debit Card,Cancelled
O101734,2024-06-03,C6514,P1009,S234,East,Store,2,15817,0,Cash,Completed
O101735,2025-07-20,C5076,P1032,S216,East,Store,4,2864,0,Debit Card,Completed
O101736,2025-10-20,C5428,P1076,S225,South,Online,4,16951,0,Debit Card,Completed
O101737,2025-07-06,C5130,P1250,S242,North,Store,5,4746,0,UPI,Completed
O101738,2025-12-21,C6290,P1093,S213,North,Online,5,7635,0,Debit Card,Completed
O101739,2025-03-26,C6304,P1208,S236,West,Store,3,11265,274,Debit Card,Completed
O101740,2025-07-02,C5423,P1155,S232,North,Store,2,15032,434,Credit Card,Completed
O101741,2025-10-08,C6703,P1211,S226,North,Online,4,17552,0,Debit Card,Completed
O101742,2025-01-25,C6903,P1111,S235,North,Store,3,6965,0,UPI,Completed
O101743,2024-12-30,C5306,P1206,S215,East,Online,4,21502,0,Credit Card,Cancelled
O101744,2025-11-28,C6748,P1259,S244,East,Online,4,13997,0,Credit Card,Completed
O101745,2025-10-17,C5014,P1281,S244,East,Store,1,12731,0,UPI,Completed
O101746,2025-05-05,C5674,P1204,S203,East,Store,4,3675,0,Credit Card,Completed
O101747,2025-08-27,C5348,P1232,S238,East,Online,4,4324,0,UPI,Completed
O101748,2025-07-17,C5848,P1294,S204,North,Online,5,16364,0,Cash,Completed
O101749,2025-05-31,C5476,P1053,S228,South,Store,1,3129,0,Cash,Completed
O101750,2025-04-01,C6158,P1221,S240,North,Store,5,17898,0,Debit Card,Completed
O101751,2025-01-22,C5590,P1096,S240,North,Store,2,16951,0,Debit Card,Completed
O101752,2025-07-06,C5661,P1230,S237,North,Online,1,12075,0,Credit Card,Completed
O101753,2024-02-26,C5074,P1240,S228,South,Store,4,9126,0,Debit Card,Cancelled
O101754,2025-11-08,C5070,P1039,S222,East,Online,5,3162,0,Debit Card,Cancelled
O101755,2025-02-17,C6766,P1059,S241,South,Store,1,10909,135,Credit Card,Completed
O101756,2024-01-01,C6795,P1098,S245,East,Store,3,22065,0,Debit Card,Cancelled
O101757,2024-12-31,C5367,P1170,S204,North,Store,5,13196,88,Debit Card,Completed
O101758,2024-02-13,C6826,P1087,S213,North,Online,3,5062,371,Debit Card,Completed
O101759,2025-11-20,C6244,P1171,S240,North,Online,2,20278,0,Credit Card,Completed
O101760,2025-05-10,C5621,P1023,S246,North,Store,2,11148,384,UPI,Completed
O101761,2024-09-18,C6861,P1037,S246,North,Online,4,17516,88,Debit Card,Completed
O101762,2024-07-08,C5352,P1206,S213,North,Online,2,21502,204,Credit Card,Completed
O101763,2024-06-06,C6091,P1159,S226,North,Store,5,18152,0,Credit Card,Completed
O101764,2024-06-12,C5312,P1016,S211,West,Online,4,11602,444,UPI,Completed
O101765,2025-05-31,C5409,P1079,S206,South,Online,2,9159,0,Cash,Completed
O101766,2024-09-01,C5390,P1152,S246,North,Online,4,11737,0,Cash,Completed
O101767,2024-07-12,C5665,P1267,S244,East,Online,4,14604,0,Credit Card,Completed
O101768,2025-05-26,C5628,P1203,S209,West,Online,4,17152,0,Cash,Cancelled
O101769,2025-05-08,C5458,P1137,S222,East,Online,1,8938,297,Cash,Cancelled
O101770,2025-07-05,C5150,P1165,S236,West,Store,5,21855,0,Cash,Completed
O101771,2024-02-10,C6240,P1144,S235,North,Online,3,21604,0,Debit Card,Completed
O101772,2024-07-21,C6271,P1177,S225,South,Online,5,4568,0,Credit Card,Completed
O101773,2025-06-22,C5531,P1016,S222,East,Online,1,11602,0,Cash,Completed
O101774,2024-08-06,C6039,P1275,S226,North,Store,2,22022,391,Debit Card,Completed
O101775,2025-09-13,C5532,P1145,S215,East,Online,2,13495,0,Debit Card,Completed
O101776,2025-01-25,C6606,P1120,S219,North,Online,5,20523,0,Cash,Cancelled
O101777,2024-07-07,C5012,P1077,S219,North,Store,3,5894,0,Debit Card,Completed
O101778,2025-06-04,C6926,P1231,S245,East,Online,5,11775,0,UPI,Cancelled
O101779,2025-08-31,C6332,P1299,S206,South,Store,5,17937,0,Cash,Completed
O101780,2024-08-03,C6243,P1255,S223,West,Store,2,14851,0,Cash,Completed
O101781,2024-02-13,C6617,P1126,S234,East,Store,4,13666,0,Debit Card,Completed
O101782,2024-01-05,C6697,P1297,S237,North,Online,2,20307,0,Debit Card,Completed
O101783,2025-02-14,C5818,P1055,S218,North,Online,5,21841,59,Credit Card,Cancelled
O101784,2024-05-05,C6870,P1210,S234,East,Online,5,6616,0,Credit Card,Completed
O101785,2024-12-23,C6202,P1049,S208,East,Online,5,4384,0,Cash,Completed
O101786,2025-09-27,C5556,P1132,S248,West,Store,2,19210,0,Cash,Cancelled
O101787,2025-03-18,C5531,P1263,S242,North,Online,3,7564,0,Debit Card,Cancelled
O101788,2025-01-11,C5784,P1036,S213,North,Store,1,11836,196,Cash,Completed
O101789,2025-01-03,C5851,P1088,S234,East,Online,4,21299,0,UPI,Completed
O101790,2025-09-09,C5571,P1070,S203,East,Online,1,3836,62,UPI,Completed
O101791,2025-01-07,C5536,P1232,S223,West,Store,2,4324,0,Debit Card,Completed
O101792,2025-11-09,C5187,P1060,S218,North,Store,5,10490,0,Cash,Cancelled
O101793,2025-10-08,C6025,P1288,S248,West,Store,4,10267,0,Debit Card,Cancelled
O101794,2024-10-17,C6608,P1017,S245,East,Online,2,16288,0,Credit Card,Cancelled
O101795,2024-10-15,C6486,P1094,S214,West,Store,3,3783,0,UPI,Completed
O101796,2025-06-06,C5754,P1118,S239,West,Store,3,23140,0,UPI,Completed
O101797,2025-02-02,C6062,P1245,S243,South,Online,5,3373,0,Credit Card,Completed
O101798,2025-03-25,C5788,P1226,S232,North,Online,1,19224,0,Cash,Completed
O101799,2024-03-13,C5285,P1278,S239,West,Store,4,19013,0,Credit Card,Completed
O101800,2024-01-31,C5639,P1165,S240,North,Store,1,21855,0,UPI,Cancelled
O101801,2025-08-25,C5791,P1236,S206,South,Store,5,1650,0,Credit Card,Completed
O101802,2024-12-29,C5822,P1199,S212,West,Online,3,17589,0,Debit Card,Completed
O101803,2025-09-29,C6203,P1261,S238,East,Online,2,22756,0,Debit Card,Cancelled
O101804,2024-06-02,C6374,P1173,S235,North,Online,3,7396,0,Credit Card,Completed
O101805,2025-09-23,C6016,P1140,S210,North,Online,3,18510,303,Debit Card,Completed
O101806,2024-11-06,C6613,P1115,S202,East,Store,1,20308,0,Credit Card,Cancelled
O101807,2025-01-03,C5058,P1299,S242,North,Online,3,17937,0,Debit Card,Completed
O101808,2024-10-14,C5113,P1085,S204,North,Online,5,5647,367,Credit Card,Completed
O101809,2025-12-03,C5132,P1007,S232,North,Online,1,15969,0,Debit Card,Completed
O101810,2025-06-01,C5650,P1131,S217,West,Online,3,20406,0,Debit Card,Completed
O101811,2024-02-24,C6074,P1181,S240,North,Store,3,4623,0,UPI,Cancelled
O101812,2024-02-17,C6728,P1242,S241,South,Store,1,13862,0,Credit Card,Completed
O101813,2025-08-24,C5504,P1094,S223,West,Online,1,3783,0,UPI,Completed
O101814,2024-07-26,C6359,P1079,S218,North,Store,3,9159,122,UPI,Completed
O101815,2025-05-09,C5259,P1052,S248,West,Online,5,13741,0,Debit Card,Cancelled
O101816,2025-07-07,C5029,P1279,S232,North,Store,1,5899,0,Cash,Completed
O101817,2025-09-04,C5549,P1180,S212,West,Store,4,6796,0,Cash,Cancelled
O101818,2024-09-03,C6093,P1151,S204,North,Store,3,12508,0,Cash,Completed
O101819,2025-02-03,C5284,P1049,S235,North,Store,3,4384,0,Credit Card,Completed
O101820,2024-05-10,C6836,P1064,S244,East,Online,5,13395,266,Debit Card,Completed
O101821,2024-04-28,C5532,P1271,S237,North,Store,3,14975,0,Cash,Cancelled
O101822,2024-02-05,C6748,P1288,S209,West,Online,2,10267,396,Debit Card,Cancelled
O101823,2024-04-06,C5679,P1102,S227,North,Online,1,11805,0,Credit Card,Cancelled
O101824,2024-11-08,C5892,P1297,S203,East,Online,4,20307,0,UPI,Completed
O101825,2025-10-01,C6997,P1225,S227,North,Online,2,14610,0,Credit Card,Completed
O101826,2024-05-04,C5179,P1038,S207,North,Store,1,22462,0,Credit Card,Completed
O101827,2024-01-30,C5520,P1143,S242,North,Online,2,8850,0,UPI,Completed
O101828,2025-02-26,C6493,P1118,S232,North,Store,1,23140,0,Debit Card,Completed
O101829,2024-07-07,C6999,P1041,S229,South,Store,1,15445,0,Cash,Completed
O101830,2025-11-07,C6080,P1034,S230,East,Online,4,9778,0,Cash,Completed
O101831,2025-08-27,C6757,P1207,S216,East,Online,5,17879,0,Credit Card,Completed
O101832,2024-10-30,C5021,P1006,S225,South,Store,4,17945,0,Credit Card,Completed
O101833,2025-08-13,C5249,P1221,S209,West,Online,3,17898,214,Cash,Completed
O101834,2025-10-12,C5074,P1291,S246,North,Store,3,12542,117,Credit Card,Completed
O101835,2024-04-18,C5801,P1044,S210,North,Store,2,11357,0,Cash,Completed
O101836,2024-09-11,C6066,P1223,S203,East,Store,2,4729,0,Cash,Completed
O101837,2025-06-27,C6693,P1202,S227,North,Online,2,15754,102,UPI,Completed
O101838,2024-07-13,C6189,P1094,S244,East,Online,1,3783,439,Debit Card,Cancelled
O101839,2025-11-16,C5226,P1010,S231,North,Store,4,8826,0,Debit Card,Completed
O101840,2025-07-13,C6848,P1146,S244,East,Online,2,13303,0,Credit Card,Completed
O101841,2025-01-13,C5817,P1139,S235,North,Store,2,21395,87,Cash,Completed
O101842,2024-04-22,C6934,P1263,S223,West,Store,2,7564,0,Credit Card,Completed
O101843,2025-09-14,C5038,P1040,S218,North,Online,3,4205,0,Debit Card,Completed
O101844,2024-01-12,C6295,P1135,S232,North,Store,3,18707,0,Cash,Completed
O101845,2025-04-24,C5523,P1087,S204,North,Store,5,5062,0,UPI,Cancelled
O101846,2024-08-15,C6989,P1247,S203,East,Store,3,15686,0,Debit Card,Completed
O101847,2024-08-10,C6840,P1065,S226,North,Store,2,3007,52,Debit Card,Completed
O101848,2024-05-30,C6352,P1096,S220,South,Online,2,16951,0,UPI,Completed
O101849,2025-06-28,C6122,P1264,S204,North,Online,3,5155,0,Debit Card,Completed
O101850,2024-04-22,C6138,P1254,S226,North,Store,4,18521,473,UPI,Cancelled
O101851,2025-05-11,C6943,P1068,S232,North,Store,5,11524,0,Cash,Completed
O101852,2025-11-06,C6922,P1281,S228,South,Online,1,12731,0,Debit Card,Cancelled
O101853,2025-02-05,C5205,P1120,S222,East,Online,1,20523,84,Debit Card,Completed
O101854,2025-09-30,C5460,P1098,S245,East,Online,4,22065,80,UPI,Completed
O101855,2025-05-15,C5622,P1282,S226,North,Online,3,19507,0,UPI,Cancelled
O101856,2025-12-18,C6485,P1261,S214,West,Online,2,22756,315,Debit Card,Cancelled
O101857,2024-02-04,C6552,P1229,S211,West,Store,4,23069,0,UPI,Completed
O101858,2024-11-11,C5765,P1254,S227,North,Store,4,18521,0,UPI,Completed
O101859,2024-08-09,C6269,P1109,S236,West,Store,4,5046,0,Cash,Completed
O101860,2024-02-23,C5772,P1267,S240,North,Store,1,14604,0,UPI,Completed
O101861,2024-10-27,C6557,P1228,S233,North,Online,4,13342,0,Credit Card,Completed
O101862,2025-02-17,C5071,P1247,S246,North,Store,4,15686,0,Debit Card,Completed
O101863,2024-02-18,C5353,P1034,S221,North,Online,3,9778,0,Cash,Completed
O101864,2025-11-27,C6682,P1192,S213,North,Online,3,20500,0,Credit Card,Completed
O101865,2025-07-02,C6846,P1006,S245,East,Online,5,17945,0,UPI,Completed
O101866,2025-10-24,C5403,P1216,S225,South,Online,2,19992,479,Credit Card,Cancelled
O101867,2024-02-07,C6484,P1092,S230,East,Online,3,9784,0,Debit Card,Completed
O101868,2024-04-09,C6467,P1173,S232,North,Online,1,7396,0,Cash,Completed
O101869,2024-04-13,C6912,P1246,S239,West,Store,5,22713,0,Debit Card,Completed
O101870,2024-01-11,C6568,P1201,S217,West,Store,3,6002,0,Cash,Completed
O101871,2025-08-09,C6871,P1136,S220,South,Store,1,3271,0,Debit Card,Completed
O101872,2024-09-29,C5159,P1177,S202,East,Online,4,4568,315,UPI,Cancelled
O101873,2025-04-24,C5622,P1268,S220,South,Store,3,5770,0,Cash,Completed
O101874,2025-05-10,C5419,P1055,S222,East,Online,5,21841,102,Credit Card,Completed
O101875,2025-11-06,C5538,P1156,S238,East,Store,1,14997,312,Credit Card,Completed
O101876,2024-08-14,C5651,P1059,S240,North,Online,5,10909,326,Debit Card,Completed
O101877,2024-03-19,C5490,P1154,S220,South,Online,1,16309,0,Cash,Cancelled
O101878,2024-10-01,C5273,P1136,S233,North,Store,1,3271,0,Cash,Completed
O101879,2024-01-26,C6132,P1012,S244,East,Online,2,20263,0,UPI,Cancelled
O101880,2025-05-19,C5912,P1120,S200,West,Online,2,20523,128,Cash,Completed
O101881,2024-12-13,C5513,P1158,S242,North,Online,2,18699,0,Cash,Completed
O101882,2025-11-27,C6325,P1113,S221,North,Online,3,2267,0,Debit Card,Cancelled
O101883,2024-05-04,C6921,P1137,S249,East,Online,3,8938,0,Cash,Completed
O101884,2025-10-21,C6767,P1292,S245,East,Store,4,23214,0,Debit Card,Cancelled
O101885,2025-03-31,C5403,P1205,S217,West,Online,2,3522,0,Credit Card,Completed
O101886,2025-12-25,C5916,P1058,S214,West,Store,3,16157,0,UPI,Completed
O101887,2025-12-07,C5427,P1129,S220,South,Store,4,5589,0,Debit Card,Completed
O101888,2024-12-13,C5355,P1078,S219,North,Store,5,23389,0,UPI,Completed
O101889,2025-02-14,C6815,P1118,S236,West,Store,3,23140,0,Debit Card,Completed
O101890,2025-07-03,C6722,P1037,S240,North,Online,5,17516,0,Cash,Completed
O101891,2024-02-07,C6871,P1187,S235,North,Store,4,10875,0,Cash,Completed
O101892,2025-08-02,C6065,P1046,S249,East,Online,4,11020,0,Debit Card,Completed
O101893,2024-10-15,C5642,P1062,S236,West,Online,4,17006,0,Debit Card,Completed
O101894,2024-06-11,C6047,P1271,S231,North,Store,5,14975,126,UPI,Completed
O101895,2024-01-24,C6954,P1003,S210,North,Store,3,1494,0,Credit Card,Cancelled
O101896,2025-07-25,C5744,P1293,S246,North,Store,5,19741,0,Debit Card,Completed
O101897,2024-04-15,C5023,P1243,S223,West,Online,4,21225,0,Credit Card,Cancelled
O101898,2024-07-22,C5272,P1071,S226,North,Online,4,5086,0,Debit Card,Completed
O101899,2024-03-24,C5656,P1222,S246,North,Store,5,15054,0,UPI,Completed
O101900,2024-06-14,C6258,P1142,S238,East,Store,1,11011,0,UPI,Cancelled
O101901,2024-07-05,C5079,P1091,S230,East,Store,3,12784,0,Cash,Completed
O101902,2025-04-20,C5395,P1138,S210,North,Online,4,8919,0,Cash,Completed
O101903,2025-10-30,C5258,P1280,S207,North,Store,2,17740,0,UPI,Cancelled
O101904,2024-04-16,C6742,P1189,S223,West,Store,5,23820,0,Cash,Completed
O101905,2025-09-10,C5651,P1102,S225,South,Online,3,11805,0,Debit Card,Completed
O101906,2024-08-14,C5319,P1071,S231,North,Store,1,5086,235,UPI,Completed
O101907,2024-08-12,C5045,P1268,S211,West,Online,5,5770,0,Credit Card,Completed
O101908,2024-08-24,C5259,P1260,S238,East,Online,4,1933,71,Debit Card,Completed
O101909,2025-10-03,C6221,P1227,S204,North,Store,1,5382,0,UPI,Completed
O101910,2025-06-14,C5338,P1020,S218,North,Store,5,10169,481,Debit Card,Completed
O101911,2024-12-12,C6588,P1134,S219,North,Online,5,8636,0,Cash,Completed
O101912,2025-01-23,C6917,P1001,S213,North,Store,2,15566,0,UPI,Cancelled
O101913,2025-05-01,C5992,P1173,S229,South,Online,3,7396,0,UPI,Cancelled
O101914,2025-11-08,C5189,P1101,S244,East,Store,3,17061,346,Cash,Completed
O101915,2024-03-01,C5354,P1078,S203,East,Online,3,23389,0,Credit Card,Completed
O101916,2024-03-18,C6672,P1023,S207,North,Store,1,11148,0,Debit Card,Completed
O101917,2025-12-27,C6608,P1225,S232,North,Online,2,14610,0,Credit Card,Completed
O101918,2025-05-23,C6174,P1141,S218,North,Online,3,5607,175,Debit Card,Completed
O101919,2024-01-13,C6154,P1155,S220,South,Store,4,15032,264,Cash,Completed
O101920,2025-03-10,C5049,P1195,S240,North,Online,2,2809,0,Debit Card,Cancelled
O101921,2025-07-13,C6480,P1288,S216,East,Online,1,10267,0,UPI,Completed
O101922,2024-09-12,C5399,P1277,S245,East,Store,1,2790,0,UPI,Cancelled
O101923,2025-05-29,C5684,P1086,S242,North,Online,3,9673,151,UPI,Completed
O101924,2024-09-07,C6163,P1071,S211,West,Online,4,5086,495,Debit Card,Completed
O101925,2024-10-16,C5264,P1222,S220,South,Store,1,15054,0,Credit Card,Completed
O101926,2025-08-18,C5375,P1128,S219,North,Store,3,10078,483,Cash,Cancelled
O101927,2024-03-06,C5884,P1121,S207,North,Online,1,12001,399,Credit Card,Completed
O101928,2024-10-07,C5173,P1013,S225,South,Online,1,18762,0,Credit Card,Completed
O101929,2025-09-18,C6723,P1179,S240,North,Online,2,19591,0,Debit Card,Cancelled
O101930,2025-09-24,C5639,P1172,S211,West,Store,4,15856,292,Cash,Completed
O101931,2024-07-13,C6867,P1015,S205,South,Store,1,19492,0,UPI,Completed
O101932,2025-09-11,C5874,P1143,S230,East,Store,1,8850,0,UPI,Completed
O101933,2025-05-11,C5458,P1227,S205,South,Store,5,5382,0,UPI,Completed
O101934,2025-08-23,C5035,P1122,S221,North,Online,4,4929,0,Credit Card,Completed
O101935,2025-08-25,C6750,P1012,S234,East,Store,3,20263,0,Debit Card,Completed
O101936,2025-08-23,C6330,P1257,S212,West,Store,4,18316,0,UPI,Completed
O101937,2024-02-19,C5120,P1235,S208,East,Store,2,21005,0,Credit Card,Completed
O101938,2024-05-30,C5983,P1090,S208,East,Store,4,6496,0,Debit Card,Completed
O101939,2025-06-06,C5546,P1016,S246,North,Store,5,11602,0,Cash,Completed
O101940,2024-09-25,C6692,P1104,S241,South,Store,2,18741,0,Cash,Completed
O101941,2025-03-26,C6875,P1253,S240,North,Store,5,20605,0,Debit Card,Cancelled
O101942,2024-04-25,C6591,P1250,S243,South,Online,3,4746,0,UPI,Completed
O101943,2025-02-27,C5035,P1286,S249,East,Online,1,1267,309,UPI,Cancelled
O101944,2024-04-01,C5639,P1254,S249,East,Online,3,18521,0,Debit Card,Completed
O101945,2024-04-27,C6168,P1134,S241,South,Store,1,8636,0,UPI,Completed
O101946,2024-10-01,C5868,P1175,S239,West,Store,4,20666,0,UPI,Completed
O101947,2024-02-22,C6918,P1261,S238,East,Online,2,22756,0,UPI,Cancelled
O101948,2024-08-18,C6956,P1037,S220,South,Store,5,17516,0,Debit Card,Completed
O101949,2025-01-01,C6060,P1267,S219,North,Store,2,14604,0,Cash,Cancelled
O101950,2024-05-20,C6939,P1194,S224,East,Store,5,10696,180,Debit Card,Completed
O101951,2025-12-23,C6649,P1221,S247,North,Online,4,17898,0,Credit Card,Completed
O101952,2024-06-27,C5783,P1073,S235,North,Store,1,5249,0,Credit Card,Completed
O101953,2024-10-23,C6747,P1125,S234,East,Store,3,8150,0,Debit Card,Cancelled
O101954,2025-04-11,C5974,P1074,S221,North,Online,3,5321,131,Credit Card,Completed
O101955,2024-03-09,C5055,P1112,S210,North,Store,4,14915,0,Debit Card,Completed
O101956,2025-09-27,C6559,P1063,S245,East,Online,5,17739,0,Debit Card,Completed
O101957,2025-03-07,C6377,P1168,S208,East,Store,2,11993,0,Credit Card,Cancelled
O101958,2024-03-05,C6913,P1192,S231,North,Store,5,20500,0,Debit Card,Cancelled
O101959,2025-12-09,C5631,P1089,S226,North,Online,2,18424,0,UPI,Completed
O101960,2025-03-22,C6817,P1227,S235,North,Online,4,5382,0,Credit Card,Completed
O101961,2024-12-14,C6948,P1132,S213,North,Store,2,19210,0,Cash,Completed
O101962,2024-07-28,C6061,P1268,S206,South,Store,5,5770,366,Cash,Completed
O101963,2025-10-15,C6509,P1104,S240,North,Online,4,18741,0,Cash,Completed
O101964,2025-07-25,C6577,P1273,S215,East,Online,2,17610,0,UPI,Completed
O101965,2024-02-16,C5601,P1009,S210,North,Online,4,15817,0,Cash,Completed
O101966,2024-02-29,C6569,P1059,S219,North,Online,2,10909,0,Cash,Cancelled
O101967,2025-02-28,C6953,P1036,S242,North,Online,1,11836,0,Debit Card,Completed
O101968,2024-01-30,C6710,P1115,S230,East,Store,5,20308,0,Debit Card,Completed
O101969,2025-05-13,C6793,P1169,S205,South,Online,1,5160,0,Cash,Cancelled
O101970,2025-02-08,C5768,P1064,S243,South,Store,2,13395,0,Cash,Cancelled
O101971,2024-12-30,C6597,P1227,S217,West,Store,5,5382,0,UPI,Cancelled
O101972,2025-08-02,C5762,P1190,S202,East,Store,4,22649,0,Credit Card,Cancelled
O101973,2024-01-28,C6785,P1170,S245,East,Store,3,13196,132,Credit Card,Completed
O101974,2025-03-05,C6150,P1285,S222,East,Online,5,20596,239,Cash,Completed
O101975,2025-09-26,C6328,P1170,S246,North,Online,3,13196,0,Debit Card,Completed
O101976,2024-11-07,C5153,P1002,S238,East,Online,5,21479,0,Cash,Completed
O101977,2025-01-10,C5253,P1151,S246,North,Store,3,12508,0,UPI,Completed
O101978,2025-07-11,C6743,P1004,S231,North,Store,5,6831,0,Cash,Completed
O101979,2024-11-28,C6110,P1103,S201,South,Store,5,19689,0,UPI,Completed
O101980,2024-09-07,C6620,P1153,S237,North,Store,3,14011,0,Debit Card,Completed
O101981,2025-05-29,C6185,P1243,S227,North,Store,4,21225,0,Debit Card,Completed
O101982,2024-05-04,C5628,P1230,S235,North,Store,4,12075,0,Credit Card,Completed
O101983,2025-11-10,C6556,P1019,S210,North,Online,2,11005,0,Debit Card,Completed
O101984,2024-10-26,C5524,P1276,S234,East,Store,3,17692,443,Credit Card,Completed
O101985,2024-02-27,C5298,P1120,S237,North,Online,1,20523,0,Debit Card,Cancelled
O101986,2024-10-21,C5254,P1121,S232,North,Online,5,12001,363,Cash,Cancelled
O101987,2024-09-01,C5405,P1151,S241,South,Store,5,12508,57,UPI,Completed
O101988,2024-09-15,C6995,P1109,S215,East,Online,1,5046,350,Debit Card,Completed
O101989,2025-05-24,C6408,P1083,S211,West,Online,4,7188,0,Cash,Cancelled
O101990,2025-12-26,C6370,P1215,S226,North,Online,3,16425,0,Debit Card,Cancelled
O101991,2024-08-03,C6930,P1147,S210,North,Online,5,10106,0,Cash,Cancelled
O101992,2025-07-15,C6176,P1286,S247,North,Online,5,1267,0,UPI,Cancelled
O101993,2024-11-12,C6446,P1140,S206,South,Online,2,18510,0,Debit Card,Completed
O101994,2024-03-23,C5701,P1297,S222,East,Store,3,20307,0,UPI,Cancelled
O101995,2025-04-28,C6085,P1257,S228,South,Store,5,18316,0,Credit Card,Completed
O101996,2024-12-24,C6883,P1041,S244,East,Store,4,15445,0,UPI,Completed
O101997,2025-09-01,C5147,P1247,S241,South,Online,2,15686,0,Credit Card,Completed
O101998,2025-07-10,C5337,P1097,S200,West,Online,4,8915,0,Cash,Completed
O101999,2024-02-13,C5265,P1179,S207,North,Online,2,19591,0,Cash,Completed
O102000,2024-07-06,C6197,P1018,S235,North,Store,3,14106,0,Cash,Cancelled
O102001,2025-05-27,C5367,P1012,S239,West,Store,3,20263,0,Credit Card,Cancelled
O102002,2025-02-21,C5541,P1213,S239,West,Online,2,14282,371,Cash,Completed
O102003,2024-02-22,C5538,P1207,S222,East,Store,3,17879,0,Credit Card,Cancelled
O102004,2024-03-22,C5182,P1195,S202,East,Store,3,2809,0,UPI,Completed
O102005,2024-06-29,C6105,P1069,S226,North,Store,3,10947,0,UPI,Completed
O102006,2025-01-16,C6149,P1213,S207,North,Store,4,14282,163,UPI,Completed
O102007,2024-01-12,C5928,P1232,S235,North,Store,5,4324,393,UPI,Completed
O102008,2025-06-05,C5707,P1247,S233,North,Online,4,15686,0,Debit Card,Completed
O102009,2024-05-03,C5745,P1213,S234,East,Online,4,14282,0,Credit Card,Completed
O102010,2025-01-05,C6310,P1112,S232,North,Store,2,14915,0,UPI,Cancelled
O102011,2024-11-24,C5548,P1190,S200,West,Store,3,22649,0,Credit Card,Cancelled
O102012,2024-11-11,C6512,P1200,S239,West,Online,2,2422,0,Credit Card,Cancelled
O102013,2024-12-08,C6670,P1149,S248,West,Store,2,12341,0,Credit Card,Cancelled
O102014,2025-08-06,C5528,P1254,S203,East,Store,1,18521,0,Credit Card,Completed
O102015,2024-09-26,C5370,P1169,S205,South,Store,5,5160,0,Cash,Completed
O102016,2024-01-12,C5987,P1034,S229,South,Online,3,9778,179,Credit Card,Completed
O102017,2025-08-15,C5062,P1295,S203,East,Online,3,3337,254,Debit Card,Completed
O102018,2025-11-06,C6261,P1009,S219,North,Online,4,15817,161,Credit Card,Completed
O102019,2024-07-31,C6004,P1058,S220,South,Store,5,16157,0,Credit Card,Completed
O102020,2025-05-21,C5962,P1015,S243,South,Store,3,19492,266,UPI,Completed
O102021,2024-05-07,C5616,P1199,S233,North,Online,1,17589,0,UPI,Completed
O102022,2025-01-11,C5456,P1275,S249,East,Online,4,22022,443,Credit Card,Completed
O102023,2025-10-31,C5087,P1170,S246,North,Store,5,13196,0,UPI,Completed
O102024,2024-10-21,C5928,P1237,S211,West,Store,3,21100,0,UPI,Completed
O102025,2024-03-12,C6046,P1022,S206,South,Online,5,14533,0,UPI,Completed
O102026,2024-05-09,C6913,P1050,S213,North,Store,4,11986,0,Debit Card,Completed
O102027,2024-08-04,C5210,P1172,S221,North,Store,4,15856,0,UPI,Completed
O102028,2024-06-04,C5016,P1092,S208,East,Store,3,9784,0,Debit Card,Completed
O102029,2024-03-12,C6793,P1211,S200,West,Store,1,17552,0,Credit Card,Completed
O102030,2025-10-08,C5550,P1037,S203,East,Online,2,17516,0,Cash,Completed
O102031,2025-01-23,C5355,P1285,S229,South,Store,4,20596,0,UPI,Completed
O102032,2025-10-18,C6222,P1298,S230,East,Online,4,14176,339,Credit Card,Completed
O102033,2024-12-31,C5933,P1204,S208,East,Online,2,3675,0,Credit Card,Completed
O102034,2025-07-12,C6042,P1145,S249,East,Online,3,13495,0,Cash,Cancelled
O102035,2025-08-07,C6290,P1115,S209,West,Store,3,20308,0,Cash,Completed
O102036,2024-07-17,C5406,P1047,S207,North,Store,1,6278,0,Cash,Completed
O102037,2025-01-06,C5881,P1115,S202,East,Store,4,20308,0,Debit Card,Cancelled
O102038,2024-02-19,C5135,P1233,S215,East,Online,4,12833,312,Debit Card,Completed
O102039,2025-03-02,C5359,P1079,S226,North,Online,2,9159,0,Cash,Completed
O102040,2025-04-23,C6042,P1093,S236,West,Store,5,7635,0,Debit Card,Completed
O102041,2025-06-19,C6506,P1130,S205,South,Store,3,9394,0,Credit Card,Completed
O102042,2025-07-08,C6957,P1119,S246,North,Online,5,20033,0,Cash,Completed
O102043,2025-03-01,C5337,P1086,S244,East,Store,4,9673,227,Cash,Cancelled
O102044,2025-11-19,C5293,P1096,S218,North,Online,4,16951,0,Credit Card,Cancelled
O102045,2023-12-29,C5412,P1253,S214,West,Store,4,20605,325,Credit Card,Cancelled
O102046,2025-10-24,C5631,P1087,S216,East,Store,3,5062,0,Debit Card,Completed
O102047,2025-11-04,C5149,P1273,S225,South,Online,4,17610,0,Debit Card,Cancelled
O102048,2025-10-03,C5214,P1200,S248,West,Store,4,2422,0,UPI,Completed
O102049,2024-09-22,C6150,P1033,S200,West,Store,4,16111,400,Cash,Completed
O102050,2025-10-22,C5724,P1017,S234,East,Store,5,16288,0,UPI,Cancelled
O102051,2025-01-23,C6068,P1218,S231,North,Store,1,15354,0,Cash,Completed
O102052,2024-11-24,C5477,P1246,S238,East,Online,3,22713,0,Debit Card,Cancelled
O102053,2025-12-19,C6391,P1232,S221,North,Online,1,4324,0,Debit Card,Completed
O102054,2024-11-04,C6207,P1002,S205,South,Online,5,21479,0,Credit Card,Cancelled
O102055,2024-05-14,C6308,P1216,S248,West,Online,4,19992,0,Cash,Completed
O102056,2024-12-28,C6988,P1257,S200,West,Store,4,18316,0,Credit Card,Completed
O102057,2025-01-17,C5323,P1247,S203,East,Store,3,15686,0,Credit Card,Completed
O102058,2024-04-23,C5809,P1268,S204,North,Online,2,5770,0,Credit Card,Completed
O102059,2024-12-03,C5587,P1067,S208,East,Online,1,18554,426,Debit Card,Completed
O102060,2024-07-07,C6738,P1079,S207,North,Online,2,9159,70,Credit Card,Completed
O102061,2024-03-23,C6598,P1061,S236,West,Store,4,22570,0,Cash,Completed
O102062,2025-10-13,C6681,P1053,S235,North,Store,1,3129,95,Credit Card,Completed
O102063,2024-09-13,C6929,P1174,S210,North,Online,1,21347,0,Cash,Completed
O102064,2025-03-06,C5942,P1217,S206,South,Store,4,9870,161,UPI,Completed
O102065,2025-11-28,C5660,P1188,S243,South,Online,5,15328,0,Cash,Cancelled
O102066,2024-07-26,C5052,P1233,S228,South,Online,5,12833,0,Credit Card,Completed
O102067,2024-10-31,C6848,P1185,S200,West,Store,2,7628,0,Debit Card,Completed
O102068,2024-04-17,C5399,P1256,S236,West,Store,1,8546,0,Cash,Completed
O102069,2024-12-11,C5843,P1134,S211,West,Store,3,8636,0,Credit Card,Completed
O102070,2024-04-09,C5946,P1134,S238,East,Store,4,8636,162,Cash,Cancelled
O102071,2025-05-09,C5046,P1146,S208,East,Online,4,13303,0,Debit Card,Cancelled
O102072,2025-01-25,C6554,P1096,S211,West,Store,4,16951,0,UPI,Cancelled
O102073,2025-06-06,C6245,P1088,S201,South,Online,1,21299,0,Cash,Completed
O102074,2024-08-01,C6587,P1012,S249,East,Online,1,20263,0,Debit Card,Completed
O102075,2024-03-13,C6016,P1297,S214,West,Online,2,20307,0,UPI,Completed
O102076,2025-04-16,C6373,P1072,S215,East,Online,4,11213,0,UPI,Completed
O102077,2025-06-23,C5140,P1035,S243,South,Online,3,21802,176,UPI,Completed
O102078,2025-03-27,C6645,P1012,S249,East,Store,1,20263,0,Cash,Completed
O102079,2024-01-18,C5336,P1278,S216,East,Online,1,19013,0,UPI,Completed
O102080,2024-09-17,C6554,P1001,S212,West,Store,3,15566,0,Credit Card,Cancelled
O102081,2024-09-16,C5132,P1186,S223,West,Store,4,14983,0,UPI,Completed
O102082,2025-07-01,C5743,P1061,S247,North,Store,5,22570,0,Credit Card,Completed
O102083,2024-09-16,C5412,P1156,S204,North,Store,3,14997,0,Debit Card,Completed
O102084,2025-07-24,C6914,P1173,S244,East,Online,5,7396,0,UPI,Completed
O102085,2025-02-17,C6056,P1055,S220,South,Online,1,21841,0,UPI,Cancelled
O102086,2024-02-26,C5339,P1015,S220,South,Online,5,19492,0,Cash,Completed
O102087,2025-01-13,C5636,P1008,S215,East,Online,3,11489,0,UPI,Cancelled
O102088,2024-06-11,C5908,P1108,S230,East,Online,3,14233,0,Cash,Completed
O102089,2025-12-18,C5965,P1283,S209,West,Online,2,17954,0,Debit Card,Completed
O102090,2025-04-24,C5168,P1285,S200,West,Online,2,20596,298,UPI,Completed
O102091,2024-07-24,C6474,P1114,S248,West,Store,5,15114,168,Credit Card,Cancelled
O102092,2024-02-08,C6894,P1103,S211,West,Store,2,19689,0,Cash,Completed
O102093,2024-11-15,C5655,P1203,S245,East,Online,4,17152,0,Cash,Completed
O102094,2025-12-10,C6099,P1180,S249,East,Store,1,6796,0,Cash,Completed
O102095,2025-08-13,C6792,P1298,S214,West,Store,5,14176,0,Credit Card,Completed
O102096,2025-07-06,C6370,P1174,S225,South,Online,3,21347,0,Cash,Completed
O102097,2024-08-17,C5112,P1184,S220,South,Online,2,23546,0,Debit Card,Completed
O102098,2025-03-17,C6426,P1173,S244,East,Store,3,7396,293,Debit Card,Cancelled
O102099,2024-06-08,C6466,P1101,S215,East,Online,1,17061,0,Debit Card,Cancelled
O102100,2025-07-07,C6484,P1163,S214,West,Online,4,11924,0,UPI,Cancelled
O102101,2025-02-28,C6822,P1115,S201,South,Online,4,20308,0,Cash,Completed
O102102,2025-03-16,C6806,P1056,S213,North,Store,4,17229,0,Cash,Cancelled
O102103,2025-06-14,C6105,P1010,S223,West,Online,3,8826,0,Credit Card,Cancelled
O102104,2024-07-10,C5670,P1187,S238,East,Online,1,10875,0,Cash,Completed
O102105,2025-07-27,C6145,P1187,S238,East,Store,4,10875,0,Cash,Completed
O102106,2025-06-18,C5085,P1011,S218,North,Online,3,6770,0,UPI,Completed
O102107,2025-04-09,C6302,P1142,S216,East,Store,3,11011,0,UPI,Completed
O102108,2024-10-11,C5216,P1015,S218,North,Store,5,19492,52,Credit Card,Completed
O102109,2025-12-06,C5519,P1159,S234,East,Online,5,18152,0,Credit Card,Completed
O102110,2024-06-27,C5574,P1298,S212,West,Store,1,14176,348,Debit Card,Completed
O102111,2024-12-12,C5018,P1170,S247,North,Online,3,13196,344,UPI,Completed
O102112,2025-11-09,C6621,P1295,S207,North,Online,5,3337,0,UPI,Completed
O102113,2024-02-03,C5036,P1228,S200,West,Store,4,13342,461,Credit Card,Completed
O102114,2024-05-29,C5515,P1155,S228,South,Online,1,15032,490,Debit Card,Cancelled
O102115,2025-06-22,C6572,P1038,S209,West,Online,4,22462,0,Cash,Completed
O102116,2025-09-05,C5338,P1194,S202,East,Store,4,10696,0,Debit Card,Completed
O102117,2025-08-06,C5215,P1021,S216,East,Online,3,11470,0,Credit Card,Completed
O102118,2025-10-02,C6133,P1214,S209,West,Online,4,10921,0,Cash,Completed
O102119,2025-03-04,C6396,P1098,S233,North,Online,4,22065,0,Credit Card,Completed
O102120,2024-03-07,C6957,P1085,S232,North,Online,5,5647,0,UPI,Cancelled
O102121,2025-01-20,C5562,P1282,S222,East,Online,5,19507,0,Credit Card,Completed
O102122,2025-01-15,C5012,P1262,S234,East,Online,3,11478,0,Credit Card,Completed
O102123,2024-04-07,C5727,P1179,S235,North,Online,2,19591,312,Cash,Completed
O102124,2025-04-03,C6169,P1127,S245,East,Online,5,11658,0,Cash,Completed
O102125,2025-11-15,C5704,P1221,S203,East,Online,1,17898,0,Debit Card,Completed
O102126,2025-11-21,C5177,P1065,S248,West,Store,4,3007,446,UPI,Cancelled
O102127,2025-06-25,C5262,P1128,S248,West,Store,1,10078,0,Credit Card,Cancelled
O102128,2024-11-12,C6492,P1174,S216,East,Online,5,21347,0,Debit Card,Completed
O102129,2024-10-09,C6891,P1222,S236,West,Online,3,15054,0,Debit Card,Completed
O102130,2025-04-16,C6744,P1092,S214,West,Store,3,9784,0,Cash,Completed
O102131,2024-09-27,C6244,P1111,S218,North,Online,4,6965,210,UPI,Cancelled
O102132,2024-01-08,C6829,P1058,S207,North,Store,3,16157,0,Cash,Completed
O102133,2024-08-05,C5212,P1028,S235,North,Online,1,7958,0,Credit Card,Cancelled
O102134,2024-06-03,C5765,P1087,S227,North,Online,1,5062,0,UPI,Cancelled
O102135,2024-03-31,C5598,P1081,S226,North,Online,3,11888,0,Debit Card,Cancelled
O102136,2025-11-14,C5959,P1268,S230,East,Store,3,5770,205,Cash,Completed
O102137,2025-07-20,C6587,P1128,S203,East,Online,5,10078,0,Cash,Completed
O102138,2025-07-22,C6825,P1071,S208,East,Store,3,5086,0,Credit Card,Completed
O102139,2025-06-25,C6398,P1013,S233,North,Store,1,18762,463,UPI,Completed
O102140,2024-06-05,C5422,P1098,S240,North,Store,4,22065,0,UPI,Cancelled
O102141,2025-05-01,C6769,P1201,S207,North,Online,4,6002,0,Cash,Completed
O102142,2025-06-17,C6825,P1098,S200,West,Store,3,22065,0,Cash,Cancelled
O102143,2024-11-01,C6570,P1110,S248,West,Store,5,5745,0,UPI,Completed
O102144,2024-03-18,C5224,P1106,S249,East,Online,4,16729,0,Debit Card,Completed
O102145,2025-01-11,C6162,P1001,S225,South,Store,3,15566,0,UPI,Completed
O102146,2025-06-12,C5445,P1040,S244,East,Store,5,4205,0,Debit Card,Cancelled
O102147,2025-05-31,C5914,P1009,S226,North,Store,2,15817,263,Credit Card,Cancelled
O102148,2025-06-29,C6597,P1216,S222,East,Store,5,19992,0,Credit Card,Completed
O102149,2025-11-18,C6460,P1292,S205,South,Store,5,23214,328,UPI,Completed
O102150,2025-10-19,C6327,P1151,S217,West,Online,4,12508,0,Debit Card,Completed
O102151,2024-02-23,C5987,P1129,S227,North,Online,2,5589,122,Credit Card,Completed
O102152,2025-06-15,C6238,P1215,S230,East,Online,4,16425,94,Cash,Completed
O102153,2024-03-15,C5431,P1216,S242,North,Online,1,19992,0,Cash,Completed
O102154,2025-02-24,C6103,P1092,S211,West,Online,1,9784,0,Debit Card,Completed
O102155,2024-07-10,C6170,P1209,S236,West,Store,3,14912,0,Cash,Completed
O102156,2024-05-16,C5804,P1178,S208,East,Store,1,8635,0,Cash,Cancelled
O102157,2025-08-17,C5760,P1103,S231,North,Store,3,19689,0,Debit Card,Cancelled
O102158,2024-02-03,C5541,P1232,S233,North,Online,1,4324,248,UPI,Completed
O102159,2025-10-05,C5436,P1271,S248,West,Online,4,14975,126,UPI,Completed
O102160,2024-05-16,C5100,P1124,S220,South,Online,5,18693,0,Debit Card,Cancelled
O102161,2025-09-21,C6515,P1284,S232,North,Store,2,13277,295,UPI,Completed
O102162,2024-10-14,C5494,P1008,S233,North,Online,1,11489,0,Cash,Completed
O102163,2025-08-14,C6772,P1187,S245,East,Online,1,10875,0,Debit Card,Completed
O102164,2025-07-07,C6846,P1108,S207,North,Store,1,14233,128,UPI,Completed
O102165,2024-12-07,C6661,P1224,S243,South,Store,4,21622,0,UPI,Cancelled
O102166,2024-11-13,C6567,P1274,S246,North,Online,4,20728,0,Cash,Completed
O102167,2024-07-17,C6003,P1272,S233,North,Store,1,21727,0,Credit Card,Completed
O102168,2024-08-22,C5790,P1023,S241,South,Store,5,11148,71,Credit Card,Completed
O102169,2025-04-04,C6590,P1217,S222,East,Online,2,9870,0,Cash,Completed
O102170,2025-09-05,C6539,P1096,S249,East,Online,3,16951,0,Cash,Completed
O102171,2024-04-14,C5009,P1025,S217,West,Online,2,8362,436,UPI,Completed
O102172,2024-03-01,C5824,P1106,S216,East,Online,2,16729,241,Credit Card,Completed
O102173,2024-12-30,C6448,P1177,S214,West,Store,5,4568,0,Cash,Cancelled
O102174,2025-03-11,C5235,P1238,S205,South,Online,1,18960,0,Credit Card,Completed
O102175,2025-01-14,C5078,P1158,S246,North,Online,5,18699,0,Debit Card,Completed
O102176,2024-11-01,C6358,P1102,S240,North,Online,4,11805,0,UPI,Cancelled
O102177,2024-07-06,C5627,P1174,S224,East,Online,4,21347,0,Debit Card,Completed
O102178,2024-08-01,C5929,P1211,S239,West,Online,2,17552,0,UPI,Completed
O102179,2024-07-04,C6065,P1152,S207,North,Online,5,11737,102,UPI,Completed
O102180,2025-05-13,C5456,P1108,S202,East,Online,5,14233,101,Cash,Cancelled
O102181,2025-06-06,C5185,P1181,S208,East,Store,5,4623,88,Debit Card,Completed
O102182,2025-06-28,C6757,P1203,S210,North,Store,1,17152,0,Credit Card,Completed
O102183,2024-10-09,C5257,P1286,S231,North,Online,4,1267,0,Credit Card,Completed
O102184,2025-06-13,C5569,P1162,S202,East,Online,5,8893,0,UPI,Completed
O102185,2025-07-05,C6705,P1123,S245,East,Store,1,15348,0,Debit Card,Completed
O102186,2025-05-10,C5730,P1043,S214,West,Store,5,10110,343,Debit Card,Cancelled
O102187,2024-10-22,C5918,P1261,S203,East,Store,5,22756,0,Cash,Completed
O102188,2025-12-06,C6827,P1037,S235,North,Store,1,17516,0,Credit Card,Completed
O102189,2025-08-02,C6450,P1030,S219,North,Store,3,11890,225,Cash,Completed
O102190,2025-05-02,C6580,P1273,S216,East,Online,1,17610,0,Credit Card,Completed
O102191,2025-08-13,C6736,P1016,S247,North,Online,4,11602,0,Cash,Completed
O102192,2024-03-05,C5482,P1196,S208,East,Online,1,13692,0,UPI,Completed
O102193,2025-06-19,C6183,P1272,S239,West,Online,1,21727,254,UPI,Completed
O102194,2024-07-08,C6896,P1149,S244,East,Online,3,12341,147,Debit Card,Completed
O102195,2024-11-02,C6933,P1262,S204,North,Online,5,11478,0,UPI,Completed
O102196,2025-06-08,C5001,P1128,S238,East,Store,5,10078,0,UPI,Completed
O102197,2024-07-13,C5444,P1136,S210,North,Online,1,3271,0,Credit Card,Completed
O102198,2024-06-06,C5832,P1002,S247,North,Store,3,21479,0,Credit Card,Completed
O102199,2025-08-16,C5957,P1251,S200,West,Online,4,8279,384,Credit Card,Completed
O102200,2024-04-08,C6380,P1013,S210,North,Store,2,18762,0,Debit Card,Cancelled
O102201,2025-09-12,C6363,P1149,S210,North,Online,1,12341,0,Debit Card,Completed
O102202,2025-03-23,C6608,P1130,S210,North,Online,5,9394,0,Debit Card,Completed
O102203,2025-01-01,C5693,P1278,S218,North,Store,3,19013,318,Cash,Completed
O102204,2025-10-11,C6356,P1128,S221,North,Online,4,10078,0,Credit Card,Cancelled
O102205,2024-03-19,C6328,P1218,S245,East,Store,1,15354,0,Cash,Completed
O102206,2025-06-14,C5714,P1266,S215,East,Online,3,15728,0,Credit Card,Completed
O102207,2024-12-23,C6845,P1262,S213,North,Online,3,11478,390,Debit Card,Completed
O102208,2025-09-29,C5914,P1292,S239,West,Store,2,23214,0,Credit Card,Completed
O102209,2025-03-30,C6940,P1108,S246,North,Online,5,14233,0,Cash,Completed
O102210,2025-03-08,C5884,P1026,S243,South,Online,3,5942,0,Credit Card,Completed
O102211,2025-06-13,C5723,P1045,S240,North,Store,4,18465,0,Credit Card,Completed
O102212,2025-03-14,C5504,P1203,S243,South,Store,5,17152,0,Credit Card,Completed
O102213,2024-03-26,C5026,P1126,S240,North,Online,3,13666,0,Cash,Completed
O102214,2025-08-19,C5465,P1101,S205,South,Store,5,17061,358,Cash,Completed
O102215,2025-04-28,C5462,P1100,S206,South,Online,5,9778,0,Debit Card,Cancelled
O102216,2024-10-05,C5641,P1043,S219,North,Online,4,10110,0,Cash,Completed
O102217,2024-05-30,C5822,P1178,S209,West,Store,3,8635,0,UPI,Completed
O102218,2024-11-13,C6169,P1156,S233,North,Store,4,14997,0,Debit Card,Completed
O102219,2024-09-21,C6278,P1204,S241,South,Store,4,3675,0,Cash,Cancelled
O102220,2025-09-09,C6914,P1079,S224,East,Online,1,9159,0,Cash,Completed
O102221,2024-05-04,C5248,P1222,S227,North,Store,3,15054,0,Cash,Cancelled
O102222,2025-08-31,C6811,P1070,S229,South,Online,1,3836,0,Cash,Completed
O102223,2024-03-13,C5548,P1188,S218,North,Store,5,15328,0,UPI,Completed
O102224,2025-07-26,C5090,P1081,S213,North,Store,2,11888,0,Debit Card,Cancelled
O102225,2024-09-05,C6090,P1039,S248,West,Online,1,3162,0,Credit Card,Completed
O102226,2024-10-06,C6870,P1059,S231,North,Online,1,10909,0,UPI,Completed
O102227,2025-12-12,C6738,P1282,S203,East,Online,5,19507,0,UPI,Completed
O102228,2024-01-19,C5855,P1203,S229,South,Online,3,17152,0,Credit Card,Completed
O102229,2024-04-23,C6868,P1103,S217,West,Store,4,19689,204,UPI,Completed
O102230,2024-01-31,C6114,P1202,S225,South,Online,4,15754,0,Credit Card,Completed
O102231,2024-02-17,C5877,P1124,S229,South,Store,5,18693,0,Debit Card,Cancelled
O102232,2024-02-23,C6293,P1027,S220,South,Online,1,5053,499,Debit Card,Completed
O102233,2025-01-14,C5871,P1239,S248,West,Store,4,20434,0,Cash,Completed
O102234,2024-05-19,C5646,P1176,S205,South,Online,4,14974,0,Debit Card,Cancelled
O102235,2023-12-30,C5311,P1053,S205,South,Online,3,3129,0,Debit Card,Completed
O102236,2025-11-06,C5726,P1175,S211,West,Online,3,20666,0,Cash,Completed
O102237,2024-09-17,C6157,P1089,S202,East,Online,1,18424,0,Credit Card,Completed
O102238,2024-09-10,C6658,P1299,S227,North,Online,4,17937,0,Debit Card,Completed
O102239,2024-07-25,C5656,P1260,S230,East,Store,1,1933,285,UPI,Completed
O102240,2024-02-21,C5953,P1260,S207,North,Store,4,1933,0,Cash,Completed
O102241,2024-12-20,C6021,P1005,S219,North,Store,3,15987,229,UPI,Completed
O102242,2024-01-25,C5957,P1131,S222,East,Store,5,20406,0,UPI,Cancelled
O102243,2024-07-19,C5373,P1115,S225,South,Store,4,20308,0,Cash,Completed
O102244,2025-04-15,C6130,P1010,S218,North,Online,2,8826,0,Credit Card,Cancelled
O102245,2025-06-01,C5674,P1159,S247,North,Store,5,18152,308,UPI,Cancelled
O102246,2025-04-04,C6517,P1174,S249,East,Online,3,21347,453,Cash,Completed
O102247,2024-03-25,C6328,P1224,S235,North,Store,3,21622,0,Cash,Completed
O102248,2025-10-31,C5645,P1004,S228,South,Store,5,6831,0,Cash,Completed
O102249,2025-02-16,C6697,P1138,S238,East,Store,5,8919,0,Cash,Completed
O102250,2024-04-15,C6428,P1224,S245,East,Online,1,21622,0,Cash,Completed
O102251,2024-11-28,C6163,P1167,S246,North,Store,3,14354,0,Credit Card,Cancelled
O102252,2024-02-23,C6264,P1271,S229,South,Online,1,14975,0,Cash,Completed
O102253,2024-03-28,C6693,P1036,S218,North,Store,5,11836,0,Debit Card,Completed
O102254,2025-08-13,C6701,P1096,S209,West,Online,1,16951,364,UPI,Completed
O102255,2024-07-16,C6465,P1232,S228,South,Online,2,4324,0,Debit Card,Completed
O102256,2025-12-19,C6432,P1068,S218,North,Online,4,11524,0,UPI,Completed
O102257,2025-03-07,C6245,P1055,S215,East,Store,4,21841,0,Debit Card,Completed
O102258,2024-10-07,C5948,P1205,S249,East,Store,5,3522,262,Debit Card,Completed
O102259,2025-03-10,C5544,P1113,S207,North,Online,2,2267,54,Debit Card,Completed
O102260,2024-06-06,C6597,P1104,S232,North,Online,2,18741,445,Cash,Completed
O102261,2024-02-14,C5185,P1142,S241,South,Online,5,11011,0,UPI,Completed
O102262,2024-12-27,C5790,P1130,S209,West,Store,1,9394,0,Debit Card,Completed
O102263,2024-09-14,C6624,P1133,S216,East,Store,5,14458,0,UPI,Completed
O102264,2024-04-18,C6913,P1287,S236,West,Online,3,21054,0,Debit Card,Cancelled
O102265,2024-06-03,C5871,P1184,S239,West,Store,4,23546,0,Credit Card,Completed
O102266,2024-03-10,C5009,P1255,S246,North,Online,3,14851,0,Debit Card,Cancelled
O102267,2025-03-06,C6009,P1213,S217,West,Store,3,14282,0,Debit Card,Completed
O102268,2024-10-25,C6902,P1018,S220,South,Online,5,14106,0,Cash,Completed
O102269,2024-04-22,C5990,P1290,S217,West,Store,2,5987,0,Cash,Completed
O102270,2024-03-11,C6465,P1129,S203,East,Store,5,5589,0,Cash,Completed
O102271,2024-09-20,C5111,P1115,S219,North,Store,4,20308,0,Debit Card,Completed
O102272,2024-07-24,C5590,P1240,S248,West,Store,1,9126,0,Debit Card,Completed
O102273,2024-05-13,C6812,P1137,S241,South,Online,4,8938,0,Credit Card,Completed
O102274,2024-06-12,C6865,P1266,S208,East,Online,1,15728,0,Debit Card,Completed
O102275,2025-11-01,C6386,P1012,S238,East,Online,5,20263,0,UPI,Completed
O102276,2025-12-23,C5345,P1184,S212,West,Online,2,23546,0,Debit Card,Completed
O102277,2024-06-21,C5364,P1021,S230,East,Store,5,11470,288,Cash,Cancelled
O102278,2024-05-10,C6676,P1217,S207,North,Online,2,9870,0,Credit Card,Completed
O102279,2024-05-24,C5109,P1056,S236,West,Store,2,17229,0,Debit Card,Cancelled
O102280,2024-08-30,C5027,P1261,S235,North,Store,3,22756,0,Cash,Completed
O102281,2024-12-09,C5454,P1086,S206,South,Online,4,9673,259,Credit Card,Completed
O102282,2024-04-05,C5519,P1012,S223,West,Online,4,20263,241,UPI,Completed
O102283,2024-12-11,C5396,P1114,S244,East,Store,5,15114,0,UPI,Completed
O102284,2025-08-20,C6366,P1093,S211,West,Online,5,7635,0,Credit Card,Completed
O102285,2025-04-12,C6659,P1246,S206,South,Online,5,22713,0,Credit Card,Completed
O102286,2024-07-02,C5080,P1056,S223,West,Store,5,17229,0,UPI,Cancelled
O102287,2025-06-30,C5065,P1250,S201,South,Online,5,4746,0,UPI,Completed
O102288,2025-06-26,C6498,P1194,S232,North,Store,1,10696,0,Credit Card,Completed
O102289,2025-01-29,C6812,P1079,S217,West,Online,2,9159,0,Credit Card,Completed
O102290,2025-12-20,C6484,P1239,S234,East,Store,3,20434,0,UPI,Completed
O102291,2024-11-15,C6979,P1097,S236,West,Online,5,8915,0,Credit Card,Completed
O102292,2024-01-02,C5275,P1087,S217,West,Store,3,5062,0,Cash,Cancelled
O102293,2025-12-08,C6328,P1103,S212,West,Store,5,19689,0,Credit Card,Completed
O102294,2024-08-30,C6674,P1299,S200,West,Store,4,17937,0,Credit Card,Completed
O102295,2024-10-27,C6728,P1256,S215,East,Online,4,8546,0,UPI,Completed
O102296,2025-02-09,C5925,P1037,S206,South,Store,5,17516,378,Debit Card,Cancelled
O102297,2024-09-09,C5357,P1003,S202,East,Store,2,1494,395,UPI,Completed
O102298,2024-07-05,C5934,P1080,S238,East,Store,3,5303,0,Credit Card,Completed
O102299,2024-08-08,C5055,P1072,S207,North,Online,2,11213,0,Debit Card,Completed
O102300,2025-09-25,C6399,P1097,S220,South,Online,1,8915,122,Debit Card,Completed
O102301,2024-06-22,C6536,P1010,S235,North,Store,1,8826,0,Credit Card,Completed
O102302,2024-12-24,C5232,P1015,S246,North,Store,2,19492,0,Cash,Cancelled
O102303,2025-06-10,C5451,P1127,S226,North,Online,3,11658,0,UPI,Cancelled
O102304,2024-03-28,C6907,P1299,S213,North,Store,2,17937,360,Debit Card,Completed
O102305,2025-07-03,C6109,P1249,S228,South,Store,1,17145,236,Debit Card,Completed
O102306,2025-12-07,C6267,P1207,S232,North,Store,1,17879,0,UPI,Completed
O102307,2024-11-14,C6133,P1238,S221,North,Store,5,18960,0,Credit Card,Completed
O102308,2024-11-26,C6284,P1151,S242,North,Store,3,12508,437,Credit Card,Completed
O102309,2024-11-10,C6742,P1056,S248,West,Online,2,17229,0,Cash,Completed
O102310,2025-01-25,C5944,P1074,S226,North,Online,1,5321,0,UPI,Completed
O102311,2025-10-14,C5639,P1145,S208,East,Online,5,13495,480,Credit Card,Completed
O102312,2025-07-21,C6431,P1020,S203,East,Online,3,10169,436,Cash,Cancelled
O102313,2025-01-16,C6514,P1260,S241,South,Store,2,1933,0,Cash,Completed
O102314,2025-12-26,C5368,P1057,S232,North,Online,1,12244,176,Debit Card,Completed
O102315,2025-05-26,C6744,P1099,S248,West,Store,4,17578,0,Cash,Completed
O102316,2024-01-08,C6749,P1136,S224,East,Store,4,3271,0,Debit Card,Completed
O102317,2025-04-03,C5004,P1148,S209,West,Online,4,10231,443,Debit Card,Cancelled
O102318,2024-09-24,C5154,P1144,S200,West,Store,2,21604,0,Debit Card,Completed
O102319,2025-09-21,C6924,P1070,S242,North,Store,3,3836,0,Debit Card,Completed
O102320,2025-04-05,C6958,P1218,S225,South,Store,5,15354,63,Credit Card,Completed
O102321,2025-02-19,C5097,P1075,S219,North,Store,3,19286,0,UPI,Completed
O102322,2025-08-03,C5669,P1009,S205,South,Online,1,15817,71,Credit Card,Completed
O102323,2024-09-02,C5820,P1133,S245,East,Store,1,14458,449,Debit Card,Cancelled
O102324,2024-03-25,C6630,P1238,S248,West,Store,1,18960,307,UPI,Cancelled
O102325,2025-03-29,C6986,P1144,S245,East,Store,3,21604,250,Credit Card,Completed
O102326,2024-10-29,C6043,P1010,S226,North,Store,1,8826,0,Debit Card,Completed
O102327,2025-03-13,C5757,P1164,S224,East,Store,2,5775,0,Cash,Cancelled
O102328,2024-09-14,C5515,P1000,S205,South,Online,4,5850,329,Credit Card,Cancelled
O102329,2025-04-29,C5677,P1262,S218,North,Store,5,11478,488,UPI,Completed
O102330,2025-10-31,C5885,P1260,S219,North,Online,2,1933,218,UPI,Completed
O102331,2024-11-11,C6145,P1159,S203,East,Store,4,18152,55,UPI,Completed
O102332,2025-07-01,C5459,P1127,S243,South,Store,1,11658,0,Cash,Cancelled
O102333,2025-02-11,C6125,P1215,S231,North,Online,1,16425,0,Debit Card,Completed
O102334,2025-04-20,C5270,P1119,S218,North,Online,3,20033,0,Cash,Cancelled
O102335,2025-05-15,C5513,P1111,S229,South,Online,4,6965,0,UPI,Completed
O102336,2024-01-19,C6688,P1154,S233,North,Store,4,16309,0,UPI,Completed
O102337,2025-08-11,C6797,P1077,S217,West,Online,3,5894,0,Cash,Completed
O102338,2025-06-11,C6115,P1199,S212,West,Store,4,17589,0,Credit Card,Cancelled
O102339,2025-10-17,C6243,P1203,S224,East,Store,1,17152,0,Debit Card,Completed
O102340,2025-10-15,C5577,P1286,S237,North,Store,5,1267,0,Credit Card,Completed
O102341,2024-03-18,C5194,P1175,S243,South,Online,3,20666,0,UPI,Completed
O102342,2024-09-09,C5682,P1086,S204,North,Online,5,9673,0,Cash,Completed
O102343,2024-10-12,C6072,P1194,S246,North,Online,1,10696,0,UPI,Cancelled
O102344,2024-09-16,C6596,P1190,S236,West,Online,1,22649,0,Credit Card,Completed
O102345,2025-02-03,C5391,P1276,S222,East,Online,5,17692,0,Cash,Completed
O102346,2024-11-05,C5945,P1098,S239,West,Online,5,22065,449,Cash,Completed
O102347,2024-06-24,C6815,P1185,S227,North,Online,5,7628,79,Credit Card,Completed
O102348,2025-05-17,C6287,P1104,S206,South,Store,1,18741,87,Credit Card,Cancelled
O102349,2024-10-19,C6747,P1041,S249,East,Online,2,15445,0,Debit Card,Completed
O102350,2024-10-20,C6320,P1005,S201,South,Store,5,15987,0,Cash,Completed
O102351,2024-01-21,C6322,P1195,S218,North,Store,4,2809,0,UPI,Completed
O102352,2024-02-25,C5485,P1050,S201,South,Store,4,11986,0,Credit Card,Cancelled
O102353,2025-03-31,C6808,P1152,S241,South,Online,4,11737,0,Debit Card,Completed
O102354,2025-08-31,C5915,P1129,S210,North,Store,3,5589,0,UPI,Cancelled
O102355,2025-09-09,C5809,P1090,S221,North,Online,5,6496,100,Credit Card,Completed
O102356,2025-08-12,C6562,P1132,S243,South,Online,2,19210,0,Credit Card,Completed
O102357,2025-08-12,C5031,P1105,S242,North,Online,5,10648,0,Debit Card,Completed
O102358,2025-03-11,C6296,P1298,S244,East,Online,1,14176,106,Cash,Completed
O102359,2025-08-05,C6815,P1128,S215,East,Store,3,10078,335,UPI,Cancelled
O102360,2024-06-09,C5911,P1160,S214,West,Store,3,17020,0,Credit Card,Completed
O102361,2025-06-11,C5324,P1088,S224,East,Store,4,21299,361,UPI,Cancelled
O102362,2024-06-01,C6280,P1105,S245,East,Store,4,10648,0,Cash,Completed
O102363,2024-09-07,C6518,P1044,S229,South,Online,2,11357,0,Debit Card,Cancelled
O102364,2025-11-02,C5544,P1084,S224,East,Online,4,18967,216,Cash,Completed
O102365,2025-02-13,C5677,P1263,S211,West,Online,3,7564,0,UPI,Completed
O102366,2024-04-24,C5938,P1105,S218,North,Store,5,10648,0,Credit Card,Completed
O102367,2025-09-28,C5961,P1022,S228,South,Online,1,14533,161,Debit Card,Cancelled
O102368,2024-05-16,C5462,P1029,S234,East,Online,5,21239,294,Credit Card,Completed
O102369,2024-01-16,C6574,P1115,S203,East,Store,2,20308,0,UPI,Completed
O102370,2025-05-25,C6119,P1247,S224,East,Store,1,15686,230,Debit Card,Completed
O102371,2025-09-23,C5486,P1241,S242,North,Store,5,19467,0,Debit Card,Completed
O102372,2024-08-30,C6298,P1088,S240,North,Store,1,21299,383,Debit Card,Completed
O102373,2025-08-02,C5090,P1165,S239,West,Online,3,21855,250,Debit Card,Cancelled
O102374,2024-05-20,C6025,P1272,S222,East,Online,1,21727,0,UPI,Completed
O102375,2025-04-26,C5605,P1183,S219,North,Store,2,3139,0,UPI,Completed
O102376,2024-10-01,C6509,P1043,S216,East,Store,4,10110,0,UPI,Completed
O102377,2025-11-17,C5505,P1068,S220,South,Online,4,11524,308,Cash,Completed
O102378,2024-11-30,C5462,P1186,S212,West,Online,3,14983,0,Cash,Completed
O102379,2024-06-28,C5638,P1246,S200,West,Online,3,22713,0,Debit Card,Completed
O102380,2024-03-27,C5213,P1083,S208,East,Store,1,7188,0,Credit Card,Cancelled
O102381,2025-03-11,C6538,P1084,S248,West,Store,2,18967,0,Cash,Completed
O102382,2025-07-10,C6072,P1164,S218,North,Store,3,5775,0,Cash,Completed
O102383,2024-07-31,C6425,P1038,S227,North,Store,1,22462,0,Debit Card,Completed
O102384,2024-04-01,C5626,P1285,S241,South,Store,4,20596,0,Credit Card,Completed
O102385,2024-05-02,C5923,P1218,S244,East,Online,5,15354,0,Credit Card,Completed
O102386,2025-08-20,C5110,P1130,S218,North,Store,3,9394,0,Credit Card,Completed
O102387,2025-12-24,C5962,P1166,S249,East,Online,1,1640,332,Cash,Completed
O102388,2025-04-07,C5738,P1208,S232,North,Online,5,11265,363,Cash,Completed
O102389,2025-08-23,C5727,P1042,S208,East,Store,1,20007,0,UPI,Cancelled
O102390,2024-05-27,C6696,P1135,S240,North,Online,1,18707,0,Credit Card,Completed
O102391,2024-03-02,C6395,P1295,S219,North,Store,5,3337,0,Credit Card,Cancelled
O102392,2025-08-20,C6134,P1247,S212,West,Store,2,15686,0,Cash,Completed
O102393,2025-03-19,C6540,P1028,S206,South,Online,3,7958,0,Debit Card,Completed
O102394,2025-12-10,C6845,P1162,S225,South,Online,4,8893,445,Cash,Completed
O102395,2024-11-21,C6994,P1035,S209,West,Store,5,21802,0,Credit Card,Completed
O102396,2025-03-15,C5315,P1274,S235,North,Online,4,20728,0,Cash,Completed
O102397,2025-11-08,C5532,P1217,S226,North,Store,2,9870,0,Credit Card,Completed
O102398,2025-04-19,C5096,P1059,S206,South,Store,4,10909,0,UPI,Completed
O102399,2025-02-14,C5060,P1079,S211,West,Online,5,9159,0,UPI,Completed
O102400,2024-05-28,C5000,P1198,S230,East,Online,4,834,0,UPI,Completed
O102401,2024-07-05,C6845,P1075,S214,West,Online,3,19286,0,Debit Card,Completed
O102402,2025-08-26,C5131,P1034,S220,South,Store,5,9778,0,Debit Card,Completed
O102403,2025-04-05,C5698,P1254,S249,East,Store,2,18521,0,UPI,Completed
O102404,2025-08-25,C5322,P1178,S239,West,Store,5,8635,347,Cash,Cancelled
O102405,2024-12-15,C6787,P1298,S220,South,Online,3,14176,0,Credit Card,Cancelled
O102406,2025-09-04,C5171,P1054,S213,North,Online,5,17956,0,Debit Card,Cancelled
O102407,2024-12-24,C5413,P1152,S249,East,Store,1,11737,0,Cash,Completed
O102408,2024-02-27,C6110,P1068,S229,South,Store,2,11524,416,Credit Card,Completed
O102409,2025-08-29,C6793,P1242,S209,West,Store,1,13862,0,Credit Card,Completed
O102410,2025-09-04,C6708,P1294,S210,North,Store,5,16364,0,Debit Card,Completed
O102411,2025-10-04,C5640,P1276,S221,North,Online,1,17692,138,Cash,Cancelled
O102412,2025-05-12,C6932,P1087,S241,South,Online,4,5062,477,Debit Card,Completed
O102413,2024-12-02,C5058,P1261,S208,East,Store,2,22756,0,Credit Card,Completed
O102414,2024-02-09,C6175,P1209,S211,West,Store,3,14912,0,UPI,Completed
O102415,2025-10-20,C5416,P1284,S213,North,Online,4,13277,0,Credit Card,Cancelled
O102416,2024-07-04,C6270,P1162,S238,East,Online,2,8893,0,Debit Card,Completed
O102417,2024-06-25,C6639,P1141,S233,North,Online,1,5607,0,Cash,Completed
O102418,2025-10-30,C5244,P1144,S208,East,Online,4,21604,0,Credit Card,Cancelled
O102419,2025-02-14,C5807,P1266,S212,West,Store,4,15728,0,Debit Card,Completed
O102420,2024-08-15,C6017,P1091,S234,East,Store,4,12784,119,UPI,Completed
O102421,2025-09-08,C6324,P1066,S237,North,Store,2,17713,0,Credit Card,Completed
O102422,2025-06-06,C5179,P1175,S208,East,Store,1,20666,0,UPI,Completed
O102423,2024-01-17,C6586,P1287,S240,North,Online,4,21054,75,Cash,Completed
O102424,2025-05-11,C5955,P1202,S241,South,Online,2,15754,0,UPI,Completed
O102425,2025-02-20,C5703,P1179,S219,North,Store,4,19591,0,UPI,Completed
O102426,2024-02-01,C6979,P1099,S239,West,Online,1,17578,318,Credit Card,Cancelled
O102427,2024-11-17,C5661,P1188,S225,South,Store,1,15328,0,Debit Card,Completed
O102428,2024-04-27,C6004,P1001,S238,East,Online,5,15566,0,UPI,Cancelled
O102429,2024-07-05,C5531,P1164,S246,North,Online,5,5775,0,UPI,Completed
O102430,2024-09-10,C6049,P1014,S232,North,Store,2,6858,0,Credit Card,Completed
O102431,2024-04-07,C5577,P1107,S243,South,Online,5,7054,0,Credit Card,Completed
O102432,2025-11-12,C6391,P1171,S223,West,Store,3,20278,0,UPI,Completed
O102433,2025-04-24,C5622,P1085,S221,North,Store,2,5647,0,UPI,Completed
O102434,2025-12-19,C6069,P1144,S206,South,Online,1,21604,223,Cash,Cancelled
O102435,2025-03-07,C6994,P1202,S204,North,Store,1,15754,437,UPI,Completed
O102436,2025-06-09,C6815,P1186,S206,South,Online,5,14983,0,Debit Card,Completed
O102437,2024-08-30,C5847,P1199,S222,East,Online,2,17589,0,Credit Card,Completed
O102438,2024-11-16,C5418,P1245,S223,West,Store,5,3373,0,Credit Card,Completed
O102439,2024-01-31,C5851,P1233,S205,South,Online,2,12833,0,Cash,Completed
O102440,2025-04-01,C5436,P1248,S222,East,Store,1,13480,157,Credit Card,Cancelled
O102441,2025-07-17,C6477,P1149,S239,West,Online,4,12341,0,Debit Card,Completed
O102442,2025-07-11,C6713,P1175,S222,East,Online,1,20666,0,Cash,Completed
O102443,2024-01-01,C6938,P1190,S248,West,Online,5,22649,0,Debit Card,Cancelled
O102444,2025-06-12,C5592,P1168,S236,West,Online,5,11993,0,Cash,Completed
O102445,2024-02-16,C6250,P1100,S245,East,Store,3,9778,0,Cash,Completed
O102446,2024-01-16,C5778,P1277,S244,East,Store,5,2790,0,Debit Card,Completed
O102447,2025-05-03,C6252,P1022,S241,South,Online,1,14533,0,Cash,Cancelled
O102448,2024-07-27,C6356,P1171,S230,East,Store,1,20278,0,Cash,Completed
O102449,2024-04-07,C6575,P1074,S224,East,Store,4,5321,232,Credit Card,Completed
O102450,2025-11-08,C5565,P1028,S219,North,Store,1,7958,0,Credit Card,Completed
O102451,2024-06-09,C6820,P1097,S245,East,Store,3,8915,0,Debit Card,Completed
O102452,2024-05-09,C6569,P1241,S229,South,Store,2,19467,0,Credit Card,Cancelled
O102453,2024-11-25,C6749,P1229,S223,West,Online,4,23069,0,Debit Card,Cancelled
O102454,2024-05-15,C5541,P1252,S213,North,Online,5,17202,0,Credit Card,Completed
O102455,2024-01-04,C5653,P1183,S200,West,Store,4,3139,206,Credit Card,Cancelled
O102456,2024-09-08,C5645,P1101,S245,East,Online,4,17061,0,Debit Card,Completed
O102457,2025-02-16,C6717,P1150,S200,West,Online,5,7422,0,Debit Card,Cancelled
O102458,2024-11-22,C6960,P1155,S215,East,Online,2,15032,0,Credit Card,Cancelled
O102459,2025-09-18,C6983,P1239,S205,South,Online,5,20434,0,Debit Card,Completed
O102460,2024-11-06,C5348,P1268,S214,West,Online,1,5770,224,Cash,Cancelled
O102461,2025-10-15,C5311,P1105,S236,West,Store,2,10648,0,Debit Card,Cancelled
O102462,2025-09-17,C5944,P1038,S219,North,Online,3,22462,0,Credit Card,Completed
O102463,2025-05-30,C6284,P1038,S210,North,Store,4,22462,475,Credit Card,Completed
O102464,2025-11-14,C5465,P1222,S243,South,Online,4,15054,0,UPI,Completed
O102465,2024-04-19,C6086,P1038,S239,West,Online,1,22462,0,UPI,Completed
O102466,2024-12-20,C5208,P1175,S244,East,Store,4,20666,0,Debit Card,Cancelled
O102467,2025-01-02,C5858,P1288,S233,North,Online,1,10267,0,Cash,Completed
O102468,2025-04-17,C6323,P1080,S221,North,Store,5,5303,0,Debit Card,Completed
O102469,2024-06-18,C6830,P1273,S247,North,Online,5,17610,0,Debit Card,Cancelled
O102470,2025-05-27,C5550,P1272,S234,East,Online,4,21727,0,Cash,Cancelled
O102471,2025-08-12,C5474,P1216,S242,North,Store,1,19992,0,Debit Card,Cancelled
O102472,2024-06-15,C6138,P1100,S209,West,Store,5,9778,0,Cash,Completed
O102473,2024-01-01,C6787,P1181,S236,West,Store,2,4623,139,Debit Card,Cancelled
O102474,2024-04-12,C6827,P1155,S236,West,Store,5,15032,0,Cash,Completed
O102475,2024-06-29,C5143,P1253,S221,North,Store,1,20605,454,Cash,Completed
O102476,2025-05-29,C6520,P1218,S223,West,Online,5,15354,0,UPI,Completed
O102477,2024-11-28,C6430,P1245,S224,East,Online,4,3373,246,Credit Card,Completed
O102478,2024-07-04,C5311,P1073,S237,North,Store,5,5249,0,Credit Card,Completed
O102479,2024-12-19,C6006,P1132,S207,North,Store,5,19210,0,Debit Card,Cancelled
O102480,2024-04-14,C5462,P1121,S237,North,Store,2,12001,204,Cash,Cancelled
O102481,2025-12-16,C5361,P1060,S203,East,Online,4,10490,0,Cash,Cancelled
O102482,2025-01-21,C5924,P1275,S242,North,Online,5,22022,0,UPI,Completed
O102483,2025-01-01,C6202,P1220,S207,North,Online,2,15484,0,UPI,Completed
O102484,2024-07-30,C5031,P1220,S204,North,Store,1,15484,0,Cash,Completed
O102485,2024-04-16,C5698,P1087,S245,East,Online,3,5062,0,UPI,Completed
O102486,2024-06-01,C6454,P1044,S210,North,Online,4,11357,0,Debit Card,Completed
O102487,2024-07-10,C6330,P1171,S209,West,Online,2,20278,0,Credit Card,Completed
O102488,2024-05-10,C6404,P1044,S233,North,Online,2,11357,0,Debit Card,Completed
O102489,2025-06-07,C5179,P1020,S247,North,Store,2,10169,0,Cash,Cancelled
O102490,2024-10-23,C5485,P1260,S208,East,Online,4,1933,0,Debit Card,Completed
O102491,2025-03-21,C6730,P1163,S249,East,Store,1,11924,0,UPI,Completed
O102492,2024-04-09,C6234,P1256,S234,East,Online,2,8546,0,Cash,Completed
O102493,2024-03-01,C6485,P1224,S236,West,Store,2,21622,0,Credit Card,Completed
O102494,2024-03-25,C5258,P1218,S236,West,Store,5,15354,0,Credit Card,Completed
O102495,2025-06-29,C5329,P1006,S207,North,Store,4,17945,0,Cash,Completed
O102496,2024-07-09,C5216,P1277,S247,North,Store,2,2790,0,Debit Card,Completed
O102497,2025-02-22,C5549,P1084,S247,North,Online,5,18967,401,UPI,Completed
O102498,2024-12-15,C5392,P1278,S234,East,Store,5,19013,326,UPI,Completed
O102499,2024-09-24,C6712,P1242,S240,North,Online,5,13862,0,UPI,Completed
O102500,2025-06-28,C6063,P1201,S220,South,Store,1,6002,0,Debit Card,Completed
O102501,2025-02-07,C6103,P1273,S237,North,Store,2,17610,0,Credit Card,Completed
O102502,2025-07-30,C6088,P1129,S205,South,Store,4,5589,390,Cash,Cancelled
O102503,2024-10-23,C5764,P1070,S244,East,Store,3,3836,467,UPI,Completed
O102504,2024-02-23,C6256,P1129,S244,East,Online,1,5589,0,Debit Card,Completed
O102505,2024-02-18,C5855,P1281,S227,North,Online,2,12731,0,UPI,Completed
O102506,2025-11-30,C5595,P1074,S231,North,Store,2,5321,240,Cash,Completed
O102507,2024-06-04,C6292,P1284,S215,East,Store,3,13277,0,Debit Card,Cancelled
O102508,2024-03-20,C6451,P1025,S239,West,Store,3,8362,201,Credit Card,Completed
O102509,2024-06-18,C6420,P1237,S204,North,Store,4,21100,0,UPI,Completed
O102510,2024-02-02,C5217,P1084,S210,North,Store,5,18967,0,Debit Card,Completed
O102511,2025-02-04,C6584,P1033,S205,South,Online,1,16111,241,Cash,Cancelled
O102512,2025-10-10,C5270,P1152,S203,East,Online,1,11737,0,Cash,Completed
O102513,2025-08-24,C5708,P1198,S215,East,Store,5,834,324,Credit Card,Completed
O102514,2025-09-13,C6783,P1016,S243,South,Store,1,11602,0,Debit Card,Completed
O102515,2024-10-10,C5484,P1032,S241,South,Online,1,2864,0,Credit Card,Cancelled
O102516,2024-12-23,C5947,P1016,S244,East,Store,5,11602,0,Cash,Completed
O102517,2025-01-01,C6333,P1025,S211,West,Online,4,8362,0,Credit Card,Completed
O102518,2024-09-08,C6855,P1070,S242,North,Store,1,3836,195,Debit Card,Completed
O102519,2025-05-05,C6092,P1023,S205,South,Online,3,11148,0,Credit Card,Cancelled
O102520,2024-10-18,C5300,P1044,S220,South,Online,4,11357,301,Credit Card,Completed
O102521,2025-07-06,C5787,P1029,S218,North,Online,4,21239,319,Credit Card,Cancelled
O102522,2025-04-13,C5706,P1267,S241,South,Store,4,14604,0,Cash,Completed
O102523,2025-10-10,C6740,P1212,S230,East,Online,1,21743,0,Debit Card,Completed
O102524,2025-03-04,C5765,P1120,S225,South,Store,5,20523,0,Debit Card,Cancelled
O102525,2024-11-01,C6846,P1030,S219,North,Store,3,11890,0,Cash,Completed
O102526,2024-02-26,C6655,P1207,S232,North,Online,1,17879,95,Credit Card,Completed
O102527,2024-09-03,C5051,P1226,S231,North,Online,4,19224,0,Cash,Cancelled
O102528,2025-09-24,C5473,P1221,S220,South,Store,3,17898,376,Debit Card,Cancelled
O102529,2024-11-05,C5318,P1100,S239,West,Store,1,9778,0,Cash,Completed
O102530,2024-12-23,C5353,P1033,S208,East,Online,3,16111,468,Cash,Completed
O102531,2025-11-08,C6019,P1177,S232,North,Online,5,4568,0,UPI,Completed
O102532,2025-04-17,C6359,P1062,S221,North,Store,4,17006,0,UPI,Completed
O102533,2025-05-12,C5338,P1133,S225,South,Store,2,14458,125,Debit Card,Completed
O102534,2024-09-17,C5613,P1079,S219,North,Store,2,9159,0,Credit Card,Completed
O102535,2025-11-11,C6542,P1274,S223,West,Store,1,20728,0,Credit Card,Completed
O102536,2024-10-22,C5209,P1111,S227,North,Store,3,6965,0,Credit Card,Completed
O102537,2025-07-21,C6572,P1252,S201,South,Store,2,17202,0,Debit Card,Completed
O102538,2024-12-25,C5497,P1204,S221,North,Store,3,3675,0,Credit Card,Cancelled
O102539,2025-06-14,C5390,P1096,S238,East,Store,2,16951,279,Cash,Cancelled
O102540,2024-06-22,C5728,P1115,S205,South,Online,5,20308,318,Credit Card,Completed
O102541,2025-10-27,C5525,P1237,S231,North,Online,5,21100,0,UPI,Completed
O102542,2024-05-20,C6656,P1194,S226,North,Online,1,10696,279,Debit Card,Completed
O102543,2025-05-07,C6628,P1174,S245,East,Online,5,21347,0,Debit Card,Completed
O102544,2024-10-01,C6014,P1154,S200,West,Online,3,16309,0,Debit Card,Completed
O102545,2024-07-15,C6068,P1169,S243,South,Online,1,5160,0,Credit Card,Completed
O102546,2025-06-21,C6495,P1261,S218,North,Online,1,22756,386,Debit Card,Completed
O102547,2024-04-25,C5423,P1214,S204,North,Online,5,10921,332,UPI,Completed
O102548,2024-10-16,C6593,P1241,S234,East,Store,5,19467,0,UPI,Completed
O102549,2024-01-27,C6015,P1025,S231,North,Online,2,8362,367,Cash,Completed
O102550,2024-07-17,C5352,P1150,S247,North,Store,5,7422,0,Debit Card,Completed
O102551,2025-04-06,C5869,P1255,S216,East,Store,5,14851,0,Debit Card,Completed
O102552,2024-11-27,C5204,P1220,S203,East,Store,5,15484,0,Debit Card,Completed
O102553,2024-10-22,C5367,P1001,S202,East,Online,3,15566,0,UPI,Completed
O102554,2025-01-02,C5485,P1241,S229,South,Online,5,19467,0,UPI,Completed
O102555,2025-04-17,C5322,P1077,S210,North,Store,5,5894,430,Credit Card,Completed
O102556,2024-08-18,C5436,P1123,S240,North,Store,1,15348,0,UPI,Completed
O102557,2025-08-15,C6239,P1113,S228,South,Store,3,2267,0,UPI,Completed
O102558,2025-08-25,C5309,P1225,S248,West,Store,2,14610,0,Credit Card,Cancelled
O102559,2025-08-07,C6654,P1211,S242,North,Store,3,17552,451,Credit Card,Completed
O102560,2025-05-30,C5538,P1087,S213,North,Store,3,5062,0,Debit Card,Completed
O102561,2025-01-21,C6848,P1143,S205,South,Online,4,8850,0,Credit Card,Completed
O102562,2024-10-08,C6870,P1085,S244,East,Online,4,5647,301,Cash,Completed
O102563,2025-03-02,C5322,P1092,S244,East,Online,5,9784,129,Cash,Completed
O102564,2025-12-09,C5995,P1234,S237,North,Online,3,5302,0,UPI,Cancelled
O102565,2025-03-02,C6168,P1254,S230,East,Online,5,18521,382,Cash,Completed
O102566,2025-05-09,C6195,P1020,S222,East,Online,4,10169,323,Credit Card,Completed
O102567,2024-07-16,C6858,P1171,S208,East,Store,3,20278,253,Credit Card,Cancelled
O102568,2025-04-25,C5824,P1031,S204,North,Online,1,6951,0,UPI,Completed
O102569,2025-05-31,C5513,P1032,S249,East,Online,1,2864,0,Cash,Cancelled
O102570,2024-08-22,C5033,P1284,S241,South,Store,4,13277,0,Debit Card,Completed
O102571,2025-01-13,C6672,P1011,S242,North,Online,2,6770,0,Credit Card,Completed
O102572,2024-03-04,C5620,P1037,S222,East,Online,4,17516,0,Credit Card,Cancelled
O102573,2024-06-07,C5982,P1126,S222,East,Store,1,13666,225,Credit Card,Completed
O102574,2024-07-13,C6750,P1158,S242,North,Store,4,18699,0,Credit Card,Completed
O102575,2024-07-05,C6781,P1287,S245,East,Online,5,21054,0,Credit Card,Completed
O102576,2025-04-03,C5469,P1025,S220,South,Store,5,8362,0,UPI,Cancelled
O102577,2025-10-24,C5909,P1137,S238,East,Online,3,8938,0,Credit Card,Completed
O102578,2024-10-22,C6808,P1227,S230,East,Online,1,5382,0,Cash,Completed
O102579,2025-08-16,C5178,P1254,S213,North,Store,1,18521,0,Debit Card,Completed
O102580,2024-04-03,C5381,P1131,S249,East,Store,2,20406,0,Credit Card,Completed
O102581,2025-10-03,C6238,P1152,S216,East,Store,2,11737,0,Credit Card,Completed
O102582,2024-03-14,C5255,P1148,S245,East,Online,2,10231,0,Cash,Cancelled
O102583,2024-09-17,C5802,P1082,S220,South,Store,1,8487,0,UPI,Completed
O102584,2024-03-14,C5409,P1235,S242,North,Online,3,21005,0,Cash,Completed
O102585,2024-11-05,C6361,P1195,S213,North,Online,1,2809,0,Debit Card,Completed
O102586,2024-10-19,C5915,P1298,S211,West,Store,3,14176,319,Debit Card,Completed
O102587,2025-01-04,C6833,P1004,S218,North,Online,4,6831,0,Cash,Cancelled
O102588,2024-07-24,C6579,P1025,S212,West,Store,5,8362,0,Cash,Cancelled
O102589,2024-10-10,C5851,P1052,S247,North,Store,4,13741,0,Cash,Cancelled
O102590,2024-05-31,C6810,P1254,S212,West,Online,2,18521,0,UPI,Cancelled
O102591,2024-08-26,C5518,P1163,S213,North,Online,4,11924,201,Credit Card,Completed
O102592,2024-05-01,C5182,P1248,S207,North,Store,5,13480,0,Credit Card,Completed
O102593,2024-08-15,C5729,P1218,S217,West,Store,2,15354,0,UPI,Completed
O102594,2024-01-16,C5256,P1035,S226,North,Store,4,21802,0,UPI,Completed
O102595,2025-07-19,C5824,P1144,S229,South,Store,2,21604,289,UPI,Cancelled
O102596,2024-07-06,C5553,P1018,S208,East,Online,5,14106,125,Credit Card,Completed
O102597,2024-10-27,C6683,P1093,S214,West,Online,3,7635,0,UPI,Completed
O102598,2025-04-24,C5822,P1074,S219,North,Store,2,5321,0,UPI,Completed
O102599,2024-09-04,C6691,P1149,S245,East,Online,1,12341,0,Cash,Completed
O102600,2024-03-15,C5265,P1182,S216,East,Store,5,18616,428,Debit Card,Completed
O102601,2024-11-04,C5900,P1193,S203,East,Store,2,18061,0,UPI,Completed
O102602,2024-07-09,C5973,P1218,S220,South,Store,4,15354,193,Credit Card,Completed
O102603,2025-12-18,C6126,P1250,S233,North,Online,4,4746,0,UPI,Completed
O102604,2024-04-03,C5679,P1134,S233,North,Online,3,8636,0,Debit Card,Cancelled
O102605,2024-09-24,C5101,P1080,S228,South,Online,1,5303,0,Cash,Cancelled
O102606,2024-06-03,C5295,P1295,S223,West,Store,5,3337,0,Credit Card,Completed
O102607,2024-02-05,C5973,P1193,S236,West,Store,4,18061,317,Credit Card,Completed
O102608,2024-07-11,C6908,P1153,S244,East,Online,2,14011,286,Credit Card,Completed
O102609,2024-10-22,C5006,P1003,S238,East,Store,2,1494,0,Cash,Cancelled
O102610,2024-02-27,C6568,P1246,S203,East,Store,1,22713,0,UPI,Completed
O102611,2024-01-03,C5131,P1222,S235,North,Store,5,15054,0,Debit Card,Completed
O102612,2025-12-15,C5536,P1071,S227,North,Online,1,5086,0,Credit Card,Completed
O102613,2024-07-31,C6839,P1042,S212,West,Store,1,20007,0,Credit Card,Completed
O102614,2025-12-02,C6384,P1098,S240,North,Store,1,22065,235,UPI,Completed
O102615,2025-06-21,C6852,P1242,S223,West,Online,5,13862,190,Cash,Cancelled
O102616,2024-08-25,C6959,P1160,S212,West,Online,5,17020,298,UPI,Cancelled
O102617,2024-01-03,C6256,P1196,S249,East,Store,5,13692,0,Debit Card,Completed
O102618,2025-05-19,C6142,P1250,S234,East,Store,5,4746,446,Credit Card,Completed
O102619,2025-06-05,C6208,P1154,S247,North,Store,2,16309,0,Credit Card,Completed
O102620,2025-06-24,C5554,P1228,S238,East,Online,5,13342,0,Credit Card,Completed
O102621,2024-10-29,C6893,P1000,S223,West,Store,2,5850,238,UPI,Cancelled
O102622,2025-09-22,C6225,P1081,S246,North,Store,3,11888,0,Cash,Completed
O102623,2024-06-16,C5385,P1190,S231,North,Store,3,22649,117,Debit Card,Completed
O102624,2024-09-13,C6848,P1115,S200,West,Online,2,20308,0,Debit Card,Completed
O102625,2024-09-08,C6631,P1062,S209,West,Online,2,17006,0,Debit Card,Completed
O102626,2024-11-15,C6285,P1091,S208,East,Online,1,12784,0,Credit Card,Completed
O102627,2024-05-16,C5771,P1200,S232,North,Store,4,2422,61,UPI,Completed
O102628,2024-08-21,C5033,P1085,S232,North,Store,5,5647,0,Credit Card,Completed
O102629,2024-09-07,C5169,P1242,S240,North,Store,2,13862,0,Cash,Cancelled
O102630,2025-12-05,C6946,P1148,S241,South,Store,2,10231,0,UPI,Completed
O102631,2025-06-21,C6411,P1181,S241,South,Store,1,4623,0,UPI,Completed
O102632,2024-01-10,C6840,P1213,S221,North,Online,2,14282,0,Debit Card,Completed
O102633,2025-05-07,C5853,P1092,S246,North,Online,2,9784,0,UPI,Completed
O102634,2024-04-01,C5619,P1186,S215,East,Online,3,14983,0,Credit Card,Completed
O102635,2024-06-20,C6019,P1052,S218,North,Store,1,13741,213,Cash,Completed
O102636,2024-10-13,C6576,P1177,S224,East,Online,5,4568,0,Cash,Completed
O102637,2024-03-24,C6561,P1275,S223,West,Store,5,22022,116,Debit Card,Completed
O102638,2024-03-12,C5996,P1033,S245,East,Store,4,16111,0,Credit Card,Completed
O102639,2024-08-26,C6561,P1244,S209,West,Online,4,5773,0,Debit Card,Completed
O102640,2024-06-03,C6833,P1084,S239,West,Store,4,18967,202,UPI,Completed
O102641,2024-01-16,C5700,P1085,S218,North,Online,2,5647,0,Credit Card,Cancelled
O102642,2024-03-21,C6374,P1115,S228,South,Store,4,20308,187,Debit Card,Completed
O102643,2025-02-04,C5242,P1203,S223,West,Store,4,17152,0,Credit Card,Completed
O102644,2025-01-06,C5215,P1143,S219,North,Store,3,8850,0,Cash,Completed
O102645,2025-08-05,C6399,P1286,S241,South,Online,1,1267,380,Credit Card,Completed
O102646,2025-05-25,C5066,P1204,S249,East,Online,4,3675,219,Cash,Completed
O102647,2025-04-21,C5677,P1033,S227,North,Store,3,16111,0,Credit Card,Completed
O102648,2024-12-06,C5656,P1028,S218,North,Store,3,7958,0,Debit Card,Completed
O102649,2024-12-19,C6330,P1106,S201,South,Online,4,16729,0,Credit Card,Completed
O102650,2025-08-05,C5310,P1191,S216,East,Online,5,13093,0,Cash,Completed
O102651,2025-08-16,C6391,P1038,S243,South,Online,2,22462,472,Credit Card,Completed
O102652,2024-08-16,C5477,P1258,S226,North,Online,2,21780,50,Credit Card,Completed
O102653,2025-04-27,C5604,P1075,S200,West,Store,3,19286,0,UPI,Completed
O102654,2024-05-18,C6293,P1129,S213,North,Store,5,5589,0,UPI,Completed
O102655,2024-10-19,C5434,P1092,S241,South,Online,5,9784,0,UPI,Completed
O102656,2025-09-17,C5370,P1146,S242,North,Store,5,13303,0,Debit Card,Completed
O102657,2024-02-08,C5454,P1127,S213,North,Online,4,11658,0,Credit Card,Completed
O102658,2025-11-18,C6343,P1157,S248,West,Store,4,20469,0,Cash,Completed
O102659,2025-10-10,C6633,P1069,S208,East,Online,1,10947,314,Cash,Cancelled
O102660,2024-06-17,C5461,P1036,S219,North,Store,4,11836,134,Cash,Completed
O102661,2025-04-08,C6956,P1220,S235,North,Online,4,15484,0,UPI,Completed
O102662,2025-06-20,C5553,P1233,S216,East,Online,4,12833,117,Credit Card,Cancelled
O102663,2025-04-08,C5094,P1097,S211,West,Online,4,8915,316,Cash,Completed
O102664,2025-12-09,C6223,P1021,S225,South,Online,5,11470,454,Credit Card,Completed
O102665,2025-12-04,C5612,P1226,S233,North,Online,4,19224,0,Credit Card,Cancelled
O102666,2024-02-26,C6971,P1159,S231,North,Online,5,18152,0,UPI,Completed
O102667,2025-03-01,C6839,P1143,S213,North,Online,1,8850,0,Debit Card,Completed
O102668,2024-03-27,C6198,P1022,S233,North,Store,1,14533,0,Debit Card,Completed
O102669,2025-04-26,C6975,P1030,S215,East,Online,1,11890,0,Debit Card,Completed
O102670,2024-10-06,C6590,P1192,S242,North,Online,3,20500,274,Credit Card,Completed
O102671,2024-08-28,C6822,P1071,S210,North,Online,5,5086,0,Credit Card,Completed
O102672,2024-01-22,C5650,P1279,S232,North,Store,5,5899,0,UPI,Cancelled
O102673,2024-01-30,C5562,P1297,S220,South,Store,5,20307,218,Credit Card,Cancelled
O102674,2025-10-16,C5136,P1285,S202,East,Store,5,20596,0,Credit Card,Completed
O102675,2024-11-16,C5679,P1140,S231,North,Store,2,18510,0,Credit Card,Cancelled
O102676,2024-11-18,C6139,P1255,S246,North,Store,4,14851,0,Credit Card,Completed
O102677,2025-10-12,C5625,P1039,S219,North,Online,4,3162,381,Cash,Completed
O102678,2025-06-05,C5434,P1256,S243,South,Store,3,8546,0,UPI,Completed
O102679,2024-10-25,C6636,P1113,S207,North,Online,4,2267,0,UPI,Completed
O102680,2025-10-08,C5108,P1234,S207,North,Online,1,5302,0,Debit Card,Cancelled
O102681,2024-08-21,C6519,P1057,S241,South,Online,1,12244,392,Cash,Completed
O102682,2025-08-06,C5571,P1130,S241,South,Online,5,9394,0,UPI,Completed
O102683,2025-09-18,C6614,P1128,S234,East,Store,3,10078,0,Credit Card,Cancelled
O102684,2025-03-28,C6930,P1299,S238,East,Store,2,17937,0,Credit Card,Completed
O102685,2024-01-12,C6053,P1131,S234,East,Store,1,20406,0,Debit Card,Cancelled
O102686,2024-10-20,C5971,P1156,S201,South,Online,5,14997,0,Debit Card,Completed
O102687,2025-07-23,C5795,P1217,S216,East,Online,5,9870,345,UPI,Cancelled
O102688,2025-12-18,C5315,P1192,S234,East,Online,4,20500,0,UPI,Completed
O102689,2024-02-20,C5895,P1207,S222,East,Store,5,17879,0,UPI,Cancelled
O102690,2024-05-10,C6769,P1000,S212,West,Online,1,5850,0,Cash,Cancelled
O102691,2025-03-18,C6031,P1234,S204,North,Online,3,5302,0,UPI,Cancelled
O102692,2024-12-20,C6696,P1024,S247,North,Store,5,15591,79,Cash,Completed
O102693,2025-08-10,C5299,P1044,S222,East,Online,3,11357,304,Cash,Completed
O102694,2025-02-10,C6835,P1221,S248,West,Store,5,17898,0,Debit Card,Cancelled
O102695,2024-07-21,C5538,P1071,S209,West,Online,5,5086,0,UPI,Completed
O102696,2024-08-28,C6693,P1010,S202,East,Store,4,8826,0,Credit Card,Completed
O102697,2025-12-17,C6753,P1091,S225,South,Store,3,12784,0,Debit Card,Completed
O102698,2024-07-21,C6968,P1007,S202,East,Online,5,15969,0,Cash,Completed
O102699,2025-05-18,C5248,P1030,S229,South,Online,2,11890,0,UPI,Completed
O102700,2025-07-15,C5597,P1067,S241,South,Store,1,18554,0,Credit Card,Completed
O102701,2024-08-22,C6916,P1045,S205,South,Online,4,18465,0,UPI,Completed
O102702,2025-04-11,C5946,P1295,S248,West,Store,4,3337,0,UPI,Completed
O102703,2024-07-24,C5511,P1211,S200,West,Online,5,17552,0,Cash,Completed
O102704,2024-08-17,C5710,P1121,S202,East,Online,4,12001,0,UPI,Completed
O102705,2025-10-31,C6737,P1218,S236,West,Store,2,15354,0,UPI,Completed
O102706,2024-10-06,C5112,P1113,S239,West,Online,1,2267,170,Credit Card,Cancelled
O102707,2024-06-23,C6624,P1019,S240,North,Store,2,11005,0,Debit Card,Completed
O102708,2024-06-04,C6478,P1121,S245,East,Store,5,12001,0,UPI,Completed
O102709,2025-02-11,C6523,P1118,S203,East,Online,3,23140,0,Debit Card,Completed
O102710,2024-05-17,C5957,P1119,S229,South,Online,4,20033,330,Cash,Cancelled
O102711,2025-07-09,C6283,P1266,S228,South,Store,5,15728,63,Credit Card,Completed
O102712,2025-07-11,C6854,P1263,S214,West,Online,5,7564,0,Cash,Completed
O102713,2025-02-11,C5160,P1094,S216,East,Online,1,3783,0,UPI,Completed
O102714,2024-07-15,C5380,P1087,S217,West,Online,4,5062,0,Cash,Cancelled
O102715,2024-02-22,C6945,P1210,S226,North,Store,5,6616,164,UPI,Completed
O102716,2025-05-04,C6703,P1292,S244,East,Store,3,23214,0,Cash,Completed
O102717,2024-11-07,C6185,P1297,S224,East,Store,5,20307,0,Credit Card,Cancelled
O102718,2024-07-27,C6160,P1080,S208,East,Store,4,5303,0,Debit Card,Completed
O102719,2024-06-09,C6615,P1140,S220,South,Online,4,18510,0,Debit Card,Completed
O102720,2024-06-18,C5449,P1084,S226,North,Store,4,18967,0,Credit Card,Completed
O102721,2025-06-26,C6221,P1185,S239,West,Store,3,7628,198,Debit Card,Cancelled
O102722,2025-05-22,C5670,P1134,S205,South,Store,3,8636,0,UPI,Cancelled
O102723,2025-10-06,C5799,P1114,S225,South,Store,2,15114,0,Cash,Completed
O102724,2025-07-09,C5543,P1201,S243,South,Online,4,6002,0,Debit Card,Completed
O102725,2025-12-05,C6181,P1171,S221,North,Store,2,20278,93,UPI,Completed
O102726,2025-08-27,C5216,P1048,S201,South,Online,4,16836,0,UPI,Completed
O102727,2025-06-11,C5132,P1023,S223,West,Online,5,11148,0,UPI,Completed
O102728,2024-11-27,C5057,P1015,S207,North,Store,3,19492,0,Credit Card,Completed
O102729,2025-10-30,C6495,P1102,S224,East,Online,5,11805,0,UPI,Completed
O102730,2025-05-05,C6148,P1267,S240,North,Online,5,14604,80,Cash,Completed
O102731,2024-11-05,C6551,P1250,S225,South,Online,4,4746,0,Cash,Completed
O102732,2024-02-02,C5799,P1162,S208,East,Online,1,8893,0,Cash,Cancelled
O102733,2024-04-02,C5146,P1103,S228,South,Online,3,19689,0,Debit Card,Cancelled
O102734,2025-10-13,C6158,P1248,S234,East,Online,5,13480,485,UPI,Completed
O102735,2024-03-28,C6926,P1231,S226,North,Store,1,11775,413,Cash,Completed
O102736,2024-06-09,C5577,P1167,S201,South,Online,5,14354,0,Credit Card,Cancelled
O102737,2024-09-20,C6800,P1046,S201,South,Store,2,11020,0,Credit Card,Cancelled
O102738,2024-06-09,C5565,P1285,S207,North,Online,3,20596,0,Cash,Completed
O102739,2024-10-08,C6821,P1021,S202,East,Online,2,11470,0,UPI,Completed
O102740,2025-03-24,C5471,P1084,S222,East,Online,4,18967,0,Debit Card,Completed
O102741,2025-07-28,C6494,P1039,S201,South,Store,4,3162,380,UPI,Cancelled
O102742,2025-12-13,C5677,P1267,S218,North,Store,4,14604,0,Cash,Completed
O102743,2025-08-12,C6629,P1024,S212,West,Store,4,15591,0,Debit Card,Cancelled
O102744,2025-01-08,C5718,P1277,S222,East,Online,1,2790,313,UPI,Cancelled
O102745,2025-07-09,C5771,P1159,S217,West,Store,1,18152,0,Debit Card,Completed
O102746,2024-08-05,C6978,P1083,S206,South,Online,5,7188,0,Cash,Completed
O102747,2025-07-04,C5529,P1077,S215,East,Online,5,5894,198,Credit Card,Completed
O102748,2025-10-09,C5924,P1295,S218,North,Store,1,3337,0,Debit Card,Completed
O102749,2025-05-21,C5424,P1005,S235,North,Store,2,15987,0,UPI,Completed
O102750,2025-10-26,C6254,P1186,S213,North,Online,1,14983,0,Credit Card,Completed
O102751,2024-06-27,C5133,P1004,S235,North,Online,2,6831,499,Credit Card,Cancelled
O102752,2024-06-26,C5423,P1242,S206,South,Store,5,13862,254,Cash,Cancelled
O102753,2025-12-12,C6680,P1093,S218,North,Online,5,7635,0,UPI,Completed
O102754,2025-08-26,C5912,P1004,S224,East,Online,3,6831,0,UPI,Cancelled
O102755,2025-11-22,C5094,P1010,S219,North,Store,5,8826,0,Credit Card,Completed
O102756,2024-06-11,C6225,P1066,S208,East,Store,5,17713,271,Debit Card,Completed
O102757,2025-08-30,C6425,P1276,S230,East,Online,1,17692,230,Debit Card,Completed
O102758,2025-09-19,C5684,P1282,S202,East,Store,2,19507,322,Credit Card,Completed
O102759,2025-05-10,C5288,P1010,S203,East,Store,4,8826,0,Credit Card,Completed
O102760,2025-08-22,C6627,P1022,S240,North,Store,2,14533,0,Debit Card,Cancelled
O102761,2024-09-25,C6716,P1267,S243,South,Online,2,14604,487,Debit Card,Cancelled
O102762,2025-04-05,C5412,P1258,S237,North,Store,2,21780,0,Debit Card,Completed
O102763,2024-05-17,C5807,P1186,S219,North,Online,4,14983,0,Cash,Cancelled
O102764,2024-01-26,C6455,P1003,S239,West,Online,3,1494,0,UPI,Completed
O102765,2024-01-08,C5396,P1116,S231,North,Store,2,5919,0,Debit Card,Completed
O102766,2024-09-27,C5641,P1000,S204,North,Store,3,5850,0,Credit Card,Completed
O102767,2024-03-07,C5566,P1273,S225,South,Online,2,17610,190,Cash,Completed
O102768,2025-11-06,C5950,P1229,S235,North,Online,2,23069,0,Debit Card,Completed
O102769,2025-12-27,C5227,P1260,S226,North,Store,2,1933,441,Cash,Completed
O102770,2024-01-16,C5018,P1287,S236,West,Online,4,21054,0,Credit Card,Completed
O102771,2025-10-08,C6974,P1031,S219,North,Online,5,6951,0,Credit Card,Completed
O102772,2025-08-05,C5203,P1045,S239,West,Online,4,18465,0,Credit Card,Completed
O102773,2024-12-20,C5767,P1221,S248,West,Store,4,17898,118,Cash,Cancelled
O102774,2025-10-12,C5637,P1218,S212,West,Store,5,15354,482,Credit Card,Cancelled
O102775,2025-02-25,C6742,P1286,S221,North,Store,5,1267,0,Debit Card,Completed
O102776,2025-06-24,C5811,P1237,S200,West,Online,5,21100,0,UPI,Completed
O102777,2025-01-26,C5196,P1227,S244,East,Online,1,5382,0,Credit Card,Cancelled
O102778,2025-05-08,C5831,P1267,S204,North,Online,2,14604,0,Debit Card,Completed
O102779,2024-10-12,C6851,P1146,S206,South,Online,2,13303,0,Credit Card,Completed
O102780,2025-10-15,C5335,P1192,S224,East,Online,5,20500,0,Credit Card,Completed
O102781,2025-11-12,C5089,P1010,S238,East,Store,2,8826,0,Cash,Completed
O102782,2025-02-02,C6193,P1082,S249,East,Online,5,8487,288,Credit Card,Completed
O102783,2025-03-07,C6921,P1149,S204,North,Online,4,12341,0,Cash,Cancelled
O102784,2024-12-15,C5453,P1103,S207,North,Store,5,19689,0,Debit Card,Completed
O102785,2025-03-16,C6958,P1174,S216,East,Online,5,21347,0,Cash,Completed
O102786,2024-11-22,C5022,P1109,S225,South,Online,5,5046,0,Cash,Cancelled
O102787,2024-08-21,C5819,P1125,S205,South,Online,3,8150,0,Credit Card,Cancelled
O102788,2025-10-21,C6306,P1132,S232,North,Online,2,19210,209,Cash,Cancelled
O102789,2025-06-12,C5484,P1202,S221,North,Online,3,15754,0,Debit Card,Completed
O102790,2025-02-07,C5711,P1214,S240,North,Store,1,10921,310,Credit Card,Cancelled
O102791,2025-02-25,C6052,P1080,S230,East,Online,5,5303,0,Debit Card,Completed
O102792,2024-10-18,C6611,P1086,S227,North,Store,5,9673,0,Debit Card,Cancelled
O102793,2024-01-18,C6155,P1110,S205,South,Store,2,5745,0,Debit Card,Completed
O102794,2025-07-24,C6110,P1000,S202,East,Store,2,5850,70,Cash,Completed
O102795,2025-07-12,C6117,P1249,S235,North,Online,5,17145,74,Debit Card,Cancelled
O102796,2025-08-28,C5036,P1103,S202,East,Online,5,19689,302,UPI,Cancelled
O102797,2024-10-15,C5845,P1286,S226,North,Online,5,1267,0,Debit Card,Completed
O102798,2024-10-26,C6954,P1200,S242,North,Store,1,2422,223,UPI,Completed
O102799,2025-04-08,C6058,P1085,S205,South,Online,5,5647,88,Cash,Completed
O102800,2025-07-25,C5165,P1150,S227,North,Store,4,7422,0,Debit Card,Cancelled
O102801,2024-02-24,C5770,P1050,S226,North,Online,3,11986,0,Credit Card,Cancelled
O102802,2024-07-26,C5739,P1125,S209,West,Online,5,8150,0,UPI,Completed
O102803,2025-09-05,C5792,P1241,S208,East,Store,4,19467,0,Debit Card,Completed
O102804,2025-02-22,C6811,P1147,S215,East,Online,3,10106,0,UPI,Cancelled
O102805,2024-03-06,C6569,P1149,S244,East,Online,5,12341,0,Debit Card,Cancelled
O102806,2025-11-28,C6491,P1254,S206,South,Store,5,18521,285,Credit Card,Completed
O102807,2024-05-29,C5148,P1185,S245,East,Store,1,7628,0,Debit Card,Completed
O102808,2025-03-08,C5092,P1257,S240,North,Online,5,18316,0,Credit Card,Completed
O102809,2024-06-25,C6830,P1277,S206,South,Store,2,2790,116,UPI,Completed
O102810,2024-02-21,C6195,P1220,S225,South,Online,5,15484,100,Debit Card,Completed
O102811,2025-10-31,C5514,P1219,S223,West,Store,2,11028,0,UPI,Completed
O102812,2024-01-29,C5269,P1260,S217,West,Store,3,1933,0,Debit Card,Cancelled
O102813,2024-09-20,C6403,P1040,S204,North,Store,4,4205,202,Cash,Completed
O102814,2025-09-22,C6454,P1185,S249,East,Online,4,7628,0,Credit Card,Completed
O102815,2024-07-09,C5973,P1086,S211,West,Store,5,9673,317,Credit Card,Completed
O102816,2025-02-04,C6767,P1049,S221,North,Store,1,4384,0,Debit Card,Completed
O102817,2025-12-19,C6037,P1238,S243,South,Store,5,18960,0,UPI,Completed
O102818,2025-05-24,C5650,P1270,S219,North,Store,2,19833,0,Credit Card,Completed
O102819,2025-06-25,C6377,P1122,S244,East,Online,2,4929,307,Credit Card,Completed
O102820,2024-09-19,C5250,P1148,S207,North,Store,2,10231,0,Debit Card,Cancelled
O102821,2025-12-02,C5359,P1259,S220,South,Store,4,13997,0,Credit Card,Completed
O102822,2025-11-26,C6108,P1064,S207,North,Online,2,13395,0,UPI,Completed
O102823,2025-02-01,C5774,P1058,S209,West,Store,5,16157,422,UPI,Completed
O102824,2025-01-22,C6755,P1012,S231,North,Store,3,20263,0,Cash,Completed
O102825,2025-04-15,C5337,P1027,S204,North,Store,4,5053,0,UPI,Completed
O102826,2024-10-14,C6684,P1072,S216,East,Online,2,11213,163,Debit Card,Completed
O102827,2023-12-30,C5711,P1249,S206,South,Store,1,17145,0,Cash,Completed
O102828,2024-11-15,C5342,P1260,S207,North,Online,3,1933,0,Debit Card,Cancelled
O102829,2025-06-11,C6231,P1066,S241,South,Online,2,17713,211,Debit Card,Cancelled
O102830,2024-03-30,C6406,P1257,S241,South,Store,2,18316,222,UPI,Cancelled
O102831,2024-03-14,C5037,P1224,S203,East,Store,1,21622,0,UPI,Completed
O102832,2025-01-21,C6479,P1210,S219,North,Online,4,6616,358,Debit Card,Cancelled
O102833,2025-01-28,C5247,P1044,S240,North,Online,1,11357,0,Cash,Cancelled
O102834,2025-02-04,C6832,P1247,S235,North,Online,4,15686,0,Cash,Completed
O102835,2024-03-11,C6038,P1081,S246,North,Online,5,11888,0,Cash,Completed
O102836,2024-04-13,C6002,P1000,S210,North,Online,4,5850,0,Debit Card,Cancelled
O102837,2024-04-12,C5259,P1031,S241,South,Online,4,6951,0,Credit Card,Completed
O102838,2025-04-30,C6120,P1092,S231,North,Online,4,9784,0,Credit Card,Cancelled
O102839,2025-08-29,C5523,P1016,S230,East,Store,3,11602,0,Cash,Completed
O102840,2024-01-16,C6912,P1265,S244,East,Online,3,11992,0,Debit Card,Completed
O102841,2025-04-14,C5622,P1165,S212,West,Store,1,21855,0,Cash,Completed
O102842,2025-11-17,C6875,P1010,S209,West,Online,1,8826,207,Debit Card,Completed
O102843,2025-09-01,C5186,P1069,S203,East,Online,5,10947,0,Credit Card,Cancelled
O102844,2024-10-04,C5897,P1012,S240,North,Online,4,20263,0,Credit Card,Cancelled
O102845,2024-09-04,C5578,P1158,S229,South,Online,3,18699,108,Debit Card,Completed
O102846,2024-01-26,C6776,P1122,S243,South,Store,1,4929,0,Cash,Completed
O102847,2024-05-31,C6590,P1062,S205,South,Online,4,17006,0,UPI,Completed
O102848,2024-02-20,C5187,P1195,S239,West,Store,1,2809,170,Credit Card,Cancelled
O102849,2025-02-07,C5426,P1017,S236,West,Online,4,16288,0,Credit Card,Cancelled
O102850,2025-12-22,C6435,P1075,S224,East,Store,1,19286,246,UPI,Completed
O102851,2025-05-07,C6729,P1206,S204,North,Online,2,21502,0,Debit Card,Completed
O102852,2024-09-14,C5820,P1284,S203,East,Online,4,13277,0,Cash,Completed
O102853,2024-10-11,C5997,P1093,S223,West,Online,4,7635,0,Credit Card,Cancelled
O102854,2025-02-06,C6030,P1259,S207,North,Store,2,13997,0,Debit Card,Completed
O102855,2025-04-01,C5543,P1271,S212,West,Online,5,14975,0,Credit Card,Completed
O102856,2025-12-20,C5454,P1231,S224,East,Store,1,11775,356,UPI,Completed
O102857,2025-08-15,C5589,P1244,S224,East,Store,3,5773,384,Cash,Cancelled
O102858,2024-02-01,C5470,P1162,S240,North,Store,3,8893,0,Cash,Cancelled
O102859,2024-01-05,C5078,P1286,S210,North,Online,3,1267,0,Credit Card,Completed
O102860,2025-03-27,C6030,P1046,S231,North,Store,4,11020,0,Credit Card,Completed
O102861,2025-11-19,C6606,P1137,S212,West,Online,4,8938,435,Cash,Cancelled
O102862,2025-11-01,C6944,P1208,S242,North,Online,3,11265,0,UPI,Completed
O102863,2024-02-03,C6755,P1158,S239,West,Online,4,18699,0,Credit Card,Completed
O102864,2024-01-17,C6497,P1049,S218,North,Online,1,4384,277,Credit Card,Completed
O102865,2025-10-14,C6762,P1190,S225,South,Store,4,22649,265,UPI,Completed
O102866,2025-09-15,C6540,P1080,S218,North,Online,3,5303,209,Debit Card,Cancelled
O102867,2024-01-17,C5047,P1251,S218,North,Store,3,8279,0,Cash,Cancelled
O102868,2025-01-23,C5950,P1176,S233,North,Online,3,14974,0,Cash,Completed
O102869,2024-03-27,C5438,P1023,S229,South,Store,4,11148,0,Debit Card,Completed
O102870,2025-06-13,C5544,P1080,S201,South,Online,1,5303,0,UPI,Completed
O102871,2024-01-30,C6091,P1090,S240,North,Store,2,6496,363,Credit Card,Completed
O102872,2024-07-08,C6083,P1160,S242,North,Online,4,17020,0,Debit Card,Completed
O102873,2025-01-11,C5629,P1137,S220,South,Online,5,8938,0,UPI,Completed
O102874,2024-04-26,C6325,P1057,S215,East,Online,1,12244,0,Cash,Completed
O102875,2025-09-14,C5293,P1066,S234,East,Online,3,17713,0,Credit Card,Completed
O102876,2024-11-04,C5496,P1244,S225,South,Online,1,5773,0,Debit Card,Completed
O102877,2024-07-25,C6735,P1297,S201,South,Online,3,20307,124,UPI,Completed
O102878,2025-09-21,C5534,P1267,S240,North,Store,1,14604,395,Credit Card,Cancelled
O102879,2024-10-01,C5408,P1221,S227,North,Online,2,17898,0,Cash,Completed
O102880,2025-11-22,C6034,P1054,S220,South,Store,3,17956,408,Cash,Completed
O102881,2024-05-03,C5342,P1077,S217,West,Online,3,5894,0,Cash,Completed
O102882,2025-08-07,C6421,P1177,S247,North,Online,2,4568,284,Debit Card,Completed
O102883,2024-10-20,C6324,P1145,S225,South,Store,5,13495,0,Cash,Cancelled
O102884,2024-06-16,C6761,P1207,S237,North,Store,5,17879,480,Debit Card,Completed
O102885,2025-03-17,C6365,P1276,S249,East,Online,5,17692,0,UPI,Cancelled
O102886,2024-06-23,C6881,P1219,S213,North,Store,2,11028,0,Credit Card,Completed
O102887,2024-03-29,C6334,P1265,S248,West,Store,3,11992,0,Credit Card,Cancelled
O102888,2024-04-07,C6378,P1130,S234,East,Online,5,9394,269,UPI,Cancelled
O102889,2024-01-19,C6480,P1255,S202,East,Online,5,14851,0,Debit Card,Completed
O102890,2024-05-25,C5442,P1080,S202,East,Store,4,5303,71,Debit Card,Completed
O102891,2024-08-26,C5591,P1041,S203,East,Store,4,15445,0,Cash,Cancelled
O102892,2025-04-12,C5327,P1184,S248,West,Store,3,23546,0,Cash,Completed
O102893,2024-09-25,C6345,P1296,S234,East,Store,4,10596,0,Credit Card,Completed
O102894,2024-05-30,C6880,P1201,S225,South,Store,1,6002,0,UPI,Completed
O102895,2024-10-21,C5734,P1170,S202,East,Online,1,13196,0,Cash,Completed
O102896,2025-06-01,C6038,P1226,S235,North,Store,4,19224,159,UPI,Completed
O102897,2025-01-19,C5733,P1127,S209,West,Online,2,11658,0,Cash,Completed
O102898,2024-12-14,C5334,P1139,S209,West,Store,4,21395,0,Debit Card,Completed
O102899,2025-04-04,C5904,P1016,S205,South,Online,4,11602,0,Credit Card,Completed
O102900,2025-04-17,C5188,P1127,S218,North,Store,4,11658,0,Debit Card,Completed
O102901,2025-11-03,C5611,P1123,S240,North,Online,4,15348,0,Cash,Cancelled
O102902,2025-05-19,C5653,P1144,S223,West,Online,2,21604,0,Debit Card,Completed
O102903,2024-09-28,C6101,P1245,S231,North,Online,1,3373,0,Credit Card,Completed
O102904,2025-12-06,C5552,P1141,S228,South,Store,4,5607,307,UPI,Completed
O102905,2024-02-01,C6133,P1010,S201,South,Store,4,8826,0,Debit Card,Cancelled
O102906,2025-05-17,C6635,P1211,S223,West,Online,2,17552,76,Debit Card,Cancelled
O102907,2024-03-24,C5234,P1130,S246,North,Store,2,9394,0,Cash,Cancelled
O102908,2024-05-19,C5265,P1007,S205,South,Store,4,15969,0,UPI,Completed
O102909,2024-04-15,C5967,P1151,S212,West,Store,1,12508,0,Debit Card,Completed
O102910,2024-06-05,C5062,P1011,S247,North,Online,5,6770,0,Debit Card,Completed
O102911,2025-02-07,C6760,P1222,S228,South,Store,1,15054,0,UPI,Cancelled
O102912,2025-11-17,C6980,P1089,S224,East,Online,3,18424,291,Debit Card,Cancelled
O102913,2025-05-07,C6989,P1061,S240,North,Store,5,22570,0,Credit Card,Completed
O102914,2025-02-17,C5851,P1105,S235,North,Store,1,10648,0,Cash,Completed
O102915,2024-04-11,C6855,P1009,S221,North,Store,5,15817,98,Debit Card,Completed
O102916,2024-03-22,C5570,P1000,S211,West,Online,4,5850,0,UPI,Cancelled
O102917,2024-02-03,C5590,P1034,S247,North,Store,3,9778,0,Cash,Completed
O102918,2024-03-02,C5903,P1153,S245,East,Store,1,14011,0,Cash,Completed
O102919,2024-12-03,C6485,P1034,S244,East,Store,1,9778,0,UPI,Completed
O102920,2024-03-24,C5503,P1094,S202,East,Online,5,3783,375,Debit Card,Completed
O102921,2024-01-31,C6039,P1124,S228,South,Store,2,18693,0,Cash,Completed
O102922,2024-10-04,C6876,P1051,S209,West,Online,5,16446,0,Debit Card,Cancelled
O102923,2025-09-13,C5282,P1210,S243,South,Online,2,6616,0,Credit Card,Completed
O102924,2024-08-16,C5159,P1266,S216,East,Store,5,15728,0,UPI,Completed
O102925,2024-12-11,C6006,P1287,S201,South,Store,1,21054,0,Debit Card,Cancelled
O102926,2025-10-21,C5758,P1247,S225,South,Store,1,15686,0,Cash,Completed
O102927,2025-02-20,C6500,P1240,S235,North,Online,1,9126,455,UPI,Cancelled
O102928,2024-06-09,C5628,P1246,S235,North,Online,5,22713,426,Credit Card,Cancelled
O102929,2024-10-27,C6462,P1197,S201,South,Online,3,16495,0,Cash,Cancelled
O102930,2025-02-09,C6856,P1161,S210,North,Store,3,23914,206,Credit Card,Completed
O102931,2025-09-22,C5020,P1236,S221,North,Store,1,1650,0,Credit Card,Completed
O102932,2024-01-31,C6427,P1266,S222,East,Online,4,15728,0,Credit Card,Completed
O102933,2025-05-16,C6828,P1184,S224,East,Store,4,23546,0,Debit Card,Completed
O102934,2025-06-18,C6638,P1143,S200,West,Online,1,8850,0,UPI,Completed
O102935,2025-06-01,C5520,P1268,S225,South,Store,2,5770,0,Cash,Completed
O102936,2024-08-13,C5403,P1287,S205,South,Online,3,21054,0,UPI,Completed
O102937,2025-12-01,C6444,P1015,S207,North,Online,1,19492,446,Debit Card,Completed
O102938,2025-11-14,C5331,P1182,S216,East,Online,2,18616,0,UPI,Completed
O102939,2024-05-16,C5312,P1035,S200,West,Online,1,21802,0,Cash,Completed
O102940,2024-02-18,C5218,P1115,S246,North,Store,5,20308,0,Debit Card,Completed
O102941,2025-09-06,C6470,P1181,S215,East,Online,4,4623,0,Cash,Completed
O102942,2025-01-13,C6801,P1096,S217,West,Store,2,16951,434,Debit Card,Completed
O102943,2024-10-03,C6008,P1064,S235,North,Store,1,13395,0,UPI,Completed
O102944,2025-02-14,C6407,P1243,S230,East,Store,2,21225,0,UPI,Completed
O102945,2025-03-15,C5413,P1119,S208,East,Store,2,20033,0,UPI,Completed
O102946,2024-02-10,C5206,P1060,S206,South,Store,2,10490,369,Cash,Completed
O102947,2025-07-08,C5157,P1279,S222,East,Store,2,5899,0,Debit Card,Completed
O102948,2024-10-02,C6965,P1275,S248,West,Store,4,22022,0,UPI,Completed
O102949,2025-05-20,C5332,P1198,S218,North,Store,1,834,0,Credit Card,Cancelled
O102950,2024-06-16,C6778,P1220,S241,South,Store,2,15484,0,Credit Card,Cancelled
O102951,2024-04-13,C6314,P1213,S239,West,Store,1,14282,103,Credit Card,Completed
O102952,2024-09-03,C6012,P1195,S203,East,Online,3,2809,0,Debit Card,Completed
O102953,2025-08-07,C6919,P1014,S204,North,Online,1,6858,0,UPI,Completed
O102954,2024-06-15,C5482,P1168,S245,East,Online,4,11993,0,Debit Card,Completed
O102955,2025-08-17,C5120,P1290,S205,South,Online,5,5987,0,Credit Card,Completed
O102956,2025-06-28,C6852,P1293,S216,East,Online,5,19741,461,Debit Card,Cancelled
O102957,2024-08-06,C6973,P1209,S216,East,Store,2,14912,0,Debit Card,Cancelled
O102958,2024-01-29,C6735,P1025,S227,North,Online,4,8362,175,Cash,Cancelled
O102959,2024-03-02,C6839,P1019,S208,East,Store,3,11005,0,Cash,Completed
O102960,2024-10-19,C5582,P1169,S216,East,Online,4,5160,0,Credit Card,Completed
O102961,2024-07-26,C6842,P1077,S237,North,Store,2,5894,109,Cash,Completed
O102962,2025-04-18,C6338,P1028,S220,South,Store,2,7958,0,Debit Card,Cancelled
O102963,2025-09-21,C5188,P1052,S213,North,Store,4,13741,0,UPI,Completed
O102964,2024-01-03,C5942,P1239,S237,North,Store,5,20434,0,Cash,Completed
O102965,2024-11-07,C6923,P1073,S211,West,Online,5,5249,0,Debit Card,Completed
O102966,2025-10-12,C5416,P1238,S243,South,Store,1,18960,348,Debit Card,Cancelled
O102967,2025-10-12,C5323,P1066,S232,North,Store,3,17713,465,Cash,Completed
O102968,2024-01-30,C5078,P1201,S232,North,Store,5,6002,0,Cash,Completed
O102969,2024-04-03,C6495,P1038,S227,North,Online,5,22462,0,Cash,Completed
O102970,2024-12-02,C6280,P1188,S210,North,Online,3,15328,0,Cash,Completed
O102971,2024-03-04,C5868,P1223,S204,North,Store,5,4729,0,Cash,Completed
O102972,2025-10-08,C5656,P1224,S239,West,Store,4,21622,0,Cash,Completed
O102973,2024-10-13,C5846,P1118,S207,North,Online,3,23140,0,Debit Card,Completed
O102974,2024-04-28,C6870,P1078,S240,North,Store,2,23389,0,UPI,Cancelled
O102975,2024-08-17,C6738,P1112,S230,East,Store,2,14915,0,UPI,Cancelled
O102976,2025-10-11,C5489,P1145,S208,East,Store,5,13495,0,Debit Card,Completed
O102977,2025-12-24,C5438,P1148,S217,West,Store,2,10231,0,UPI,Completed
O102978,2025-12-11,C6340,P1151,S214,West,Store,5,12508,0,Cash,Completed
O102979,2024-09-09,C6008,P1162,S222,East,Store,1,8893,0,Debit Card,Completed
O102980,2024-06-26,C5928,P1192,S222,East,Online,4,20500,0,Credit Card,Completed
O102981,2025-03-24,C6199,P1201,S238,East,Store,5,6002,0,UPI,Cancelled
O102982,2024-06-07,C5738,P1284,S226,North,Online,5,13277,206,Cash,Completed
O102983,2024-10-07,C6956,P1250,S243,South,Store,3,4746,59,Credit Card,Cancelled
O102984,2025-11-05,C6750,P1041,S241,South,Online,4,15445,0,Cash,Completed
O102985,2024-10-09,C5837,P1030,S216,East,Store,1,11890,0,Debit Card,Cancelled
O102986,2025-12-12,C5885,P1048,S232,North,Online,4,16836,0,Debit Card,Completed
O102987,2024-10-10,C6104,P1258,S242,North,Store,3,21780,166,Debit Card,Completed
O102988,2025-12-16,C6022,P1211,S248,West,Online,4,17552,0,UPI,Cancelled
O102989,2025-06-05,C6630,P1000,S222,East,Online,2,5850,304,Credit Card,Completed
O102990,2025-06-19,C6134,P1206,S245,East,Store,1,21502,0,Debit Card,Completed
O102991,2024-03-09,C6019,P1183,S207,North,Online,3,3139,0,Credit Card,Cancelled
O102992,2025-06-01,C5419,P1189,S242,North,Store,2,23820,0,Debit Card,Completed
O102993,2025-09-27,C5576,P1083,S233,North,Store,3,7188,0,Cash,Completed
O102994,2025-10-22,C6819,P1144,S210,North,Store,4,21604,0,Debit Card,Completed
O102995,2024-02-15,C5597,P1189,S217,West,Online,4,23820,0,UPI,Cancelled
O102996,2025-12-12,C6846,P1080,S226,North,Store,4,5303,0,Debit Card,Completed
O102997,2024-04-18,C5450,P1134,S206,South,Online,4,8636,0,Cash,Completed
O102998,2025-01-31,C5415,P1175,S223,West,Store,2,20666,0,UPI,Completed
O102999,2025-05-03,C6374,P1288,S223,West,Store,4,10267,0,Credit Card,Completed
O103000,2025-11-07,C6067,P1064,S239,West,Online,2,13395,0,UPI,Completed
O103001,2024-04-09,C5062,P1147,S210,North,Store,2,10106,0,Cash,Completed
O103002,2025-05-21,C6944,P1160,S219,North,Store,2,17020,0,Debit Card,Completed
O103003,2025-02-24,C6534,P1137,S241,South,Store,3,8938,347,UPI,Completed
O103004,2025-01-22,C6631,P1021,S213,North,Store,2,11470,0,Debit Card,Completed
O103005,2024-04-13,C5436,P1003,S216,East,Store,1,1494,0,Cash,Cancelled
O103006,2025-05-09,C5043,P1030,S215,East,Online,1,11890,0,UPI,Completed
O103007,2025-05-01,C6184,P1095,S237,North,Store,1,13952,0,Credit Card,Completed
O103008,2025-11-13,C5892,P1114,S200,West,Online,5,15114,0,Debit Card,Completed
O103009,2024-12-24,C6497,P1297,S219,North,Store,1,20307,285,UPI,Cancelled
O103010,2025-06-20,C6817,P1155,S245,East,Store,5,15032,0,UPI,Completed
O103011,2024-03-26,C6770,P1175,S212,West,Store,3,20666,0,Debit Card,Completed
O103012,2025-09-03,C6658,P1268,S208,East,Store,1,5770,0,Cash,Completed
O103013,2025-07-31,C6726,P1083,S228,South,Store,4,7188,0,Cash,Cancelled
O103014,2024-11-29,C5045,P1060,S215,East,Online,4,10490,0,Cash,Completed
O103015,2024-12-06,C6535,P1173,S241,South,Online,1,7396,0,UPI,Completed
O103016,2025-08-25,C5788,P1002,S238,East,Online,2,21479,0,Debit Card,Completed
O103017,2025-05-24,C5238,P1106,S228,South,Online,1,16729,146,Credit Card,Cancelled
O103018,2024-07-14,C6948,P1084,S249,East,Store,2,18967,499,Cash,Cancelled
O103019,2024-10-08,C6021,P1130,S232,North,Online,1,9394,0,Credit Card,Completed
O103020,2024-08-07,C5128,P1215,S205,South,Store,2,16425,0,Cash,Completed
O103021,2024-07-24,C6772,P1103,S203,East,Store,1,19689,0,Credit Card,Completed
O103022,2025-02-23,C6902,P1298,S222,East,Store,4,14176,0,Credit Card,Completed
O103023,2025-07-09,C6645,P1296,S219,North,Store,3,10596,0,Cash,Completed
O103024,2024-08-20,C6083,P1298,S235,North,Store,1,14176,210,Cash,Completed
O103025,2025-05-12,C5026,P1161,S214,West,Store,2,23914,0,UPI,Completed
O103026,2024-11-02,C6157,P1128,S227,North,Store,2,10078,0,Debit Card,Completed
O103027,2024-01-29,C6793,P1003,S233,North,Online,5,1494,0,UPI,Completed
O103028,2024-04-25,C6338,P1275,S215,East,Store,1,22022,0,Cash,Completed
O103029,2024-09-01,C6432,P1025,S244,East,Store,2,8362,0,Credit Card,Cancelled
O103030,2024-10-01,C5543,P1202,S223,West,Online,1,15754,427,Cash,Completed
O103031,2024-02-29,C6307,P1175,S239,West,Store,2,20666,0,UPI,Completed
O103032,2024-02-26,C6335,P1120,S207,North,Store,4,20523,0,UPI,Cancelled
O103033,2024-01-07,C6788,P1244,S233,North,Online,4,5773,283,UPI,Completed
O103034,2025-01-18,C6404,P1299,S231,North,Online,3,17937,0,Debit Card,Completed
O103035,2024-03-23,C6965,P1221,S224,East,Store,1,17898,0,Credit Card,Completed
O103036,2025-04-25,C6533,P1148,S230,East,Store,2,10231,0,UPI,Cancelled
O103037,2025-07-23,C6141,P1139,S242,North,Store,4,21395,0,Cash,Completed
O103038,2024-08-22,C5965,P1013,S243,South,Online,3,18762,364,Debit Card,Completed
O103039,2024-03-05,C6931,P1168,S216,East,Online,2,11993,0,Cash,Completed
O103040,2025-09-07,C6006,P1184,S203,East,Online,1,23546,0,UPI,Completed
O103041,2025-02-04,C6809,P1215,S228,South,Online,1,16425,440,UPI,Completed
O103042,2024-08-16,C6385,P1223,S240,North,Online,5,4729,0,Credit Card,Cancelled
O103043,2024-10-05,C6419,P1167,S245,East,Store,3,14354,224,UPI,Cancelled
O103044,2025-01-06,C5232,P1285,S248,West,Store,2,20596,0,Cash,Completed
O103045,2025-05-03,C5656,P1285,S207,North,Store,1,20596,414,Cash,Cancelled
O103046,2024-10-04,C5025,P1183,S248,West,Store,3,3139,0,Cash,Completed
O103047,2024-09-28,C6608,P1032,S228,South,Online,5,2864,295,Cash,Completed
O103048,2024-06-07,C6699,P1028,S205,South,Online,2,7958,0,UPI,Cancelled
O103049,2024-12-20,C6993,P1175,S215,East,Store,3,20666,0,UPI,Completed
O103050,2025-12-17,C6687,P1127,S203,East,Store,4,11658,51,Cash,Completed
O103051,2024-10-26,C5083,P1060,S244,East,Store,1,10490,0,Cash,Completed
O103052,2025-06-20,C5352,P1016,S230,East,Online,5,11602,0,Credit Card,Completed
O103053,2025-06-29,C6307,P1130,S225,South,Store,3,9394,310,Cash,Cancelled
O103054,2024-03-15,C6197,P1217,S244,East,Store,1,9870,0,Debit Card,Completed
O103055,2025-06-14,C6031,P1031,S228,South,Store,1,6951,0,Debit Card,Cancelled
O103056,2025-05-27,C6268,P1093,S241,South,Online,2,7635,0,UPI,Cancelled
O103057,2024-07-22,C6196,P1164,S224,East,Store,2,5775,496,UPI,Completed
O103058,2025-04-08,C5914,P1133,S223,West,Online,5,14458,0,Credit Card,Completed
O103059,2024-11-03,C5563,P1244,S244,East,Online,5,5773,0,Credit Card,Completed
O103060,2025-06-06,C5910,P1023,S236,West,Store,1,11148,218,Cash,Completed
O103061,2024-06-17,C5592,P1235,S213,North,Online,5,21005,0,Credit Card,Completed
O103062,2024-05-11,C6063,P1060,S231,North,Online,3,10490,283,Cash,Cancelled
O103063,2024-01-07,C6553,P1246,S232,North,Store,5,22713,264,Debit Card,Completed
O103064,2025-06-03,C5311,P1233,S242,North,Store,5,12833,0,Cash,Cancelled
O103065,2025-04-25,C6800,P1243,S206,South,Online,5,21225,0,Credit Card,Completed
O103066,2025-05-08,C5265,P1161,S220,South,Store,3,23914,0,Cash,Cancelled
O103067,2025-07-24,C6568,P1160,S203,East,Store,5,17020,0,Cash,Cancelled
O103068,2025-04-18,C6198,P1117,S237,North,Online,2,10710,0,Debit Card,Completed
O103069,2025-06-06,C6210,P1089,S211,West,Online,4,18424,247,Credit Card,Cancelled
O103070,2024-11-10,C5915,P1219,S238,East,Store,1,11028,263,Credit Card,Completed
O103071,2025-02-14,C5420,P1177,S218,North,Online,1,4568,500,Debit Card,Completed
O103072,2024-12-14,C5849,P1115,S216,East,Online,1,20308,0,Debit Card,Cancelled
O103073,2024-04-24,C5720,P1000,S241,South,Store,4,5850,430,Debit Card,Cancelled
O103074,2025-08-26,C5361,P1262,S216,East,Store,3,11478,0,Debit Card,Completed
O103075,2025-07-30,C5419,P1031,S243,South,Store,3,6951,0,Cash,Cancelled
O103076,2024-07-18,C5589,P1024,S233,North,Online,2,15591,319,Debit Card,Completed
O103077,2025-01-13,C5872,P1266,S247,North,Store,1,15728,0,Credit Card,Cancelled
O103078,2024-08-10,C6003,P1009,S247,North,Store,5,15817,341,UPI,Completed
O103079,2025-04-11,C5563,P1075,S215,East,Store,3,19286,0,Debit Card,Completed
O103080,2025-02-04,C6152,P1234,S207,North,Store,5,5302,172,Cash,Completed
O103081,2025-08-12,C5628,P1135,S205,South,Store,1,18707,0,UPI,Completed
O103082,2025-09-27,C5446,P1124,S203,East,Store,2,18693,0,Credit Card,Cancelled
O103083,2025-05-28,C6790,P1109,S243,South,Online,2,5046,296,Debit Card,Completed
O103084,2025-12-04,C5042,P1089,S206,South,Online,3,18424,0,Cash,Completed
O103085,2025-03-30,C5913,P1067,S226,North,Store,3,18554,0,Debit Card,Completed
O103086,2025-05-13,C5236,P1132,S215,East,Online,4,19210,0,Cash,Completed
O103087,2024-08-29,C5117,P1060,S226,North,Online,4,10490,360,Credit Card,Completed
O103088,2025-12-02,C5918,P1008,S217,West,Online,1,11489,0,Debit Card,Completed
O103089,2024-06-02,C6024,P1041,S248,West,Store,2,15445,0,Cash,Completed
O103090,2025-12-08,C6470,P1260,S243,South,Online,5,1933,0,UPI,Completed
O103091,2024-02-29,C5798,P1024,S208,East,Online,1,15591,0,Debit Card,Cancelled
O103092,2025-11-20,C6070,P1246,S209,West,Online,3,22713,0,Cash,Completed
O103093,2024-01-13,C5641,P1148,S246,North,Online,3,10231,291,Debit Card,Cancelled
O103094,2025-09-24,C5430,P1297,S227,North,Store,2,20307,0,Credit Card,Cancelled
O103095,2024-06-11,C5680,P1149,S208,East,Store,3,12341,0,Cash,Completed
O103096,2025-05-27,C5022,P1285,S224,East,Online,4,20596,0,Credit Card,Completed
O103097,2025-02-04,C6814,P1135,S211,West,Store,5,18707,0,Cash,Cancelled
O103098,2025-04-10,C6967,P1027,S204,North,Online,5,5053,74,Debit Card,Completed
O103099,2025-06-16,C5183,P1128,S214,West,Store,5,10078,0,Credit Card,Cancelled
O103100,2024-06-28,C6914,P1216,S244,East,Store,3,19992,0,Cash,Completed
O103101,2024-01-21,C6072,P1039,S214,West,Online,1,3162,0,UPI,Completed
O103102,2025-03-04,C6923,P1009,S224,East,Online,4,15817,0,Debit Card,Completed
O103103,2024-08-07,C5133,P1055,S218,North,Store,4,21841,0,UPI,Cancelled
O103104,2025-09-03,C6950,P1218,S238,East,Online,2,15354,442,Cash,Completed
O103105,2025-04-04,C5508,P1143,S223,West,Store,4,8850,0,Credit Card,Completed
O103106,2024-07-05,C6379,P1125,S249,East,Store,1,8150,0,Debit Card,Completed
O103107,2025-02-15,C5852,P1091,S212,West,Store,1,12784,0,UPI,Completed
O103108,2024-01-24,C5527,P1037,S233,North,Store,5,17516,0,UPI,Completed
O103109,2025-03-15,C5168,P1019,S231,North,Online,2,11005,214,Credit Card,Completed
O103110,2024-01-16,C6219,P1155,S214,West,Online,5,15032,0,Debit Card,Completed
O103111,2024-03-09,C6573,P1078,S212,West,Online,4,23389,0,UPI,Completed
O103112,2024-01-30,C6655,P1002,S211,West,Online,2,21479,0,Cash,Cancelled
O103113,2024-01-15,C5215,P1148,S213,North,Store,3,10231,0,UPI,Cancelled
O103114,2024-06-02,C5192,P1203,S242,North,Store,1,17152,0,Debit Card,Completed
O103115,2024-12-01,C6185,P1103,S240,North,Online,4,19689,0,Cash,Completed
O103116,2024-10-14,C6283,P1294,S218,North,Store,2,16364,0,Credit Card,Completed
O103117,2024-02-03,C6907,P1168,S212,West,Online,4,11993,0,Debit Card,Cancelled
O103118,2025-05-07,C5994,P1275,S204,North,Online,5,22022,179,UPI,Completed
O103119,2025-07-22,C6600,P1049,S215,East,Online,3,4384,356,Debit Card,Completed
O103120,2025-01-23,C5946,P1024,S247,North,Online,5,15591,0,Credit Card,Completed
O103121,2025-05-10,C5544,P1175,S242,North,Store,5,20666,0,UPI,Completed
O103122,2024-03-13,C6489,P1065,S225,South,Online,1,3007,143,Cash,Completed
O103123,2025-09-25,C6832,P1203,S206,South,Online,2,17152,0,Credit Card,Completed
O103124,2024-09-09,C5382,P1009,S242,North,Store,4,15817,0,Cash,Completed
O103125,2025-05-23,C5670,P1032,S245,East,Store,5,2864,0,Cash,Completed
O103126,2023-12-30,C6680,P1279,S244,East,Online,3,5899,263,Debit Card,Cancelled
O103127,2025-03-07,C5100,P1173,S218,North,Store,1,7396,0,Debit Card,Completed
O103128,2025-10-05,C5847,P1291,S232,North,Store,1,12542,0,Credit Card,Cancelled
O103129,2024-07-23,C5586,P1293,S203,East,Store,1,19741,0,Debit Card,Completed
O103130,2025-01-13,C5846,P1208,S212,West,Store,2,11265,0,Cash,Completed
O103131,2024-04-16,C5551,P1046,S236,West,Online,4,11020,116,Credit Card,Completed
O103132,2025-11-18,C6164,P1174,S234,East,Online,5,21347,0,Credit Card,Completed
O103133,2025-12-01,C6564,P1236,S233,North,Store,1,1650,449,UPI,Completed
O103134,2024-07-30,C5317,P1033,S230,East,Store,3,16111,0,Credit Card,Completed
O103135,2025-07-27,C6748,P1081,S217,West,Store,1,11888,0,Credit Card,Cancelled
O103136,2025-11-04,C6103,P1265,S212,West,Store,5,11992,0,Debit Card,Completed
O103137,2025-11-25,C6648,P1173,S217,West,Online,4,7396,0,UPI,Completed
O103138,2024-09-05,C6430,P1059,S223,West,Online,4,10909,166,Debit Card,Cancelled
O103139,2024-08-03,C5341,P1137,S244,East,Store,1,8938,409,Credit Card,Completed
O103140,2024-02-17,C6109,P1283,S241,South,Store,3,17954,0,UPI,Cancelled
O103141,2024-11-23,C6138,P1043,S216,East,Store,3,10110,315,Credit Card,Completed
O103142,2025-08-28,C6609,P1011,S204,North,Online,4,6770,275,Credit Card,Completed
O103143,2025-09-30,C5928,P1091,S202,East,Online,5,12784,0,Credit Card,Completed
O103144,2025-10-31,C6043,P1203,S201,South,Online,1,17152,0,UPI,Completed
O103145,2025-04-22,C6255,P1038,S222,East,Online,2,22462,0,Cash,Cancelled
O103146,2024-01-05,C6472,P1268,S218,North,Online,4,5770,422,Debit Card,Completed
O103147,2024-07-18,C6593,P1173,S203,East,Store,2,7396,0,UPI,Completed
O103148,2024-04-18,C6791,P1215,S216,East,Online,1,16425,0,UPI,Cancelled
O103149,2024-09-15,C6496,P1208,S212,West,Store,2,11265,0,Debit Card,Completed
O103150,2024-12-19,C5074,P1068,S217,West,Online,3,11524,0,Debit Card,Cancelled
O103151,2025-02-09,C5255,P1074,S215,East,Store,3,5321,102,Cash,Completed
O103152,2025-03-25,C6285,P1015,S200,West,Store,5,19492,0,UPI,Completed
O103153,2024-06-23,C6061,P1028,S216,East,Store,4,7958,0,Credit Card,Cancelled
O103154,2025-01-07,C5475,P1006,S234,East,Store,1,17945,0,Credit Card,Cancelled
O103155,2025-09-27,C6806,P1122,S224,East,Store,4,4929,0,Cash,Cancelled
O103156,2024-04-28,C5588,P1296,S222,East,Store,1,10596,0,Cash,Completed
O103157,2025-03-24,C6988,P1091,S245,East,Store,5,12784,0,UPI,Completed
O103158,2024-06-27,C6325,P1033,S230,East,Online,4,16111,0,UPI,Completed
O103159,2025-11-07,C6569,P1238,S201,South,Online,5,18960,0,UPI,Cancelled
O103160,2025-04-26,C6600,P1080,S203,East,Online,3,5303,0,Credit Card,Completed
O103161,2025-11-19,C5500,P1107,S213,North,Store,2,7054,0,Cash,Completed
O103162,2025-06-18,C5490,P1004,S239,West,Store,4,6831,496,Debit Card,Completed
O103163,2024-04-26,C5422,P1004,S235,North,Online,1,6831,0,Debit Card,Completed
O103164,2024-03-16,C5816,P1058,S224,East,Store,1,16157,0,UPI,Cancelled
O103165,2025-03-23,C5920,P1044,S238,East,Online,3,11357,0,Credit Card,Cancelled
O103166,2024-07-14,C6060,P1224,S203,East,Store,4,21622,466,UPI,Completed
O103167,2024-07-22,C5020,P1161,S201,South,Online,1,23914,402,Debit Card,Completed
O103168,2025-07-27,C6345,P1292,S242,North,Store,1,23214,0,Cash,Completed
O103169,2024-05-08,C6313,P1165,S200,West,Store,4,21855,0,Cash,Completed
O103170,2025-07-01,C5362,P1120,S230,East,Online,1,20523,235,Debit Card,Completed
O103171,2024-01-04,C5603,P1260,S205,South,Online,3,1933,0,Cash,Completed
O103172,2025-04-08,C5571,P1256,S242,North,Online,1,8546,299,Cash,Completed
O103173,2025-07-04,C5434,P1006,S216,East,Online,5,17945,0,Cash,Completed
O103174,2025-02-09,C6911,P1075,S236,West,Store,4,19286,0,Debit Card,Completed
O103175,2024-09-20,C5792,P1028,S207,North,Store,2,7958,0,Credit Card,Completed
O103176,2024-10-01,C5979,P1147,S225,South,Store,3,10106,0,UPI,Completed
O103177,2025-04-27,C5244,P1220,S229,South,Online,5,15484,0,Debit Card,Completed
O103178,2025-11-15,C6158,P1104,S205,South,Store,2,18741,0,Cash,Completed
O103179,2025-11-21,C6870,P1181,S232,North,Store,5,4623,328,Debit Card,Cancelled
O103180,2025-01-28,C5027,P1251,S202,East,Store,4,8279,0,Debit Card,Completed
O103181,2025-11-18,C6008,P1108,S225,South,Online,2,14233,0,Debit Card,Cancelled
O103182,2025-01-12,C6162,P1273,S217,West,Online,1,17610,0,Debit Card,Completed
O103183,2025-11-02,C6378,P1266,S222,East,Store,3,15728,0,Credit Card,Completed
O103184,2025-02-23,C5340,P1201,S242,North,Store,5,6002,490,Debit Card,Completed
O103185,2025-05-18,C5199,P1143,S240,North,Store,5,8850,104,Debit Card,Completed
O103186,2024-09-10,C5879,P1177,S213,North,Store,1,4568,374,Debit Card,Completed
O103187,2025-07-13,C6565,P1238,S249,East,Store,2,18960,0,Cash,Completed
O103188,2025-09-13,C5247,P1203,S201,South,Store,4,17152,0,Credit Card,Completed
O103189,2025-08-24,C5288,P1028,S226,North,Store,5,7958,0,UPI,Completed
O103190,2025-02-01,C6443,P1163,S218,North,Store,1,11924,0,Cash,Completed
O103191,2024-05-07,C5302,P1054,S237,North,Online,3,17956,0,Debit Card,Completed
O103192,2024-11-04,C6876,P1243,S231,North,Store,5,21225,0,Cash,Completed
O103193,2025-11-03,C6304,P1197,S236,West,Store,5,16495,0,Credit Card,Completed
O103194,2025-02-26,C5663,P1081,S204,North,Store,4,11888,0,Debit Card,Completed
O103195,2024-05-26,C5783,P1267,S227,North,Store,3,14604,0,Credit Card,Completed
O103196,2024-05-09,C5223,P1215,S238,East,Online,1,16425,0,Cash,Cancelled
O103197,2024-05-28,C6181,P1280,S230,East,Store,2,17740,0,Cash,Cancelled
O103198,2024-03-09,C6008,P1180,S210,North,Online,5,6796,0,Debit Card,Completed
O103199,2024-08-13,C5842,P1267,S233,North,Online,4,14604,479,UPI,Completed
O103200,2024-10-29,C5852,P1115,S220,South,Online,4,20308,0,UPI,Completed
O103201,2025-10-17,C5185,P1297,S236,West,Store,3,20307,0,UPI,Cancelled
O103202,2024-10-22,C5501,P1120,S208,East,Store,5,20523,0,Credit Card,Cancelled
O103203,2024-08-15,C5894,P1061,S227,North,Online,1,22570,294,Cash,Completed
O103204,2024-09-25,C6889,P1074,S224,East,Online,2,5321,416,Credit Card,Completed
O103205,2024-02-16,C5114,P1131,S216,East,Store,4,20406,0,Debit Card,Completed
O103206,2025-11-06,C6233,P1113,S212,West,Store,2,2267,0,Cash,Completed
O103207,2025-08-18,C6057,P1220,S225,South,Store,3,15484,0,Debit Card,Completed
O103208,2025-04-28,C5139,P1200,S248,West,Store,2,2422,397,Cash,Completed
O103209,2025-06-19,C5879,P1267,S229,South,Online,3,14604,0,UPI,Completed
O103210,2024-10-15,C5455,P1172,S233,North,Online,5,15856,0,Debit Card,Completed
O103211,2025-07-16,C6990,P1208,S225,South,Store,5,11265,0,Cash,Completed
O103212,2025-04-07,C5749,P1227,S218,North,Store,1,5382,0,Cash,Completed
O103213,2025-05-17,C5780,P1022,S230,East,Store,2,14533,0,Debit Card,Cancelled
O103214,2025-10-17,C5453,P1149,S229,South,Store,1,12341,0,Credit Card,Completed
O103215,2025-02-04,C5857,P1080,S226,North,Online,5,5303,63,UPI,Completed
O103216,2024-05-16,C6745,P1183,S244,East,Store,3,3139,0,UPI,Completed
O103217,2025-12-11,C5875,P1197,S211,West,Online,2,16495,0,Cash,Completed
O103218,2024-03-19,C6951,P1253,S204,North,Online,2,20605,0,Debit Card,Completed
O103219,2025-01-19,C5887,P1263,S218,North,Store,3,7564,299,Debit Card,Completed
O103220,2025-06-22,C5169,P1141,S205,South,Store,5,5607,0,Credit Card,Completed
O103221,2024-08-10,C6353,P1073,S203,East,Store,3,5249,385,Cash,Completed
O103222,2024-11-07,C5490,P1240,S200,West,Online,5,9126,90,Credit Card,Completed
O103223,2025-10-06,C5174,P1283,S215,East,Online,3,17954,252,UPI,Completed
O103224,2024-02-26,C5667,P1290,S244,East,Store,3,5987,0,Debit Card,Cancelled
O103225,2025-09-27,C6638,P1211,S212,West,Online,4,17552,456,Credit Card,Completed
O103226,2024-01-07,C6958,P1243,S218,North,Store,4,21225,0,Debit Card,Completed
O103227,2024-06-29,C6170,P1235,S236,West,Store,3,21005,0,Credit Card,Completed
O103228,2025-12-22,C6329,P1272,S219,North,Online,3,21727,0,Cash,Cancelled
O103229,2025-01-14,C5187,P1180,S234,East,Online,3,6796,0,Debit Card,Cancelled
O103230,2025-04-06,C5697,P1285,S246,North,Store,4,20596,0,Credit Card,Cancelled
O103231,2024-07-30,C5370,P1058,S208,East,Store,4,16157,0,Cash,Completed
O103232,2024-11-21,C6716,P1054,S234,East,Online,2,17956,0,Debit Card,Completed
O103233,2025-08-13,C6276,P1224,S235,North,Store,4,21622,0,Debit Card,Cancelled
O103234,2024-01-14,C6918,P1293,S222,East,Store,4,19741,0,UPI,Completed
O103235,2024-04-07,C5248,P1018,S215,East,Store,4,14106,0,Credit Card,Completed
O103236,2024-06-24,C5880,P1090,S226,North,Online,5,6496,0,Credit Card,Completed
O103237,2024-09-04,C5892,P1038,S242,North,Store,4,22462,0,Debit Card,Completed
O103238,2025-10-05,C6337,P1080,S231,North,Online,4,5303,0,Cash,Completed
O103239,2024-03-08,C5989,P1161,S213,North,Online,3,23914,0,Debit Card,Completed
O103240,2024-11-16,C6500,P1264,S226,North,Store,1,5155,0,Debit Card,Completed
O103241,2024-02-01,C5225,P1207,S240,North,Store,5,17879,0,UPI,Completed
O103242,2024-07-25,C5646,P1038,S221,North,Online,3,22462,0,Cash,Completed
O103243,2024-09-08,C5298,P1117,S206,South,Online,5,10710,0,Debit Card,Cancelled
O103244,2024-07-11,C5064,P1004,S243,South,Online,1,6831,0,Credit Card,Completed
O103245,2025-12-25,C5822,P1014,S230,East,Store,5,6858,0,Debit Card,Completed
O103246,2025-09-01,C6422,P1276,S209,West,Store,1,17692,436,UPI,Completed
O103247,2024-10-22,C6225,P1201,S232,North,Online,2,6002,0,UPI,Completed
O103248,2025-12-13,C5433,P1283,S238,East,Store,5,17954,466,Debit Card,Cancelled
O103249,2024-08-21,C6237,P1156,S245,East,Store,2,14997,0,Credit Card,Completed
O103250,2025-03-02,C5091,P1022,S235,North,Online,1,14533,0,Cash,Completed
O103251,2025-08-23,C5097,P1253,S207,North,Store,3,20605,390,Debit Card,Completed
O103252,2024-04-06,C6278,P1087,S241,South,Online,1,5062,0,Cash,Completed
O103253,2025-04-07,C6721,P1293,S222,East,Online,4,19741,0,Debit Card,Cancelled
O103254,2025-06-06,C6771,P1128,S232,North,Store,3,10078,0,Cash,Completed
O103255,2024-04-08,C5032,P1228,S218,North,Store,5,13342,0,Cash,Completed
O103256,2025-11-09,C6034,P1195,S216,East,Online,5,2809,0,Cash,Completed
O103257,2025-08-06,C6123,P1295,S245,East,Online,3,3337,0,Cash,Cancelled
O103258,2025-03-06,C6838,P1091,S241,South,Online,4,12784,0,Cash,Completed
O103259,2025-01-22,C6110,P1215,S216,East,Online,5,16425,0,Credit Card,Completed
O103260,2025-03-20,C6172,P1167,S247,North,Online,1,14354,0,Cash,Completed
O103261,2024-09-22,C5315,P1155,S225,South,Online,2,15032,120,Credit Card,Completed
O103262,2024-02-12,C5487,P1109,S237,North,Online,3,5046,0,Debit Card,Completed
O103263,2025-09-02,C5638,P1015,S226,North,Online,1,19492,0,Debit Card,Cancelled
O103264,2025-08-03,C6806,P1025,S203,East,Online,3,8362,358,Credit Card,Completed
O103265,2024-11-04,C5549,P1257,S224,East,Store,1,18316,0,Cash,Completed
O103266,2025-12-14,C5862,P1130,S232,North,Online,3,9394,379,Cash,Completed
O103267,2024-05-23,C5423,P1020,S247,North,Online,4,10169,156,UPI,Completed
O103268,2025-05-17,C5678,P1075,S243,South,Store,2,19286,0,Cash,Completed
O103269,2025-01-27,C6017,P1295,S215,East,Online,3,3337,477,UPI,Completed
O103270,2025-03-13,C6166,P1028,S208,East,Store,4,7958,0,Cash,Completed
O103271,2025-01-25,C5849,P1229,S230,East,Online,3,23069,483,UPI,Completed
O103272,2024-11-13,C6501,P1246,S221,North,Online,3,22713,0,Credit Card,Completed
O103273,2025-10-01,C6054,P1065,S238,East,Store,4,3007,0,UPI,Cancelled
O103274,2024-11-02,C6053,P1029,S245,East,Online,5,21239,0,Cash,Completed
O103275,2025-08-18,C6526,P1165,S201,South,Store,5,21855,0,Cash,Completed
O103276,2024-04-03,C5235,P1041,S237,North,Online,4,15445,0,Cash,Completed
O103277,2025-12-05,C5683,P1239,S242,North,Store,4,20434,0,Cash,Completed
O103278,2024-11-28,C6200,P1280,S234,East,Store,5,17740,319,Debit Card,Completed
O103279,2025-11-17,C6041,P1159,S229,South,Store,4,18152,91,Cash,Completed
O103280,2024-01-23,C5224,P1035,S201,South,Store,4,21802,482,Cash,Cancelled
O103281,2025-04-04,C6635,P1004,S242,North,Store,4,6831,86,UPI,Completed
O103282,2025-03-08,C5895,P1064,S229,South,Store,2,13395,50,Cash,Completed
O103283,2025-02-24,C6235,P1051,S216,East,Online,5,16446,0,Cash,Completed
O103284,2025-09-11,C6657,P1023,S238,East,Store,2,11148,321,UPI,Completed
O103285,2025-12-05,C6269,P1050,S213,North,Store,4,11986,0,Debit Card,Completed
O103286,2024-08-26,C5996,P1033,S220,South,Store,5,16111,0,Credit Card,Completed
O103287,2024-09-06,C6972,P1298,S243,South,Online,1,14176,0,UPI,Completed
O103288,2024-09-12,C5344,P1177,S202,East,Store,2,4568,0,UPI,Completed
O103289,2025-03-29,C6045,P1202,S237,North,Store,4,15754,0,Credit Card,Completed
O103290,2025-10-16,C5971,P1215,S207,North,Online,5,16425,0,UPI,Completed
O103291,2025-06-30,C5509,P1279,S243,South,Online,4,5899,0,Debit Card,Completed
O103292,2025-06-22,C6743,P1007,S221,North,Online,1,15969,142,UPI,Completed
O103293,2025-10-10,C5677,P1064,S225,South,Online,1,13395,0,Debit Card,Completed
O103294,2025-11-23,C5823,P1136,S247,North,Online,2,3271,0,Debit Card,Completed
O103295,2025-09-14,C5884,P1038,S238,East,Store,3,22462,0,Debit Card,Completed
O103296,2024-05-20,C6342,P1003,S234,East,Store,4,1494,258,Cash,Completed
O103297,2024-10-02,C6112,P1088,S222,East,Online,5,21299,0,Debit Card,Completed
O103298,2024-10-15,C5401,P1249,S216,East,Online,5,17145,0,Debit Card,Cancelled
O103299,2024-02-07,C6197,P1037,S227,North,Online,5,17516,0,Cash,Completed
O103300,2025-03-11,C6389,P1099,S200,West,Online,5,17578,0,Credit Card,Completed
O103301,2024-07-31,C5512,P1235,S223,West,Store,1,21005,409,Cash,Cancelled
O103302,2024-02-12,C5728,P1062,S209,West,Online,5,17006,0,Debit Card,Completed
O103303,2024-12-29,C5982,P1089,S200,West,Online,2,18424,0,Debit Card,Cancelled
O103304,2024-02-26,C5434,P1288,S230,East,Store,1,10267,0,Credit Card,Completed
O103305,2025-07-29,C5742,P1131,S233,North,Online,3,20406,0,Cash,Completed
O103306,2024-04-16,C6496,P1294,S240,North,Store,3,16364,0,Credit Card,Completed
O103307,2024-07-27,C5343,P1238,S245,East,Store,3,18960,0,Cash,Completed
O103308,2024-09-21,C6585,P1152,S241,South,Online,4,11737,240,Credit Card,Completed
O103309,2024-08-24,C5254,P1291,S216,East,Store,5,12542,305,Credit Card,Completed
O103310,2025-10-26,C6552,P1170,S241,South,Online,2,13196,214,Debit Card,Completed
O103311,2025-01-20,C6382,P1021,S201,South,Online,3,11470,175,UPI,Completed
O103312,2025-09-03,C5595,P1273,S220,South,Store,3,17610,143,Credit Card,Cancelled
O103313,2025-07-02,C5916,P1078,S204,North,Store,3,23389,178,Credit Card,Completed
O103314,2024-07-10,C6841,P1033,S222,East,Store,3,16111,0,Cash,Completed
O103315,2024-11-09,C6134,P1131,S220,South,Store,1,20406,0,Credit Card,Completed
O103316,2025-11-10,C6709,P1203,S213,North,Online,4,17152,0,Credit Card,Completed
O103317,2024-12-25,C5982,P1044,S225,South,Store,3,11357,0,Debit Card,Completed
O103318,2025-01-03,C6925,P1160,S225,South,Store,5,17020,0,Credit Card,Completed
O103319,2024-03-04,C6606,P1084,S242,North,Online,3,18967,184,Credit Card,Completed
O103320,2024-02-06,C5303,P1147,S205,South,Online,5,10106,0,Cash,Completed
O103321,2025-12-10,C6430,P1289,S207,North,Online,2,16378,0,Cash,Completed
O103322,2025-01-03,C5024,P1276,S216,East,Online,4,17692,0,Cash,Completed
O103323,2025-01-08,C6713,P1229,S240,North,Online,1,23069,0,Cash,Cancelled
O103324,2024-02-07,C6063,P1228,S225,South,Online,3,13342,0,Debit Card,Completed
O103325,2025-08-29,C5852,P1282,S248,West,Online,2,19507,0,Cash,Cancelled
O103326,2024-12-26,C6441,P1245,S224,East,Online,1,3373,0,Cash,Cancelled
O103327,2025-04-05,C5141,P1143,S241,South,Online,1,8850,0,Cash,Completed
O103328,2025-06-24,C5099,P1260,S206,South,Store,1,1933,282,Credit Card,Completed
O103329,2025-07-27,C6129,P1177,S242,North,Online,2,4568,0,Cash,Cancelled
O103330,2024-03-17,C5124,P1024,S201,South,Online,3,15591,181,UPI,Cancelled
O103331,2025-05-08,C5980,P1170,S221,North,Online,1,13196,0,Credit Card,Completed
O103332,2025-10-09,C5049,P1069,S246,North,Online,2,10947,0,Credit Card,Completed
O103333,2024-04-08,C5421,P1198,S244,East,Online,4,834,339,UPI,Completed
O103334,2025-07-11,C6916,P1132,S229,South,Online,1,19210,0,UPI,Completed
O103335,2024-08-08,C6817,P1180,S230,East,Store,3,6796,154,UPI,Completed
O103336,2025-07-26,C6984,P1028,S224,East,Online,3,7958,0,UPI,Completed
O103337,2025-11-09,C5760,P1181,S209,West,Store,5,4623,0,Debit Card,Completed
O103338,2025-04-01,C6522,P1242,S225,South,Online,3,13862,0,Cash,Completed
O103339,2024-03-09,C6200,P1151,S219,North,Online,3,12508,69,UPI,Completed
O103340,2024-01-09,C6763,P1005,S229,South,Store,3,15987,0,Cash,Completed
O103341,2024-02-16,C5144,P1072,S215,East,Online,2,11213,0,Credit Card,Completed
O103342,2024-04-23,C5654,P1199,S204,North,Store,5,17589,0,Cash,Completed
O103343,2024-07-12,C6080,P1001,S244,East,Online,2,15566,0,Credit Card,Cancelled
O103344,2025-11-06,C5312,P1082,S239,West,Store,3,8487,0,Cash,Completed
O103345,2025-04-03,C6038,P1056,S205,South,Online,3,17229,402,Credit Card,Completed
O103346,2025-04-29,C6862,P1046,S239,West,Store,3,11020,263,Cash,Cancelled
O103347,2024-07-24,C5544,P1153,S207,North,Store,2,14011,139,UPI,Completed
O103348,2025-05-30,C5782,P1087,S207,North,Online,3,5062,0,UPI,Completed
O103349,2025-05-09,C5645,P1210,S218,North,Online,1,6616,0,Credit Card,Completed
O103350,2025-07-20,C6125,P1241,S208,East,Store,1,19467,0,Credit Card,Cancelled
O103351,2025-09-10,C5313,P1290,S211,West,Store,5,5987,0,Credit Card,Completed
O103352,2024-07-23,C5426,P1190,S205,South,Store,5,22649,0,UPI,Cancelled
O103353,2025-07-26,C5498,P1121,S243,South,Store,1,12001,106,Debit Card,Completed
O103354,2024-07-23,C6872,P1107,S234,East,Store,2,7054,0,UPI,Cancelled
O103355,2025-05-13,C5597,P1105,S233,North,Store,3,10648,0,Credit Card,Completed
O103356,2024-03-07,C5046,P1077,S241,South,Online,4,5894,0,Cash,Completed
O103357,2024-04-14,C6685,P1054,S221,North,Store,3,17956,0,Credit Card,Completed
O103358,2025-02-22,C6905,P1102,S216,East,Store,1,11805,124,UPI,Cancelled
O103359,2025-05-06,C6116,P1273,S244,East,Store,5,17610,397,Cash,Completed
O103360,2025-10-12,C5909,P1104,S230,East,Store,1,18741,0,UPI,Completed
O103361,2024-12-14,C6660,P1293,S219,North,Online,3,19741,208,UPI,Completed
O103362,2025-12-02,C6023,P1114,S202,East,Store,2,15114,0,Debit Card,Cancelled
O103363,2025-10-14,C5559,P1184,S223,West,Store,3,23546,0,Credit Card,Completed
O103364,2025-05-16,C5580,P1199,S222,East,Online,5,17589,0,Credit Card,Completed
O103365,2025-07-11,C6975,P1123,S209,West,Store,3,15348,0,UPI,Cancelled
O103366,2024-08-20,C6010,P1105,S224,East,Store,3,10648,0,Debit Card,Completed
O103367,2024-05-21,C5321,P1082,S219,North,Store,4,8487,0,Credit Card,Cancelled
O103368,2025-08-08,C6758,P1200,S239,West,Store,1,2422,0,Cash,Completed
O103369,2025-06-11,C6004,P1184,S211,West,Store,1,23546,0,Credit Card,Completed
O103370,2025-10-20,C6007,P1290,S240,North,Store,2,5987,0,Debit Card,Completed
O103371,2024-01-19,C6306,P1013,S217,West,Store,4,18762,0,UPI,Cancelled
O103372,2024-03-09,C6639,P1173,S229,South,Store,3,7396,240,Debit Card,Cancelled
O103373,2024-08-08,C5816,P1173,S207,North,Online,2,7396,436,Cash,Completed
O103374,2025-10-11,C5384,P1236,S226,North,Store,3,1650,0,Cash,Completed
O103375,2025-09-19,C5400,P1056,S207,North,Store,2,17229,0,UPI,Completed
O103376,2024-01-27,C5907,P1181,S225,South,Online,3,4623,0,Cash,Completed
O103377,2024-04-17,C5900,P1019,S211,West,Store,2,11005,0,Credit Card,Completed
O103378,2024-12-23,C5772,P1133,S240,North,Online,2,14458,86,Cash,Completed
O103379,2025-07-12,C6628,P1279,S200,West,Online,3,5899,461,Debit Card,Completed
O103380,2024-11-12,C6075,P1167,S204,North,Online,4,14354,110,Debit Card,Completed
O103381,2024-09-12,C6524,P1218,S202,East,Store,4,15354,0,Debit Card,Completed
O103382,2025-11-23,C5143,P1073,S225,South,Store,5,5249,0,Cash,Completed
O103383,2024-01-07,C6331,P1254,S204,North,Store,5,18521,209,UPI,Completed
O103384,2024-10-11,C5166,P1138,S230,East,Store,2,8919,0,Debit Card,Completed
O103385,2024-11-11,C6390,P1114,S221,North,Online,2,15114,0,UPI,Completed
O103386,2024-09-06,C6467,P1130,S218,North,Online,3,9394,228,UPI,Cancelled
O103387,2025-01-06,C5376,P1159,S204,North,Store,4,18152,0,Credit Card,Completed
O103388,2024-03-19,C6599,P1268,S240,North,Store,2,5770,124,Credit Card,Completed
O103389,2024-01-09,C6022,P1159,S236,West,Online,2,18152,390,Cash,Completed
O103390,2025-02-17,C5216,P1121,S242,North,Online,2,12001,0,Debit Card,Completed
O103391,2024-04-19,C6747,P1132,S248,West,Store,5,19210,446,UPI,Completed
O103392,2024-10-25,C5269,P1281,S205,South,Store,3,12731,0,Cash,Completed
O103393,2024-12-20,C6705,P1107,S204,North,Store,2,7054,314,Debit Card,Completed
O103394,2024-02-05,C6459,P1178,S210,North,Online,2,8635,0,Credit Card,Completed
O103395,2025-10-11,C5548,P1048,S222,East,Online,5,16836,0,Debit Card,Completed
O103396,2025-09-26,C6403,P1011,S225,South,Store,5,6770,0,Cash,Completed
O103397,2024-12-30,C5579,P1014,S244,East,Online,1,6858,190,UPI,Completed
O103398,2025-09-21,C5545,P1150,S235,North,Store,4,7422,447,Debit Card,Completed
O103399,2024-09-19,C6310,P1171,S223,West,Online,4,20278,0,Cash,Completed
O103400,2025-07-24,C5958,P1070,S212,West,Online,3,3836,0,Credit Card,Completed
O103401,2024-04-08,C5240,P1167,S248,West,Store,4,14354,0,Cash,Completed
O103402,2024-08-08,C5776,P1065,S203,East,Online,4,3007,0,UPI,Cancelled
O103403,2024-10-12,C6012,P1211,S245,East,Store,4,17552,0,Credit Card,Completed
O103404,2023-12-31,C6376,P1022,S209,West,Store,2,14533,0,Debit Card,Cancelled
O103405,2024-04-18,C5079,P1286,S208,East,Online,2,1267,480,Debit Card,Completed
O103406,2025-10-20,C6304,P1211,S229,South,Store,5,17552,0,Credit Card,Completed
O103407,2024-11-23,C6659,P1189,S211,West,Store,3,23820,496,Credit Card,Completed
O103408,2024-07-14,C5974,P1207,S231,North,Store,1,17879,0,Credit Card,Completed
O103409,2025-03-09,C5240,P1096,S223,West,Store,4,16951,305,Credit Card,Completed
O103410,2024-03-04,C6208,P1286,S223,West,Store,3,1267,0,Debit Card,Completed
O103411,2025-04-20,C5005,P1064,S244,East,Online,3,13395,0,Cash,Completed
O103412,2024-12-12,C6427,P1024,S225,South,Online,4,15591,0,Credit Card,Completed
O103413,2025-06-27,C6608,P1083,S225,South,Store,2,7188,330,Cash,Completed
O103414,2024-06-01,C6986,P1128,S215,East,Store,5,10078,0,UPI,Cancelled
O103415,2024-09-08,C5283,P1011,S238,East,Store,1,6770,0,Cash,Completed
O103416,2025-12-21,C6649,P1158,S218,North,Online,1,18699,0,Credit Card,Completed
O103417,2025-04-12,C5620,P1000,S208,East,Online,5,5850,0,UPI,Completed
O103418,2025-03-20,C5597,P1278,S211,West,Store,2,19013,0,Debit Card,Completed
O103419,2025-09-28,C5863,P1069,S202,East,Store,2,10947,0,Credit Card,Completed
O103420,2025-12-04,C6868,P1120,S223,West,Store,1,20523,129,Debit Card,Completed
O103421,2024-07-27,C5048,P1042,S249,East,Store,1,20007,0,Credit Card,Completed
O103422,2025-06-04,C6453,P1208,S203,East,Online,1,11265,0,Cash,Completed
O103423,2024-07-31,C6768,P1147,S241,South,Store,1,10106,0,Credit Card,Completed
O103424,2024-03-01,C6547,P1015,S226,North,Online,1,19492,0,Credit Card,Completed
O103425,2025-03-08,C5927,P1173,S244,East,Store,2,7396,0,UPI,Completed
O103426,2024-09-18,C5939,P1122,S231,North,Store,3,4929,0,Credit Card,Completed
O103427,2024-04-03,C5700,P1169,S233,North,Online,5,5160,0,Cash,Completed
O103428,2025-02-26,C6808,P1149,S214,West,Online,5,12341,493,Cash,Completed
O103429,2024-09-23,C5176,P1284,S245,East,Store,1,13277,0,UPI,Completed
O103430,2025-12-23,C6435,P1105,S224,East,Store,3,10648,0,Debit Card,Completed
O103431,2025-07-31,C6803,P1222,S203,East,Online,5,15054,0,UPI,Completed
O103432,2024-08-15,C5629,P1255,S200,West,Store,1,14851,0,Cash,Completed
O103433,2024-01-10,C6485,P1069,S232,North,Store,4,10947,0,Debit Card,Completed
O103434,2024-03-27,C6542,P1224,S202,East,Store,5,21622,0,Credit Card,Completed
O103435,2025-09-20,C5620,P1094,S223,West,Online,3,3783,67,UPI,Completed
O103436,2025-06-10,C6624,P1028,S229,South,Online,5,7958,0,Credit Card,Cancelled
O103437,2024-11-01,C5156,P1213,S212,West,Store,5,14282,0,Debit Card,Cancelled
O103438,2024-08-06,C6151,P1260,S224,East,Online,5,1933,0,Cash,Completed
O103439,2024-09-26,C5733,P1083,S213,North,Store,1,7188,0,Debit Card,Completed
O103440,2025-04-20,C5965,P1064,S229,South,Store,2,13395,0,Debit Card,Completed
O103441,2024-04-05,C5220,P1031,S200,West,Store,5,6951,0,Cash,Completed
O103442,2025-01-04,C5301,P1212,S246,North,Online,5,21743,0,Debit Card,Completed
O103443,2025-07-08,C6945,P1247,S208,East,Store,2,15686,0,Debit Card,Completed
O103444,2024-01-17,C5834,P1012,S241,South,Store,4,20263,0,UPI,Completed
O103445,2025-11-19,C5837,P1015,S226,North,Online,1,19492,0,Debit Card,Completed
O103446,2024-06-21,C5223,P1146,S221,North,Online,5,13303,0,Credit Card,Cancelled
O103447,2024-02-21,C5998,P1223,S210,North,Store,4,4729,0,UPI,Cancelled
O103448,2024-09-27,C5496,P1097,S212,West,Store,5,8915,0,Credit Card,Completed
O103449,2024-01-25,C5519,P1129,S237,North,Store,4,5589,0,Cash,Completed
O103450,2024-05-10,C5380,P1201,S233,North,Online,5,6002,0,Cash,Completed
O103451,2024-11-05,C5375,P1183,S247,North,Store,3,3139,0,Credit Card,Completed
O103452,2024-03-06,C5487,P1054,S231,North,Store,2,17956,0,Credit Card,Completed
O103453,2025-06-29,C5886,P1122,S210,North,Online,5,4929,0,Credit Card,Completed
O103454,2025-05-23,C6880,P1166,S232,North,Online,5,1640,178,Cash,Cancelled
O103455,2024-06-03,C5800,P1131,S219,North,Online,1,20406,0,Cash,Completed
O103456,2024-03-16,C5382,P1039,S212,West,Store,1,3162,0,Credit Card,Cancelled
O103457,2025-05-12,C5145,P1227,S236,West,Store,3,5382,0,Credit Card,Completed
O103458,2025-06-11,C5578,P1041,S237,North,Store,5,15445,0,Credit Card,Completed
O103459,2025-12-09,C6751,P1116,S204,North,Store,1,5919,0,Cash,Completed
O103460,2024-05-01,C6533,P1092,S236,West,Online,3,9784,0,Credit Card,Completed
O103461,2025-08-03,C5490,P1037,S229,South,Online,1,17516,0,UPI,Completed
O103462,2025-04-04,C5175,P1273,S226,North,Store,2,17610,0,Debit Card,Completed
O103463,2024-08-20,C6172,P1143,S221,North,Online,1,8850,0,Cash,Completed
O103464,2025-10-11,C6636,P1048,S220,South,Store,3,16836,158,Cash,Completed
O103465,2024-12-01,C6834,P1279,S249,East,Store,5,5899,0,Debit Card,Cancelled
O103466,2025-11-23,C5791,P1295,S204,North,Store,1,3337,0,Credit Card,Completed
O103467,2024-07-03,C5830,P1069,S213,North,Store,1,10947,0,Credit Card,Cancelled
O103468,2024-10-18,C5433,P1037,S212,West,Store,4,17516,172,Cash,Completed
O103469,2024-09-19,C5953,P1090,S213,North,Online,2,6496,0,UPI,Completed
O103470,2024-09-21,C6077,P1280,S227,North,Online,1,17740,248,UPI,Completed
O103471,2025-11-24,C5910,P1006,S236,West,Online,1,17945,0,Credit Card,Completed
O103472,2025-06-17,C6913,P1074,S211,West,Store,1,5321,0,Cash,Completed
O103473,2024-08-16,C6769,P1202,S214,West,Online,3,15754,136,UPI,Completed
O103474,2025-06-26,C5465,P1177,S232,North,Online,1,4568,0,UPI,Cancelled
O103475,2025-05-10,C5075,P1280,S236,West,Store,3,17740,0,UPI,Completed
O103476,2024-08-10,C6414,P1124,S225,South,Online,5,18693,0,Credit Card,Completed
O103477,2024-09-17,C6036,P1102,S244,East,Store,3,11805,0,Debit Card,Completed
O103478,2024-11-26,C5893,P1069,S211,West,Online,2,10947,0,Cash,Completed
O103479,2025-11-24,C6931,P1107,S212,West,Online,2,7054,0,Cash,Completed
O103480,2024-06-07,C6140,P1116,S236,West,Online,1,5919,0,UPI,Completed
O103481,2025-08-07,C6393,P1233,S228,South,Online,5,12833,0,Cash,Completed
O103482,2024-07-27,C5155,P1224,S222,East,Store,1,21622,0,UPI,Completed
O103483,2025-07-16,C5611,P1027,S238,East,Online,5,5053,114,Debit Card,Completed
O103484,2024-01-11,C6441,P1106,S245,East,Store,5,16729,0,Credit Card,Completed
O103485,2025-10-28,C5939,P1152,S233,North,Online,1,11737,0,Credit Card,Cancelled
O103486,2025-08-15,C6194,P1116,S247,North,Online,3,5919,0,Debit Card,Cancelled
O103487,2025-09-06,C6348,P1177,S233,North,Online,1,4568,0,UPI,Completed
O103488,2024-08-07,C6366,P1171,S220,South,Store,2,20278,0,UPI,Cancelled
O103489,2024-05-19,C6369,P1248,S202,East,Store,3,13480,0,UPI,Completed
O103490,2024-02-23,C6138,P1027,S206,South,Online,1,5053,0,UPI,Completed
O103491,2024-03-15,C6989,P1232,S232,North,Online,2,4324,0,Cash,Completed
O103492,2025-05-31,C5327,P1071,S217,West,Store,5,5086,0,UPI,Completed
O103493,2024-08-04,C6007,P1186,S239,West,Online,1,14983,0,Credit Card,Cancelled
O103494,2025-07-12,C6729,P1204,S240,North,Online,2,3675,0,UPI,Completed
O103495,2024-11-27,C6440,P1179,S244,East,Online,3,19591,348,Credit Card,Completed
O103496,2025-05-02,C6347,P1278,S229,South,Online,1,19013,0,UPI,Completed
O103497,2024-01-31,C6158,P1153,S236,West,Store,1,14011,0,Cash,Completed
O103498,2024-10-16,C5982,P1256,S240,North,Store,1,8546,315,UPI,Cancelled
O103499,2025-07-10,C6164,P1049,S208,East,Online,1,4384,0,Debit Card,Completed
O103500,2024-08-01,C5088,P1185,S227,North,Store,4,7628,194,Debit Card,Completed
O103501,2025-11-12,C5619,P1078,S211,West,Online,2,23389,0,Credit Card,Cancelled
O103502,2024-05-28,C6162,P1203,S238,East,Online,3,17152,0,Credit Card,Completed
O103503,2025-06-03,C5963,P1238,S222,East,Online,1,18960,0,Cash,Cancelled
O103504,2024-01-22,C6725,P1287,S218,North,Store,4,21054,194,UPI,Completed
O103505,2024-02-15,C6614,P1052,S244,East,Store,4,13741,404,Debit Card,Completed
O103506,2024-09-19,C6305,P1282,S235,North,Store,1,19507,0,Cash,Completed
O103507,2025-06-06,C5168,P1070,S212,West,Store,4,3836,123,Cash,Completed
O103508,2025-02-21,C5059,P1073,S203,East,Online,3,5249,0,Debit Card,Completed
O103509,2025-12-04,C6649,P1153,S235,North,Store,3,14011,231,UPI,Completed
O103510,2025-12-16,C6843,P1280,S235,North,Store,4,17740,0,Cash,Cancelled
O103511,2024-11-22,C5626,P1069,S244,East,Online,2,10947,0,Credit Card,Completed
O103512,2025-05-19,C6909,P1034,S236,West,Store,1,9778,0,Credit Card,Completed
O103513,2024-04-18,C5348,P1031,S246,North,Online,4,6951,0,Credit Card,Completed
O103514,2024-08-10,C5911,P1119,S210,North,Store,1,20033,0,UPI,Completed
O103515,2024-08-26,C5323,P1000,S212,West,Online,5,5850,0,Debit Card,Cancelled
O103516,2024-03-03,C6074,P1084,S211,West,Store,2,18967,0,Cash,Cancelled
O103517,2024-05-04,C6502,P1120,S237,North,Online,2,20523,411,Debit Card,Cancelled
O103518,2024-07-21,C6600,P1074,S247,North,Store,1,5321,0,Cash,Completed
O103519,2024-01-06,C5241,P1188,S236,West,Store,5,15328,101,Debit Card,Completed
O103520,2024-09-05,C5836,P1274,S238,East,Online,4,20728,0,Debit Card,Completed
O103521,2024-11-27,C5102,P1134,S230,East,Store,4,8636,0,Credit Card,Completed
O103522,2025-07-12,C6571,P1077,S237,North,Online,5,5894,0,UPI,Completed
O103523,2025-01-18,C5129,P1134,S224,East,Store,3,8636,405,Debit Card,Completed
O103524,2025-06-06,C5537,P1004,S240,North,Store,3,6831,0,Cash,Completed
O103525,2025-08-05,C5659,P1102,S200,West,Online,1,11805,485,Credit Card,Cancelled
O103526,2025-10-30,C6330,P1169,S219,North,Online,1,5160,0,Debit Card,Completed
O103527,2024-04-18,C6859,P1289,S206,South,Online,4,16378,0,Cash,Cancelled
O103528,2025-02-19,C6046,P1236,S207,North,Online,3,1650,0,Debit Card,Completed
O103529,2024-07-12,C5739,P1202,S242,North,Store,4,15754,0,Cash,Completed
O103530,2025-03-11,C5974,P1121,S226,North,Store,2,12001,342,Cash,Cancelled
O103531,2025-06-05,C5580,P1122,S234,East,Store,1,4929,0,Cash,Completed
O103532,2024-04-01,C5311,P1272,S200,West,Store,3,21727,0,Cash,Completed
O103533,2024-06-22,C6742,P1123,S205,South,Online,2,15348,326,Credit Card,Cancelled
O103534,2024-05-19,C6783,P1256,S206,South,Online,4,8546,0,Cash,Cancelled
O103535,2024-07-19,C5855,P1212,S246,North,Store,5,21743,0,Debit Card,Completed
O103536,2025-07-14,C6450,P1249,S246,North,Online,5,17145,0,UPI,Cancelled
O103537,2024-11-06,C5421,P1112,S249,East,Store,2,14915,0,Credit Card,Completed
O103538,2024-12-12,C6406,P1188,S224,East,Store,3,15328,0,Debit Card,Completed
O103539,2024-12-25,C5342,P1158,S212,West,Store,1,18699,241,UPI,Completed
O103540,2025-08-25,C5372,P1211,S229,South,Store,1,17552,0,Cash,Completed
O103541,2024-11-03,C6095,P1196,S213,North,Store,1,13692,0,UPI,Completed
O103542,2024-09-26,C5819,P1296,S241,South,Store,2,10596,0,Cash,Cancelled
O103543,2024-06-07,C5045,P1157,S213,North,Store,4,20469,0,Debit Card,Completed
O103544,2025-03-16,C5694,P1061,S247,North,Store,1,22570,0,Credit Card,Completed
O103545,2024-02-22,C6681,P1097,S225,South,Online,5,8915,0,Cash,Cancelled
O103546,2024-08-06,C6345,P1040,S214,West,Online,4,4205,0,Debit Card,Completed
O103547,2025-09-24,C6450,P1293,S215,East,Online,1,19741,0,Debit Card,Completed
O103548,2025-07-03,C5978,P1099,S228,South,Online,4,17578,0,Credit Card,Cancelled
O103549,2024-08-28,C5651,P1224,S243,South,Store,5,21622,0,Credit Card,Cancelled
O103550,2025-12-19,C5413,P1288,S211,West,Store,3,10267,373,Credit Card,Completed
O103551,2024-08-29,C6727,P1180,S221,North,Online,3,6796,0,Cash,Completed
O103552,2025-07-11,C5577,P1089,S246,North,Online,1,18424,0,Debit Card,Completed
O103553,2025-03-09,C5921,P1166,S249,East,Online,1,1640,0,Credit Card,Completed
O103554,2024-12-15,C6665,P1038,S241,South,Store,1,22462,0,Debit Card,Completed
O103555,2024-08-07,C6516,P1078,S206,South,Store,1,23389,110,Credit Card,Completed
O103556,2024-04-19,C6573,P1142,S225,South,Store,2,11011,332,Debit Card,Completed
O103557,2025-10-05,C6231,P1219,S229,South,Store,4,11028,184,Cash,Completed
O103558,2025-11-29,C5951,P1161,S224,East,Store,4,23914,0,Cash,Completed
O103559,2025-04-18,C5784,P1063,S234,East,Online,5,17739,0,Debit Card,Completed
O103560,2025-12-16,C6898,P1008,S235,North,Online,5,11489,0,UPI,Cancelled
O103561,2025-05-16,C5135,P1179,S233,North,Store,3,19591,0,Debit Card,Completed
O103562,2024-02-22,C5135,P1248,S233,North,Store,1,13480,0,Credit Card,Completed
O103563,2025-06-20,C5031,P1298,S235,North,Store,2,14176,360,Cash,Cancelled
O103564,2025-10-18,C6227,P1040,S241,South,Online,4,4205,127,Cash,Completed
O103565,2025-08-31,C5186,P1085,S205,South,Online,3,5647,0,UPI,Completed
O103566,2024-05-08,C6034,P1210,S247,North,Online,4,6616,0,Debit Card,Completed
O103567,2025-08-18,C6039,P1075,S233,North,Store,1,19286,0,Credit Card,Cancelled
O103568,2023-12-28,C6003,P1163,S222,East,Online,5,11924,0,Cash,Completed
O103569,2025-03-26,C5585,P1183,S231,North,Online,5,3139,0,UPI,Cancelled
O103570,2024-05-09,C5780,P1021,S244,East,Store,1,11470,0,Credit Card,Completed
O103571,2025-08-21,C6834,P1026,S213,North,Online,3,5942,0,UPI,Completed
O103572,2025-02-15,C5829,P1096,S205,South,Store,2,16951,454,UPI,Completed
O103573,2025-02-09,C6417,P1069,S246,North,Online,4,10947,138,Debit Card,Completed
O103574,2024-10-27,C6260,P1065,S227,North,Store,5,3007,0,Credit Card,Completed
O103575,2024-05-04,C6263,P1046,S223,West,Store,4,11020,0,Cash,Completed
O103576,2024-11-11,C6836,P1003,S249,East,Store,2,1494,0,Debit Card,Completed
O103577,2025-10-05,C5925,P1091,S206,South,Online,2,12784,0,UPI,Cancelled
O103578,2024-07-27,C6765,P1256,S246,North,Online,2,8546,217,Credit Card,Completed
O103579,2025-08-11,C6452,P1219,S228,South,Store,2,11028,0,Debit Card,Completed
O103580,2025-02-15,C6981,P1195,S201,South,Store,2,2809,0,Credit Card,Cancelled
O103581,2024-04-26,C5321,P1220,S246,North,Online,2,15484,0,Credit Card,Cancelled
O103582,2024-04-24,C5190,P1044,S204,North,Store,2,11357,0,UPI,Completed
O103583,2024-12-04,C6366,P1022,S212,West,Store,4,14533,0,Credit Card,Completed
O103584,2025-12-24,C5773,P1227,S238,East,Online,3,5382,0,Cash,Completed
O103585,2025-10-28,C6399,P1208,S241,South,Store,1,11265,381,Credit Card,Cancelled
O103586,2025-09-07,C5399,P1148,S248,West,Online,1,10231,0,Cash,Completed
O103587,2025-03-18,C6602,P1238,S240,North,Online,4,18960,0,Cash,Completed
O103588,2024-07-02,C6165,P1144,S237,North,Online,1,21604,362,UPI,Completed
O103589,2025-12-23,C6978,P1020,S200,West,Online,5,10169,334,Cash,Completed
O103590,2025-03-27,C6270,P1087,S213,North,Store,3,5062,0,Credit Card,Cancelled
O103591,2025-02-03,C6336,P1179,S233,North,Store,4,19591,0,Debit Card,Completed
O103592,2024-02-16,C5209,P1038,S248,West,Online,1,22462,0,Credit Card,Completed
O103593,2025-09-06,C5952,P1124,S211,West,Store,1,18693,0,UPI,Completed
O103594,2024-12-14,C6042,P1177,S211,West,Store,5,4568,280,Debit Card,Completed
O103595,2024-02-12,C5969,P1028,S225,South,Store,3,7958,0,UPI,Completed
O103596,2024-03-24,C6286,P1285,S247,North,Store,3,20596,68,Debit Card,Cancelled
O103597,2024-11-23,C5289,P1188,S242,North,Store,1,15328,0,Credit Card,Cancelled
O103598,2025-07-18,C6025,P1033,S239,West,Store,4,16111,0,Cash,Completed
O103599,2024-04-14,C5999,P1293,S206,South,Store,2,19741,0,Credit Card,Cancelled
O103600,2025-08-18,C5066,P1275,S207,North,Online,2,22022,387,Cash,Completed
O103601,2024-06-21,C5289,P1171,S210,North,Store,5,20278,0,Cash,Completed
O103602,2024-12-28,C5059,P1007,S224,East,Store,2,15969,0,Credit Card,Completed
O103603,2025-06-14,C5508,P1009,S244,East,Store,3,15817,0,Cash,Completed
O103604,2024-06-27,C6379,P1072,S223,West,Online,1,11213,266,Credit Card,Completed
O103605,2024-06-23,C6482,P1232,S244,East,Store,3,4324,0,Debit Card,Cancelled
O103606,2025-10-18,C6721,P1040,S202,East,Online,4,4205,0,Credit Card,Completed
O103607,2024-11-05,C6920,P1186,S229,South,Online,3,14983,0,Debit Card,Completed
O103608,2025-03-12,C5673,P1175,S220,South,Store,2,20666,0,UPI,Completed
O103609,2025-07-09,C6705,P1064,S236,West,Store,3,13395,175,UPI,Completed
O103610,2024-09-14,C5017,P1253,S217,West,Store,2,20605,217,Debit Card,Completed
O103611,2025-03-03,C6837,P1035,S224,East,Online,4,21802,0,Credit Card,Completed
O103612,2024-07-01,C5307,P1245,S210,North,Store,2,3373,0,Credit Card,Cancelled
O103613,2025-04-18,C6681,P1149,S232,North,Store,1,12341,178,Cash,Completed
O103614,2025-06-03,C5050,P1025,S241,South,Online,2,8362,0,Credit Card,Completed
O103615,2025-11-25,C5781,P1123,S211,West,Online,2,15348,403,Debit Card,Completed
O103616,2024-07-30,C6294,P1094,S224,East,Store,3,3783,0,Cash,Completed
O103617,2025-09-11,C6341,P1274,S205,South,Store,1,20728,0,Cash,Completed
O103618,2025-12-19,C6874,P1292,S230,East,Store,4,23214,0,Cash,Completed
O103619,2024-11-25,C6073,P1202,S239,West,Online,1,15754,0,Credit Card,Completed
O103620,2025-10-10,C5615,P1158,S246,North,Online,4,18699,0,Debit Card,Completed
O103621,2024-01-23,C6249,P1227,S229,South,Store,3,5382,0,Credit Card,Completed
O103622,2024-10-27,C5937,P1183,S222,East,Store,4,3139,0,Credit Card,Completed
O103623,2025-04-09,C6341,P1152,S242,North,Online,3,11737,247,Debit Card,Completed
O103624,2024-11-03,C5814,P1213,S235,North,Store,5,14282,0,UPI,Completed
O103625,2024-08-30,C6084,P1110,S248,West,Store,1,5745,405,Credit Card,Cancelled
O103626,2024-12-09,C5879,P1175,S244,East,Store,4,20666,0,Debit Card,Completed
O103627,2025-04-15,C5301,P1125,S203,East,Online,1,8150,486,UPI,Completed
O103628,2025-08-30,C6175,P1107,S209,West,Online,2,7054,0,Credit Card,Completed
O103629,2025-06-27,C5842,P1252,S240,North,Online,3,17202,0,Credit Card,Completed
O103630,2025-03-21,C6959,P1124,S222,East,Online,5,18693,0,Debit Card,Completed
O103631,2024-01-15,C5393,P1294,S231,North,Store,4,16364,0,Debit Card,Completed
O103632,2025-08-12,C5077,P1252,S212,West,Store,1,17202,0,UPI,Completed
O103633,2025-07-23,C5238,P1014,S206,South,Online,1,6858,0,Credit Card,Completed
O103634,2024-07-23,C5583,P1049,S234,East,Online,4,4384,167,Debit Card,Completed
O103635,2024-02-10,C6106,P1116,S219,North,Store,2,5919,250,UPI,Completed
O103636,2024-08-14,C5457,P1032,S212,West,Online,3,2864,417,UPI,Completed
O103637,2024-11-08,C6602,P1005,S210,North,Online,4,15987,0,Cash,Cancelled
O103638,2024-06-22,C6608,P1221,S238,East,Store,3,17898,420,Cash,Completed
O103639,2024-05-17,C6861,P1258,S244,East,Online,4,21780,0,Credit Card,Completed
O103640,2025-09-21,C6821,P1212,S208,East,Online,5,21743,250,Cash,Completed
O103641,2025-03-24,C6967,P1016,S222,East,Store,4,11602,0,UPI,Completed
O103642,2025-01-26,C6286,P1041,S232,North,Store,1,15445,0,Debit Card,Completed
O103643,2025-04-24,C5646,P1228,S234,East,Store,3,13342,346,Debit Card,Completed
O103644,2025-10-23,C5436,P1170,S224,East,Store,1,13196,0,UPI,Cancelled
O103645,2025-10-08,C6277,P1089,S216,East,Online,1,18424,0,UPI,Completed
O103646,2025-07-14,C6971,P1264,S210,North,Store,3,5155,0,Credit Card,Completed
O103647,2024-03-21,C6746,P1196,S219,North,Online,1,13692,0,Debit Card,Cancelled
O103648,2025-05-16,C5191,P1073,S242,North,Store,4,5249,0,Cash,Completed
O103649,2024-06-07,C6643,P1268,S248,West,Store,2,5770,0,Credit Card,Completed
O103650,2025-08-15,C5456,P1130,S212,West,Store,4,9394,315,Debit Card,Completed
O103651,2025-07-09,C6865,P1277,S201,South,Online,3,2790,0,Cash,Completed
O103652,2025-11-16,C6771,P1137,S204,North,Online,4,8938,0,UPI,Cancelled
O103653,2025-06-18,C5700,P1264,S234,East,Store,3,5155,0,Debit Card,Completed
O103654,2024-05-03,C5061,P1288,S219,North,Online,4,10267,493,Cash,Completed
O103655,2024-04-30,C6536,P1264,S219,North,Store,1,5155,0,Credit Card,Cancelled
O103656,2024-10-20,C6906,P1095,S248,West,Online,5,13952,0,UPI,Cancelled
O103657,2024-06-01,C5439,P1066,S235,North,Online,2,17713,286,UPI,Cancelled
O103658,2024-04-15,C6890,P1087,S247,North,Store,3,5062,482,Debit Card,Completed
O103659,2025-07-20,C6474,P1187,S231,North,Store,3,10875,0,Credit Card,Cancelled
O103660,2024-04-30,C5803,P1017,S248,West,Online,3,16288,279,Debit Card,Completed
O103661,2025-10-29,C5958,P1293,S211,West,Store,5,19741,0,Debit Card,Cancelled
O103662,2025-08-09,C6331,P1000,S207,North,Store,5,5850,365,UPI,Completed
O103663,2024-09-24,C6950,P1003,S238,East,Store,1,1494,0,Credit Card,Completed
O103664,2025-10-12,C6703,P1040,S231,North,Store,1,4205,492,UPI,Completed
O103665,2025-01-18,C6513,P1280,S221,North,Store,1,17740,490,Credit Card,Completed
O103666,2024-09-19,C5184,P1262,S225,South,Online,3,11478,0,Debit Card,Cancelled
O103667,2024-02-19,C6357,P1212,S230,East,Online,3,21743,0,Debit Card,Completed
O103668,2024-05-26,C5694,P1033,S236,West,Store,2,16111,0,Cash,Completed
O103669,2025-01-31,C6249,P1177,S206,South,Online,1,4568,0,UPI,Cancelled
O103670,2024-06-30,C5552,P1262,S224,East,Online,4,11478,106,Credit Card,Cancelled
O103671,2024-01-26,C6925,P1033,S213,North,Online,1,16111,0,Debit Card,Cancelled
O103672,2024-08-13,C6495,P1250,S227,North,Online,4,4746,0,Credit Card,Completed
O103673,2025-06-01,C5065,P1241,S229,South,Store,5,19467,0,Cash,Completed
O103674,2024-07-23,C5025,P1232,S227,North,Online,2,4324,0,UPI,Cancelled
O103675,2025-08-06,C6692,P1116,S211,West,Online,1,5919,0,Debit Card,Completed
O103676,2025-07-24,C6993,P1029,S206,South,Online,2,21239,281,Credit Card,Cancelled
O103677,2025-12-19,C5293,P1294,S213,North,Online,4,16364,258,UPI,Cancelled
O103678,2024-01-12,C6518,P1213,S221,North,Online,3,14282,0,Debit Card,Completed
O103679,2024-08-07,C5921,P1060,S238,East,Online,3,10490,0,UPI,Cancelled
O103680,2024-01-14,C5804,P1034,S232,North,Store,2,9778,0,Cash,Cancelled
O103681,2024-11-18,C6065,P1070,S229,South,Online,1,3836,0,Debit Card,Completed
O103682,2024-02-19,C6960,P1176,S202,East,Online,1,14974,87,UPI,Cancelled
O103683,2024-03-06,C6490,P1140,S242,North,Online,5,18510,0,Cash,Completed
O103684,2025-12-20,C6310,P1021,S248,West,Store,4,11470,0,UPI,Cancelled
O103685,2025-03-25,C6578,P1031,S236,West,Store,5,6951,0,UPI,Completed
O103686,2025-02-07,C5504,P1114,S240,North,Store,5,15114,491,Cash,Completed
O103687,2025-06-02,C6542,P1118,S214,West,Online,2,23140,492,Cash,Completed
O103688,2025-10-10,C5050,P1296,S231,North,Store,2,10596,0,Debit Card,Completed
O103689,2024-08-24,C5613,P1189,S200,West,Store,4,23820,0,Cash,Cancelled
O103690,2025-10-17,C6789,P1137,S211,West,Online,3,8938,368,UPI,Completed
O103691,2025-11-14,C6273,P1152,S234,East,Store,5,11737,391,Credit Card,Cancelled
O103692,2025-04-09,C5569,P1011,S245,East,Online,3,6770,0,Debit Card,Completed
O103693,2024-02-18,C6698,P1191,S217,West,Store,5,13093,440,Debit Card,Completed
O103694,2024-07-07,C5221,P1083,S225,South,Store,5,7188,0,Credit Card,Cancelled
O103695,2025-09-18,C6980,P1218,S249,East,Store,4,15354,101,Cash,Cancelled
O103696,2025-09-16,C5419,P1255,S246,North,Online,1,14851,0,UPI,Completed
O103697,2025-05-26,C5408,P1134,S233,North,Online,5,8636,0,UPI,Completed
O103698,2024-05-21,C6861,P1157,S208,East,Online,4,20469,0,Cash,Completed
O103699,2024-03-22,C6484,P1175,S231,North,Store,4,20666,0,Debit Card,Completed
O103700,2024-09-07,C6274,P1024,S247,North,Online,1,15591,0,Credit Card,Completed
O103701,2024-06-06,C5442,P1293,S236,West,Store,3,19741,0,Cash,Cancelled
O103702,2024-12-16,C5322,P1244,S217,West,Store,2,5773,136,Debit Card,Completed
O103703,2025-02-04,C6553,P1247,S228,South,Online,2,15686,0,UPI,Cancelled
O103704,2024-02-25,C6561,P1195,S230,East,Store,5,2809,0,UPI,Cancelled
O103705,2025-04-20,C6690,P1025,S216,East,Online,2,8362,0,Credit Card,Completed
O103706,2025-02-04,C6869,P1076,S246,North,Online,5,16951,0,Cash,Completed
O103707,2024-06-11,C5946,P1021,S200,West,Store,4,11470,77,UPI,Completed
O103708,2024-12-08,C6059,P1115,S225,South,Store,1,20308,0,UPI,Completed
O103709,2025-08-29,C6442,P1168,S213,North,Store,5,11993,0,Debit Card,Completed
O103710,2024-06-10,C5013,P1226,S239,West,Store,1,19224,373,UPI,Completed
O103711,2025-12-13,C5785,P1287,S214,West,Online,2,21054,0,Cash,Completed
O103712,2025-11-08,C6152,P1157,S227,North,Online,1,20469,0,UPI,Completed
O103713,2025-12-15,C5669,P1066,S223,West,Online,3,17713,0,UPI,Completed
O103714,2025-10-12,C5182,P1015,S226,North,Store,3,19492,0,Credit Card,Cancelled
O103715,2025-07-02,C5912,P1123,S223,West,Online,2,15348,0,Cash,Completed
O103716,2024-05-18,C6302,P1200,S226,North,Online,2,2422,0,Credit Card,Completed
O103717,2024-08-28,C6987,P1298,S241,South,Store,2,14176,358,UPI,Completed
O103718,2024-02-11,C6766,P1279,S221,North,Online,5,5899,0,UPI,Completed
O103719,2025-03-28,C5030,P1180,S241,South,Store,5,6796,0,Cash,Completed
O103720,2024-12-15,C6220,P1023,S211,West,Online,3,11148,0,Cash,Completed
O103721,2024-01-28,C5244,P1079,S243,South,Online,3,9159,0,Cash,Completed
O103722,2025-08-19,C5307,P1279,S223,West,Store,5,5899,0,Cash,Completed
O103723,2024-12-11,C6577,P1250,S213,North,Online,4,4746,470,UPI,Cancelled
O103724,2024-04-29,C5980,P1229,S245,East,Store,1,23069,0,UPI,Completed
O103725,2024-01-29,C5551,P1190,S239,West,Online,2,22649,392,UPI,Completed
O103726,2024-09-26,C5202,P1084,S213,North,Online,4,18967,0,Debit Card,Completed
O103727,2024-02-29,C6019,P1126,S207,North,Online,2,13666,0,Debit Card,Cancelled
O103728,2025-01-23,C6601,P1052,S236,West,Store,3,13741,0,Cash,Cancelled
O103729,2025-01-30,C6152,P1265,S234,East,Store,3,11992,448,Credit Card,Completed
O103730,2024-08-31,C6284,P1208,S228,South,Store,5,11265,436,Credit Card,Completed
O103731,2025-07-16,C5625,P1248,S226,North,Store,2,13480,305,Cash,Completed
O103732,2024-07-08,C6925,P1244,S240,North,Online,3,5773,314,Cash,Cancelled
O103733,2024-05-27,C5602,P1068,S222,East,Store,2,11524,0,UPI,Completed
O103734,2025-09-25,C6569,P1166,S203,East,Store,3,1640,0,Debit Card,Cancelled
O103735,2025-11-24,C6194,P1173,S247,North,Store,2,7396,354,Credit Card,Completed
O103736,2024-11-05,C6432,P1209,S209,West,Store,1,14912,0,Debit Card,Completed
O103737,2025-06-01,C6333,P1068,S245,East,Online,3,11524,0,Debit Card,Completed
O103738,2025-12-27,C6970,P1185,S242,North,Online,1,7628,0,Credit Card,Completed
O103739,2024-05-04,C5115,P1035,S205,South,Store,2,21802,0,Debit Card,Completed
O103740,2025-09-28,C5184,P1023,S200,West,Online,3,11148,371,UPI,Completed
O103741,2025-07-30,C6932,P1024,S204,North,Online,5,15591,0,Cash,Cancelled
O103742,2024-03-08,C6673,P1269,S242,North,Store,3,4684,0,Credit Card,Completed
O103743,2024-05-01,C5789,P1226,S218,North,Online,5,19224,0,Debit Card,Completed
O103744,2025-04-04,C5639,P1232,S200,West,Online,5,4324,495,Credit Card,Cancelled
O103745,2024-04-07,C5441,P1194,S239,West,Store,3,10696,0,Credit Card,Completed
O103746,2025-07-27,C6967,P1019,S248,West,Online,4,11005,0,Cash,Completed
O103747,2025-03-31,C5512,P1209,S208,East,Store,3,14912,0,Debit Card,Completed
O103748,2025-01-27,C5235,P1234,S239,West,Online,1,5302,438,Cash,Completed
O103749,2024-02-24,C5507,P1208,S243,South,Online,4,11265,265,UPI,Completed
O103750,2024-09-19,C5439,P1106,S222,East,Online,1,16729,0,Credit Card,Cancelled
O103751,2024-07-28,C5538,P1185,S245,East,Online,1,7628,0,Debit Card,Cancelled
O103752,2024-01-28,C6053,P1222,S232,North,Online,5,15054,51,Credit Card,Cancelled
O103753,2025-03-16,C5480,P1122,S206,South,Store,2,4929,163,Cash,Completed
O103754,2024-02-25,C5541,P1291,S248,West,Store,4,12542,0,Debit Card,Completed
O103755,2025-03-28,C6086,P1070,S224,East,Online,4,3836,0,Credit Card,Completed
O103756,2025-08-22,C5307,P1181,S212,West,Store,2,4623,0,Cash,Completed
O103757,2024-03-13,C5953,P1160,S217,West,Online,5,17020,343,Credit Card,Completed
O103758,2024-11-05,C6310,P1071,S247,North,Store,1,5086,0,Debit Card,Completed
O103759,2025-11-15,C6285,P1026,S248,West,Store,5,5942,163,Cash,Cancelled
O103760,2024-12-03,C6578,P1232,S213,North,Online,2,4324,0,Debit Card,Completed
O103761,2024-10-16,C6365,P1257,S242,North,Online,4,18316,103,Credit Card,Completed
O103762,2024-11-17,C5201,P1019,S235,North,Online,4,11005,0,UPI,Cancelled
O103763,2024-01-25,C5752,P1247,S220,South,Store,4,15686,0,Cash,Completed
O103764,2024-08-21,C5649,P1063,S223,West,Online,5,17739,0,Credit Card,Completed
O103765,2024-08-10,C6767,P1156,S206,South,Store,2,14997,0,Credit Card,Completed
O103766,2025-03-06,C5708,P1087,S246,North,Online,1,5062,0,Credit Card,Completed
O103767,2024-09-19,C6359,P1152,S223,West,Online,3,11737,0,Debit Card,Completed
O103768,2024-01-05,C6466,P1075,S244,East,Store,2,19286,134,UPI,Completed
O103769,2024-07-15,C5709,P1121,S247,North,Online,1,12001,355,UPI,Completed
O103770,2025-03-08,C6009,P1279,S236,West,Online,3,5899,0,Credit Card,Completed
O103771,2024-02-08,C6916,P1140,S230,East,Store,3,18510,0,Credit Card,Completed
O103772,2025-07-08,C6736,P1151,S224,East,Store,4,12508,461,Credit Card,Completed
O103773,2024-03-19,C6771,P1180,S200,West,Online,2,6796,0,UPI,Completed
O103774,2025-06-17,C6676,P1254,S230,East,Store,5,18521,0,Credit Card,Completed
O103775,2025-07-06,C6974,P1061,S240,North,Online,5,22570,0,Cash,Cancelled
O103776,2025-03-21,C6050,P1084,S230,East,Store,4,18967,0,Credit Card,Completed
O103777,2024-05-16,C5276,P1043,S247,North,Store,3,10110,0,Debit Card,Completed
O103778,2024-01-01,C6089,P1291,S217,West,Store,4,12542,0,Cash,Completed
O103779,2024-04-17,C6380,P1139,S232,North,Online,5,21395,0,Cash,Completed
O103780,2025-04-13,C6964,P1181,S213,North,Store,5,4623,0,Debit Card,Completed
O103781,2024-10-31,C5841,P1290,S224,East,Store,1,5987,0,Cash,Cancelled
O103782,2025-10-08,C5624,P1056,S237,North,Online,1,17229,0,Debit Card,Completed
O103783,2024-11-24,C5443,P1260,S233,North,Online,5,1933,237,Cash,Completed
O103784,2024-05-09,C6003,P1088,S201,South,Store,5,21299,0,Credit Card,Cancelled
O103785,2025-03-22,C6661,P1008,S242,North,Online,5,11489,0,Debit Card,Completed
O103786,2024-02-24,C6931,P1178,S227,North,Online,3,8635,0,Cash,Cancelled
O103787,2024-12-27,C5906,P1070,S210,North,Store,1,3836,0,Credit Card,Completed
O103788,2024-07-11,C5596,P1130,S200,West,Online,3,9394,0,Cash,Completed
O103789,2025-10-01,C5356,P1036,S222,East,Store,3,11836,0,UPI,Completed
O103790,2024-06-08,C5007,P1039,S225,South,Store,3,3162,467,Cash,Cancelled
O103791,2024-08-13,C5293,P1116,S241,South,Store,1,5919,0,Debit Card,Cancelled
O103792,2024-12-02,C6791,P1172,S226,North,Online,4,15856,162,Cash,Completed
O103793,2024-10-06,C6523,P1281,S202,East,Store,1,12731,399,Debit Card,Completed
O103794,2025-04-03,C6909,P1146,S201,South,Store,2,13303,0,UPI,Completed
O103795,2024-06-25,C6697,P1045,S210,North,Store,4,18465,0,Credit Card,Completed
O103796,2024-10-08,C6922,P1111,S225,South,Online,2,6965,0,Debit Card,Completed
O103797,2025-04-16,C6415,P1264,S236,West,Online,2,5155,0,UPI,Completed
O103798,2024-07-07,C6455,P1097,S220,South,Store,3,8915,0,Cash,Completed
O103799,2025-06-24,C5681,P1018,S218,North,Online,1,14106,0,Debit Card,Completed
O103800,2024-11-02,C6042,P1122,S216,East,Store,3,4929,0,Cash,Completed
O103801,2025-02-24,C5145,P1072,S201,South,Online,3,11213,320,Cash,Completed
O103802,2024-12-13,C5473,P1026,S211,West,Online,1,5942,0,UPI,Completed
O103803,2024-08-14,C5298,P1253,S240,North,Online,5,20605,0,Debit Card,Completed
O103804,2024-01-27,C6828,P1277,S205,South,Online,2,2790,0,Cash,Completed
O103805,2024-01-07,C5020,P1113,S236,West,Store,2,2267,0,UPI,Completed
O103806,2024-07-31,C6170,P1233,S231,North,Online,3,12833,396,Credit Card,Completed
O103807,2024-02-15,C6331,P1240,S217,West,Store,5,9126,0,UPI,Cancelled
O103808,2024-12-12,C5193,P1050,S229,South,Store,2,11986,0,Credit Card,Completed
O103809,2025-01-07,C5340,P1037,S208,East,Online,4,17516,0,Cash,Completed
O103810,2024-01-08,C5332,P1071,S237,North,Online,1,5086,0,Debit Card,Completed
O103811,2024-05-09,C6845,P1270,S233,North,Store,3,19833,0,UPI,Completed
O103812,2025-01-19,C6672,P1059,S240,North,Online,4,10909,114,Cash,Completed
O103813,2025-11-28,C6898,P1277,S239,West,Online,4,2790,224,Debit Card,Completed
O103814,2025-01-29,C6187,P1248,S247,North,Store,4,13480,456,Credit Card,Completed
O103815,2024-09-22,C6390,P1151,S219,North,Store,1,12508,222,Credit Card,Completed
O103816,2024-07-18,C6684,P1000,S215,East,Online,4,5850,0,UPI,Completed
O103817,2025-05-23,C5196,P1074,S235,North,Online,2,5321,0,Cash,Cancelled
O103818,2024-01-20,C6334,P1178,S238,East,Store,3,8635,0,UPI,Completed
O103819,2024-04-22,C6082,P1163,S203,East,Online,1,11924,0,Credit Card,Cancelled
O103820,2025-12-14,C6954,P1021,S245,East,Store,2,11470,0,Debit Card,Completed
O103821,2024-09-20,C6181,P1230,S241,South,Online,4,12075,0,Debit Card,Completed
O103822,2025-07-03,C5387,P1270,S212,West,Online,1,19833,0,Debit Card,Completed
O103823,2025-01-05,C6734,P1196,S237,North,Store,1,13692,0,Credit Card,Completed
O103824,2025-05-25,C5573,P1101,S217,West,Store,2,17061,485,Credit Card,Completed
O103825,2025-08-01,C6376,P1129,S214,West,Store,2,5589,0,Debit Card,Completed
O103826,2024-07-11,C6476,P1247,S215,East,Online,4,15686,0,UPI,Completed
O103827,2025-04-02,C5736,P1179,S238,East,Store,1,19591,0,Cash,Completed
O103828,2024-06-29,C5178,P1096,S245,East,Store,2,16951,0,Credit Card,Completed
O103829,2024-07-19,C5057,P1103,S247,North,Store,5,19689,0,Debit Card,Completed
O103830,2025-11-22,C5639,P1112,S235,North,Online,4,14915,437,UPI,Completed
O103831,2025-03-04,C6824,P1264,S248,West,Online,5,5155,0,Credit Card,Completed
O103832,2024-10-18,C6031,P1169,S217,West,Store,1,5160,333,Debit Card,Completed
O103833,2024-09-04,C5742,P1019,S227,North,Store,2,11005,0,Debit Card,Completed
O103834,2025-03-16,C5701,P1278,S232,North,Store,4,19013,330,UPI,Cancelled
O103835,2025-06-26,C5387,P1086,S244,East,Online,5,9673,0,UPI,Cancelled
O103836,2024-05-15,C6261,P1232,S245,East,Store,2,4324,480,Debit Card,Completed
O103837,2025-05-10,C5091,P1179,S236,West,Store,4,19591,0,Debit Card,Completed
O103838,2024-12-04,C5435,P1296,S225,South,Store,3,10596,0,Cash,Completed
O103839,2025-04-26,C6047,P1103,S232,North,Online,2,19689,205,Credit Card,Cancelled
O103840,2025-07-28,C6732,P1165,S244,East,Store,4,21855,0,Debit Card,Completed
O103841,2024-01-14,C6964,P1215,S209,West,Online,1,16425,142,Debit Card,Cancelled
O103842,2025-06-30,C6833,P1151,S221,North,Online,3,12508,280,UPI,Completed
O103843,2024-08-09,C6141,P1245,S219,North,Online,3,3373,0,Debit Card,Completed
O103844,2024-05-07,C6675,P1254,S202,East,Store,4,18521,0,Cash,Completed
O103845,2025-11-07,C5274,P1093,S215,East,Online,3,7635,0,Cash,Cancelled
O103846,2024-12-22,C6968,P1005,S230,East,Store,2,15987,0,Cash,Completed
O103847,2025-06-21,C6152,P1158,S241,South,Store,4,18699,0,Credit Card,Completed
O103848,2025-06-18,C5473,P1120,S203,East,Store,5,20523,0,Debit Card,Cancelled
O103849,2024-03-28,C5529,P1032,S229,South,Store,4,2864,0,Credit Card,Cancelled
O103850,2024-04-21,C6667,P1079,S247,North,Online,4,9159,0,Debit Card,Cancelled
O103851,2025-12-02,C5448,P1162,S242,North,Store,5,8893,0,UPI,Completed
O103852,2024-06-05,C6287,P1057,S220,South,Online,2,12244,0,Debit Card,Completed
O103853,2024-01-13,C6232,P1109,S242,North,Store,4,5046,0,Debit Card,Completed
O103854,2025-03-12,C6309,P1225,S220,South,Store,5,14610,0,Cash,Completed
O103855,2025-04-05,C6130,P1030,S216,East,Online,3,11890,0,Debit Card,Cancelled
O103856,2025-10-13,C6703,P1294,S231,North,Store,5,16364,0,Cash,Completed
O103857,2025-08-10,C6826,P1255,S218,North,Online,2,14851,0,Debit Card,Completed
O103858,2024-12-09,C5516,P1194,S242,North,Online,2,10696,0,Credit Card,Completed
O103859,2023-12-29,C5614,P1197,S247,North,Online,5,16495,391,Cash,Completed
O103860,2025-08-15,C5094,P1000,S206,South,Store,1,5850,343,Cash,Completed
O103861,2024-05-17,C5930,P1105,S229,South,Online,3,10648,0,Debit Card,Completed
O103862,2025-08-03,C5668,P1259,S236,West,Store,2,13997,0,Cash,Completed
O103863,2025-12-05,C6848,P1127,S246,North,Online,5,11658,312,Debit Card,Cancelled
O103864,2025-06-08,C6281,P1245,S222,East,Online,2,3373,0,Cash,Completed
O103865,2024-03-30,C5656,P1032,S233,North,Online,5,2864,0,Debit Card,Cancelled
O103866,2024-05-10,C5818,P1268,S218,North,Store,5,5770,469,Cash,Completed
O103867,2024-10-13,C5796,P1158,S233,North,Store,2,18699,311,UPI,Cancelled
O103868,2024-11-24,C6896,P1058,S247,North,Online,1,16157,0,Credit Card,Completed
O103869,2025-09-01,C5149,P1276,S240,North,Store,3,17692,0,UPI,Completed
O103870,2025-04-23,C6541,P1057,S234,East,Online,5,12244,268,Debit Card,Completed
O103871,2024-02-12,C5556,P1179,S249,East,Store,1,19591,205,UPI,Completed
O103872,2025-07-21,C6650,P1182,S249,East,Store,1,18616,0,Credit Card,Completed
O103873,2025-06-21,C6171,P1195,S236,West,Online,1,2809,0,UPI,Completed
O103874,2024-08-08,C5952,P1130,S217,West,Online,4,9394,0,Credit Card,Completed
O103875,2025-06-24,C5330,P1247,S222,East,Online,1,15686,127,Credit Card,Cancelled
O103876,2024-07-11,C6928,P1105,S212,West,Store,4,10648,0,Credit Card,Cancelled
O103877,2025-02-21,C5876,P1085,S217,West,Online,1,5647,0,Cash,Completed
O103878,2025-10-23,C6625,P1297,S227,North,Online,3,20307,0,Credit Card,Completed
O103879,2024-09-20,C5568,P1182,S249,East,Online,4,18616,0,UPI,Completed
O103880,2024-04-14,C5578,P1232,S221,North,Store,2,4324,0,Credit Card,Completed
O103881,2023-12-28,C5891,P1042,S248,West,Store,3,20007,0,Debit Card,Cancelled
O103882,2024-10-14,C5172,P1088,S234,East,Online,3,21299,0,UPI,Completed
O103883,2024-11-08,C6670,P1045,S227,North,Online,4,18465,0,Credit Card,Completed
O103884,2025-05-13,C5433,P1023,S220,South,Store,5,11148,0,UPI,Completed
O103885,2025-02-02,C6625,P1115,S200,West,Online,3,20308,445,Debit Card,Completed
O103886,2025-02-01,C5892,P1266,S220,South,Store,2,15728,0,Debit Card,Completed
O103887,2025-11-17,C5991,P1135,S238,East,Online,1,18707,0,Debit Card,Completed
O103888,2025-02-10,C6865,P1122,S220,South,Store,5,4929,0,UPI,Completed
O103889,2024-12-22,C6956,P1244,S204,North,Online,3,5773,0,Credit Card,Completed
O103890,2024-08-31,C6523,P1112,S221,North,Store,5,14915,0,Debit Card,Completed
O103891,2025-11-12,C6149,P1021,S227,North,Store,4,11470,0,UPI,Completed
O103892,2024-04-07,C6458,P1045,S239,West,Store,2,18465,0,Cash,Cancelled
O103893,2025-01-24,C5276,P1110,S245,East,Online,2,5745,0,Cash,Completed
O103894,2024-12-07,C5174,P1010,S206,South,Store,2,8826,0,Cash,Completed
O103895,2025-02-16,C6059,P1230,S248,West,Store,4,12075,76,Cash,Completed
O103896,2024-04-08,C5958,P1210,S233,North,Online,1,6616,101,Cash,Completed
O103897,2024-06-14,C6551,P1290,S249,East,Online,4,5987,0,Debit Card,Completed
O103898,2024-10-01,C5966,P1165,S204,North,Online,1,21855,0,Cash,Completed
O103899,2025-06-19,C5786,P1017,S244,East,Store,1,16288,0,Credit Card,Cancelled
O103900,2024-12-27,C5662,P1040,S207,North,Online,5,4205,0,Cash,Cancelled
O103901,2024-01-15,C6749,P1075,S243,South,Store,2,19286,0,Cash,Completed
O103902,2025-02-09,C6678,P1189,S203,East,Store,1,23820,0,Credit Card,Completed
O103903,2025-02-11,C5655,P1153,S224,East,Online,3,14011,497,Debit Card,Cancelled
O103904,2024-09-28,C5824,P1093,S206,South,Online,1,7635,0,UPI,Completed
O103905,2025-01-16,C5375,P1216,S214,West,Online,4,19992,326,Cash,Completed
O103906,2024-10-27,C6902,P1061,S214,West,Store,2,22570,0,Cash,Completed
O103907,2024-05-18,C5850,P1217,S244,East,Online,3,9870,0,Debit Card,Completed
O103908,2024-10-27,C6252,P1282,S234,East,Online,4,19507,0,Debit Card,Completed
O103909,2024-01-05,C6766,P1119,S230,East,Online,5,20033,0,Credit Card,Completed
O103910,2025-12-25,C5083,P1203,S220,South,Store,1,17152,0,Cash,Completed
O103911,2025-01-30,C6515,P1289,S214,West,Online,4,16378,0,UPI,Completed
O103912,2025-01-23,C6719,P1080,S244,East,Online,2,5303,0,UPI,Completed
O103913,2024-06-19,C6886,P1056,S223,West,Online,4,17229,0,UPI,Completed
O103914,2025-03-09,C6477,P1279,S231,North,Store,1,5899,0,Debit Card,Completed
O103915,2024-08-11,C6693,P1111,S248,West,Online,5,6965,80,UPI,Completed
O103916,2025-12-06,C6643,P1188,S232,North,Store,5,15328,0,Debit Card,Completed
O103917,2024-08-24,C6285,P1117,S244,East,Online,4,10710,474,Cash,Completed
O103918,2024-02-09,C5934,P1074,S221,North,Store,1,5321,0,Credit Card,Cancelled
O103919,2024-12-17,C6888,P1075,S247,North,Store,5,19286,0,Debit Card,Cancelled
O103920,2025-10-18,C5069,P1223,S211,West,Store,5,4729,405,Cash,Completed
O103921,2024-01-17,C6818,P1141,S205,South,Store,5,5607,90,UPI,Completed
O103922,2025-09-17,C5684,P1030,S205,South,Store,5,11890,0,Credit Card,Completed
O103923,2024-10-17,C5696,P1274,S205,South,Online,1,20728,0,Credit Card,Completed
O103924,2025-12-07,C5641,P1182,S205,South,Store,2,18616,251,Debit Card,Completed
O103925,2025-12-02,C6280,P1088,S204,North,Online,5,21299,120,Credit Card,Completed
O103926,2024-06-04,C5501,P1168,S230,East,Online,5,11993,0,UPI,Completed
O103927,2025-03-16,C6001,P1030,S205,South,Store,5,11890,65,Debit Card,Completed
O103928,2025-05-15,C5321,P1033,S231,North,Store,5,16111,0,Credit Card,Completed
O103929,2024-03-24,C5974,P1004,S234,East,Online,2,6831,453,Credit Card,Completed
O103930,2025-04-16,C5520,P1130,S224,East,Online,2,9394,462,Credit Card,Completed
O103931,2025-07-30,C6073,P1157,S240,North,Online,1,20469,0,Cash,Cancelled
O103932,2024-09-08,C6791,P1278,S208,East,Store,2,19013,277,UPI,Completed
O103933,2024-11-22,C5971,P1132,S222,East,Online,5,19210,0,UPI,Completed
O103934,2024-10-25,C5676,P1281,S219,North,Online,1,12731,0,Debit Card,Completed
O103935,2024-04-25,C6672,P1059,S201,South,Store,2,10909,0,Credit Card,Completed
O103936,2024-02-29,C5115,P1263,S208,East,Online,3,7564,0,Debit Card,Cancelled
O103937,2025-07-29,C5840,P1144,S202,East,Online,1,21604,0,Credit Card,Cancelled
O103938,2024-09-16,C6392,P1082,S242,North,Store,1,8487,0,Cash,Completed
O103939,2025-04-10,C6526,P1056,S243,South,Online,4,17229,191,Cash,Cancelled
O103940,2025-10-27,C6244,P1131,S207,North,Online,1,20406,0,Debit Card,Cancelled
O103941,2024-11-13,C6561,P1010,S214,West,Online,1,8826,0,Debit Card,Completed
O103942,2025-07-30,C6284,P1212,S215,East,Online,3,21743,0,Debit Card,Completed
O103943,2025-01-19,C5796,P1027,S221,North,Online,5,5053,0,Debit Card,Completed
O103944,2024-01-23,C5667,P1298,S235,North,Store,3,14176,150,Cash,Completed
O103945,2025-11-03,C6868,P1184,S223,West,Store,1,23546,0,Credit Card,Completed
O103946,2024-04-14,C5867,P1053,S223,West,Store,2,3129,0,Debit Card,Completed
O103947,2025-10-11,C5425,P1064,S243,South,Store,3,13395,311,UPI,Cancelled
O103948,2025-11-17,C6313,P1076,S248,West,Store,4,16951,165,Cash,Completed
O103949,2024-07-14,C6589,P1262,S214,West,Online,4,11478,401,Debit Card,Completed
O103950,2025-05-14,C5738,P1095,S236,West,Online,4,13952,421,Credit Card,Completed
O103951,2024-05-03,C5913,P1172,S226,North,Online,5,15856,0,Credit Card,Completed
O103952,2025-04-11,C6006,P1184,S215,East,Store,1,23546,0,Debit Card,Cancelled
O103953,2024-08-11,C6895,P1220,S237,North,Online,3,15484,0,Cash,Completed
O103954,2025-11-11,C6502,P1284,S207,North,Store,2,13277,113,UPI,Cancelled
O103955,2025-12-19,C6062,P1155,S206,South,Online,2,15032,0,Cash,Completed
O103956,2024-07-09,C6373,P1078,S229,South,Store,1,23389,0,Credit Card,Completed
O103957,2024-11-09,C6848,P1295,S231,North,Online,1,3337,0,Credit Card,Cancelled
O103958,2024-05-16,C6972,P1233,S248,West,Store,5,12833,0,Cash,Cancelled
O103959,2025-02-01,C6509,P1166,S226,North,Store,3,1640,246,Credit Card,Cancelled
O103960,2024-01-10,C5494,P1081,S225,South,Online,5,11888,0,Cash,Completed
O103961,2024-05-14,C6315,P1289,S216,East,Store,4,16378,0,Debit Card,Completed
O103962,2025-03-01,C6754,P1184,S246,North,Store,3,23546,100,UPI,Completed
O103963,2024-06-16,C5150,P1078,S210,North,Store,1,23389,0,Credit Card,Cancelled
O103964,2025-06-16,C6764,P1168,S202,East,Online,5,11993,0,Cash,Completed
O103965,2025-09-24,C6745,P1059,S242,North,Store,5,10909,266,Cash,Completed
O103966,2025-07-29,C5287,P1221,S248,West,Store,1,17898,264,Cash,Completed
O103967,2025-08-15,C6088,P1025,S223,West,Online,1,8362,0,UPI,Completed
O103968,2024-05-14,C5979,P1063,S238,East,Online,5,17739,52,UPI,Completed
O103969,2025-06-23,C6712,P1071,S245,East,Store,5,5086,0,Credit Card,Cancelled
O103970,2024-10-23,C5602,P1164,S231,North,Store,2,5775,0,Debit Card,Cancelled
O103971,2025-09-20,C6364,P1013,S246,North,Online,5,18762,0,UPI,Cancelled
O103972,2024-11-10,C6754,P1052,S209,West,Store,1,13741,0,Cash,Completed
O103973,2024-09-26,C6988,P1128,S235,North,Store,5,10078,0,Credit Card,Completed
O103974,2024-12-04,C6934,P1172,S233,North,Store,1,15856,0,Credit Card,Completed
O103975,2024-04-07,C6724,P1088,S213,North,Store,1,21299,0,Cash,Completed
O103976,2025-09-08,C5092,P1260,S238,East,Store,4,1933,98,Cash,Completed
O103977,2024-11-23,C6807,P1208,S238,East,Online,1,11265,0,Cash,Completed
O103978,2024-08-13,C5619,P1120,S240,North,Store,1,20523,139,Cash,Completed
O103979,2024-06-14,C5832,P1173,S246,North,Store,3,7396,0,Credit Card,Completed
O103980,2024-12-27,C6894,P1037,S235,North,Online,2,17516,0,Debit Card,Completed
O103981,2025-06-24,C5674,P1282,S214,West,Online,3,19507,0,Credit Card,Completed
O103982,2025-09-26,C6125,P1198,S204,North,Store,2,834,0,Credit Card,Cancelled
O103983,2025-07-02,C5731,P1226,S221,North,Online,2,19224,410,Credit Card,Completed
O103984,2024-03-30,C6606,P1112,S249,East,Store,5,14915,435,Credit Card,Completed
O103985,2024-04-04,C5495,P1250,S247,North,Store,5,4746,0,Cash,Cancelled
O103986,2025-01-08,C6413,P1217,S245,East,Store,2,9870,0,UPI,Completed
O103987,2024-04-04,C5023,P1187,S204,North,Store,4,10875,0,Credit Card,Completed
O103988,2025-10-04,C6538,P1166,S202,East,Store,1,1640,0,Cash,Completed
O103989,2025-08-02,C5202,P1072,S211,West,Online,5,11213,0,Debit Card,Completed
O103990,2025-08-09,C5007,P1056,S209,West,Store,2,17229,347,UPI,Cancelled
O103991,2024-06-04,C5684,P1278,S210,North,Store,1,19013,456,Credit Card,Completed
O103992,2024-12-20,C6537,P1126,S222,East,Store,5,13666,0,Debit Card,Completed
O103993,2024-01-09,C6360,P1143,S242,North,Store,1,8850,0,UPI,Completed
O103994,2024-09-19,C5639,P1296,S246,North,Online,5,10596,0,Debit Card,Completed
O103995,2024-09-09,C6926,P1148,S242,North,Store,4,10231,0,Credit Card,Cancelled
O103996,2024-03-29,C6914,P1040,S203,East,Store,3,4205,0,Debit Card,Completed
O103997,2025-03-22,C5167,P1276,S239,West,Store,4,17692,0,UPI,Cancelled
O103998,2024-12-08,C5094,P1012,S243,South,Online,4,20263,0,Cash,Completed
O103999,2024-01-03,C6339,P1148,S231,North,Store,3,10231,0,Credit Card,Completed
O104000,2025-02-19,C6944,P1062,S235,North,Store,3,17006,106,Credit Card,Cancelled
O104001,2025-05-17,C5579,P1023,S207,North,Store,4,11148,0,UPI,Completed
O104002,2024-10-24,C5580,P1154,S203,East,Online,3,16309,0,Cash,Cancelled
O104003,2025-04-07,C5193,P1187,S206,South,Online,5,10875,0,Debit Card,Cancelled
O104004,2024-07-09,C6325,P1244,S202,East,Store,4,5773,0,Credit Card,Completed
O104005,2025-04-10,C6857,P1162,S244,East,Store,1,8893,0,Debit Card,Completed
O104006,2024-11-10,C6533,P1296,S249,East,Store,2,10596,166,Cash,Completed
O104007,2025-11-16,C6566,P1021,S219,North,Store,4,11470,150,UPI,Completed
O104008,2024-10-30,C5729,P1282,S213,North,Online,3,19507,372,Debit Card,Cancelled
O104009,2025-11-07,C5149,P1214,S245,East,Online,3,10921,203,Cash,Cancelled
O104010,2024-07-14,C6222,P1181,S245,East,Online,4,4623,0,Debit Card,Completed
O104011,2025-10-27,C5445,P1273,S211,West,Store,1,17610,0,Credit Card,Cancelled
O104012,2024-08-25,C5270,P1219,S215,East,Online,2,11028,0,UPI,Completed
O104013,2024-02-12,C6188,P1012,S229,South,Store,4,20263,0,Debit Card,Completed
O104014,2024-08-30,C5856,P1096,S235,North,Online,4,16951,433,Cash,Completed
O104015,2025-01-06,C6589,P1293,S204,North,Store,2,19741,0,UPI,Completed
O104016,2025-04-28,C6293,P1180,S225,South,Online,5,6796,0,UPI,Completed
O104017,2025-03-25,C5704,P1244,S240,North,Store,2,5773,0,Credit Card,Cancelled
O104018,2025-09-08,C6592,P1035,S210,North,Store,3,21802,0,Credit Card,Completed
O104019,2024-12-14,C6887,P1044,S235,North,Online,4,11357,73,Cash,Cancelled
O104020,2025-03-09,C6494,P1139,S240,North,Online,1,21395,0,Cash,Cancelled
O104021,2025-07-29,C6795,P1011,S219,North,Online,4,6770,0,Credit Card,Completed
O104022,2024-09-20,C6235,P1038,S202,East,Store,3,22462,0,Credit Card,Completed
O104023,2024-11-29,C6335,P1246,S242,North,Online,4,22713,376,Credit Card,Cancelled
O104024,2025-01-13,C6642,P1191,S247,North,Online,5,13093,0,Cash,Completed
O104025,2024-01-16,C5333,P1264,S235,North,Online,1,5155,0,Debit Card,Completed
O104026,2025-10-26,C6434,P1151,S234,East,Store,1,12508,0,Debit Card,Completed
O104027,2025-07-01,C6134,P1000,S228,South,Store,5,5850,0,UPI,Completed
O104028,2025-04-11,C6687,P1150,S229,South,Store,3,7422,0,UPI,Completed
O104029,2025-11-14,C6721,P1022,S209,West,Online,3,14533,0,Debit Card,Completed
O104030,2025-05-12,C6990,P1106,S248,West,Online,1,16729,290,Cash,Cancelled
O104031,2025-10-02,C5058,P1285,S229,South,Store,4,20596,463,Debit Card,Completed
O104032,2024-02-19,C5458,P1007,S245,East,Store,1,15969,426,UPI,Completed
O104033,2025-08-22,C6862,P1224,S215,East,Store,3,21622,0,Debit Card,Completed
O104034,2024-10-27,C6303,P1085,S218,North,Store,2,5647,0,Debit Card,Completed
O104035,2025-08-29,C5743,P1097,S220,South,Online,1,8915,0,Cash,Cancelled
O104036,2025-01-12,C6515,P1258,S216,East,Online,1,21780,0,UPI,Cancelled
O104037,2024-03-19,C6416,P1204,S206,South,Online,2,3675,0,UPI,Cancelled
O104038,2025-04-28,C5899,P1117,S203,East,Store,1,10710,0,UPI,Completed
O104039,2024-07-12,C5491,P1059,S236,West,Online,5,10909,492,Debit Card,Completed
O104040,2025-09-12,C6826,P1046,S240,North,Online,5,11020,0,UPI,Cancelled
O104041,2025-07-10,C6550,P1003,S235,North,Store,4,1494,431,Cash,Completed
O104042,2025-11-05,C5899,P1036,S212,West,Online,1,11836,233,Debit Card,Completed
O104043,2024-12-06,C6911,P1190,S232,North,Online,2,22649,0,Cash,Completed
O104044,2024-11-03,C5896,P1233,S226,North,Online,5,12833,452,UPI,Completed
O104045,2025-02-23,C5742,P1073,S246,North,Store,5,5249,0,Cash,Completed
O104046,2024-07-05,C5955,P1237,S243,South,Store,2,21100,486,Cash,Completed
O104047,2024-09-17,C6227,P1187,S232,North,Store,5,10875,466,Credit Card,Completed
O104048,2024-04-19,C6328,P1035,S211,West,Store,1,21802,328,Credit Card,Completed
O104049,2025-12-21,C5972,P1107,S202,East,Online,5,7054,0,Debit Card,Completed
O104050,2025-09-21,C6785,P1047,S219,North,Store,4,6278,0,Cash,Cancelled
O104051,2025-08-18,C6285,P1045,S226,North,Online,2,18465,0,Credit Card,Completed
O104052,2025-05-05,C5419,P1280,S207,North,Store,5,17740,0,Debit Card,Completed
O104053,2024-08-27,C6489,P1203,S208,East,Store,2,17152,0,Debit Card,Completed
O104054,2024-06-16,C6051,P1069,S229,South,Store,2,10947,0,Cash,Cancelled
O104055,2025-03-20,C5525,P1138,S236,West,Online,1,8919,0,Debit Card,Completed
O104056,2024-07-30,C6784,P1060,S225,South,Online,5,10490,365,Cash,Completed
O104057,2024-09-27,C5803,P1214,S239,West,Online,3,10921,0,UPI,Completed
O104058,2024-09-25,C6470,P1155,S245,East,Online,1,15032,0,Debit Card,Completed
O104059,2025-03-05,C6961,P1299,S226,North,Store,2,17937,0,Debit Card,Cancelled
O104060,2024-12-05,C5930,P1171,S240,North,Online,4,20278,0,Cash,Completed
O104061,2024-09-22,C6505,P1112,S216,East,Store,2,14915,0,UPI,Completed
O104062,2025-07-09,C5323,P1226,S243,South,Online,1,19224,0,Debit Card,Cancelled
O104063,2025-10-16,C6111,P1148,S224,East,Store,2,10231,0,Credit Card,Cancelled
O104064,2024-06-29,C5903,P1038,S201,South,Store,4,22462,0,Credit Card,Completed
O104065,2025-08-22,C5225,P1220,S204,North,Store,3,15484,119,Debit Card,Completed
O104066,2024-03-03,C6138,P1014,S227,North,Store,3,6858,0,Cash,Completed
O104067,2024-09-23,C6251,P1093,S218,North,Online,4,7635,0,Debit Card,Cancelled
O104068,2025-06-02,C6985,P1131,S242,North,Online,4,20406,0,Cash,Completed
O104069,2024-07-20,C6115,P1153,S229,South,Store,3,14011,296,Credit Card,Completed
O104070,2024-05-19,C5340,P1056,S227,North,Online,1,17229,0,UPI,Completed
O104071,2024-09-05,C6077,P1180,S200,West,Online,5,6796,0,Cash,Completed
O104072,2024-06-26,C6729,P1253,S245,East,Store,3,20605,499,Cash,Cancelled
O104073,2025-04-27,C5988,P1165,S215,East,Online,1,21855,0,Credit Card,Completed
O104074,2024-06-29,C6948,P1021,S231,North,Online,4,11470,0,Credit Card,Completed
O104075,2025-10-24,C5511,P1166,S212,West,Store,3,1640,0,Cash,Completed
O104076,2025-09-07,C5881,P1006,S241,South,Store,2,17945,0,Credit Card,Completed
O104077,2025-06-24,C5092,P1241,S204,North,Store,5,19467,0,Cash,Completed
O104078,2025-12-15,C5964,P1144,S200,West,Online,1,21604,0,Cash,Completed
O104079,2025-12-01,C5031,P1225,S236,West,Online,2,14610,0,Credit Card,Completed
O104080,2024-01-21,C5140,P1152,S219,North,Online,4,11737,0,Credit Card,Completed
O104081,2024-02-05,C5187,P1113,S220,South,Store,5,2267,0,Cash,Completed
O104082,2025-05-20,C6195,P1085,S203,East,Online,5,5647,0,Debit Card,Cancelled
O104083,2025-10-27,C6938,P1221,S221,North,Store,3,17898,0,Cash,Completed
O104084,2024-02-12,C5530,P1206,S234,East,Store,2,21502,0,Debit Card,Completed
O104085,2025-12-15,C6095,P1097,S206,South,Store,3,8915,0,UPI,Completed
O104086,2025-02-15,C5031,P1008,S243,South,Online,3,11489,97,Debit Card,Completed
O104087,2025-10-03,C6168,P1259,S217,West,Store,1,13997,0,Credit Card,Completed
O104088,2025-10-04,C5613,P1192,S248,West,Online,2,20500,0,UPI,Completed
O104089,2025-11-14,C6739,P1234,S231,North,Online,3,5302,0,UPI,Cancelled
O104090,2024-03-13,C6802,P1185,S217,West,Online,5,7628,0,Cash,Cancelled
O104091,2024-04-14,C6220,P1031,S215,East,Online,4,6951,0,Credit Card,Completed
O104092,2025-07-15,C5907,P1167,S223,West,Online,2,14354,0,UPI,Completed
O104093,2024-03-08,C5823,P1016,S230,East,Online,3,11602,0,UPI,Cancelled
O104094,2024-09-10,C5841,P1126,S245,East,Store,3,13666,0,Credit Card,Completed
O104095,2025-03-26,C5292,P1032,S200,West,Store,5,2864,0,Credit Card,Cancelled
O104096,2024-12-10,C5386,P1054,S212,West,Store,1,17956,0,Cash,Cancelled
O104097,2024-03-16,C5387,P1281,S239,West,Store,3,12731,432,Credit Card,Completed
O104098,2025-03-19,C6324,P1298,S212,West,Online,3,14176,182,UPI,Completed
O104099,2024-01-09,C6166,P1285,S237,North,Store,1,20596,0,Cash,Cancelled
O104100,2024-06-13,C6979,P1277,S225,South,Online,5,2790,0,Credit Card,Completed
O104101,2024-10-22,C6789,P1075,S240,North,Online,3,19286,0,Debit Card,Completed
O104102,2025-05-30,C5232,P1218,S232,North,Store,1,15354,0,UPI,Completed
O104103,2025-07-26,C6241,P1298,S241,South,Store,2,14176,451,Credit Card,Completed
O104104,2025-11-18,C5789,P1262,S203,East,Online,3,11478,0,Cash,Completed
O104105,2024-06-06,C6570,P1210,S208,East,Online,3,6616,0,Credit Card,Cancelled
O104106,2024-12-06,C5981,P1180,S210,North,Store,1,6796,0,UPI,Completed
O104107,2024-05-06,C6942,P1011,S204,North,Online,3,6770,0,Cash,Completed
O104108,2025-02-09,C6096,P1292,S249,East,Online,3,23214,447,Debit Card,Completed
O104109,2024-07-25,C6390,P1190,S244,East,Online,5,22649,0,Debit Card,Completed
O104110,2024-04-13,C6667,P1195,S239,West,Online,3,2809,264,Credit Card,Cancelled
O104111,2024-08-06,C5119,P1167,S236,West,Store,2,14354,297,UPI,Completed
O104112,2025-01-06,C6368,P1296,S228,South,Store,3,10596,0,Credit Card,Completed
O104113,2025-12-06,C5036,P1047,S204,North,Store,2,6278,0,UPI,Completed
O104114,2024-03-09,C5516,P1030,S211,West,Store,2,11890,0,Cash,Cancelled
O104115,2024-06-18,C6214,P1122,S230,East,Store,4,4929,0,Cash,Completed
O104116,2024-02-28,C6645,P1243,S247,North,Store,4,21225,0,Debit Card,Completed
O104117,2024-09-22,C6208,P1264,S226,North,Online,1,5155,0,UPI,Completed
O104118,2024-09-17,C6374,P1019,S216,East,Store,2,11005,0,Debit Card,Completed
O104119,2024-02-25,C5626,P1236,S227,North,Online,4,1650,0,UPI,Completed
O104120,2024-01-21,C6791,P1080,S202,East,Online,2,5303,57,UPI,Completed
O104121,2025-11-17,C6170,P1070,S238,East,Online,4,3836,0,Credit Card,Completed
O104122,2024-10-23,C6821,P1153,S224,East,Online,2,14011,0,Credit Card,Completed
O104123,2024-11-22,C5885,P1223,S204,North,Online,5,4729,353,Cash,Completed
O104124,2025-09-23,C5772,P1236,S229,South,Store,5,1650,311,Credit Card,Completed
O104125,2024-07-08,C5349,P1282,S226,North,Online,2,19507,407,UPI,Completed
O104126,2024-12-07,C5720,P1214,S222,East,Store,3,10921,0,Cash,Completed
O104127,2024-08-16,C6223,P1272,S214,West,Online,5,21727,0,UPI,Completed
O104128,2024-08-22,C6454,P1201,S242,North,Online,5,6002,0,Credit Card,Completed
O104129,2024-06-02,C6943,P1182,S233,North,Online,4,18616,57,UPI,Completed
O104130,2024-03-29,C5767,P1154,S232,North,Online,2,16309,0,Cash,Cancelled
O104131,2025-06-20,C6200,P1160,S222,East,Online,2,17020,61,Cash,Completed
O104132,2024-03-09,C6497,P1265,S217,West,Store,4,11992,0,Credit Card,Completed
O104133,2025-05-10,C6186,P1186,S246,North,Online,5,14983,0,Debit Card,Cancelled
O104134,2025-06-26,C6415,P1187,S245,East,Online,3,10875,0,UPI,Completed
O104135,2024-01-25,C6665,P1055,S248,West,Store,2,21841,313,Debit Card,Cancelled
O104136,2025-08-07,C6736,P1288,S231,North,Online,3,10267,62,Cash,Cancelled
O104137,2025-06-28,C5878,P1218,S240,North,Store,5,15354,0,Cash,Cancelled
O104138,2025-06-15,C6007,P1148,S246,North,Online,3,10231,423,UPI,Completed
O104139,2023-12-29,C5602,P1216,S201,South,Store,4,19992,0,Cash,Cancelled
O104140,2025-01-09,C5502,P1136,S239,West,Store,3,3271,0,Cash,Completed
O104141,2025-12-11,C6150,P1271,S223,West,Store,2,14975,0,Cash,Cancelled
O104142,2024-01-17,C6437,P1125,S244,East,Store,3,8150,290,Credit Card,Cancelled
O104143,2024-02-18,C5778,P1236,S234,East,Online,4,1650,0,UPI,Completed
O104144,2024-08-14,C6935,P1169,S236,West,Store,5,5160,314,UPI,Completed
O104145,2024-10-06,C5303,P1292,S204,North,Store,5,23214,0,Cash,Completed
O104146,2025-12-03,C6699,P1299,S246,North,Online,4,17937,0,Cash,Cancelled
O104147,2025-07-22,C6939,P1111,S231,North,Store,2,6965,0,UPI,Cancelled
O104148,2024-05-28,C5164,P1142,S221,North,Store,2,11011,0,UPI,Cancelled
O104149,2024-08-07,C6075,P1020,S233,North,Store,5,10169,0,UPI,Completed
O104150,2024-09-05,C5638,P1146,S209,West,Online,5,13303,0,Debit Card,Cancelled
O104151,2025-11-24,C5292,P1228,S217,West,Store,5,13342,0,Cash,Completed
O104152,2024-12-28,C5942,P1120,S238,East,Store,2,20523,0,UPI,Completed
O104153,2024-01-15,C5838,P1082,S239,West,Store,5,8487,0,UPI,Completed
O104154,2024-08-12,C6837,P1204,S205,South,Online,5,3675,0,Cash,Completed
O104155,2024-04-09,C6991,P1147,S224,East,Store,4,10106,266,Cash,Completed
O104156,2025-08-23,C6461,P1142,S241,South,Store,5,11011,0,Cash,Cancelled
O104157,2024-05-04,C6155,P1085,S220,South,Store,1,5647,0,Credit Card,Cancelled
O104158,2024-05-29,C6891,P1182,S233,North,Online,1,18616,0,Debit Card,Cancelled
O104159,2024-04-05,C5072,P1024,S232,North,Store,3,15591,279,Cash,Completed
O104160,2025-02-25,C6648,P1277,S213,North,Store,4,2790,0,UPI,Completed
O104161,2024-11-12,C5444,P1011,S232,North,Online,4,6770,0,Debit Card,Completed
O104162,2024-03-11,C5506,P1029,S232,North,Store,5,21239,0,UPI,Completed
O104163,2024-11-13,C5913,P1088,S237,North,Online,5,21299,325,Cash,Completed
O104164,2024-10-31,C5956,P1138,S240,North,Store,5,8919,0,Debit Card,Completed
O104165,2025-01-29,C5943,P1222,S205,South,Store,5,15054,0,UPI,Completed
O104166,2024-05-14,C5341,P1088,S231,North,Online,4,21299,0,Debit Card,Completed
O104167,2024-01-06,C6599,P1055,S208,East,Store,2,21841,0,UPI,Completed
O104168,2024-09-16,C6023,P1132,S232,North,Store,4,19210,0,UPI,Completed
O104169,2024-10-27,C6304,P1127,S211,West,Store,1,11658,0,UPI,Cancelled
O104170,2024-03-12,C5666,P1017,S206,South,Store,1,16288,0,Debit Card,Completed
O104171,2024-02-26,C6465,P1253,S217,West,Online,3,20605,0,UPI,Completed
O104172,2024-10-20,C6766,P1024,S220,South,Online,2,15591,0,Debit Card,Completed
O104173,2024-12-10,C5216,P1058,S214,West,Store,1,16157,0,Debit Card,Completed
O104174,2025-05-23,C5197,P1282,S216,East,Online,2,19507,0,Credit Card,Completed
O104175,2024-02-05,C5823,P1000,S210,North,Online,3,5850,0,UPI,Completed
O104176,2025-02-17,C6774,P1033,S249,East,Store,1,16111,0,Credit Card,Completed
O104177,2024-01-29,C6321,P1281,S205,South,Online,2,12731,0,Cash,Completed
O104178,2024-12-08,C5707,P1282,S214,West,Online,3,19507,0,UPI,Completed
O104179,2024-08-15,C6098,P1167,S203,East,Store,1,14354,0,Debit Card,Completed
O104180,2025-12-07,C5282,P1201,S216,East,Store,5,6002,0,UPI,Completed
O104181,2024-07-29,C5087,P1161,S249,East,Online,2,23914,143,Debit Card,Completed
O104182,2025-11-15,C5929,P1120,S242,North,Store,1,20523,0,UPI,Completed
O104183,2025-04-30,C6801,P1182,S225,South,Store,5,18616,0,Credit Card,Completed
O104184,2024-10-30,C6556,P1262,S226,North,Store,3,11478,0,Debit Card,Cancelled
O104185,2024-10-04,C5240,P1154,S221,North,Online,1,16309,0,Credit Card,Cancelled
O104186,2024-07-06,C6398,P1150,S204,North,Store,1,7422,0,Credit Card,Completed
O104187,2025-01-11,C6467,P1196,S216,East,Online,3,13692,70,Debit Card,Completed
O104188,2024-05-09,C5263,P1208,S217,West,Store,1,11265,0,Cash,Cancelled
O104189,2024-02-29,C6129,P1238,S231,North,Store,4,18960,0,Cash,Completed
O104190,2024-01-02,C5911,P1227,S210,North,Online,3,5382,0,Cash,Completed
O104191,2024-05-29,C6508,P1069,S230,East,Online,4,10947,0,Debit Card,Completed
O104192,2024-09-27,C6465,P1033,S240,North,Store,4,16111,306,Cash,Completed
O104193,2024-02-03,C6819,P1077,S217,West,Store,4,5894,0,Debit Card,Completed
O104194,2025-12-23,C5383,P1294,S224,East,Store,2,16364,0,Cash,Cancelled
O104195,2024-03-08,C6046,P1238,S231,North,Online,5,18960,0,Credit Card,Completed
O104196,2025-08-18,C5379,P1259,S205,South,Online,3,13997,0,UPI,Cancelled
O104197,2025-07-06,C6965,P1278,S234,East,Store,1,19013,0,UPI,Completed
O104198,2024-03-15,C6147,P1136,S201,South,Online,3,3271,0,Credit Card,Completed
O104199,2024-12-24,C6407,P1061,S245,East,Online,2,22570,0,UPI,Completed
O104200,2024-04-19,C5995,P1128,S241,South,Store,2,10078,0,UPI,Completed
O104201,2025-11-08,C5107,P1282,S233,North,Store,5,19507,0,UPI,Cancelled
O104202,2024-11-25,C5184,P1138,S241,South,Online,3,8919,0,UPI,Cancelled
O104203,2024-11-02,C5007,P1053,S214,West,Online,1,3129,0,Cash,Completed
O104204,2024-05-04,C6514,P1179,S240,North,Store,4,19591,284,Debit Card,Completed
O104205,2025-10-12,C6422,P1113,S236,West,Store,4,2267,134,Credit Card,Completed
O104206,2024-12-04,C5570,P1155,S230,East,Store,3,15032,0,UPI,Completed
O104207,2025-06-14,C5484,P1104,S227,North,Store,5,18741,0,UPI,Cancelled
O104208,2025-08-07,C6561,P1125,S220,South,Store,5,8150,0,Credit Card,Completed
O104209,2025-07-06,C5329,P1130,S209,West,Online,3,9394,495,UPI,Completed
O104210,2024-02-05,C5266,P1237,S240,North,Online,2,21100,319,Credit Card,Cancelled
O104211,2025-08-30,C5974,P1225,S213,North,Online,4,14610,199,Credit Card,Cancelled
O104212,2024-03-05,C6157,P1296,S249,East,Online,2,10596,354,Credit Card,Cancelled
O104213,2024-05-04,C6491,P1148,S246,North,Store,5,10231,0,Cash,Cancelled
O104214,2025-01-31,C6344,P1056,S202,East,Store,2,17229,0,Cash,Completed
O104215,2024-05-11,C5721,P1269,S210,North,Online,2,4684,0,Credit Card,Completed
O104216,2024-05-29,C6412,P1206,S204,North,Online,3,21502,0,Credit Card,Completed
O104217,2023-12-28,C5440,P1234,S214,West,Store,1,5302,0,Debit Card,Completed
O104218,2024-01-08,C6686,P1090,S224,East,Online,1,6496,440,UPI,Completed
O104219,2024-06-19,C5932,P1189,S247,North,Online,3,23820,209,UPI,Completed
O104220,2024-01-01,C6858,P1258,S241,South,Online,3,21780,0,Cash,Completed
O104221,2024-06-20,C5453,P1193,S230,East,Online,5,18061,0,Debit Card,Cancelled
O104222,2025-12-13,C6309,P1247,S205,South,Online,3,15686,349,UPI,Completed
O104223,2024-07-27,C6042,P1107,S220,South,Online,5,7054,0,UPI,Completed
O104224,2025-01-28,C5626,P1183,S230,East,Online,5,3139,0,Cash,Cancelled
O104225,2024-01-01,C6406,P1119,S229,South,Store,3,20033,0,Debit Card,Completed
O104226,2024-12-11,C5691,P1148,S245,East,Store,2,10231,0,Cash,Completed
O104227,2024-07-04,C5481,P1020,S222,East,Online,5,10169,0,Credit Card,Completed
O104228,2025-05-18,C5482,P1210,S206,South,Online,2,6616,315,Credit Card,Completed
O104229,2025-05-12,C6945,P1047,S246,North,Online,5,6278,0,Debit Card,Cancelled
O104230,2025-05-13,C5861,P1129,S218,North,Online,1,5589,0,Debit Card,Completed
O104231,2024-07-06,C6824,P1163,S208,East,Store,5,11924,0,UPI,Completed
O104232,2024-12-21,C5159,P1215,S244,East,Store,5,16425,396,Credit Card,Completed
O104233,2024-12-09,C5706,P1248,S239,West,Online,3,13480,363,Debit Card,Completed
O104234,2025-04-25,C6632,P1252,S230,East,Store,5,17202,413,Cash,Completed
O104235,2025-01-18,C5579,P1156,S200,West,Store,3,14997,0,UPI,Cancelled
O104236,2025-05-11,C6277,P1273,S237,North,Store,3,17610,108,Credit Card,Completed
O104237,2024-12-24,C6664,P1111,S221,North,Store,5,6965,0,Credit Card,Completed
O104238,2024-04-26,C6935,P1127,S205,South,Store,5,11658,0,Cash,Completed
O104239,2025-01-28,C5611,P1004,S202,East,Store,5,6831,0,Credit Card,Completed
O104240,2023-12-31,C5758,P1245,S243,South,Store,1,3373,0,Credit Card,Completed
O104241,2025-08-11,C6113,P1178,S222,East,Store,4,8635,69,Credit Card,Completed
O104242,2024-01-01,C5218,P1207,S249,East,Store,5,17879,0,UPI,Cancelled
O104243,2025-06-13,C6284,P1025,S207,North,Online,2,8362,0,UPI,Completed
O104244,2024-10-26,C5928,P1132,S230,East,Online,3,19210,288,UPI,Completed
O104245,2024-05-27,C5920,P1080,S217,West,Online,1,5303,0,Cash,Cancelled
O104246,2024-06-06,C6432,P1056,S246,North,Store,2,17229,0,Credit Card,Completed
O104247,2023-12-29,C6293,P1227,S226,North,Online,5,5382,195,Credit Card,Completed
O104248,2024-09-15,C5437,P1115,S208,East,Store,3,20308,0,UPI,Completed
O104249,2024-08-19,C5739,P1183,S231,North,Store,2,3139,0,UPI,Completed
O104250,2025-02-24,C5102,P1210,S212,West,Online,1,6616,0,Cash,Cancelled
O104251,2025-10-23,C5064,P1037,S213,North,Online,2,17516,0,Cash,Completed
O104252,2024-10-21,C5610,P1157,S203,East,Store,5,20469,236,Credit Card,Completed
O104253,2025-11-13,C6305,P1271,S232,North,Store,5,14975,0,Credit Card,Completed
O104254,2025-01-06,C5836,P1056,S230,East,Online,5,17229,0,Cash,Completed
O104255,2024-03-14,C6977,P1222,S232,North,Store,1,15054,0,Credit Card,Completed
O104256,2025-07-17,C5990,P1258,S232,North,Online,2,21780,0,Credit Card,Cancelled
O104257,2025-03-02,C6709,P1216,S235,North,Online,3,19992,0,Cash,Completed
O104258,2024-05-02,C5690,P1226,S248,West,Store,4,19224,394,Cash,Completed
O104259,2024-06-14,C5600,P1176,S228,South,Online,5,14974,0,Credit Card,Completed
O104260,2024-05-07,C5117,P1133,S223,West,Online,2,14458,0,Debit Card,Completed
O104261,2025-09-18,C5067,P1278,S248,West,Online,5,19013,402,Debit Card,Completed
O104262,2024-01-03,C5232,P1176,S235,North,Online,4,14974,202,UPI,Completed
O104263,2024-06-17,C6071,P1225,S225,South,Store,5,14610,0,Credit Card,Completed
O104264,2024-10-17,C5801,P1104,S200,West,Online,4,18741,133,UPI,Completed
O104265,2024-03-28,C5726,P1200,S231,North,Online,1,2422,76,Credit Card,Cancelled
O104266,2025-10-13,C5741,P1263,S211,West,Store,1,7564,484,Debit Card,Completed
O104267,2024-11-18,C6668,P1239,S224,East,Store,5,20434,0,Debit Card,Completed
O104268,2025-12-03,C5087,P1277,S247,North,Store,1,2790,0,Cash,Completed
O104269,2024-04-11,C5085,P1139,S243,South,Online,3,21395,0,Debit Card,Cancelled
O104270,2024-10-24,C5761,P1016,S205,South,Store,5,11602,0,Cash,Completed
O104271,2024-09-19,C6598,P1273,S237,North,Online,2,17610,0,Credit Card,Cancelled
O104272,2024-03-25,C6986,P1200,S242,North,Store,2,2422,0,Credit Card,Completed
O104273,2025-01-14,C6902,P1152,S210,North,Store,2,11737,0,Cash,Completed
O104274,2024-10-19,C6149,P1024,S228,South,Online,1,15591,0,Cash,Cancelled
O104275,2024-01-08,C6275,P1085,S239,West,Online,3,5647,0,Debit Card,Completed
O104276,2025-09-29,C6484,P1043,S248,West,Store,1,10110,496,UPI,Completed
O104277,2025-04-25,C5636,P1126,S239,West,Store,5,13666,275,Cash,Cancelled
O104278,2024-12-11,C6872,P1225,S248,West,Store,2,14610,0,Debit Card,Cancelled
O104279,2025-09-11,C5700,P1039,S204,North,Online,5,3162,0,Debit Card,Completed
O104280,2025-11-17,C6010,P1137,S210,North,Store,5,8938,0,Credit Card,Completed
O104281,2024-09-07,C6726,P1032,S216,East,Online,2,2864,0,Debit Card,Cancelled
O104282,2024-08-18,C6303,P1242,S212,West,Online,2,13862,340,Debit Card,Completed
O104283,2025-06-12,C5585,P1067,S217,West,Store,1,18554,476,UPI,Completed
O104284,2024-08-17,C6402,P1079,S202,East,Online,5,9159,0,Debit Card,Cancelled
O104285,2025-01-28,C6747,P1215,S241,South,Online,5,16425,0,UPI,Completed
O104286,2025-06-27,C5109,P1016,S220,South,Online,3,11602,0,Debit Card,Cancelled
O104287,2024-03-22,C6390,P1131,S239,West,Store,2,20406,0,Credit Card,Completed
O104288,2024-12-30,C5398,P1041,S203,East,Online,2,15445,0,Debit Card,Completed
O104289,2025-10-15,C5141,P1006,S210,North,Store,5,17945,0,UPI,Completed
O104290,2024-03-15,C5855,P1073,S207,North,Online,4,5249,0,UPI,Completed
O104291,2025-10-31,C5502,P1000,S239,West,Store,4,5850,140,UPI,Completed
O104292,2025-10-18,C5255,P1099,S225,South,Store,4,17578,327,Credit Card,Completed
O104293,2025-02-07,C5079,P1069,S236,West,Store,3,10947,0,Cash,Completed
O104294,2025-06-07,C5372,P1188,S236,West,Store,2,15328,0,Debit Card,Cancelled
O104295,2025-11-02,C6174,P1185,S211,West,Store,2,7628,0,UPI,Completed
O104296,2025-01-31,C5086,P1078,S216,East,Online,2,23389,0,Credit Card,Cancelled
O104297,2025-02-02,C6963,P1285,S212,West,Online,3,20596,0,UPI,Cancelled
O104298,2025-03-06,C5112,P1070,S229,South,Store,3,3836,0,Credit Card,Completed
O104299,2025-08-13,C5489,P1173,S237,North,Online,4,7396,0,Debit Card,Completed
O104300,2024-11-08,C6350,P1234,S207,North,Online,5,5302,0,Credit Card,Completed
O104301,2025-03-08,C5987,P1273,S214,West,Store,3,17610,0,Credit Card,Completed
O104302,2025-02-18,C6962,P1290,S226,North,Online,1,5987,0,Credit Card,Completed
O104303,2024-02-29,C5209,P1154,S226,North,Store,4,16309,0,Cash,Completed
O104304,2024-02-14,C6588,P1257,S230,East,Online,1,18316,96,Cash,Completed
O104305,2025-02-18,C5135,P1129,S228,South,Online,1,5589,53,Cash,Cancelled
O104306,2024-04-13,C5302,P1037,S214,West,Online,1,17516,0,Debit Card,Completed
O104307,2025-10-16,C5323,P1206,S230,East,Store,2,21502,0,UPI,Completed
O104308,2024-10-29,C6824,P1054,S230,East,Store,2,17956,229,Cash,Completed
O104309,2024-04-17,C5633,P1238,S211,West,Online,3,18960,0,Cash,Completed
O104310,2025-08-31,C5010,P1123,S242,North,Store,1,15348,0,Debit Card,Completed
O104311,2025-12-15,C6686,P1236,S246,North,Online,4,1650,0,Credit Card,Completed
O104312,2025-10-09,C6390,P1198,S207,North,Online,4,834,174,Credit Card,Completed
O104313,2025-07-28,C6687,P1019,S223,West,Store,3,11005,0,Cash,Cancelled
O104314,2024-09-18,C5509,P1198,S206,South,Online,4,834,0,Credit Card,Completed
O104315,2025-08-29,C5471,P1199,S230,East,Online,5,17589,0,Debit Card,Completed
O104316,2025-02-27,C5476,P1117,S215,East,Online,3,10710,0,UPI,Completed
O104317,2025-08-06,C6950,P1053,S229,South,Store,4,3129,0,UPI,Completed
O104318,2025-01-15,C5046,P1150,S200,West,Online,1,7422,0,UPI,Completed
O104319,2024-06-05,C5781,P1021,S205,South,Store,4,11470,0,Cash,Completed
O104320,2024-01-26,C5950,P1009,S242,North,Store,1,15817,87,Credit Card,Completed
O104321,2025-05-07,C5643,P1092,S246,North,Online,3,9784,457,Credit Card,Completed
O104322,2024-09-19,C6007,P1202,S209,West,Store,2,15754,460,Cash,Completed
O104323,2024-04-02,C5009,P1026,S215,East,Online,4,5942,0,UPI,Cancelled
O104324,2025-09-14,C6796,P1096,S229,South,Online,4,16951,0,Debit Card,Cancelled
O104325,2025-08-29,C6379,P1263,S219,North,Online,5,7564,186,Cash,Completed
O104326,2024-08-14,C5043,P1144,S236,West,Online,1,21604,0,Credit Card,Completed
O104327,2024-09-17,C6743,P1009,S209,West,Online,2,15817,264,Debit Card,Completed
O104328,2024-02-29,C6653,P1031,S213,North,Store,3,6951,0,UPI,Completed
O104329,2025-01-09,C5373,P1028,S211,West,Store,1,7958,0,UPI,Completed
O104330,2024-11-20,C6859,P1146,S210,North,Online,1,13303,446,Debit Card,Completed
O104331,2024-08-30,C5533,P1070,S207,North,Store,3,3836,0,Cash,Cancelled
O104332,2024-10-13,C5932,P1275,S201,South,Store,4,22022,370,Debit Card,Cancelled
O104333,2024-03-20,C5811,P1118,S217,West,Store,1,23140,0,Credit Card,Cancelled
O104334,2025-01-04,C6226,P1104,S236,West,Store,3,18741,377,Credit Card,Completed
O104335,2024-08-30,C6315,P1037,S222,East,Online,3,17516,0,Debit Card,Completed
O104336,2025-01-12,C5712,P1293,S209,West,Store,1,19741,0,Cash,Completed
O104337,2024-03-19,C6630,P1210,S218,North,Store,2,6616,0,Debit Card,Cancelled
O104338,2024-05-14,C5972,P1105,S213,North,Online,5,10648,138,UPI,Cancelled
O104339,2025-09-27,C6381,P1240,S233,North,Online,1,9126,0,Credit Card,Completed
O104340,2025-01-30,C5319,P1254,S247,North,Online,5,18521,0,Debit Card,Cancelled
O104341,2025-03-11,C5732,P1233,S204,North,Online,2,12833,0,Credit Card,Completed
O104342,2024-08-21,C6515,P1177,S210,North,Store,4,4568,0,Cash,Completed
O104343,2024-06-04,C5435,P1068,S212,West,Store,4,11524,376,Cash,Completed
O104344,2025-05-27,C6676,P1241,S242,North,Store,2,19467,0,Debit Card,Cancelled
O104345,2024-05-11,C5112,P1095,S216,East,Store,2,13952,158,Cash,Completed
O104346,2025-10-15,C5252,P1212,S233,North,Store,1,21743,0,UPI,Completed
O104347,2025-08-15,C5073,P1263,S223,West,Online,2,7564,0,Credit Card,Completed
O104348,2024-01-21,C5511,P1152,S203,East,Store,4,11737,0,Debit Card,Cancelled
O104349,2025-03-14,C6722,P1104,S241,South,Online,2,18741,0,Debit Card,Cancelled
O104350,2025-03-12,C6267,P1198,S225,South,Store,2,834,0,Cash,Completed
O104351,2024-08-18,C5631,P1191,S246,North,Store,2,13093,315,UPI,Completed
O104352,2024-04-16,C6907,P1079,S215,East,Store,3,9159,0,UPI,Completed
O104353,2024-02-25,C5274,P1058,S249,East,Online,1,16157,96,Credit Card,Completed
O104354,2024-01-23,C6031,P1256,S241,South,Store,5,8546,0,UPI,Completed
O104355,2025-08-22,C6209,P1150,S221,North,Store,5,7422,0,UPI,Completed
O104356,2024-01-04,C6466,P1012,S212,West,Store,4,20263,0,Debit Card,Completed
O104357,2025-08-13,C6859,P1001,S209,West,Online,4,15566,0,Debit Card,Cancelled
O104358,2024-01-07,C6963,P1252,S225,South,Store,5,17202,0,UPI,Completed
O104359,2024-12-01,C6546,P1034,S216,East,Store,3,9778,0,UPI,Completed
O104360,2025-10-21,C5634,P1066,S233,North,Online,3,17713,0,UPI,Completed
O104361,2024-12-29,C6084,P1262,S203,East,Online,1,11478,0,UPI,Completed
O104362,2025-08-22,C5699,P1228,S232,North,Online,4,13342,0,Cash,Completed
O104363,2025-10-05,C5762,P1064,S242,North,Store,3,13395,0,UPI,Completed
O104364,2025-05-05,C6341,P1165,S204,North,Online,3,21855,0,Cash,Completed
O104365,2025-11-02,C6331,P1038,S213,North,Online,4,22462,0,Cash,Completed
O104366,2025-11-16,C6169,P1224,S201,South,Store,2,21622,277,Cash,Completed
O104367,2025-03-02,C6349,P1083,S247,North,Online,4,7188,0,Credit Card,Completed
O104368,2025-10-01,C5419,P1114,S201,South,Store,1,15114,0,UPI,Completed
O104369,2025-01-09,C5735,P1205,S231,North,Store,4,3522,0,UPI,Completed
O104370,2024-05-25,C6521,P1201,S225,South,Online,1,6002,0,Cash,Completed
O104371,2025-02-13,C6313,P1026,S214,West,Online,5,5942,0,UPI,Completed
O104372,2025-02-26,C5387,P1137,S235,North,Online,2,8938,0,UPI,Cancelled
O104373,2024-12-12,C5032,P1107,S226,North,Store,4,7054,327,UPI,Completed
O104374,2024-01-29,C5049,P1101,S212,West,Online,2,17061,0,Credit Card,Completed
O104375,2025-08-20,C5138,P1181,S207,North,Online,2,4623,0,Debit Card,Cancelled
O104376,2025-02-25,C6479,P1162,S223,West,Online,4,8893,0,UPI,Completed
O104377,2024-10-03,C6116,P1262,S244,East,Online,3,11478,178,Cash,Cancelled
O104378,2024-01-15,C6181,P1231,S237,North,Store,4,11775,0,Credit Card,Completed
O104379,2025-03-27,C5620,P1061,S226,North,Online,5,22570,0,UPI,Completed
O104380,2025-02-08,C6082,P1018,S221,North,Online,2,14106,0,Debit Card,Completed
O104381,2025-08-20,C6501,P1275,S231,North,Online,1,22022,0,Cash,Completed
O104382,2024-10-02,C6279,P1005,S247,North,Store,2,15987,112,Cash,Completed
O104383,2024-05-02,C6203,P1194,S242,North,Online,2,10696,0,Cash,Completed
O104384,2024-11-02,C6278,P1160,S227,North,Store,1,17020,232,Cash,Cancelled
O104385,2025-05-13,C5836,P1224,S211,West,Store,2,21622,0,Cash,Completed
O104386,2024-03-26,C6283,P1060,S249,East,Store,5,10490,0,Credit Card,Completed
O104387,2024-07-28,C5620,P1181,S208,East,Store,2,4623,484,Cash,Completed
O104388,2024-09-23,C6243,P1200,S245,East,Online,5,2422,306,Cash,Completed
O104389,2024-11-14,C5118,P1258,S245,East,Online,2,21780,0,UPI,Completed
O104390,2025-08-26,C5628,P1105,S222,East,Store,1,10648,0,Cash,Completed
O104391,2025-03-14,C5320,P1186,S208,East,Store,4,14983,0,UPI,Completed
O104392,2025-08-24,C6643,P1074,S205,South,Online,1,5321,331,UPI,Completed
O104393,2025-01-31,C6721,P1078,S227,North,Online,3,23389,0,Cash,Completed
O104394,2024-11-25,C5357,P1201,S247,North,Online,2,6002,0,Debit Card,Completed
O104395,2024-09-27,C6241,P1185,S241,South,Online,3,7628,0,Debit Card,Completed
O104396,2024-07-25,C6113,P1153,S202,East,Online,1,14011,0,Cash,Completed
O104397,2024-10-10,C5117,P1133,S239,West,Store,3,14458,0,UPI,Completed
O104398,2024-07-16,C6450,P1186,S245,East,Store,1,14983,0,UPI,Completed
O104399,2024-09-15,C6992,P1229,S248,West,Store,5,23069,0,UPI,Completed
O104400,2025-01-02,C5804,P1042,S219,North,Online,3,20007,0,Credit Card,Completed
O104401,2024-05-03,C5871,P1045,S223,West,Online,5,18465,0,Cash,Completed
O104402,2024-12-25,C6186,P1182,S201,South,Online,4,18616,320,Credit Card,Completed
O104403,2025-09-12,C5094,P1258,S228,South,Store,5,21780,0,Credit Card,Completed
O104404,2025-09-09,C5837,P1189,S205,South,Online,5,23820,0,Cash,Cancelled
O104405,2024-04-25,C5460,P1039,S200,West,Store,4,3162,240,UPI,Completed
O104406,2024-03-06,C6550,P1213,S222,East,Store,1,14282,459,Credit Card,Completed
O104407,2024-01-18,C5285,P1069,S227,North,Store,2,10947,0,Credit Card,Cancelled
O104408,2024-08-08,C6643,P1050,S241,South,Online,5,11986,0,Debit Card,Completed
O104409,2024-02-15,C6712,P1161,S234,East,Store,3,23914,0,Debit Card,Completed
O104410,2024-11-26,C5248,P1080,S236,West,Online,4,5303,0,Credit Card,Cancelled
O104411,2025-08-03,C5016,P1120,S202,East,Store,3,20523,0,Credit Card,Completed
O104412,2025-12-08,C6651,P1295,S203,East,Store,3,3337,0,Debit Card,Completed
O104413,2025-07-20,C6049,P1159,S210,North,Store,1,18152,479,Debit Card,Completed
O104414,2025-02-06,C5946,P1108,S224,East,Online,1,14233,0,Cash,Completed
O104415,2024-12-01,C5945,P1193,S210,North,Store,5,18061,241,Debit Card,Completed
O104416,2025-11-12,C5056,P1235,S200,West,Online,3,21005,0,Credit Card,Completed
O104417,2025-08-21,C5685,P1009,S239,West,Store,3,15817,0,UPI,Completed
O104418,2024-04-21,C6153,P1077,S210,North,Store,4,5894,110,Cash,Completed
O104419,2024-11-24,C6263,P1276,S220,South,Store,5,17692,0,Debit Card,Completed
O104420,2025-06-07,C5797,P1038,S203,East,Online,3,22462,0,Credit Card,Completed
O104421,2025-10-14,C5908,P1036,S210,North,Store,5,11836,263,Credit Card,Completed
O104422,2024-11-19,C5457,P1256,S213,North,Store,5,8546,0,Cash,Cancelled
O104423,2024-09-16,C5203,P1195,S211,West,Store,5,2809,0,Cash,Cancelled
O104424,2025-12-09,C6550,P1022,S234,East,Online,2,14533,0,Debit Card,Completed
O104425,2024-06-04,C6204,P1028,S216,East,Online,3,7958,0,Cash,Cancelled
O104426,2024-08-15,C5802,P1152,S209,West,Online,3,11737,280,UPI,Cancelled
O104427,2024-07-08,C6981,P1002,S213,North,Store,2,21479,0,UPI,Completed
O104428,2024-10-04,C5568,P1208,S227,North,Online,2,11265,348,Debit Card,Completed
O104429,2025-09-25,C5785,P1125,S249,East,Online,3,8150,178,Credit Card,Completed
O104430,2024-10-04,C5946,P1198,S234,East,Online,1,834,0,Cash,Completed
O104431,2024-04-25,C6045,P1167,S249,East,Online,1,14354,0,UPI,Completed
O104432,2024-05-11,C6463,P1276,S231,North,Store,4,17692,0,Debit Card,Completed
O104433,2024-06-15,C5472,P1227,S227,North,Store,4,5382,0,Credit Card,Completed
O104434,2024-07-01,C5941,P1233,S213,North,Online,2,12833,0,Credit Card,Cancelled
O104435,2024-03-08,C5709,P1268,S215,East,Online,4,5770,332,Cash,Completed
O104436,2024-05-23,C5689,P1147,S249,East,Store,1,10106,488,Cash,Completed
O104437,2025-09-06,C5652,P1042,S200,West,Online,5,20007,411,Debit Card,Completed
O104438,2025-03-31,C5936,P1272,S204,North,Online,4,21727,0,Credit Card,Completed
O104439,2024-08-24,C5017,P1190,S249,East,Online,3,22649,141,UPI,Cancelled
O104440,2024-08-17,C5290,P1101,S231,North,Store,4,17061,0,Credit Card,Completed
O104441,2024-07-28,C6239,P1050,S232,North,Store,1,11986,0,Debit Card,Cancelled
O104442,2025-05-24,C5041,P1070,S214,West,Store,3,3836,0,Debit Card,Cancelled
O104443,2025-09-23,C6397,P1227,S239,West,Store,4,5382,201,Debit Card,Completed
O104444,2024-04-22,C5880,P1142,S213,North,Store,2,11011,0,Credit Card,Cancelled
O104445,2024-08-10,C6203,P1032,S243,South,Online,4,2864,0,Cash,Completed
O104446,2025-08-04,C6285,P1009,S209,West,Online,3,15817,0,Debit Card,Completed
O104447,2025-08-12,C6287,P1285,S228,South,Online,5,20596,55,Debit Card,Cancelled
O104448,2024-12-30,C5304,P1129,S242,North,Store,4,5589,0,Debit Card,Completed
O104449,2025-09-30,C5933,P1083,S211,West,Store,3,7188,0,Debit Card,Completed
O104450,2025-07-03,C6504,P1118,S228,South,Store,3,23140,232,Debit Card,Cancelled
O104451,2024-04-30,C5636,P1211,S218,North,Online,5,17552,0,Cash,Cancelled
O104452,2025-03-02,C5088,P1086,S237,North,Online,3,9673,0,Credit Card,Cancelled
O104453,2024-09-09,C5205,P1045,S241,South,Store,1,18465,0,UPI,Completed
O104454,2025-05-21,C6269,P1242,S241,South,Store,4,13862,0,UPI,Completed
O104455,2025-05-28,C6093,P1114,S246,North,Store,2,15114,358,Debit Card,Completed
O104456,2024-10-02,C5541,P1127,S207,North,Store,5,11658,0,Debit Card,Completed
O104457,2025-10-02,C6100,P1181,S203,East,Online,4,4623,0,Credit Card,Completed
O104458,2025-09-18,C6739,P1175,S243,South,Store,2,20666,0,Debit Card,Completed
O104459,2024-05-20,C6923,P1110,S239,West,Online,5,5745,0,Credit Card,Cancelled
O104460,2025-01-10,C6015,P1203,S240,North,Store,4,17152,0,Debit Card,Completed
O104461,2024-09-28,C6505,P1128,S239,West,Online,5,10078,0,Debit Card,Completed
O104462,2024-08-02,C6209,P1290,S223,West,Store,4,5987,0,Debit Card,Completed
O104463,2024-11-07,C6043,P1030,S229,South,Online,5,11890,0,UPI,Completed
O104464,2024-06-30,C6412,P1202,S218,North,Store,4,15754,0,Cash,Cancelled
O104465,2024-02-19,C5203,P1196,S237,North,Online,5,13692,0,Debit Card,Completed
O104466,2025-10-06,C6933,P1020,S220,South,Store,2,10169,0,Debit Card,Completed
O104467,2024-07-25,C6203,P1042,S212,West,Store,1,20007,345,Cash,Completed
O104468,2024-08-15,C5825,P1183,S218,North,Store,4,3139,0,UPI,Completed
O104469,2025-05-24,C6428,P1107,S233,North,Store,4,7054,85,UPI,Completed
O104470,2025-03-06,C5686,P1249,S217,West,Online,3,17145,0,Credit Card,Completed
O104471,2025-07-03,C5569,P1088,S209,West,Online,1,21299,0,UPI,Cancelled
O104472,2024-01-16,C6545,P1037,S238,East,Online,1,17516,0,UPI,Completed
O104473,2024-02-21,C5839,P1005,S206,South,Online,2,15987,177,UPI,Completed
O104474,2025-02-21,C6584,P1047,S234,East,Store,1,6278,0,Cash,Completed
O104475,2024-08-17,C5047,P1192,S235,North,Store,1,20500,0,Debit Card,Completed
O104476,2025-07-20,C5394,P1277,S207,North,Online,1,2790,0,UPI,Completed
O104477,2024-04-18,C6947,P1298,S227,North,Online,2,14176,0,UPI,Completed
O104478,2025-02-27,C5257,P1089,S202,East,Store,2,18424,63,Debit Card,Completed
O104479,2025-01-28,C5535,P1278,S223,West,Online,1,19013,0,Credit Card,Completed
O104480,2025-10-26,C6784,P1276,S231,North,Online,3,17692,0,Credit Card,Completed
O104481,2024-09-09,C6511,P1147,S223,West,Store,5,10106,0,Cash,Completed
O104482,2024-01-01,C5121,P1020,S208,East,Store,5,10169,0,Debit Card,Completed
O104483,2024-10-16,C5837,P1136,S204,North,Online,4,3271,0,UPI,Cancelled
O104484,2024-09-02,C5186,P1287,S202,East,Online,1,21054,0,Cash,Cancelled
O104485,2025-06-16,C5739,P1118,S235,North,Store,1,23140,0,Debit Card,Cancelled
O104486,2024-11-21,C6211,P1097,S237,North,Online,1,8915,249,UPI,Completed
O104487,2025-10-26,C5648,P1108,S227,North,Store,1,14233,0,Debit Card,Completed
O104488,2024-09-22,C5392,P1097,S234,East,Online,3,8915,0,Cash,Completed
O104489,2025-03-08,C5305,P1012,S244,East,Online,1,20263,0,UPI,Completed
O104490,2024-01-10,C5173,P1156,S249,East,Online,2,14997,260,Cash,Completed
O104491,2024-01-12,C5103,P1278,S246,North,Store,5,19013,0,Debit Card,Completed
O104492,2024-10-07,C5807,P1244,S219,North,Store,4,5773,0,UPI,Completed
O104493,2024-02-07,C5749,P1110,S221,North,Store,3,5745,0,Cash,Cancelled
O104494,2025-11-07,C6293,P1151,S245,East,Online,5,12508,0,UPI,Cancelled
O104495,2025-08-31,C5155,P1071,S244,East,Online,3,5086,0,UPI,Completed
O104496,2025-01-19,C6791,P1041,S202,East,Online,3,15445,246,Credit Card,Completed
O104497,2024-10-04,C5785,P1224,S201,South,Online,3,21622,0,Cash,Completed
O104498,2024-01-08,C5216,P1221,S218,North,Online,3,17898,423,Cash,Completed
O104499,2024-10-09,C6296,P1276,S208,East,Online,3,17692,0,UPI,Completed
O104500,2025-10-15,C5017,P1045,S235,North,Online,3,18465,233,Cash,Completed
O104501,2024-03-02,C5066,P1096,S244,East,Online,4,16951,0,UPI,Completed
O104502,2025-07-25,C6493,P1102,S230,East,Store,5,11805,0,UPI,Completed
O104503,2025-07-05,C6549,P1018,S218,North,Store,2,14106,0,Cash,Cancelled
O104504,2025-04-22,C5053,P1169,S221,North,Store,1,5160,0,Credit Card,Cancelled
O104505,2024-05-30,C5734,P1233,S214,West,Online,3,12833,0,UPI,Completed
O104506,2024-12-09,C6504,P1084,S216,East,Store,1,18967,187,UPI,Completed
O104507,2024-04-29,C5736,P1230,S244,East,Online,2,12075,0,Debit Card,Completed
O104508,2025-06-02,C6253,P1196,S237,North,Online,3,13692,0,Credit Card,Cancelled
O104509,2025-10-21,C6782,P1063,S201,South,Online,2,17739,0,UPI,Completed
O104510,2025-02-07,C6100,P1102,S234,East,Store,1,11805,0,Credit Card,Cancelled
O104511,2024-11-28,C6710,P1029,S211,West,Store,3,21239,0,Cash,Completed
O104512,2024-05-05,C5899,P1077,S221,North,Online,2,5894,0,Cash,Completed
O104513,2024-04-10,C6720,P1125,S212,West,Store,1,8150,0,Credit Card,Completed
O104514,2025-10-26,C6082,P1070,S235,North,Store,1,3836,369,Cash,Cancelled
O104515,2024-02-12,C5952,P1004,S208,East,Store,3,6831,0,Credit Card,Completed
O104516,2024-08-16,C6097,P1059,S222,East,Online,2,10909,371,Credit Card,Completed
O104517,2024-09-23,C6153,P1176,S211,West,Store,5,14974,0,Cash,Completed
O104518,2024-12-31,C5212,P1048,S242,North,Store,5,16836,0,Credit Card,Completed
O104519,2025-12-02,C5401,P1030,S217,West,Online,2,11890,0,Credit Card,Completed
O104520,2024-11-15,C6034,P1276,S210,North,Online,5,17692,261,Debit Card,Completed
O104521,2025-08-02,C6221,P1162,S215,East,Online,5,8893,80,Cash,Completed
O104522,2025-11-02,C5070,P1097,S227,North,Online,1,8915,0,UPI,Completed
O104523,2024-09-14,C5589,P1106,S206,South,Online,2,16729,0,Credit Card,Completed
O104524,2024-02-14,C6309,P1008,S226,North,Online,3,11489,0,Debit Card,Completed
O104525,2024-10-10,C6601,P1042,S241,South,Store,5,20007,0,Credit Card,Cancelled
O104526,2024-07-08,C5795,P1076,S246,North,Store,3,16951,0,Cash,Completed
O104527,2024-06-25,C5587,P1060,S202,East,Store,3,10490,0,Credit Card,Completed
O104528,2025-11-29,C5130,P1146,S214,West,Store,2,13303,221,Debit Card,Completed
O104529,2025-10-11,C5625,P1266,S229,South,Online,3,15728,0,Cash,Completed
O104530,2024-03-24,C5768,P1180,S244,East,Online,1,6796,498,Debit Card,Completed
O104531,2025-09-20,C6697,P1124,S208,East,Online,5,18693,0,UPI,Cancelled
O104532,2024-05-07,C6670,P1192,S221,North,Store,3,20500,0,UPI,Completed
O104533,2024-06-21,C6031,P1112,S200,West,Online,3,14915,243,UPI,Completed
O104534,2024-06-21,C5604,P1073,S203,East,Store,4,5249,67,Debit Card,Completed
O104535,2024-06-18,C5449,P1044,S219,North,Store,4,11357,0,Cash,Cancelled
O104536,2024-08-12,C6221,P1091,S243,South,Online,4,12784,302,Debit Card,Cancelled
O104537,2025-09-21,C5076,P1279,S222,East,Store,3,5899,0,Cash,Cancelled
O104538,2024-02-29,C5115,P1177,S207,North,Online,4,4568,0,UPI,Cancelled
O104539,2024-09-11,C6788,P1250,S248,West,Online,5,4746,0,Debit Card,Cancelled
O104540,2025-11-21,C5214,P1021,S242,North,Online,4,11470,85,UPI,Completed
O104541,2025-01-23,C6505,P1214,S216,East,Online,1,10921,204,Cash,Completed
O104542,2024-01-06,C6561,P1264,S227,North,Store,1,5155,0,Cash,Completed
O104543,2024-01-12,C5155,P1035,S212,West,Online,5,21802,0,Credit Card,Cancelled
O104544,2025-03-09,C6133,P1089,S206,South,Online,1,18424,443,Credit Card,Completed
O104545,2024-10-30,C5393,P1238,S202,East,Online,1,18960,215,Cash,Completed
O104546,2025-08-09,C5180,P1004,S224,East,Store,4,6831,189,Cash,Completed
O104547,2024-10-23,C5592,P1216,S234,East,Online,1,19992,0,Cash,Completed
O104548,2025-09-12,C5819,P1219,S239,West,Store,4,11028,0,UPI,Completed
O104549,2024-05-23,C6872,P1091,S229,South,Store,3,12784,383,Credit Card,Completed
O104550,2024-11-25,C5721,P1219,S210,North,Store,2,11028,0,UPI,Completed
O104551,2025-01-13,C5738,P1027,S235,North,Online,4,5053,0,Cash,Completed
O104552,2025-11-07,C5071,P1005,S232,North,Store,1,15987,0,UPI,Completed
O104553,2025-06-26,C6372,P1040,S204,North,Store,4,4205,0,Credit Card,Completed
O104554,2025-02-26,C6408,P1052,S248,West,Store,2,13741,0,UPI,Cancelled
O104555,2024-09-21,C6229,P1284,S239,West,Store,4,13277,469,Debit Card,Completed
O104556,2025-08-07,C5671,P1139,S213,North,Online,3,21395,0,Credit Card,Completed
O104557,2024-01-16,C6963,P1216,S225,South,Online,2,19992,0,UPI,Completed
O104558,2025-08-11,C5990,P1279,S247,North,Online,4,5899,0,UPI,Completed
O104559,2025-08-27,C6664,P1192,S233,North,Online,1,20500,109,UPI,Completed
O104560,2024-06-18,C6392,P1290,S235,North,Store,1,5987,0,Credit Card,Cancelled
O104561,2024-06-14,C6829,P1032,S249,East,Store,1,2864,0,Cash,Completed
O104562,2025-08-03,C5252,P1020,S203,East,Store,4,10169,184,Credit Card,Cancelled
O104563,2025-08-26,C5650,P1121,S221,North,Store,4,12001,0,UPI,Cancelled
O104564,2025-12-14,C5909,P1216,S221,North,Store,4,19992,436,Cash,Completed
O104565,2024-10-20,C5458,P1190,S247,North,Store,2,22649,253,Credit Card,Cancelled
O104566,2024-06-13,C6402,P1247,S207,North,Online,5,15686,0,Cash,Cancelled
O104567,2024-06-01,C5303,P1107,S221,North,Online,2,7054,223,UPI,Completed
O104568,2025-04-04,C5516,P1151,S231,North,Online,2,12508,0,UPI,Completed
O104569,2025-10-13,C5996,P1090,S225,South,Online,5,6496,0,Cash,Completed
O104570,2025-12-21,C6107,P1168,S233,North,Online,3,11993,479,UPI,Completed
O104571,2024-03-14,C5971,P1087,S240,North,Store,5,5062,0,Cash,Completed
O104572,2024-11-04,C6376,P1243,S214,West,Store,1,21225,0,Credit Card,Completed
O104573,2025-05-05,C5256,P1141,S241,South,Online,2,5607,0,UPI,Completed
O104574,2025-10-26,C6472,P1115,S237,North,Store,1,20308,0,UPI,Completed
O104575,2024-06-28,C5528,P1093,S236,West,Store,2,7635,0,Credit Card,Cancelled
O104576,2024-11-06,C6417,P1064,S225,South,Store,4,13395,0,Debit Card,Completed
O104577,2025-09-13,C5545,P1138,S244,East,Store,2,8919,447,UPI,Completed
O104578,2025-12-21,C5839,P1109,S245,East,Store,5,5046,0,Credit Card,Completed
O104579,2025-08-22,C6556,P1154,S200,West,Store,4,16309,0,Cash,Completed
O104580,2024-11-29,C6110,P1272,S220,South,Online,4,21727,0,Credit Card,Cancelled
O104581,2024-01-25,C6809,P1019,S214,West,Online,2,11005,0,Cash,Completed
O104582,2024-12-29,C6185,P1090,S216,East,Store,3,6496,0,Credit Card,Completed
O104583,2025-10-06,C6572,P1225,S207,North,Online,5,14610,0,Cash,Completed
O104584,2025-01-12,C5335,P1202,S248,West,Store,1,15754,0,Cash,Cancelled
O104585,2024-11-22,C5093,P1194,S243,South,Online,2,10696,0,Credit Card,Completed
O104586,2024-12-09,C6614,P1218,S213,North,Online,3,15354,0,Cash,Completed
O104587,2025-04-12,C6962,P1274,S202,East,Store,2,20728,103,Credit Card,Cancelled
O104588,2024-07-12,C6887,P1148,S238,East,Store,1,10231,0,UPI,Completed
O104589,2024-06-22,C5948,P1124,S223,West,Online,1,18693,392,Cash,Cancelled
O104590,2025-06-22,C6107,P1033,S239,West,Online,3,16111,429,Credit Card,Completed
O104591,2024-06-15,C5644,P1271,S213,North,Store,2,14975,165,Debit Card,Completed
O104592,2024-06-27,C5075,P1037,S246,North,Store,1,17516,0,UPI,Completed
O104593,2025-01-11,C6291,P1156,S208,East,Online,3,14997,0,Debit Card,Completed
O104594,2025-04-21,C5977,P1092,S238,East,Store,4,9784,0,Debit Card,Cancelled
O104595,2025-07-01,C5374,P1066,S244,East,Store,1,17713,0,Credit Card,Cancelled
O104596,2025-04-15,C5361,P1298,S215,East,Store,1,14176,0,Cash,Completed
O104597,2025-10-24,C5488,P1050,S218,North,Online,5,11986,127,Credit Card,Completed
O104598,2024-01-10,C5367,P1159,S242,North,Online,4,18152,0,Cash,Completed
O104599,2025-01-07,C5214,P1106,S206,South,Online,2,16729,108,Credit Card,Completed
O104600,2025-03-22,C5394,P1038,S249,East,Store,4,22462,0,Credit Card,Completed
O104601,2024-07-22,C6648,P1232,S216,East,Store,3,4324,0,Debit Card,Completed
O104602,2025-08-27,C5182,P1014,S240,North,Online,3,6858,0,Credit Card,Completed
O104603,2025-05-13,C6793,P1259,S208,East,Online,2,13997,0,Credit Card,Cancelled
O104604,2024-06-04,C5822,P1238,S207,North,Store,2,18960,0,UPI,Cancelled
O104605,2024-07-19,C6504,P1208,S219,North,Store,2,11265,0,UPI,Completed
O104606,2025-01-22,C6856,P1033,S206,South,Store,1,16111,429,Debit Card,Completed
O104607,2024-10-20,C6104,P1269,S211,West,Store,2,4684,0,Debit Card,Completed
O104608,2025-12-27,C5111,P1165,S202,East,Online,1,21855,0,Debit Card,Completed
O104609,2024-07-21,C5875,P1028,S235,North,Online,4,7958,0,Credit Card,Completed
O104610,2024-01-16,C5883,P1182,S234,East,Online,3,18616,0,Credit Card,Completed
O104611,2025-11-10,C6452,P1003,S225,South,Online,3,1494,0,Credit Card,Completed
O104612,2025-02-21,C5141,P1049,S248,West,Online,5,4384,0,Debit Card,Completed
O104613,2025-05-01,C6628,P1023,S214,West,Online,4,11148,0,Debit Card,Completed
O104614,2024-09-16,C5131,P1157,S231,North,Online,2,20469,0,Credit Card,Completed
O104615,2024-02-26,C6090,P1156,S230,East,Store,5,14997,0,Debit Card,Cancelled
O104616,2025-05-16,C5864,P1279,S240,North,Store,1,5899,0,UPI,Completed
O104617,2025-04-22,C5425,P1192,S236,West,Online,1,20500,149,UPI,Completed
O104618,2025-04-05,C5031,P1154,S224,East,Online,3,16309,0,Credit Card,Completed
O104619,2025-01-12,C6153,P1012,S248,West,Online,2,20263,0,Cash,Completed
O104620,2024-01-21,C5015,P1008,S237,North,Store,4,11489,0,Debit Card,Completed
O104621,2025-01-06,C5240,P1207,S226,North,Store,4,17879,0,Debit Card,Cancelled
O104622,2025-03-22,C6359,P1100,S236,West,Store,3,9778,0,UPI,Completed
O104623,2024-03-08,C5382,P1220,S223,West,Online,3,15484,480,UPI,Completed
O104624,2025-07-12,C5443,P1166,S218,North,Online,2,1640,272,Credit Card,Completed
O104625,2025-08-31,C5522,P1068,S239,West,Store,1,11524,473,Credit Card,Completed
O104626,2025-04-21,C5051,P1063,S236,West,Store,4,17739,0,Cash,Cancelled
O104627,2025-07-30,C5210,P1119,S230,East,Store,3,20033,0,Debit Card,Completed
O104628,2024-05-13,C5270,P1237,S207,North,Store,5,21100,0,Debit Card,Completed
O104629,2025-11-03,C5871,P1079,S246,North,Store,1,9159,0,Debit Card,Completed
O104630,2025-12-15,C6563,P1039,S216,East,Online,1,3162,67,Credit Card,Completed
O104631,2024-06-01,C6036,P1175,S221,North,Store,1,20666,0,Credit Card,Cancelled
O104632,2025-05-08,C6299,P1178,S225,South,Store,2,8635,0,Credit Card,Cancelled
O104633,2025-04-02,C5435,P1289,S207,North,Store,1,16378,78,Cash,Cancelled
O104634,2024-07-08,C5498,P1114,S214,West,Store,1,15114,0,Cash,Completed
O104635,2024-10-28,C6157,P1080,S213,North,Store,4,5303,0,Debit Card,Completed
O104636,2025-02-27,C5627,P1241,S230,East,Store,5,19467,0,UPI,Completed
O104637,2025-08-25,C6097,P1145,S219,North,Online,2,13495,0,Cash,Cancelled
O104638,2025-08-26,C6691,P1025,S240,North,Store,2,8362,0,Cash,Completed
O104639,2025-07-25,C5645,P1088,S201,South,Store,1,21299,0,Credit Card,Completed
O104640,2025-01-30,C5500,P1143,S228,South,Online,5,8850,0,UPI,Completed
O104641,2025-11-26,C6315,P1243,S206,South,Online,1,21225,0,Debit Card,Cancelled
O104642,2025-05-02,C6339,P1098,S214,West,Online,5,22065,0,Cash,Cancelled
O104643,2024-03-14,C6387,P1009,S237,North,Store,5,15817,0,Credit Card,Completed
O104644,2024-04-26,C6421,P1028,S239,West,Store,3,7958,0,UPI,Completed
O104645,2024-10-22,C6105,P1061,S230,East,Store,2,22570,0,Debit Card,Cancelled
O104646,2024-10-03,C6868,P1125,S217,West,Online,3,8150,401,Credit Card,Completed
O104647,2024-04-04,C6941,P1009,S230,East,Store,3,15817,354,Cash,Completed
O104648,2025-05-10,C6358,P1265,S211,West,Online,1,11992,0,Credit Card,Cancelled
O104649,2025-03-24,C6100,P1024,S208,East,Online,5,15591,0,UPI,Completed
O104650,2024-03-17,C5345,P1255,S239,West,Online,3,14851,0,Credit Card,Cancelled
O104651,2024-01-13,C6853,P1076,S202,East,Store,5,16951,0,UPI,Cancelled
O104652,2025-10-27,C6096,P1152,S235,North,Store,5,11737,0,UPI,Completed
O104653,2025-03-24,C6633,P1082,S212,West,Online,3,8487,390,Cash,Completed
O104654,2024-07-18,C6100,P1197,S247,North,Online,1,16495,0,UPI,Completed
O104655,2024-07-08,C6806,P1290,S216,East,Online,1,5987,0,UPI,Completed
O104656,2024-02-17,C6575,P1137,S245,East,Store,4,8938,0,UPI,Cancelled
O104657,2025-01-20,C6713,P1062,S232,North,Online,5,17006,0,UPI,Cancelled
O104658,2025-02-20,C6728,P1260,S235,North,Online,5,1933,302,Cash,Completed
O104659,2024-03-26,C6641,P1130,S225,South,Store,1,9394,0,Debit Card,Cancelled
O104660,2025-01-21,C6731,P1014,S210,North,Store,5,6858,0,UPI,Cancelled
O104661,2025-03-27,C6270,P1194,S233,North,Store,1,10696,0,UPI,Cancelled
O104662,2024-08-08,C5198,P1137,S203,East,Online,3,8938,0,UPI,Completed
O104663,2025-09-15,C6171,P1283,S229,South,Online,2,17954,0,Debit Card,Completed
O104664,2024-05-26,C6522,P1166,S232,North,Store,3,1640,0,Debit Card,Cancelled
O104665,2024-07-26,C6091,P1151,S211,West,Store,3,12508,329,UPI,Cancelled
O104666,2025-08-16,C6073,P1060,S209,West,Online,3,10490,54,Credit Card,Cancelled
O104667,2025-05-22,C6435,P1119,S214,West,Store,5,20033,0,Debit Card,Completed
O104668,2024-11-24,C5731,P1066,S244,East,Store,4,17713,485,UPI,Completed
O104669,2025-10-20,C6720,P1181,S213,North,Online,1,4623,0,Debit Card,Completed
O104670,2025-02-08,C5620,P1227,S243,South,Store,1,5382,0,Debit Card,Completed
O104671,2024-01-24,C6937,P1205,S216,East,Online,1,3522,0,Debit Card,Completed
O104672,2024-11-16,C6422,P1253,S224,East,Store,2,20605,0,Credit Card,Completed
O104673,2025-08-02,C6150,P1265,S205,South,Store,1,11992,156,UPI,Completed
O104674,2024-09-23,C5184,P1199,S208,East,Store,5,17589,55,Credit Card,Completed
O104675,2025-05-06,C6358,P1140,S233,North,Store,2,18510,0,UPI,Completed
O104676,2024-12-16,C5906,P1189,S208,East,Online,1,23820,0,Cash,Completed
O104677,2025-05-07,C5232,P1003,S241,South,Store,3,1494,397,Cash,Completed
O104678,2024-11-18,C5623,P1076,S208,East,Online,5,16951,0,Debit Card,Completed
O104679,2025-10-28,C6171,P1127,S216,East,Store,3,11658,328,Debit Card,Completed
O104680,2024-12-20,C6478,P1141,S226,North,Online,5,5607,285,Cash,Cancelled
O104681,2025-01-27,C6249,P1203,S204,North,Online,5,17152,0,Cash,Completed
O104682,2025-04-11,C5998,P1110,S205,South,Store,4,5745,0,UPI,Cancelled
O104683,2024-08-12,C6540,P1031,S214,West,Store,1,6951,0,UPI,Cancelled
O104684,2025-03-31,C6643,P1296,S240,North,Store,4,10596,0,UPI,Completed
O104685,2025-03-12,C5685,P1040,S241,South,Online,1,4205,0,Credit Card,Cancelled
O104686,2025-11-25,C6279,P1162,S224,East,Online,1,8893,0,UPI,Completed
O104687,2024-07-04,C5641,P1202,S249,East,Store,3,15754,0,UPI,Completed
O104688,2024-07-05,C5418,P1004,S214,West,Store,2,6831,0,Credit Card,Completed
O104689,2024-06-10,C5866,P1218,S210,North,Store,5,15354,0,Cash,Completed
O104690,2024-11-01,C5784,P1250,S221,North,Online,4,4746,0,Cash,Cancelled
O104691,2024-07-26,C6547,P1228,S209,West,Online,2,13342,269,Credit Card,Cancelled
O104692,2024-03-23,C5568,P1099,S215,East,Store,1,17578,0,Debit Card,Completed
O104693,2025-10-07,C6922,P1191,S221,North,Online,1,13093,0,UPI,Completed
O104694,2024-07-04,C5044,P1073,S245,East,Online,5,5249,0,UPI,Completed
O104695,2024-09-09,C5084,P1131,S244,East,Store,2,20406,0,Cash,Cancelled
O104696,2024-12-06,C6962,P1115,S204,North,Online,2,20308,0,Debit Card,Completed
O104697,2024-09-19,C6696,P1167,S209,West,Online,2,14354,0,Debit Card,Completed
O104698,2025-01-01,C5478,P1204,S203,East,Online,5,3675,0,Credit Card,Completed
O104699,2023-12-29,C6057,P1038,S242,North,Online,1,22462,0,Debit Card,Completed
O104700,2025-08-17,C6912,P1228,S229,South,Store,1,13342,0,UPI,Completed
O104701,2024-07-15,C5371,P1273,S246,North,Store,1,17610,325,Cash,Completed
O104702,2025-09-01,C5222,P1096,S223,West,Online,4,16951,0,Cash,Completed
O104703,2025-11-26,C5936,P1187,S201,South,Store,5,10875,0,UPI,Completed
O104704,2024-07-04,C6253,P1032,S206,South,Online,1,2864,0,UPI,Completed
O104705,2024-08-16,C6423,P1240,S223,West,Online,5,9126,231,UPI,Completed
O104706,2024-12-20,C6833,P1110,S233,North,Store,3,5745,0,UPI,Completed
O104707,2024-06-11,C6252,P1217,S212,West,Online,3,9870,0,UPI,Cancelled
O104708,2025-02-08,C5401,P1224,S206,South,Store,1,21622,0,UPI,Cancelled
O104709,2025-09-12,C6509,P1172,S245,East,Online,5,15856,0,Cash,Completed
O104710,2025-12-22,C6749,P1251,S212,West,Store,3,8279,0,UPI,Completed
O104711,2025-07-24,C6219,P1240,S224,East,Store,2,9126,0,Cash,Cancelled
O104712,2024-12-23,C5180,P1174,S216,East,Store,5,21347,261,UPI,Cancelled
O104713,2025-02-19,C6910,P1065,S215,East,Online,3,3007,0,Debit Card,Completed
O104714,2025-06-07,C5072,P1234,S233,North,Online,4,5302,0,UPI,Completed
O104715,2024-10-09,C5440,P1016,S233,North,Online,1,11602,0,Cash,Completed
O104716,2024-03-21,C6469,P1240,S204,North,Online,4,9126,486,Cash,Cancelled
O104717,2024-08-02,C6694,P1234,S244,East,Online,4,5302,0,UPI,Cancelled
O104718,2025-12-19,C5611,P1236,S245,East,Store,5,1650,0,Credit Card,Completed
O104719,2024-07-16,C5647,P1032,S214,West,Online,1,2864,0,UPI,Completed
O104720,2025-01-26,C5016,P1047,S204,North,Store,3,6278,0,Credit Card,Completed
O104721,2025-01-18,C6586,P1214,S221,North,Store,3,10921,241,Cash,Completed
O104722,2025-09-10,C5000,P1243,S220,South,Online,3,21225,0,Credit Card,Completed
O104723,2025-03-06,C6289,P1222,S249,East,Store,2,15054,0,Cash,Completed
O104724,2025-07-24,C6577,P1149,S234,East,Store,3,12341,0,Cash,Completed
O104725,2025-01-27,C5512,P1131,S231,North,Online,1,20406,0,UPI,Completed
O104726,2025-06-28,C5173,P1210,S223,West,Online,2,6616,0,Credit Card,Completed
O104727,2024-06-25,C5149,P1126,S204,North,Online,4,13666,0,Credit Card,Completed
O104728,2025-02-02,C6091,P1182,S246,North,Store,5,18616,0,Cash,Completed
O104729,2025-11-08,C6678,P1052,S249,East,Online,1,13741,0,Credit Card,Completed
O104730,2024-05-08,C6407,P1292,S206,South,Online,1,23214,0,UPI,Completed
O104731,2025-11-04,C6503,P1182,S237,North,Store,5,18616,0,Credit Card,Cancelled
O104732,2025-02-25,C6525,P1139,S211,West,Online,4,21395,200,Credit Card,Cancelled
O104733,2024-02-12,C5780,P1145,S242,North,Store,3,13495,0,Debit Card,Completed
O104734,2024-03-15,C5866,P1005,S229,South,Store,2,15987,133,UPI,Completed
O104735,2024-12-22,C6256,P1163,S219,North,Store,3,11924,343,Cash,Cancelled
O104736,2025-10-16,C6960,P1031,S224,East,Store,2,6951,0,Debit Card,Completed
O104737,2025-11-20,C5863,P1245,S217,West,Online,4,3373,0,Credit Card,Completed
O104738,2024-04-23,C5117,P1059,S217,West,Online,2,10909,87,Debit Card,Completed
O104739,2025-06-07,C5229,P1090,S233,North,Online,1,6496,0,Debit Card,Completed
O104740,2025-02-05,C6298,P1274,S216,East,Online,2,20728,0,Credit Card,Cancelled
O104741,2025-10-14,C6779,P1248,S203,East,Store,3,13480,398,Cash,Completed
O104742,2024-10-28,C5865,P1191,S249,East,Online,5,13093,0,UPI,Cancelled
O104743,2024-09-19,C6882,P1165,S231,North,Store,5,21855,0,Debit Card,Completed
O104744,2025-07-28,C5692,P1042,S217,West,Store,4,20007,0,UPI,Completed
O104745,2025-09-06,C6902,P1217,S249,East,Online,1,9870,0,UPI,Completed
O104746,2024-01-08,C6631,P1086,S217,West,Online,3,9673,420,Credit Card,Completed
O104747,2024-06-30,C5687,P1003,S223,West,Online,3,1494,0,Credit Card,Completed
O104748,2024-04-15,C5621,P1138,S249,East,Store,2,8919,0,Debit Card,Completed
O104749,2025-06-09,C5995,P1221,S201,South,Online,4,17898,217,Cash,Completed
O104750,2025-01-10,C5642,P1179,S236,West,Online,3,19591,0,Debit Card,Cancelled
O104751,2024-03-02,C5191,P1226,S246,North,Online,3,19224,394,Cash,Completed
O104752,2025-08-06,C5086,P1110,S200,West,Store,2,5745,0,Debit Card,Completed
O104753,2025-01-18,C6951,P1156,S204,North,Online,5,14997,0,Cash,Completed
O104754,2024-05-02,C5724,P1067,S244,East,Store,3,18554,0,Cash,Completed
O104755,2025-08-24,C6755,P1114,S218,North,Online,1,15114,335,Credit Card,Completed
O104756,2025-05-10,C5682,P1239,S248,West,Store,1,20434,0,Cash,Completed
O104757,2024-05-21,C6688,P1045,S249,East,Online,5,18465,0,Cash,Completed
O104758,2025-03-11,C5337,P1057,S221,North,Store,2,12244,0,Debit Card,Completed
O104759,2024-08-21,C5299,P1064,S218,North,Store,1,13395,0,UPI,Cancelled
O104760,2025-11-17,C6646,P1232,S235,North,Store,3,4324,0,Cash,Completed
O104761,2024-04-12,C5571,P1204,S245,East,Online,1,3675,0,Cash,Completed
O104762,2025-03-17,C5917,P1031,S224,East,Store,2,6951,0,Credit Card,Completed
O104763,2025-02-25,C5692,P1028,S208,East,Store,4,7958,0,Credit Card,Completed
O104764,2025-05-15,C6378,P1235,S234,East,Online,1,21005,350,Cash,Cancelled
O104765,2024-09-16,C5914,P1176,S209,West,Online,1,14974,274,Cash,Completed
O104766,2025-03-14,C6154,P1048,S202,East,Online,4,16836,0,Credit Card,Cancelled
O104767,2025-02-27,C6403,P1116,S230,East,Online,1,5919,0,Credit Card,Completed
O104768,2024-06-15,C5393,P1237,S210,North,Store,4,21100,0,Cash,Completed
O104769,2024-09-24,C6830,P1039,S242,North,Store,4,3162,400,Cash,Cancelled
O104770,2025-09-17,C6439,P1205,S231,North,Online,2,3522,0,Debit Card,Cancelled
O104771,2024-01-19,C5140,P1193,S202,East,Store,1,18061,332,Debit Card,Completed
O104772,2025-07-21,C5973,P1161,S247,North,Online,3,23914,0,Credit Card,Completed
O104773,2024-03-20,C6513,P1205,S209,West,Store,5,3522,0,Debit Card,Cancelled
O104774,2025-07-29,C6222,P1055,S248,West,Store,1,21841,0,Cash,Cancelled
O104775,2024-02-02,C5953,P1053,S231,North,Store,1,3129,0,Debit Card,Completed
O104776,2025-03-18,C5437,P1074,S221,North,Online,5,5321,0,UPI,Cancelled
O104777,2024-12-16,C5735,P1207,S236,West,Store,2,17879,0,Debit Card,Cancelled
O104778,2025-10-08,C5682,P1029,S239,West,Store,1,21239,0,Debit Card,Completed
O104779,2025-06-04,C5555,P1173,S235,North,Store,2,7396,0,Debit Card,Cancelled
O104780,2024-11-14,C6326,P1262,S241,South,Online,2,11478,0,Credit Card,Completed
O104781,2024-08-13,C6741,P1006,S233,North,Store,3,17945,0,Debit Card,Completed
O104782,2024-10-05,C5925,P1183,S246,North,Store,5,3139,0,Debit Card,Completed
O104783,2024-11-25,C5851,P1143,S215,East,Online,5,8850,0,Cash,Completed
O104784,2024-06-22,C5151,P1182,S208,East,Store,4,18616,0,Debit Card,Cancelled
O104785,2025-05-10,C5552,P1073,S249,East,Store,5,5249,0,UPI,Completed
O104786,2024-11-07,C5405,P1008,S217,West,Store,5,11489,0,Debit Card,Completed
O104787,2024-03-26,C6409,P1186,S248,West,Online,3,14983,0,UPI,Completed
O104788,2025-12-02,C5935,P1026,S219,North,Online,5,5942,251,Debit Card,Completed
O104789,2025-05-06,C5269,P1185,S226,North,Store,3,7628,267,UPI,Cancelled
O104790,2024-10-05,C5342,P1126,S220,South,Online,1,13666,0,Credit Card,Completed
O104791,2025-03-08,C6680,P1147,S248,West,Online,5,10106,336,Cash,Completed
O104792,2024-10-21,C6017,P1242,S248,West,Online,1,13862,107,Debit Card,Completed
O104793,2025-08-31,C6036,P1276,S218,North,Online,1,17692,0,Cash,Completed
O104794,2025-08-09,C6887,P1282,S226,North,Online,2,19507,344,Cash,Completed
O104795,2025-02-24,C5610,P1067,S226,North,Store,5,18554,282,Credit Card,Completed
O104796,2024-11-24,C6796,P1026,S220,South,Online,3,5942,295,UPI,Completed
O104797,2025-03-07,C6714,P1129,S206,South,Online,5,5589,0,Credit Card,Completed
O104798,2024-04-19,C5873,P1274,S225,South,Store,2,20728,0,Credit Card,Completed
O104799,2024-06-27,C5189,P1243,S229,South,Store,1,21225,0,Credit Card,Cancelled
O104800,2025-10-28,C6729,P1294,S233,North,Online,4,16364,168,Credit Card,Cancelled
O104801,2024-09-26,C5447,P1207,S238,East,Online,1,17879,0,Debit Card,Completed
O104802,2025-02-22,C6903,P1165,S221,North,Store,3,21855,474,Debit Card,Completed
O104803,2024-12-09,C6336,P1124,S209,West,Store,2,18693,0,Cash,Completed
O104804,2024-06-02,C5507,P1157,S245,East,Online,4,20469,0,Cash,Cancelled
O104805,2025-06-23,C5798,P1080,S226,North,Online,5,5303,314,Cash,Completed
O104806,2024-07-19,C5553,P1143,S213,North,Store,2,8850,498,UPI,Completed
O104807,2025-06-04,C5586,P1147,S228,South,Online,3,10106,0,UPI,Completed
O104808,2024-03-15,C6171,P1088,S228,South,Store,2,21299,0,Credit Card,Completed
O104809,2024-12-03,C6318,P1038,S222,East,Store,3,22462,305,Credit Card,Completed
O104810,2024-01-25,C5949,P1020,S229,South,Online,3,10169,0,Credit Card,Completed
O104811,2025-02-19,C6816,P1063,S241,South,Store,5,17739,0,Debit Card,Completed
O104812,2025-08-08,C6588,P1029,S227,North,Store,1,21239,106,UPI,Completed
O104813,2024-10-13,C5773,P1172,S226,North,Online,5,15856,0,Cash,Completed
O104814,2024-02-04,C6566,P1200,S233,North,Online,3,2422,0,Credit Card,Completed
O104815,2024-03-22,C5385,P1222,S244,East,Store,3,15054,0,Credit Card,Completed
O104816,2024-04-18,C5756,P1235,S200,West,Store,5,21005,360,UPI,Completed
O104817,2025-02-10,C6105,P1048,S246,North,Store,2,16836,0,UPI,Completed
O104818,2025-10-20,C5956,P1010,S236,West,Online,4,8826,0,Cash,Completed
O104819,2024-10-12,C5234,P1224,S234,East,Online,5,21622,332,Debit Card,Completed
O104820,2025-11-30,C6540,P1242,S221,North,Online,5,13862,0,UPI,Completed
O104821,2025-09-12,C5392,P1086,S247,North,Online,3,9673,0,Cash,Completed
O104822,2024-09-13,C6626,P1280,S221,North,Online,1,17740,0,UPI,Completed
O104823,2025-01-08,C6157,P1227,S214,West,Store,1,5382,0,Credit Card,Completed
O104824,2024-05-10,C6983,P1188,S226,North,Store,5,15328,0,Debit Card,Completed
O104825,2024-06-17,C5983,P1154,S246,North,Online,2,16309,0,Credit Card,Cancelled
O104826,2025-11-06,C6555,P1114,S232,North,Online,5,15114,0,Debit Card,Completed
O104827,2024-03-26,C6794,P1063,S249,East,Online,1,17739,0,Credit Card,Completed
O104828,2024-06-13,C5908,P1035,S204,North,Store,3,21802,0,Credit Card,Completed
O104829,2024-03-12,C5478,P1240,S208,East,Online,4,9126,0,Debit Card,Completed
O104830,2024-02-12,C5371,P1293,S219,North,Online,2,19741,0,UPI,Completed
O104831,2025-04-09,C6869,P1247,S231,North,Store,4,15686,0,UPI,Completed
O104832,2025-04-12,C6151,P1009,S245,East,Online,5,15817,368,Debit Card,Completed
O104833,2024-06-20,C5533,P1243,S226,North,Online,1,21225,0,Credit Card,Completed
O104834,2025-04-05,C5976,P1286,S224,East,Store,1,1267,0,Credit Card,Completed
O104835,2025-04-22,C6656,P1281,S237,North,Online,1,12731,0,Debit Card,Cancelled
O104836,2024-01-01,C5987,P1136,S229,South,Online,5,3271,0,Cash,Completed
O104837,2024-03-29,C5953,P1040,S247,North,Online,2,4205,0,Credit Card,Completed
O104838,2025-03-15,C5638,P1056,S249,East,Store,2,17229,0,Credit Card,Completed
O104839,2025-05-27,C6985,P1062,S226,North,Online,5,17006,0,Credit Card,Completed
O104840,2025-08-06,C5906,P1245,S206,South,Store,3,3373,0,Cash,Completed
O104841,2024-04-07,C5499,P1014,S210,North,Store,1,6858,0,UPI,Completed
O104842,2024-11-21,C5899,P1165,S211,West,Online,2,21855,0,UPI,Completed
O104843,2025-08-13,C6312,P1040,S210,North,Online,3,4205,0,Cash,Completed
O104844,2025-03-02,C6928,P1000,S230,East,Online,1,5850,0,Debit Card,Cancelled
O104845,2025-04-03,C6822,P1107,S214,West,Online,4,7054,0,UPI,Completed
O104846,2024-07-03,C5734,P1290,S233,North,Store,3,5987,0,Cash,Completed
O104847,2024-07-17,C6636,P1020,S248,West,Store,2,10169,0,Credit Card,Completed
O104848,2025-12-09,C5994,P1034,S213,North,Online,5,9778,0,Debit Card,Completed
O104849,2024-08-30,C5658,P1049,S240,North,Store,4,4384,400,Credit Card,Cancelled
O104850,2024-06-25,C6019,P1260,S248,West,Store,4,1933,0,Debit Card,Cancelled
O104851,2024-10-07,C5524,P1135,S244,East,Online,4,18707,0,UPI,Completed
O104852,2025-03-30,C6016,P1254,S240,North,Online,4,18521,198,Credit Card,Cancelled
O104853,2024-11-03,C5337,P1019,S228,South,Store,5,11005,0,Credit Card,Cancelled
O104854,2025-05-21,C5323,P1085,S249,East,Store,5,5647,0,Debit Card,Completed
O104855,2025-03-31,C5210,P1129,S207,North,Online,3,5589,82,UPI,Cancelled
O104856,2025-12-16,C6697,P1137,S240,North,Store,1,8938,0,UPI,Completed
O104857,2025-06-02,C5582,P1162,S225,South,Online,2,8893,378,Debit Card,Completed
O104858,2024-09-12,C6389,P1233,S232,North,Online,3,12833,0,Credit Card,Completed
O104859,2025-11-09,C6926,P1246,S229,South,Online,5,22713,469,Debit Card,Completed
O104860,2024-01-14,C5340,P1192,S224,East,Online,1,20500,362,Debit Card,Completed
O104861,2025-05-22,C6145,P1101,S235,North,Store,1,17061,0,Cash,Completed
O104862,2024-03-24,C6746,P1164,S237,North,Online,5,5775,0,UPI,Completed
O104863,2025-10-30,C6897,P1288,S219,North,Store,1,10267,0,Cash,Cancelled
O104864,2025-07-13,C6873,P1104,S201,South,Store,5,18741,0,Debit Card,Completed
O104865,2024-08-31,C5719,P1261,S236,West,Store,3,22756,0,UPI,Completed
O104866,2024-11-14,C5962,P1208,S236,West,Store,5,11265,0,Cash,Completed
O104867,2024-02-14,C6595,P1019,S220,South,Online,3,11005,0,Debit Card,Completed
O104868,2024-03-16,C6379,P1242,S242,North,Store,5,13862,0,Cash,Completed
O104869,2025-03-04,C5777,P1275,S249,East,Online,2,22022,0,Debit Card,Completed
O104870,2024-05-03,C6313,P1107,S225,South,Store,5,7054,0,Credit Card,Completed
O104871,2025-12-11,C6649,P1013,S211,West,Store,1,18762,0,Debit Card,Completed
O104872,2024-08-11,C5629,P1069,S210,North,Online,1,10947,0,Cash,Completed
O104873,2025-04-24,C6864,P1114,S211,West,Store,1,15114,0,UPI,Completed
O104874,2024-05-21,C6392,P1215,S221,North,Online,3,16425,0,Cash,Cancelled
O104875,2024-04-23,C6339,P1227,S203,East,Online,5,5382,0,Debit Card,Completed
O104876,2024-10-18,C5276,P1024,S237,North,Store,2,15591,0,Debit Card,Completed
O104877,2024-10-18,C6001,P1182,S227,North,Online,3,18616,0,Debit Card,Completed
O104878,2024-02-11,C5669,P1018,S209,West,Online,1,14106,0,Cash,Completed
O104879,2024-10-24,C6058,P1036,S209,West,Online,3,11836,292,UPI,Completed
O104880,2024-01-29,C5083,P1114,S232,North,Online,4,15114,174,Credit Card,Cancelled
O104881,2024-02-10,C5021,P1215,S238,East,Online,2,16425,0,UPI,Completed
O104882,2024-02-28,C5047,P1148,S248,West,Store,5,10231,0,Debit Card,Completed
O104883,2025-03-02,C6443,P1256,S210,North,Store,2,8546,232,Cash,Cancelled
O104884,2024-02-05,C6311,P1114,S228,South,Online,5,15114,0,UPI,Completed
O104885,2024-12-02,C6108,P1289,S222,East,Online,2,16378,174,Debit Card,Cancelled
O104886,2025-06-11,C5311,P1078,S245,East,Store,4,23389,0,Credit Card,Completed
O104887,2024-12-29,C6239,P1107,S241,South,Store,2,7054,0,UPI,Completed
O104888,2024-01-26,C6504,P1027,S241,South,Store,2,5053,0,Cash,Cancelled
O104889,2024-06-02,C5376,P1095,S217,West,Online,4,13952,0,Debit Card,Completed
O104890,2024-12-16,C5191,P1009,S233,North,Store,4,15817,0,UPI,Completed
O104891,2025-04-14,C6683,P1155,S209,West,Online,2,15032,0,Debit Card,Completed
O104892,2024-04-19,C6799,P1123,S249,East,Online,1,15348,0,Cash,Completed
O104893,2025-09-18,C6891,P1057,S218,North,Store,2,12244,0,Cash,Completed
O104894,2024-06-14,C5998,P1120,S209,West,Online,5,20523,0,Credit Card,Completed
O104895,2024-02-29,C5512,P1276,S243,South,Online,5,17692,0,Credit Card,Completed
O104896,2024-07-04,C6436,P1098,S232,North,Store,5,22065,0,Credit Card,Completed
O104897,2024-10-28,C5897,P1061,S234,East,Online,1,22570,0,Debit Card,Completed
O104898,2025-03-31,C6562,P1032,S227,North,Store,4,2864,0,Credit Card,Completed
O104899,2025-12-20,C5011,P1164,S203,East,Store,1,5775,0,Cash,Cancelled
O104900,2024-07-11,C5708,P1228,S214,West,Store,2,13342,0,Cash,Completed
O104901,2025-12-04,C6297,P1131,S226,North,Online,2,20406,0,Debit Card,Cancelled
O104902,2024-10-18,C6449,P1282,S201,South,Online,4,19507,0,Cash,Completed
O104903,2024-06-24,C6540,P1107,S211,West,Online,5,7054,0,UPI,Cancelled
O104904,2025-03-09,C6414,P1016,S243,South,Online,2,11602,0,Cash,Cancelled
O104905,2024-11-18,C5085,P1202,S200,West,Store,1,15754,0,Debit Card,Completed
O104906,2025-04-29,C5652,P1167,S248,West,Online,2,14354,0,Debit Card,Completed
O104907,2025-05-30,C6197,P1103,S202,East,Online,3,19689,0,UPI,Completed
O104908,2025-09-24,C5025,P1030,S200,West,Online,1,11890,0,UPI,Cancelled
O104909,2024-12-07,C5477,P1272,S229,South,Store,3,21727,300,UPI,Completed
O104910,2023-12-29,C6218,P1050,S231,North,Store,2,11986,272,Cash,Completed
O104911,2025-06-07,C5807,P1169,S209,West,Store,5,5160,0,Credit Card,Completed
O104912,2025-01-19,C6202,P1135,S230,East,Online,2,18707,0,Cash,Completed
O104913,2024-11-14,C6697,P1201,S213,North,Online,1,6002,461,Debit Card,Completed
O104914,2025-08-13,C5046,P1040,S203,East,Online,1,4205,0,Debit Card,Cancelled
O104915,2024-01-08,C6530,P1266,S224,East,Store,4,15728,0,Credit Card,Completed
O104916,2024-03-29,C6538,P1111,S235,North,Store,1,6965,0,Debit Card,Completed
O104917,2024-02-14,C5662,P1198,S223,West,Store,4,834,0,UPI,Completed
O104918,2025-01-07,C6226,P1065,S203,East,Online,3,3007,273,Debit Card,Cancelled
O104919,2025-08-01,C6417,P1119,S242,North,Store,2,20033,0,Debit Card,Completed
O104920,2025-07-06,C5955,P1149,S203,East,Online,5,12341,0,Credit Card,Cancelled
O104921,2025-02-20,C6009,P1280,S243,South,Online,2,17740,201,Cash,Completed
O104922,2024-11-08,C6669,P1146,S248,West,Online,5,13303,0,Debit Card,Completed
O104923,2025-06-02,C6970,P1115,S232,North,Online,3,20308,454,Cash,Completed
O104924,2024-04-02,C6010,P1019,S212,West,Store,3,11005,0,Debit Card,Cancelled
O104925,2024-05-26,C5073,P1217,S221,North,Online,5,9870,90,UPI,Completed
O104926,2024-05-16,C6480,P1109,S205,South,Store,5,5046,132,Cash,Completed
O104927,2025-07-07,C6855,P1025,S204,North,Online,5,8362,0,Credit Card,Cancelled
O104928,2025-07-16,C6195,P1115,S238,East,Store,2,20308,0,UPI,Completed
O104929,2025-04-02,C5923,P1131,S223,West,Store,2,20406,0,Cash,Cancelled
O104930,2025-08-14,C6912,P1200,S248,West,Store,5,2422,0,Credit Card,Completed
O104931,2025-03-14,C5758,P1155,S232,North,Store,4,15032,0,Cash,Cancelled
O104932,2024-11-30,C5593,P1258,S232,North,Store,3,21780,0,Credit Card,Completed
O104933,2025-10-04,C5995,P1277,S201,South,Store,3,2790,181,Cash,Completed
O104934,2025-05-04,C5420,P1281,S225,South,Store,5,12731,389,UPI,Completed
O104935,2024-05-21,C6898,P1196,S211,West,Store,3,13692,0,Debit Card,Completed
O104936,2024-07-24,C6884,P1181,S224,East,Online,4,4623,0,Credit Card,Completed
O104937,2025-12-05,C6451,P1072,S212,West,Online,3,11213,143,Cash,Completed
O104938,2024-08-25,C6053,P1083,S232,North,Online,4,7188,0,Debit Card,Completed
O104939,2024-04-16,C5264,P1219,S233,North,Store,2,11028,0,Cash,Completed
O104940,2024-10-15,C6558,P1052,S249,East,Store,5,13741,0,UPI,Cancelled
O104941,2025-02-26,C5980,P1103,S226,North,Store,2,19689,0,UPI,Cancelled
O104942,2025-07-03,C5234,P1055,S241,South,Online,1,21841,0,UPI,Completed
O104943,2024-03-07,C5230,P1169,S233,North,Store,5,5160,0,UPI,Cancelled
O104944,2024-12-20,C5209,P1038,S228,South,Store,1,22462,0,Cash,Completed
O104945,2025-04-11,C5388,P1131,S222,East,Store,4,20406,0,Debit Card,Completed
O104946,2025-01-11,C6030,P1119,S229,South,Online,2,20033,191,Cash,Cancelled
O104947,2024-03-13,C5792,P1247,S226,North,Store,2,15686,0,Debit Card,Completed
O104948,2025-08-28,C6693,P1224,S217,West,Store,5,21622,0,Debit Card,Cancelled
O104949,2024-03-25,C6974,P1213,S200,West,Online,3,14282,0,Cash,Cancelled
O104950,2024-05-29,C5875,P1181,S211,West,Store,5,4623,0,Cash,Completed
O104951,2024-06-09,C6538,P1234,S204,North,Store,3,5302,0,UPI,Completed
O104952,2025-03-25,C5344,P1100,S237,North,Store,1,9778,0,Credit Card,Completed
O104953,2025-09-03,C6771,P1280,S230,East,Online,5,17740,0,Credit Card,Completed
O104954,2025-03-31,C6792,P1226,S218,North,Online,1,19224,0,UPI,Cancelled
O104955,2025-08-20,C6761,P1174,S231,North,Store,2,21347,0,Cash,Cancelled
O104956,2025-08-31,C6956,P1293,S230,East,Online,2,19741,0,Debit Card,Completed
O104957,2024-12-03,C5611,P1082,S219,North,Online,3,8487,342,Cash,Completed
O104958,2024-07-19,C6892,P1032,S239,West,Store,4,2864,140,Credit Card,Completed
O104959,2025-04-01,C5611,P1046,S241,South,Online,5,11020,0,Cash,Completed
O104960,2024-03-11,C6698,P1173,S240,North,Online,3,7396,0,UPI,Completed
O104961,2024-03-07,C6458,P1145,S224,East,Store,1,13495,0,UPI,Cancelled
O104962,2024-03-10,C5131,P1226,S244,East,Store,4,19224,0,UPI,Completed
O104963,2024-12-12,C5074,P1153,S235,North,Store,4,14011,238,Cash,Completed
O104964,2024-07-28,C5055,P1271,S235,North,Online,3,14975,0,UPI,Completed
O104965,2025-10-17,C6103,P1099,S229,South,Online,3,17578,0,Credit Card,Cancelled
O104966,2024-06-21,C5468,P1137,S213,North,Store,4,8938,0,UPI,Completed
O104967,2025-01-31,C6885,P1278,S246,North,Online,1,19013,0,Credit Card,Completed
O104968,2024-04-14,C5649,P1127,S202,East,Store,5,11658,308,Cash,Completed
O104969,2024-08-23,C5765,P1125,S246,North,Store,3,8150,358,Debit Card,Completed
O104970,2025-07-29,C6845,P1297,S210,North,Online,2,20307,0,Debit Card,Completed
O104971,2025-05-19,C5748,P1186,S234,East,Store,1,14983,459,Credit Card,Cancelled
O104972,2024-02-10,C6642,P1202,S209,West,Store,1,15754,0,Credit Card,Cancelled
O104973,2025-07-14,C5792,P1111,S212,West,Online,2,6965,133,UPI,Cancelled
O104974,2025-08-19,C6987,P1180,S208,East,Store,1,6796,0,Credit Card,Completed
O104975,2025-07-13,C5177,P1203,S219,North,Store,3,17152,0,Debit Card,Completed
O104976,2025-02-17,C5117,P1131,S224,East,Store,1,20406,0,Credit Card,Cancelled
O104977,2024-05-01,C6185,P1164,S201,South,Store,4,5775,0,Debit Card,Completed
O104978,2025-05-25,C6423,P1103,S240,North,Online,2,19689,0,Debit Card,Completed
O104979,2024-04-30,C6442,P1210,S247,North,Online,1,6616,0,UPI,Completed
O104980,2024-05-03,C5269,P1193,S208,East,Store,3,18061,0,Cash,Completed
O104981,2025-07-12,C5082,P1014,S237,North,Online,3,6858,0,Cash,Cancelled
O104982,2025-11-03,C5858,P1217,S210,North,Online,5,9870,0,Debit Card,Completed
O104983,2025-06-11,C6065,P1107,S238,East,Online,1,7054,0,Credit Card,Cancelled
O104984,2025-05-05,C6042,P1198,S204,North,Store,2,834,0,Debit Card,Completed
O104985,2024-09-21,C5357,P1063,S203,East,Store,4,17739,0,Credit Card,Completed
O104986,2025-06-30,C6981,P1186,S246,North,Store,3,14983,0,Debit Card,Completed
O104987,2024-03-19,C6773,P1211,S200,West,Online,1,17552,0,Credit Card,Completed
O104988,2024-05-21,C5580,P1281,S215,East,Online,2,12731,0,Credit Card,Completed
O104989,2024-09-28,C5083,P1204,S224,East,Online,4,3675,0,Debit Card,Completed
O104990,2025-10-20,C5404,P1129,S221,North,Store,5,5589,376,Debit Card,Completed
O104991,2024-12-01,C6290,P1234,S215,East,Online,5,5302,0,Debit Card,Cancelled
O104992,2025-06-19,C6033,P1054,S221,North,Online,1,17956,0,Credit Card,Completed
O104993,2025-08-12,C5079,P1123,S205,South,Store,4,15348,416,UPI,Cancelled
O104994,2024-11-10,C5942,P1017,S219,North,Online,3,16288,0,UPI,Completed
O104995,2025-03-17,C6606,P1061,S229,South,Online,4,22570,0,Debit Card,Completed
O104996,2025-08-17,C5655,P1249,S232,North,Store,3,17145,0,UPI,Cancelled
O104997,2025-02-06,C5672,P1007,S247,North,Online,2,15969,0,Debit Card,Completed
O104998,2024-12-23,C6235,P1280,S243,South,Store,2,17740,0,Cash,Completed
O104999,2025-03-29,C5427,P1268,S237,North,Store,3,5770,0,UPI,Completed
O105000,2025-10-13,C5739,P1039,S240,North,Store,5,3162,0,Credit Card,Completed
O105001,2025-04-29,C5422,P1239,S212,West,Store,5,20434,0,Debit Card,Completed
O105002,2025-02-09,C5798,P1188,S216,East,Online,4,15328,0,UPI,Completed
O105003,2024-01-31,C6455,P1097,S204,North,Online,1,8915,0,UPI,Completed
O105004,2025-08-23,C6518,P1108,S224,East,Store,3,14233,0,Debit Card,Cancelled
O105005,2025-07-04,C6953,P1214,S227,North,Store,1,10921,0,Credit Card,Completed
O105006,2025-11-15,C5445,P1103,S205,South,Online,2,19689,0,Credit Card,Cancelled
O105007,2025-02-27,C6476,P1002,S238,East,Online,5,21479,445,Credit Card,Completed
O105008,2025-10-30,C5978,P1270,S221,North,Store,5,19833,0,Credit Card,Completed
O105009,2024-06-04,C5343,P1226,S228,South,Store,3,19224,304,UPI,Completed
O105010,2025-10-13,C5398,P1291,S210,North,Online,5,12542,0,UPI,Cancelled
O105011,2025-08-16,C6137,P1271,S218,North,Store,4,14975,0,Credit Card,Completed
O105012,2024-10-22,C5877,P1187,S207,North,Store,1,10875,0,Debit Card,Completed
O105013,2024-07-21,C5679,P1104,S227,North,Online,5,18741,0,Credit Card,Cancelled
O105014,2025-02-20,C5209,P1127,S218,North,Online,3,11658,0,Cash,Completed
O105015,2025-03-30,C5133,P1182,S215,East,Online,4,18616,0,UPI,Completed
O105016,2024-11-28,C6254,P1044,S237,North,Store,4,11357,0,Debit Card,Completed
O105017,2025-06-14,C5290,P1007,S215,East,Store,3,15969,0,Debit Card,Completed
O105018,2024-02-20,C5310,P1223,S249,East,Online,5,4729,0,Debit Card,Completed
O105019,2024-09-27,C6790,P1136,S216,East,Online,4,3271,0,Debit Card,Completed
O105020,2024-06-18,C5781,P1264,S240,North,Online,5,5155,0,UPI,Completed
O105021,2025-06-29,C6123,P1106,S243,South,Online,2,16729,0,UPI,Completed
O105022,2025-12-25,C5332,P1113,S231,North,Store,2,2267,0,Credit Card,Completed
O105023,2025-10-05,C6528,P1094,S202,East,Store,2,3783,289,UPI,Completed
O105024,2025-02-05,C6802,P1174,S237,North,Store,5,21347,336,Credit Card,Completed
O105025,2024-08-16,C5725,P1168,S237,North,Online,1,11993,233,UPI,Cancelled
O105026,2024-04-14,C6657,P1223,S242,North,Store,5,4729,0,Cash,Cancelled
O105027,2025-07-15,C5121,P1118,S231,North,Online,2,23140,144,Cash,Completed
O105028,2024-02-28,C5775,P1033,S243,South,Online,3,16111,0,Cash,Completed
O105029,2024-01-08,C5824,P1173,S200,West,Online,5,7396,0,Cash,Cancelled
O105030,2024-03-14,C5644,P1021,S246,North,Online,2,11470,0,Cash,Cancelled
O105031,2024-04-15,C6811,P1273,S218,North,Online,1,17610,0,UPI,Completed
O105032,2024-04-14,C6187,P1026,S225,South,Online,1,5942,0,UPI,Cancelled
O105033,2025-10-12,C6058,P1112,S217,West,Online,3,14915,0,UPI,Completed
O105034,2025-07-12,C6115,P1266,S212,West,Store,2,15728,130,Credit Card,Completed
O105035,2024-04-19,C5695,P1142,S231,North,Online,2,11011,0,Debit Card,Completed
O105036,2025-09-04,C5304,P1072,S241,South,Online,1,11213,319,Credit Card,Completed
O105037,2024-04-24,C6680,P1142,S226,North,Store,2,11011,0,Cash,Completed
O105038,2024-02-05,C5225,P1035,S216,East,Store,1,21802,0,Debit Card,Completed
O105039,2025-10-28,C6746,P1287,S214,West,Online,4,21054,368,UPI,Completed
O105040,2024-10-18,C5553,P1233,S249,East,Store,4,12833,0,Debit Card,Completed
O105041,2024-10-30,C6683,P1176,S219,North,Store,5,14974,400,Debit Card,Cancelled
O105042,2024-02-20,C5600,P1227,S234,East,Online,2,5382,0,Debit Card,Cancelled
O105043,2024-11-21,C5405,P1085,S237,North,Store,3,5647,0,UPI,Cancelled
O105044,2025-10-01,C5493,P1019,S220,South,Online,5,11005,0,Debit Card,Completed
O105045,2025-07-17,C6947,P1252,S200,West,Store,4,17202,309,Cash,Completed
O105046,2025-04-13,C5806,P1253,S244,East,Store,5,20605,0,Debit Card,Cancelled
O105047,2025-02-07,C6630,P1081,S201,South,Online,2,11888,0,Cash,Completed
O105048,2025-10-15,C6994,P1088,S243,South,Online,4,21299,65,Debit Card,Completed
O105049,2024-11-13,C6619,P1269,S204,North,Store,3,4684,105,Cash,Completed
O105050,2024-05-24,C6484,P1110,S217,West,Store,4,5745,439,Credit Card,Completed
O105051,2025-03-19,C6360,P1254,S226,North,Online,2,18521,0,UPI,Cancelled
O105052,2025-08-24,C5982,P1272,S238,East,Store,4,21727,107,UPI,Cancelled
O105053,2025-07-02,C6883,P1117,S232,North,Online,4,10710,0,Credit Card,Completed
O105054,2024-02-05,C6921,P1017,S216,East,Online,3,16288,383,UPI,Completed
O105055,2025-12-25,C5046,P1047,S212,West,Online,5,6278,0,Credit Card,Completed
O105056,2024-10-31,C5795,P1190,S246,North,Store,3,22649,0,Cash,Completed
O105057,2025-06-30,C6667,P1190,S208,East,Online,2,22649,0,UPI,Cancelled
O105058,2025-12-11,C5390,P1141,S232,North,Online,4,5607,252,Credit Card,Cancelled
O105059,2024-09-14,C5694,P1120,S214,West,Online,5,20523,0,Credit Card,Completed
O105060,2024-02-21,C6693,P1286,S246,North,Store,3,1267,65,UPI,Completed
O105061,2025-04-10,C6193,P1058,S233,North,Store,1,16157,0,Credit Card,Completed
O105062,2024-03-27,C5823,P1273,S215,East,Online,1,17610,88,UPI,Cancelled
O105063,2024-12-23,C6999,P1125,S202,East,Store,3,8150,0,UPI,Completed
O105064,2024-01-13,C5027,P1160,S243,South,Online,1,17020,0,Cash,Completed
O105065,2024-09-15,C5714,P1160,S249,East,Store,5,17020,0,Credit Card,Completed
O105066,2025-07-19,C5571,P1069,S241,South,Store,5,10947,0,UPI,Cancelled
O105067,2025-11-02,C6171,P1199,S210,North,Store,5,17589,0,Debit Card,Completed
O105068,2025-03-07,C6837,P1120,S212,West,Online,3,20523,0,Cash,Cancelled
O105069,2025-06-11,C6032,P1224,S215,East,Store,2,21622,0,Cash,Completed
O105070,2024-02-04,C5394,P1106,S213,North,Store,4,16729,0,Credit Card,Cancelled
O105071,2025-05-18,C6703,P1229,S247,North,Online,1,23069,0,Debit Card,Completed
O105072,2025-05-03,C6716,P1193,S231,North,Online,1,18061,0,Debit Card,Completed
O105073,2024-01-07,C6502,P1159,S206,South,Online,5,18152,0,UPI,Cancelled
O105074,2024-09-30,C5527,P1173,S203,East,Store,2,7396,171,UPI,Completed
O105075,2024-08-09,C5954,P1076,S215,East,Online,5,16951,0,Cash,Cancelled
O105076,2024-08-07,C6503,P1278,S242,North,Store,4,19013,0,Cash,Completed
O105077,2024-03-08,C6278,P1046,S237,North,Online,1,11020,0,Cash,Completed
O105078,2024-08-02,C5496,P1136,S222,East,Online,3,3271,0,Debit Card,Completed
O105079,2025-08-07,C5672,P1180,S245,East,Store,4,6796,0,UPI,Completed
O105080,2024-03-08,C5095,P1109,S222,East,Online,2,5046,359,Debit Card,Completed
O105081,2025-03-17,C5711,P1255,S229,South,Online,1,14851,302,Credit Card,Completed
O105082,2024-06-01,C6938,P1165,S236,West,Store,2,21855,0,Credit Card,Completed
O105083,2025-08-04,C5031,P1246,S245,East,Online,2,22713,0,Cash,Completed
O105084,2024-12-30,C6249,P1104,S202,East,Store,2,18741,472,Debit Card,Completed
O105085,2024-09-18,C5970,P1079,S213,North,Online,4,9159,366,Debit Card,Cancelled
O105086,2024-08-08,C5879,P1002,S212,West,Online,1,21479,490,UPI,Completed
O105087,2024-06-17,C5395,P1153,S227,North,Store,1,14011,81,Credit Card,Cancelled
O105088,2024-09-14,C6684,P1220,S216,East,Store,4,15484,0,UPI,Completed
O105089,2024-06-14,C5375,P1277,S220,South,Online,2,2790,0,Cash,Completed
O105090,2025-07-31,C5671,P1285,S248,West,Store,3,20596,451,Debit Card,Completed
O105091,2024-03-12,C6196,P1146,S205,South,Online,3,13303,0,Debit Card,Completed
O105092,2024-09-16,C5280,P1077,S220,South,Online,1,5894,0,Debit Card,Cancelled
O105093,2024-07-06,C6669,P1248,S229,South,Store,4,13480,0,Credit Card,Cancelled
O105094,2025-08-02,C5347,P1009,S232,North,Online,5,15817,0,UPI,Completed
O105095,2024-04-23,C6705,P1251,S240,North,Online,1,8279,306,Credit Card,Cancelled
O105096,2024-09-29,C5619,P1230,S222,East,Online,1,12075,0,Cash,Completed
O105097,2024-11-22,C5018,P1005,S226,North,Online,1,15987,0,Cash,Completed
O105098,2024-07-15,C6785,P1234,S238,East,Store,4,5302,0,Credit Card,Completed
O105099,2025-03-21,C6650,P1241,S203,East,Online,4,19467,0,Credit Card,Completed
O105100,2024-03-06,C5734,P1287,S212,West,Store,5,21054,0,UPI,Completed
O105101,2024-08-07,C6162,P1121,S205,South,Store,1,12001,0,Credit Card,Completed
O105102,2025-11-13,C6996,P1167,S221,North,Online,2,14354,0,Debit Card,Completed
O105103,2025-01-25,C5567,P1031,S202,East,Online,4,6951,0,Cash,Completed
O105104,2025-04-12,C5057,P1032,S245,East,Online,3,2864,149,Cash,Completed
O105105,2025-07-15,C5474,P1294,S219,North,Store,4,16364,0,UPI,Completed
O105106,2024-10-08,C6392,P1071,S231,North,Online,5,5086,0,Cash,Completed
O105107,2025-11-16,C5303,P1027,S205,South,Store,5,5053,0,Debit Card,Completed
O105108,2025-02-27,C6890,P1075,S238,East,Store,2,19286,0,Credit Card,Completed
O105109,2024-07-08,C6962,P1178,S235,North,Online,3,8635,0,Debit Card,Completed
O105110,2025-04-23,C6232,P1084,S217,West,Store,3,18967,273,Debit Card,Completed
O105111,2025-02-01,C5665,P1268,S221,North,Online,3,5770,0,Debit Card,Completed
O105112,2025-07-05,C5379,P1030,S237,North,Store,4,11890,0,Cash,Cancelled
O105113,2025-07-16,C5596,P1165,S204,North,Store,1,21855,0,Debit Card,Completed
O105114,2024-08-16,C6981,P1023,S221,North,Store,3,11148,0,Debit Card,Cancelled
O105115,2025-05-13,C6902,P1138,S230,East,Store,2,8919,391,Debit Card,Completed
O105116,2025-06-02,C5993,P1200,S214,West,Online,2,2422,0,Cash,Completed
O105117,2024-07-09,C5780,P1094,S211,West,Online,5,3783,0,UPI,Completed
O105118,2025-01-05,C5242,P1072,S230,East,Online,4,11213,392,Credit Card,Completed
O105119,2024-08-12,C6850,P1252,S204,North,Store,3,17202,0,Debit Card,Completed
O105120,2025-05-11,C6459,P1134,S240,North,Online,4,8636,0,Debit Card,Completed
O105121,2024-02-12,C6721,P1279,S210,North,Store,2,5899,0,UPI,Completed
O105122,2024-11-26,C5084,P1130,S207,North,Store,1,9394,0,Debit Card,Cancelled
O105123,2024-07-30,C6674,P1258,S209,West,Online,1,21780,0,Credit Card,Cancelled
O105124,2024-01-23,C6936,P1260,S237,North,Online,4,1933,0,Credit Card,Completed
O105125,2024-05-13,C5984,P1091,S227,North,Online,1,12784,0,UPI,Completed
O105126,2024-03-18,C5439,P1261,S239,West,Online,2,22756,0,UPI,Completed
O105127,2025-05-23,C6501,P1276,S210,North,Online,5,17692,0,UPI,Completed
O105128,2024-10-08,C5071,P1089,S202,East,Online,2,18424,0,Credit Card,Completed
O105129,2025-11-12,C5073,P1243,S231,North,Store,1,21225,0,Cash,Completed
O105130,2025-11-14,C5372,P1268,S201,South,Store,1,5770,0,UPI,Cancelled
O105131,2024-04-07,C6021,P1090,S219,North,Store,5,6496,0,UPI,Completed
O105132,2024-05-14,C5888,P1082,S217,West,Online,1,8487,68,UPI,Completed
O105133,2024-02-12,C6658,P1297,S228,South,Store,5,20307,0,Debit Card,Completed
O105134,2025-03-20,C5678,P1240,S239,West,Online,2,9126,0,UPI,Completed
O105135,2024-05-30,C6710,P1067,S244,East,Online,2,18554,0,Cash,Completed
O105136,2025-04-13,C6149,P1241,S201,South,Online,1,19467,371,Credit Card,Completed
O105137,2025-02-07,C6041,P1203,S244,East,Online,5,17152,0,Debit Card,Cancelled
O105138,2024-11-27,C5165,P1027,S214,West,Online,4,5053,0,Cash,Completed
O105139,2025-04-27,C5326,P1143,S239,West,Store,1,8850,0,Debit Card,Cancelled
O105140,2024-12-26,C6811,P1230,S244,East,Online,1,12075,0,Cash,Cancelled
O105141,2024-10-02,C6987,P1054,S216,East,Online,2,17956,308,UPI,Completed
O105142,2025-04-16,C5151,P1234,S227,North,Store,3,5302,0,UPI,Completed
O105143,2024-05-26,C5569,P1282,S231,North,Online,2,19507,0,UPI,Completed
O105144,2024-10-06,C6645,P1188,S225,South,Store,1,15328,430,UPI,Completed
O105145,2025-12-13,C5662,P1077,S217,West,Store,1,5894,0,Debit Card,Completed
O105146,2025-12-15,C5190,P1197,S219,North,Online,1,16495,0,UPI,Completed
O105147,2024-12-10,C6455,P1270,S237,North,Online,3,19833,0,Cash,Completed
O105148,2025-09-17,C6817,P1214,S219,North,Store,5,10921,0,Credit Card,Completed
O105149,2024-12-11,C6858,P1294,S218,North,Store,5,16364,0,Credit Card,Cancelled
O105150,2024-05-31,C5022,P1256,S213,North,Online,5,8546,0,Cash,Cancelled
O105151,2025-06-08,C5059,P1093,S206,South,Store,4,7635,429,Credit Card,Cancelled
O105152,2024-11-13,C6440,P1156,S206,South,Store,1,14997,0,Cash,Completed
O105153,2024-07-05,C6659,P1185,S222,East,Online,5,7628,301,UPI,Completed
O105154,2024-08-07,C5964,P1181,S202,East,Online,4,4623,0,UPI,Completed
O105155,2025-09-23,C5825,P1007,S227,North,Store,5,15969,0,Credit Card,Completed
O105156,2025-01-19,C6854,P1271,S236,West,Store,1,14975,294,Debit Card,Completed
O105157,2025-08-29,C5070,P1027,S220,South,Store,4,5053,0,Credit Card,Cancelled
O105158,2024-09-26,C6319,P1266,S208,East,Store,3,15728,0,Credit Card,Cancelled
O105159,2025-09-17,C5998,P1150,S228,South,Online,3,7422,108,Cash,Cancelled
O105160,2024-12-15,C5442,P1121,S214,West,Online,4,12001,0,UPI,Completed
O105161,2024-02-25,C6586,P1068,S210,North,Online,1,11524,128,Credit Card,Completed
O105162,2025-05-31,C6962,P1083,S248,West,Online,5,7188,0,UPI,Completed
O105163,2025-01-02,C5220,P1157,S225,South,Store,2,20469,0,Credit Card,Cancelled
O105164,2024-09-16,C5480,P1013,S231,North,Online,5,18762,0,Cash,Completed
O105165,2025-09-04,C5483,P1223,S233,North,Online,2,4729,0,Cash,Completed
O105166,2025-03-22,C6359,P1003,S201,South,Store,1,1494,0,Debit Card,Completed
O105167,2024-11-12,C6986,P1131,S215,East,Online,2,20406,0,Credit Card,Completed
O105168,2024-05-02,C5054,P1172,S208,East,Online,5,15856,0,Debit Card,Cancelled
O105169,2024-03-01,C5677,P1277,S200,West,Store,1,2790,268,Debit Card,Completed
O105170,2025-05-22,C6191,P1258,S246,North,Online,3,21780,0,Credit Card,Completed
O105171,2025-11-20,C5406,P1277,S203,East,Store,3,2790,0,Debit Card,Completed
O105172,2025-07-23,C5501,P1026,S245,East,Online,4,5942,0,Debit Card,Completed
O105173,2025-03-31,C5105,P1033,S203,East,Store,1,16111,0,Credit Card,Cancelled
O105174,2024-12-14,C5563,P1242,S234,East,Online,2,13862,0,Debit Card,Completed
O105175,2024-02-21,C5428,P1135,S216,East,Store,3,18707,0,Debit Card,Completed
O105176,2025-05-30,C5404,P1013,S222,East,Store,5,18762,0,Cash,Completed
O105177,2024-02-20,C6430,P1137,S227,North,Online,5,8938,0,Cash,Completed
O105178,2025-05-12,C5260,P1031,S223,West,Store,1,6951,187,Credit Card,Completed
O105179,2024-10-24,C6276,P1162,S240,North,Online,2,8893,0,Cash,Completed
O105180,2024-06-29,C6954,P1174,S238,East,Online,1,21347,0,UPI,Completed
O105181,2025-03-26,C5618,P1008,S201,South,Online,5,11489,0,Credit Card,Completed
O105182,2025-12-23,C6027,P1005,S226,North,Online,3,15987,362,Credit Card,Completed
O105183,2024-04-20,C5222,P1074,S208,East,Online,1,5321,0,UPI,Completed
O105184,2025-07-20,C6337,P1119,S222,East,Online,5,20033,324,Credit Card,Completed
O105185,2024-06-01,C5877,P1150,S239,West,Online,3,7422,0,Debit Card,Completed
O105186,2024-08-28,C5525,P1266,S209,West,Online,3,15728,486,UPI,Completed
O105187,2024-06-24,C5372,P1109,S201,South,Store,1,5046,0,Cash,Cancelled
O105188,2024-02-03,C6182,P1108,S230,East,Online,1,14233,0,Credit Card,Cancelled
O105189,2025-05-04,C5541,P1155,S223,West,Store,2,15032,0,Cash,Completed
O105190,2024-06-06,C5306,P1014,S206,South,Online,3,6858,0,Credit Card,Cancelled
O105191,2025-05-16,C6290,P1155,S200,West,Store,2,15032,347,Cash,Completed
O105192,2024-10-27,C5951,P1270,S236,West,Store,3,19833,0,Credit Card,Completed
O105193,2025-07-30,C6761,P1119,S231,North,Store,5,20033,0,UPI,Completed
O105194,2024-10-29,C6207,P1101,S230,East,Online,1,17061,0,Debit Card,Completed
O105195,2025-10-21,C5577,P1268,S215,East,Online,2,5770,472,Cash,Completed
O105196,2024-12-27,C6826,P1252,S208,East,Online,5,17202,0,UPI,Completed
O105197,2025-03-20,C6500,P1226,S238,East,Store,3,19224,0,UPI,Completed
O105198,2024-02-06,C6493,P1291,S224,East,Store,1,12542,0,Cash,Completed
O105199,2025-01-02,C6833,P1073,S237,North,Online,1,5249,0,Debit Card,Completed
O105200,2025-10-11,C5913,P1281,S234,East,Store,4,12731,0,Cash,Completed
O105201,2025-07-23,C6729,P1176,S213,North,Online,2,14974,380,UPI,Completed
O105202,2024-06-19,C5993,P1272,S246,North,Store,1,21727,0,Debit Card,Completed
O105203,2025-10-12,C6707,P1282,S218,North,Online,4,19507,289,UPI,Completed
O105204,2024-07-14,C6715,P1248,S221,North,Store,4,13480,0,Cash,Completed
O105205,2025-10-11,C6317,P1205,S202,East,Store,4,3522,0,Cash,Completed
O105206,2024-10-07,C6707,P1057,S231,North,Store,1,12244,0,Cash,Cancelled
O105207,2024-04-21,C5292,P1226,S209,West,Store,5,19224,0,Cash,Completed
O105208,2025-06-06,C6065,P1198,S206,South,Store,3,834,411,Cash,Completed
O105209,2024-06-12,C6662,P1168,S214,West,Online,2,11993,0,Credit Card,Completed
O105210,2024-06-26,C6090,P1051,S231,North,Online,1,16446,0,Debit Card,Completed
O105211,2024-03-09,C5922,P1065,S203,East,Online,5,3007,0,UPI,Completed
O105212,2024-12-28,C5394,P1086,S207,North,Online,5,9673,0,Debit Card,Completed
O105213,2024-01-05,C5405,P1006,S245,East,Online,2,17945,0,Credit Card,Completed
O105214,2025-09-30,C6406,P1115,S209,West,Online,5,20308,0,Cash,Completed
O105215,2025-01-27,C6509,P1085,S208,East,Online,4,5647,0,Debit Card,Cancelled
O105216,2024-04-18,C6437,P1189,S219,North,Store,2,23820,443,Debit Card,Completed
O105217,2025-06-25,C6284,P1185,S238,East,Store,3,7628,0,Debit Card,Completed
O105218,2024-09-29,C6898,P1237,S219,North,Online,2,21100,0,Debit Card,Completed
O105219,2025-08-22,C5438,P1172,S220,South,Online,1,15856,0,Cash,Completed
O105220,2025-01-30,C6170,P1052,S213,North,Online,4,13741,0,Credit Card,Completed
O105221,2025-06-29,C5828,P1152,S223,West,Store,5,11737,222,Credit Card,Cancelled
O105222,2025-09-22,C6076,P1054,S235,North,Online,2,17956,419,Debit Card,Cancelled
O105223,2024-02-03,C5435,P1279,S246,North,Store,5,5899,0,UPI,Completed
O105224,2024-09-22,C6787,P1093,S202,East,Store,1,7635,0,Debit Card,Completed
O105225,2024-02-14,C5266,P1100,S206,South,Online,5,9778,0,Credit Card,Completed
O105226,2025-09-12,C5892,P1079,S238,East,Store,3,9159,0,Debit Card,Completed
O105227,2024-07-12,C6916,P1199,S207,North,Online,3,17589,361,Debit Card,Completed
O105228,2025-04-08,C5382,P1186,S229,South,Store,2,14983,0,Cash,Cancelled
O105229,2024-03-19,C5882,P1005,S249,East,Online,1,15987,0,Debit Card,Cancelled
O105230,2025-10-02,C5370,P1209,S215,East,Store,3,14912,0,Credit Card,Completed
O105231,2024-08-10,C6316,P1226,S224,East,Online,2,19224,123,Debit Card,Completed
O105232,2025-04-12,C5231,P1286,S204,North,Online,1,1267,444,UPI,Cancelled
O105233,2025-04-17,C5269,P1237,S218,North,Store,1,21100,0,Debit Card,Completed
O105234,2025-05-24,C5390,P1161,S230,East,Online,4,23914,499,Cash,Cancelled
O105235,2024-04-11,C6327,P1070,S222,East,Store,2,3836,0,Debit Card,Cancelled
O105236,2024-09-02,C6961,P1085,S220,South,Store,3,5647,0,Debit Card,Completed
O105237,2025-10-11,C6064,P1299,S213,North,Store,1,17937,0,Debit Card,Completed
O105238,2025-11-29,C5046,P1218,S200,West,Store,2,15354,440,Debit Card,Completed
O105239,2025-12-17,C6912,P1077,S211,West,Online,5,5894,66,Debit Card,Completed
O105240,2024-04-03,C5605,P1060,S224,East,Online,3,10490,227,UPI,Completed
O105241,2025-02-17,C6870,P1252,S239,West,Store,5,17202,0,Cash,Cancelled
O105242,2024-01-12,C5765,P1171,S232,North,Online,2,20278,0,UPI,Completed
O105243,2024-08-26,C6179,P1021,S204,North,Online,4,11470,0,Debit Card,Cancelled
O105244,2024-01-09,C5412,P1110,S207,North,Store,5,5745,0,Cash,Completed
O105245,2025-10-31,C6874,P1028,S241,South,Store,4,7958,0,UPI,Completed
O105246,2025-05-21,C5741,P1262,S245,East,Store,4,11478,0,Cash,Cancelled
O105247,2025-07-17,C6813,P1055,S232,North,Online,4,21841,0,Debit Card,Completed
O105248,2024-09-17,C5074,P1018,S224,East,Store,4,14106,399,Credit Card,Cancelled
O105249,2025-09-09,C6200,P1197,S203,East,Online,2,16495,0,UPI,Cancelled
O105250,2025-06-14,C5848,P1284,S217,West,Online,1,13277,0,UPI,Completed
O105251,2025-08-12,C5724,P1037,S230,East,Store,3,17516,0,UPI,Cancelled
O105252,2024-06-21,C6108,P1290,S212,West,Online,1,5987,0,Debit Card,Completed
O105253,2024-12-05,C5134,P1167,S213,North,Online,4,14354,497,UPI,Cancelled
O105254,2025-04-22,C5964,P1109,S237,North,Online,3,5046,0,UPI,Completed
O105255,2025-12-20,C6095,P1117,S204,North,Online,2,10710,0,UPI,Completed
O105256,2025-09-25,C6314,P1070,S244,East,Online,4,3836,0,UPI,Cancelled
O105257,2025-09-20,C6069,P1235,S225,South,Store,1,21005,0,Debit Card,Completed
O105258,2024-02-24,C5595,P1065,S208,East,Store,1,3007,0,Cash,Completed
O105259,2025-07-24,C5023,P1294,S219,North,Online,4,16364,0,UPI,Completed
O105260,2025-06-02,C6220,P1070,S206,South,Store,2,3836,0,Cash,Completed
O105261,2024-07-14,C5307,P1068,S232,North,Online,3,11524,0,Cash,Completed
O105262,2024-05-17,C5318,P1028,S209,West,Online,4,7958,0,Cash,Cancelled
O105263,2024-01-01,C6570,P1129,S208,East,Store,2,5589,0,Credit Card,Completed
O105264,2024-03-31,C6293,P1123,S210,North,Store,1,15348,0,UPI,Completed
O105265,2024-04-29,C6655,P1058,S200,West,Online,1,16157,0,UPI,Completed
O105266,2024-10-16,C5961,P1080,S225,South,Store,2,5303,466,UPI,Completed
O105267,2025-02-04,C5065,P1119,S203,East,Online,4,20033,0,Cash,Cancelled
O105268,2024-06-26,C6340,P1018,S245,East,Store,4,14106,66,Credit Card,Completed
O105269,2024-02-11,C6171,P1091,S244,East,Online,2,12784,0,Cash,Cancelled
O105270,2024-04-23,C5378,P1265,S203,East,Online,4,11992,0,Credit Card,Completed
O105271,2024-08-01,C5380,P1134,S242,North,Store,2,8636,125,UPI,Completed
O105272,2025-04-20,C6681,P1053,S212,West,Store,4,3129,0,Credit Card,Completed
O105273,2024-04-09,C6848,P1084,S219,North,Store,2,18967,268,Debit Card,Completed
O105274,2024-11-12,C6753,P1284,S200,West,Online,4,13277,0,Debit Card,Cancelled
O105275,2024-05-20,C6653,P1194,S215,East,Online,4,10696,0,UPI,Cancelled
O105276,2024-02-07,C6060,P1283,S208,East,Online,2,17954,0,UPI,Completed
O105277,2024-12-08,C6975,P1075,S235,North,Store,4,19286,0,Debit Card,Completed
O105278,2025-01-31,C5670,P1245,S227,North,Online,3,3373,0,Credit Card,Completed
O105279,2025-11-22,C6512,P1188,S249,East,Online,5,15328,0,Debit Card,Completed
O105280,2025-05-24,C6241,P1193,S234,East,Store,5,18061,0,Credit Card,Completed
O105281,2024-07-08,C5643,P1176,S245,East,Online,4,14974,0,Credit Card,Cancelled
O105282,2025-12-15,C6801,P1141,S221,North,Store,1,5607,0,Credit Card,Cancelled
O105283,2025-06-09,C6726,P1071,S244,East,Online,5,5086,0,Cash,Completed
O105284,2025-09-05,C6537,P1074,S207,North,Online,3,5321,84,UPI,Completed
O105285,2024-08-05,C5303,P1001,S225,South,Store,2,15566,0,UPI,Cancelled
O105286,2025-03-14,C6481,P1024,S216,East,Online,3,15591,0,Debit Card,Completed
O105287,2024-06-27,C6999,P1254,S202,East,Online,3,18521,0,Cash,Completed
O105288,2024-07-27,C6288,P1124,S237,North,Store,3,18693,0,Credit Card,Completed
O105289,2025-08-29,C6612,P1243,S226,North,Online,4,21225,0,UPI,Cancelled
O105290,2024-07-24,C6687,P1196,S214,West,Online,1,13692,0,UPI,Completed
O105291,2024-12-31,C6636,P1293,S231,North,Online,1,19741,0,Credit Card,Completed
O105292,2025-09-21,C6978,P1210,S206,South,Store,1,6616,0,Credit Card,Completed
O105293,2025-10-01,C6979,P1214,S210,North,Store,5,10921,0,Debit Card,Completed
O105294,2025-06-15,C6741,P1246,S208,East,Store,4,22713,0,Credit Card,Completed
O105295,2024-11-14,C6281,P1166,S217,West,Store,5,1640,0,Cash,Completed
O105296,2024-07-28,C6131,P1077,S210,North,Online,3,5894,0,Cash,Completed
O105297,2025-06-10,C5838,P1134,S249,East,Online,3,8636,0,Credit Card,Completed
O105298,2025-02-08,C6170,P1248,S211,West,Store,2,13480,0,Cash,Completed
O105299,2024-06-17,C6220,P1055,S214,West,Online,2,21841,0,Credit Card,Completed
O105300,2025-09-09,C6727,P1204,S221,North,Online,5,3675,271,Credit Card,Completed
O105301,2025-01-15,C6862,P1130,S242,North,Store,4,9394,0,Credit Card,Completed
O105302,2024-11-20,C5180,P1167,S237,North,Online,1,14354,118,Credit Card,Cancelled
O105303,2025-02-11,C6364,P1253,S247,North,Store,2,20605,0,Cash,Cancelled
O105304,2025-02-28,C6853,P1046,S234,East,Online,1,11020,0,Credit Card,Completed
O105305,2025-08-14,C5160,P1010,S247,North,Store,1,8826,0,Debit Card,Completed
O105306,2024-04-13,C6841,P1100,S246,North,Online,3,9778,97,Credit Card,Completed
O105307,2024-12-16,C6383,P1149,S239,West,Store,3,12341,0,Debit Card,Cancelled
O105308,2025-08-28,C6579,P1191,S206,South,Store,5,13093,0,Cash,Completed
O105309,2025-11-26,C5904,P1064,S244,East,Store,2,13395,0,Credit Card,Completed
O105310,2025-07-23,C6747,P1233,S232,North,Online,1,12833,0,UPI,Completed
O105311,2025-03-18,C5539,P1249,S237,North,Store,3,17145,349,Cash,Completed
O105312,2025-10-02,C5235,P1235,S243,South,Store,1,21005,0,Debit Card,Completed
O105313,2024-05-31,C6346,P1253,S245,East,Online,5,20605,461,Cash,Completed
O105314,2025-04-08,C5790,P1280,S212,West,Store,5,17740,0,Credit Card,Completed
O105315,2025-10-18,C5609,P1275,S244,East,Store,4,22022,127,Credit Card,Cancelled
O105316,2024-06-19,C6987,P1212,S230,East,Online,5,21743,0,Cash,Cancelled
O105317,2024-08-05,C6261,P1122,S244,East,Store,4,4929,0,Cash,Completed
O105318,2025-12-08,C6227,P1230,S206,South,Store,2,12075,0,Debit Card,Completed
O105319,2025-09-16,C6895,P1001,S226,North,Online,5,15566,0,Cash,Completed
O105320,2024-11-11,C6364,P1280,S231,North,Online,5,17740,0,Debit Card,Completed
O105321,2024-08-12,C5681,P1208,S245,East,Store,3,11265,0,UPI,Completed
O105322,2025-12-06,C6754,P1020,S244,East,Online,1,10169,0,Cash,Completed
O105323,2024-06-20,C6497,P1227,S204,North,Online,3,5382,180,Credit Card,Completed
O105324,2024-07-21,C6393,P1108,S202,East,Store,2,14233,0,UPI,Cancelled
O105325,2024-03-29,C6364,P1160,S204,North,Store,5,17020,0,Cash,Completed
O105326,2025-01-22,C6651,P1250,S220,South,Store,1,4746,351,Credit Card,Cancelled
O105327,2025-08-30,C5659,P1161,S200,West,Online,2,23914,0,UPI,Completed
O105328,2024-11-07,C6475,P1198,S216,East,Store,2,834,0,UPI,Completed
O105329,2025-04-08,C5255,P1083,S222,East,Online,5,7188,0,Debit Card,Completed
O105330,2025-01-31,C5175,P1252,S223,West,Online,2,17202,0,Debit Card,Completed
O105331,2024-05-31,C6003,P1263,S226,North,Store,1,7564,0,Debit Card,Completed
O105332,2024-05-12,C5834,P1184,S226,North,Store,4,23546,342,UPI,Cancelled
O105333,2025-11-28,C6655,P1126,S217,West,Store,1,13666,0,Cash,Cancelled
O105334,2024-10-07,C5472,P1134,S215,East,Online,2,8636,0,UPI,Completed
O105335,2024-01-29,C5753,P1188,S209,West,Online,2,15328,0,Credit Card,Completed
O105336,2025-02-01,C6698,P1095,S210,North,Online,1,13952,0,Credit Card,Cancelled
O105337,2025-07-05,C6013,P1194,S204,North,Store,5,10696,0,UPI,Completed
O105338,2025-08-08,C6664,P1294,S234,East,Store,3,16364,0,UPI,Completed
O105339,2025-09-15,C6386,P1057,S239,West,Online,5,12244,192,Credit Card,Completed
O105340,2025-04-19,C6659,P1252,S239,West,Store,2,17202,236,Debit Card,Completed
O105341,2025-06-09,C6634,P1135,S207,North,Store,5,18707,0,UPI,Completed
O105342,2024-08-02,C5178,P1079,S242,North,Store,5,9159,302,Credit Card,Completed
O105343,2025-01-24,C6429,P1075,S241,South,Store,4,19286,0,Debit Card,Completed
O105344,2024-01-24,C6198,P1155,S235,North,Online,1,15032,129,UPI,Completed
O105345,2024-12-25,C5614,P1187,S207,North,Store,2,10875,0,Cash,Completed
O105346,2024-02-12,C5982,P1256,S236,West,Store,1,8546,436,Cash,Completed
O105347,2025-07-31,C5188,P1102,S223,West,Store,3,11805,0,Credit Card,Cancelled
O105348,2024-11-22,C5776,P1252,S216,East,Online,5,17202,0,Cash,Completed
O105349,2024-03-30,C6803,P1299,S207,North,Store,2,17937,59,Credit Card,Completed
O105350,2024-06-23,C6875,P1112,S223,West,Store,4,14915,0,UPI,Completed
O105351,2024-06-10,C6859,P1089,S212,West,Online,1,18424,0,Cash,Completed
O105352,2024-07-29,C6842,P1226,S206,South,Store,5,19224,0,Debit Card,Cancelled
O105353,2024-08-09,C6661,P1265,S245,East,Store,4,11992,0,Cash,Completed
O105354,2024-08-16,C5518,P1113,S208,East,Store,1,2267,0,Debit Card,Cancelled
O105355,2024-04-19,C6087,P1002,S245,East,Online,5,21479,0,Credit Card,Completed
O105356,2024-10-24,C6967,P1143,S230,East,Online,3,8850,0,UPI,Completed
O105357,2024-05-05,C5432,P1012,S211,West,Online,3,20263,293,UPI,Cancelled
O105358,2025-03-31,C6679,P1015,S218,North,Online,3,19492,0,Credit Card,Cancelled
O105359,2024-02-23,C5931,P1279,S212,West,Store,3,5899,459,Cash,Completed
O105360,2025-06-26,C5641,P1288,S237,North,Store,3,10267,0,UPI,Completed
O105361,2025-09-20,C5977,P1108,S216,East,Store,2,14233,0,Cash,Completed
O105362,2025-03-25,C5032,P1079,S229,South,Online,5,9159,0,Credit Card,Completed
O105363,2025-09-08,C6070,P1240,S203,East,Store,2,9126,0,Credit Card,Cancelled
O105364,2024-05-31,C6548,P1262,S247,North,Online,3,11478,398,UPI,Completed
O105365,2024-05-26,C5196,P1008,S220,South,Online,5,11489,0,Credit Card,Completed
O105366,2025-10-13,C6153,P1229,S220,South,Online,2,23069,0,Cash,Completed
O105367,2025-03-26,C6305,P1057,S214,West,Store,1,12244,0,Cash,Completed
O105368,2025-06-01,C6339,P1196,S223,West,Online,3,13692,0,Credit Card,Completed
O105369,2025-10-18,C6562,P1055,S248,West,Online,5,21841,0,UPI,Cancelled
O105370,2024-07-14,C6859,P1161,S234,East,Online,2,23914,257,Credit Card,Completed
O105371,2025-09-01,C5743,P1154,S238,East,Online,3,16309,0,Credit Card,Completed
O105372,2024-10-31,C6490,P1075,S200,West,Store,2,19286,280,Cash,Cancelled
O105373,2025-09-20,C6350,P1231,S214,West,Online,1,11775,233,Credit Card,Cancelled
O105374,2024-11-03,C5612,P1226,S222,East,Store,1,19224,0,UPI,Completed
O105375,2025-08-08,C6607,P1299,S238,East,Online,5,17937,0,Debit Card,Completed
O105376,2024-02-11,C5897,P1210,S220,South,Store,5,6616,413,Cash,Cancelled
O105377,2024-10-17,C5903,P1063,S228,South,Online,4,17739,351,Credit Card,Cancelled
O105378,2024-11-08,C6789,P1283,S213,North,Online,3,17954,0,Cash,Cancelled
O105379,2025-01-05,C6927,P1058,S206,South,Store,2,16157,0,Debit Card,Completed
O105380,2024-10-18,C6165,P1198,S202,East,Online,5,834,0,UPI,Cancelled
O105381,2024-09-17,C5509,P1186,S229,South,Online,2,14983,0,UPI,Completed
O105382,2024-08-24,C6441,P1125,S248,West,Store,1,8150,0,Cash,Cancelled
O105383,2024-07-17,C6601,P1130,S224,East,Store,3,9394,0,Credit Card,Completed
O105384,2025-07-07,C5310,P1021,S225,South,Store,1,11470,0,UPI,Completed
O105385,2024-03-19,C6086,P1004,S231,North,Online,2,6831,0,Credit Card,Completed
O105386,2025-08-20,C5546,P1253,S232,North,Store,2,20605,0,Credit Card,Completed
O105387,2024-03-28,C5812,P1128,S248,West,Store,3,10078,0,UPI,Cancelled
O105388,2024-10-04,C6784,P1254,S242,North,Online,5,18521,0,Debit Card,Completed
O105389,2024-01-22,C5375,P1019,S201,South,Store,3,11005,0,UPI,Completed
O105390,2024-05-16,C5733,P1206,S205,South,Store,3,21502,139,Credit Card,Completed
O105391,2024-02-02,C5032,P1289,S217,West,Online,3,16378,0,Debit Card,Cancelled
O105392,2024-12-11,C5451,P1246,S247,North,Online,1,22713,0,Cash,Completed
O105393,2024-09-05,C5379,P1195,S231,North,Store,3,2809,0,UPI,Completed
O105394,2025-07-01,C5172,P1291,S215,East,Store,1,12542,0,Credit Card,Completed
O105395,2025-07-29,C5735,P1230,S201,South,Online,4,12075,87,Credit Card,Cancelled
O105396,2024-09-08,C6459,P1147,S208,East,Store,4,10106,0,UPI,Cancelled
O105397,2025-03-06,C6452,P1127,S217,West,Online,1,11658,0,UPI,Completed
O105398,2024-03-16,C6980,P1156,S235,North,Online,1,14997,0,Credit Card,Completed
O105399,2024-08-17,C5419,P1246,S227,North,Store,5,22713,0,Debit Card,Completed
O105400,2024-08-04,C5075,P1261,S201,South,Online,4,22756,0,Debit Card,Cancelled
O105401,2024-10-22,C5782,P1005,S205,South,Online,5,15987,81,UPI,Completed
O105402,2025-05-25,C6164,P1124,S216,East,Store,4,18693,0,Cash,Completed
O105403,2024-04-10,C6729,P1051,S211,West,Store,2,16446,0,UPI,Completed
O105404,2024-02-23,C5342,P1097,S214,West,Store,4,8915,0,Cash,Completed
O105405,2025-04-25,C6562,P1228,S236,West,Online,1,13342,0,UPI,Completed
O105406,2024-11-19,C6487,P1166,S238,East,Store,1,1640,0,Credit Card,Cancelled
O105407,2024-01-12,C5062,P1178,S211,West,Store,5,8635,0,Debit Card,Completed
O105408,2024-04-18,C5717,P1220,S237,North,Online,2,15484,0,Credit Card,Completed
O105409,2025-03-15,C6203,P1245,S235,North,Online,4,3373,0,Credit Card,Completed
O105410,2025-05-09,C6139,P1066,S231,North,Store,1,17713,0,UPI,Cancelled
O105411,2025-12-12,C6953,P1278,S246,North,Store,2,19013,236,Debit Card,Cancelled
O105412,2024-06-26,C5788,P1210,S217,West,Store,4,6616,0,Cash,Completed
O105413,2025-08-24,C6055,P1168,S240,North,Store,3,11993,0,Cash,Completed
O105414,2024-09-18,C5730,P1266,S200,West,Online,4,15728,341,UPI,Completed
O105415,2024-12-23,C5527,P1101,S222,East,Online,2,17061,0,Debit Card,Cancelled
O105416,2025-04-01,C6584,P1078,S238,East,Store,3,23389,345,Cash,Completed
O105417,2025-08-25,C6199,P1023,S213,North,Online,1,11148,0,Cash,Cancelled
O105418,2025-05-18,C6993,P1017,S244,East,Online,2,16288,0,UPI,Cancelled
O105419,2024-03-30,C5082,P1057,S225,South,Online,3,12244,0,UPI,Completed
O105420,2024-08-22,C5971,P1000,S217,West,Store,1,5850,0,Cash,Completed
O105421,2024-10-17,C5949,P1021,S223,West,Store,2,11470,0,UPI,Completed
O105422,2024-04-20,C5014,P1011,S235,North,Online,4,6770,0,UPI,Completed
O105423,2025-07-03,C5772,P1048,S227,North,Online,4,16836,0,Cash,Cancelled
O105424,2024-03-07,C5518,P1229,S206,South,Store,5,23069,0,Debit Card,Completed
O105425,2024-02-08,C5705,P1295,S219,North,Online,4,3337,0,Cash,Cancelled
O105426,2024-10-17,C6009,P1102,S207,North,Online,4,11805,0,UPI,Completed
O105427,2025-07-24,C5060,P1055,S209,West,Store,5,21841,0,UPI,Cancelled
O105428,2025-12-10,C6239,P1157,S249,East,Online,4,20469,0,Credit Card,Completed
O105429,2024-05-07,C5929,P1208,S222,East,Store,2,11265,0,Credit Card,Completed
O105430,2025-05-26,C5305,P1094,S244,East,Store,2,3783,0,UPI,Completed
O105431,2025-05-29,C5546,P1234,S229,South,Store,4,5302,481,Cash,Completed
O105432,2025-10-23,C5236,P1023,S215,East,Store,2,11148,172,UPI,Completed
O105433,2025-03-13,C5607,P1097,S242,North,Online,2,8915,0,UPI,Completed
O105434,2024-08-11,C6672,P1088,S246,North,Online,2,21299,302,Credit Card,Cancelled
O105435,2025-11-05,C5205,P1263,S209,West,Online,5,7564,0,Debit Card,Cancelled
O105436,2024-06-26,C5412,P1264,S215,East,Online,4,5155,0,Debit Card,Completed
O105437,2024-06-18,C6740,P1005,S219,North,Online,1,15987,0,Credit Card,Cancelled
O105438,2025-05-10,C5315,P1122,S247,North,Online,3,4929,0,UPI,Completed
O105439,2024-09-13,C6478,P1054,S219,North,Store,4,17956,309,Credit Card,Completed
O105440,2025-06-28,C5359,P1129,S231,North,Online,1,5589,0,Credit Card,Completed
O105441,2025-01-18,C6402,P1006,S204,North,Store,4,17945,133,Debit Card,Completed
O105442,2024-07-17,C6847,P1024,S213,North,Online,1,15591,0,Debit Card,Completed
O105443,2025-04-06,C5284,P1006,S200,West,Store,1,17945,0,Credit Card,Cancelled
O105444,2025-08-08,C6999,P1044,S244,East,Online,2,11357,0,Credit Card,Completed
O105445,2025-08-08,C6851,P1270,S213,North,Online,4,19833,0,UPI,Cancelled
O105446,2025-05-23,C6308,P1217,S210,North,Online,1,9870,0,Credit Card,Completed
O105447,2024-10-29,C6086,P1257,S233,North,Store,2,18316,457,Debit Card,Cancelled
O105448,2024-03-31,C6537,P1168,S225,South,Store,4,11993,0,UPI,Completed
O105449,2025-11-22,C5656,P1243,S208,East,Store,5,21225,383,UPI,Completed
O105450,2025-10-30,C6794,P1171,S211,West,Store,5,20278,92,Debit Card,Completed
O105451,2025-07-22,C5151,P1101,S201,South,Store,2,17061,0,Debit Card,Completed
O105452,2025-03-23,C5612,P1159,S222,East,Online,4,18152,0,UPI,Completed
O105453,2024-02-06,C5583,P1048,S210,North,Store,1,16836,0,UPI,Completed
O105454,2025-04-27,C6560,P1012,S243,South,Store,4,20263,0,Credit Card,Completed
O105455,2024-11-13,C5097,P1205,S248,West,Store,3,3522,0,Credit Card,Cancelled
O105456,2025-10-31,C6300,P1120,S231,North,Online,3,20523,0,Cash,Completed
O105457,2024-01-11,C6192,P1040,S210,North,Online,2,4205,475,UPI,Cancelled
O105458,2024-10-01,C6208,P1232,S207,North,Online,3,4324,0,Debit Card,Cancelled
O105459,2025-06-06,C5098,P1183,S245,East,Online,4,3139,0,Credit Card,Completed
O105460,2025-09-02,C6701,P1121,S206,South,Online,3,12001,0,Credit Card,Completed
O105461,2024-06-02,C5374,P1011,S202,East,Online,4,6770,0,Debit Card,Completed
O105462,2025-12-10,C5175,P1096,S203,East,Store,4,16951,196,Cash,Completed
O105463,2024-11-01,C6166,P1257,S211,West,Online,5,18316,200,Debit Card,Completed
O105464,2024-06-06,C6606,P1141,S248,West,Store,2,5607,0,Cash,Completed
O105465,2024-01-17,C5338,P1108,S248,West,Online,4,14233,0,Debit Card,Cancelled
O105466,2025-01-06,C5325,P1031,S240,North,Store,1,6951,0,UPI,Completed
O105467,2025-05-17,C5212,P1137,S228,South,Store,1,8938,206,UPI,Completed
O105468,2025-03-21,C5744,P1207,S211,West,Store,3,17879,0,Credit Card,Completed
O105469,2025-06-23,C6657,P1150,S249,East,Online,4,7422,296,UPI,Completed
O105470,2024-03-28,C6212,P1166,S216,East,Online,3,1640,0,Debit Card,Cancelled
O105471,2025-09-16,C6308,P1145,S240,North,Store,1,13495,239,Cash,Completed
O105472,2025-04-25,C5235,P1161,S222,East,Online,5,23914,439,Credit Card,Completed
O105473,2024-08-19,C5093,P1059,S215,East,Online,2,10909,148,Cash,Completed
O105474,2024-03-30,C6959,P1184,S232,North,Online,2,23546,0,UPI,Completed
O105475,2024-06-21,C5836,P1127,S219,North,Online,2,11658,0,Debit Card,Completed
O105476,2025-06-28,C6514,P1196,S240,North,Online,5,13692,0,UPI,Completed
O105477,2025-03-17,C5434,P1281,S215,East,Online,3,12731,0,Cash,Completed
O105478,2024-02-28,C5712,P1046,S202,East,Online,5,11020,493,Debit Card,Cancelled
O105479,2024-12-04,C5685,P1004,S222,East,Online,2,6831,0,Cash,Cancelled
O105480,2024-05-28,C5237,P1202,S210,North,Store,1,15754,496,Debit Card,Cancelled
O105481,2024-10-22,C5836,P1176,S229,South,Store,1,14974,0,Credit Card,Completed
O105482,2025-12-13,C6805,P1251,S207,North,Online,2,8279,0,Debit Card,Completed
O105483,2025-11-09,C6403,P1216,S212,West,Online,5,19992,0,Credit Card,Cancelled
O105484,2025-12-22,C6704,P1088,S220,South,Store,2,21299,303,Cash,Cancelled
O105485,2024-07-29,C6186,P1005,S208,East,Store,2,15987,0,Debit Card,Completed
O105486,2025-05-26,C6145,P1148,S205,South,Store,1,10231,0,Debit Card,Cancelled
O105487,2025-10-28,C5202,P1108,S200,West,Online,1,14233,0,Debit Card,Completed
O105488,2025-12-02,C6775,P1007,S201,South,Online,3,15969,0,Credit Card,Completed
O105489,2024-07-19,C5086,P1043,S204,North,Store,5,10110,120,UPI,Cancelled
O105490,2024-02-22,C5306,P1240,S205,South,Store,3,9126,400,UPI,Completed
O105491,2025-11-01,C5454,P1260,S229,South,Online,2,1933,0,Cash,Cancelled
O105492,2024-05-17,C5306,P1229,S207,North,Store,5,23069,0,Debit Card,Cancelled
O105493,2025-08-21,C6393,P1262,S216,East,Store,1,11478,0,Cash,Cancelled
O105494,2024-01-26,C6287,P1206,S215,East,Online,4,21502,0,Cash,Cancelled
O105495,2024-05-26,C5574,P1260,S239,West,Online,5,1933,0,Cash,Cancelled
O105496,2024-04-22,C5772,P1122,S206,South,Store,5,4929,218,Debit Card,Completed
O105497,2024-03-11,C5954,P1285,S229,South,Online,5,20596,0,UPI,Cancelled
O105498,2025-05-27,C6610,P1078,S243,South,Online,2,23389,332,UPI,Completed
O105499,2024-12-23,C5283,P1094,S237,North,Store,3,3783,0,Cash,Completed
O105500,2024-02-08,C5883,P1191,S207,North,Online,5,13093,0,Debit Card,Completed
O105501,2024-04-11,C6411,P1129,S242,North,Store,4,5589,0,Debit Card,Completed
O105502,2024-05-10,C5840,P1227,S208,East,Store,5,5382,0,Credit Card,Completed
O105503,2025-01-12,C6043,P1163,S242,North,Store,5,11924,0,UPI,Cancelled
O105504,2024-12-02,C5288,P1252,S205,South,Store,2,17202,0,Credit Card,Completed
O105505,2024-08-25,C6121,P1061,S245,East,Online,2,22570,0,UPI,Completed
O105506,2025-09-09,C5579,P1273,S213,North,Store,1,17610,0,Credit Card,Completed
O105507,2025-01-08,C6743,P1225,S233,North,Store,2,14610,0,Debit Card,Cancelled
O105508,2025-04-11,C5061,P1280,S219,North,Online,4,17740,0,UPI,Cancelled
O105509,2025-05-29,C6865,P1196,S240,North,Store,2,13692,0,Debit Card,Completed
O105510,2024-11-23,C5689,P1279,S201,South,Store,2,5899,0,UPI,Completed
O105511,2024-05-01,C5249,P1079,S235,North,Store,4,9159,0,Credit Card,Completed
O105512,2024-09-05,C6448,P1209,S225,South,Store,4,14912,0,Credit Card,Cancelled
O105513,2025-02-11,C5372,P1122,S216,East,Online,3,4929,0,Cash,Completed
O105514,2025-09-03,C6966,P1084,S212,West,Store,5,18967,0,UPI,Completed
O105515,2025-04-16,C6013,P1049,S224,East,Online,1,4384,0,Credit Card,Completed
O105516,2024-10-12,C6623,P1200,S227,North,Store,5,2422,0,Cash,Completed
O105517,2025-11-22,C5509,P1063,S227,North,Store,3,17739,0,Credit Card,Cancelled
O105518,2025-05-19,C6231,P1239,S228,South,Store,5,20434,0,Cash,Completed
O105519,2025-03-09,C5891,P1105,S218,North,Store,2,10648,338,Cash,Completed
O105520,2024-09-26,C5410,P1099,S215,East,Online,3,17578,0,Debit Card,Cancelled
O105521,2024-01-06,C5450,P1005,S237,North,Online,4,15987,465,Debit Card,Completed
O105522,2024-02-12,C6925,P1221,S246,North,Store,1,17898,0,Credit Card,Completed
O105523,2024-03-02,C5042,P1241,S215,East,Online,4,19467,318,UPI,Completed
O105524,2024-08-23,C5437,P1229,S225,South,Online,5,23069,60,Cash,Completed
O105525,2025-04-27,C6383,P1229,S204,North,Online,2,23069,0,Credit Card,Cancelled
O105526,2025-12-05,C6566,P1191,S222,East,Online,2,13093,399,Cash,Cancelled
O105527,2024-07-18,C6794,P1115,S232,North,Store,5,20308,450,UPI,Completed
O105528,2024-08-20,C5964,P1113,S226,North,Store,5,2267,0,Credit Card,Completed
O105529,2024-12-28,C5257,P1219,S215,East,Online,2,11028,0,Cash,Cancelled
O105530,2025-06-06,C6245,P1262,S233,North,Online,2,11478,0,Debit Card,Completed
O105531,2024-11-15,C5547,P1029,S215,East,Online,1,21239,0,UPI,Completed
O105532,2024-11-03,C6411,P1279,S207,North,Store,3,5899,0,Credit Card,Completed
O105533,2024-01-26,C5364,P1017,S230,East,Online,5,16288,125,Debit Card,Completed
O105534,2025-08-16,C5283,P1175,S232,North,Online,4,20666,0,Cash,Completed
O105535,2025-09-04,C5891,P1114,S223,West,Store,4,15114,0,Debit Card,Completed
O105536,2024-08-22,C6530,P1115,S236,West,Online,4,20308,0,Debit Card,Completed
O105537,2025-02-10,C5641,P1202,S230,East,Online,2,15754,0,UPI,Completed
O105538,2024-12-20,C5285,P1053,S209,West,Store,1,3129,0,Debit Card,Completed
O105539,2024-05-06,C5035,P1245,S211,West,Store,2,3373,0,Credit Card,Completed
O105540,2024-06-22,C5392,P1190,S207,North,Online,3,22649,323,Cash,Completed
O105541,2025-11-01,C6690,P1128,S202,East,Store,1,10078,0,Debit Card,Cancelled
O105542,2024-08-30,C5758,P1095,S237,North,Store,5,13952,0,Debit Card,Completed
O105543,2025-11-26,C5676,P1185,S237,North,Online,2,7628,0,Cash,Completed
O105544,2025-06-24,C5694,P1289,S246,North,Online,5,16378,0,UPI,Completed
O105545,2024-06-09,C5226,P1157,S235,North,Store,1,20469,0,Debit Card,Cancelled
O105546,2025-06-09,C6681,P1224,S226,North,Store,4,21622,0,Credit Card,Completed
O105547,2025-04-03,C6158,P1224,S221,North,Store,1,21622,0,Credit Card,Completed
O105548,2025-03-13,C6465,P1184,S246,North,Store,1,23546,261,UPI,Completed
O105549,2024-07-17,C6503,P1285,S230,East,Store,4,20596,266,Cash,Completed
O105550,2025-06-12,C5820,P1179,S217,West,Online,4,19591,0,Cash,Completed
O105551,2024-07-14,C5414,P1092,S205,South,Store,2,9784,0,UPI,Completed
O105552,2024-11-23,C6887,P1242,S218,North,Store,5,13862,0,Cash,Completed
O105553,2025-09-22,C5615,P1185,S243,South,Store,4,7628,0,Debit Card,Completed
O105554,2025-11-28,C6933,P1134,S232,North,Store,5,8636,0,Credit Card,Completed
O105555,2025-10-05,C6316,P1181,S242,North,Online,5,4623,265,Credit Card,Completed
O105556,2024-06-21,C5882,P1277,S246,North,Online,3,2790,0,UPI,Completed
O105557,2025-08-29,C5204,P1083,S244,East,Store,3,7188,0,Debit Card,Completed
O105558,2025-01-12,C5567,P1119,S233,North,Online,5,20033,0,Debit Card,Completed
O105559,2025-11-29,C5197,P1084,S222,East,Store,3,18967,0,Cash,Completed
O105560,2025-10-07,C5771,P1271,S203,East,Online,3,14975,0,Debit Card,Cancelled
O105561,2025-01-30,C6920,P1268,S240,North,Store,1,5770,0,UPI,Cancelled
O105562,2024-01-30,C6925,P1129,S212,West,Store,1,5589,0,Credit Card,Completed
O105563,2024-04-13,C5646,P1284,S240,North,Online,2,13277,0,UPI,Completed
O105564,2024-04-19,C5836,P1114,S246,North,Store,1,15114,0,Credit Card,Cancelled
O105565,2025-02-07,C5669,P1246,S246,North,Store,1,22713,0,UPI,Completed
O105566,2024-03-18,C5954,P1030,S242,North,Store,4,11890,136,UPI,Completed
O105567,2025-03-31,C6421,P1100,S222,East,Store,3,9778,308,Debit Card,Cancelled
O105568,2025-04-26,C5416,P1191,S232,North,Online,2,13093,115,UPI,Completed
O105569,2024-06-11,C5130,P1003,S204,North,Online,5,1494,0,Debit Card,Completed
O105570,2024-07-19,C5528,P1108,S244,East,Online,4,14233,0,Cash,Completed
O105571,2024-03-16,C6885,P1189,S243,South,Online,2,23820,0,Credit Card,Completed
O105572,2024-05-30,C5800,P1103,S223,West,Store,5,19689,107,Debit Card,Completed
O105573,2024-04-03,C6288,P1073,S211,West,Online,2,5249,0,Credit Card,Cancelled
O105574,2024-08-14,C5678,P1078,S231,North,Online,2,23389,0,Cash,Completed
O105575,2024-07-14,C6261,P1188,S229,South,Store,1,15328,0,Credit Card,Completed
O105576,2024-08-19,C5410,P1213,S226,North,Online,4,14282,0,Debit Card,Completed
O105577,2025-07-28,C6501,P1233,S214,West,Store,3,12833,316,Credit Card,Completed
O105578,2025-08-31,C6569,P1134,S237,North,Online,5,8636,262,Credit Card,Completed
O105579,2024-11-10,C6093,P1083,S249,East,Store,5,7188,0,Credit Card,Completed
O105580,2024-04-27,C6988,P1015,S247,North,Online,1,19492,0,Debit Card,Completed
O105581,2025-11-19,C5175,P1172,S234,East,Store,4,15856,0,Cash,Completed
O105582,2024-07-30,C5295,P1172,S249,East,Online,1,15856,0,Debit Card,Completed
O105583,2024-10-30,C6491,P1106,S209,West,Online,1,16729,0,Credit Card,Completed
O105584,2025-06-10,C5175,P1201,S246,North,Store,5,6002,0,Credit Card,Cancelled
O105585,2025-12-18,C6327,P1087,S239,West,Store,3,5062,0,Debit Card,Completed
O105586,2024-11-21,C5335,P1235,S202,East,Store,4,21005,0,UPI,Completed
O105587,2025-08-10,C6178,P1226,S223,West,Online,3,19224,0,Cash,Completed
O105588,2025-11-05,C6742,P1294,S227,North,Online,3,16364,0,Credit Card,Completed
O105589,2024-08-01,C6466,P1177,S226,North,Online,4,4568,0,UPI,Completed
O105590,2025-07-25,C5583,P1276,S227,North,Online,3,17692,0,Debit Card,Completed
O105591,2025-09-27,C5847,P1129,S202,East,Online,4,5589,0,UPI,Completed
O105592,2025-07-30,C5254,P1242,S227,North,Online,4,13862,239,Cash,Cancelled
O105593,2024-05-18,C5097,P1243,S224,East,Store,2,21225,351,Credit Card,Completed
O105594,2025-05-11,C6635,P1266,S238,East,Store,1,15728,0,UPI,Completed
O105595,2024-10-23,C6857,P1287,S222,East,Store,4,21054,0,Credit Card,Completed
O105596,2024-02-07,C6372,P1297,S214,West,Online,3,20307,0,UPI,Completed
O105597,2025-06-17,C5823,P1105,S224,East,Store,1,10648,0,Credit Card,Completed
O105598,2024-03-14,C5473,P1125,S248,West,Online,1,8150,0,Debit Card,Completed
O105599,2024-07-26,C6615,P1166,S233,North,Online,2,1640,0,Cash,Completed
O105600,2024-12-20,C6763,P1271,S238,East,Online,1,14975,0,Credit Card,Completed
O105601,2025-08-25,C5022,P1184,S231,North,Store,4,23546,0,Debit Card,Cancelled
O105602,2024-12-03,C5221,P1046,S226,North,Online,3,11020,219,Cash,Completed
O105603,2025-10-23,C5266,P1144,S210,North,Online,5,21604,0,Cash,Cancelled
O105604,2024-09-16,C6292,P1077,S218,North,Online,4,5894,0,Cash,Completed
O105605,2025-02-02,C5372,P1269,S201,South,Store,5,4684,0,Debit Card,Cancelled
O105606,2024-09-09,C5281,P1146,S234,East,Store,4,13303,0,UPI,Cancelled
O105607,2025-07-24,C6840,P1046,S205,South,Online,3,11020,347,Credit Card,Completed
O105608,2025-05-04,C6189,P1096,S230,East,Store,4,16951,0,Debit Card,Completed
O105609,2024-05-29,C5089,P1002,S247,North,Online,1,21479,0,Cash,Cancelled
O105610,2024-05-29,C5405,P1268,S216,East,Store,5,5770,0,Credit Card,Completed
O105611,2024-06-08,C5831,P1107,S234,East,Store,3,7054,465,Debit Card,Cancelled
O105612,2025-01-20,C5730,P1049,S239,West,Store,2,4384,0,Cash,Completed
O105613,2024-12-23,C5015,P1066,S216,East,Online,4,17713,0,Debit Card,Completed
O105614,2024-07-17,C5421,P1154,S242,North,Store,3,16309,0,Cash,Cancelled
O105615,2024-06-26,C6166,P1010,S246,North,Online,5,8826,0,Debit Card,Cancelled
O105616,2024-01-23,C5785,P1072,S229,South,Online,5,11213,0,Debit Card,Cancelled
O105617,2025-12-17,C6372,P1101,S209,West,Online,5,17061,0,UPI,Completed
O105618,2024-11-15,C5662,P1129,S240,North,Online,5,5589,0,Cash,Completed
O105619,2024-06-12,C6180,P1274,S208,East,Store,2,20728,0,UPI,Completed
O105620,2024-08-06,C6083,P1100,S209,West,Online,4,9778,116,Credit Card,Completed
O105621,2024-06-25,C5935,P1050,S242,North,Online,4,11986,111,Cash,Completed
O105622,2024-03-23,C6374,P1113,S208,East,Store,3,2267,0,Credit Card,Completed
O105623,2024-06-27,C5875,P1035,S218,North,Online,1,21802,0,UPI,Completed
O105624,2024-02-13,C5304,P1272,S204,North,Online,4,21727,0,Debit Card,Completed
O105625,2024-04-11,C5935,P1238,S225,South,Online,5,18960,0,Credit Card,Completed
O105626,2025-08-17,C6647,P1248,S216,East,Online,2,13480,0,Credit Card,Completed
O105627,2025-01-24,C6936,P1262,S202,East,Store,3,11478,0,UPI,Completed
O105628,2024-04-22,C5711,P1149,S241,South,Online,2,12341,0,Debit Card,Completed
O105629,2024-08-22,C5545,P1189,S234,East,Store,5,23820,0,Credit Card,Completed
O105630,2025-01-31,C6423,P1090,S240,North,Online,5,6496,0,UPI,Cancelled
O105631,2024-12-30,C6012,P1014,S219,North,Online,4,6858,435,Credit Card,Completed
O105632,2024-06-10,C5873,P1002,S221,North,Store,3,21479,409,Cash,Completed
O105633,2025-02-21,C5638,P1206,S204,North,Online,4,21502,127,Cash,Completed
O105634,2024-07-03,C5019,P1185,S247,North,Store,2,7628,275,Cash,Completed
O105635,2025-05-25,C5012,P1174,S222,East,Store,3,21347,0,Cash,Completed
O105636,2025-03-29,C5244,P1244,S240,North,Online,2,5773,0,Cash,Completed
O105637,2025-09-08,C6465,P1090,S245,East,Store,1,6496,0,Cash,Completed
O105638,2025-09-06,C5463,P1133,S219,North,Store,4,14458,113,UPI,Cancelled
O105639,2025-02-21,C6430,P1110,S241,South,Online,1,5745,0,UPI,Completed
O105640,2024-07-03,C6772,P1276,S247,North,Store,3,17692,0,UPI,Completed
O105641,2024-12-22,C6001,P1082,S216,East,Store,3,8487,0,Debit Card,Cancelled
O105642,2024-03-19,C6320,P1137,S223,West,Online,1,8938,324,Debit Card,Completed
O105643,2025-12-02,C6858,P1211,S201,South,Store,5,17552,0,UPI,Completed
O105644,2025-07-22,C5393,P1011,S241,South,Store,3,6770,332,UPI,Completed
O105645,2024-04-24,C5337,P1241,S226,North,Store,5,19467,0,Debit Card,Completed
O105646,2025-04-03,C5771,P1261,S241,South,Online,3,22756,0,UPI,Cancelled
O105647,2024-06-27,C5105,P1091,S245,East,Store,3,12784,0,Credit Card,Completed
O105648,2024-08-31,C5654,P1081,S240,North,Store,4,11888,0,UPI,Completed
O105649,2024-11-14,C5528,P1299,S248,West,Store,3,17937,0,Credit Card,Completed
O105650,2025-11-11,C5939,P1003,S239,West,Online,2,1494,0,Cash,Completed
O105651,2024-07-24,C6288,P1060,S222,East,Online,1,10490,0,UPI,Completed
O105652,2024-08-04,C6735,P1080,S231,North,Online,3,5303,0,Credit Card,Completed
O105653,2025-09-20,C5956,P1181,S237,North,Online,1,4623,0,Debit Card,Cancelled
O105654,2024-10-20,C5625,P1201,S222,East,Store,1,6002,0,Cash,Completed
O105655,2024-12-31,C5339,P1192,S228,South,Store,1,20500,0,UPI,Completed
O105656,2025-07-27,C6037,P1028,S210,North,Store,5,7958,0,UPI,Completed
O105657,2025-06-28,C6928,P1294,S214,West,Store,5,16364,0,Debit Card,Cancelled
O105658,2025-08-01,C6730,P1114,S217,West,Store,3,15114,0,Cash,Completed
O105659,2024-04-28,C5115,P1040,S248,West,Store,3,4205,0,Credit Card,Cancelled
O105660,2025-12-02,C6393,P1078,S202,East,Store,3,23389,0,Cash,Completed
O105661,2025-11-20,C6443,P1244,S217,West,Online,1,5773,0,Debit Card,Completed
O105662,2024-09-14,C6557,P1004,S242,North,Store,1,6831,218,Credit Card,Completed
O105663,2024-11-30,C5442,P1256,S226,North,Online,4,8546,112,Cash,Cancelled
O105664,2025-01-01,C5887,P1230,S218,North,Store,4,12075,0,Credit Card,Completed
O105665,2025-08-05,C6632,P1091,S231,North,Online,1,12784,0,UPI,Completed
O105666,2024-09-24,C5779,P1297,S236,West,Online,1,20307,0,Credit Card,Completed
O105667,2025-07-08,C6538,P1131,S247,North,Online,1,20406,0,Credit Card,Completed
O105668,2025-10-24,C5129,P1170,S212,West,Store,5,13196,0,UPI,Completed
O105669,2025-10-28,C6878,P1058,S248,West,Store,5,16157,0,Debit Card,Cancelled
O105670,2025-07-06,C5405,P1167,S245,East,Online,5,14354,0,Cash,Completed
O105671,2025-01-09,C6823,P1217,S217,West,Online,4,9870,0,Cash,Cancelled
O105672,2024-01-23,C6939,P1009,S209,West,Store,2,15817,0,Cash,Cancelled
O105673,2025-02-24,C6615,P1210,S211,West,Store,1,6616,0,UPI,Completed
O105674,2025-09-13,C6063,P1125,S213,North,Online,2,8150,0,Cash,Completed
O105675,2024-03-16,C5485,P1053,S222,East,Store,5,3129,0,Debit Card,Completed
O105676,2024-05-24,C6043,P1108,S249,East,Online,4,14233,333,Credit Card,Completed
O105677,2025-06-05,C5329,P1115,S201,South,Online,2,20308,0,Debit Card,Completed
O105678,2024-02-27,C5033,P1077,S248,West,Store,3,5894,0,UPI,Completed
O105679,2024-09-20,C6217,P1129,S220,South,Store,5,5589,148,Cash,Completed
O105680,2024-02-23,C6590,P1152,S204,North,Store,3,11737,173,UPI,Completed
O105681,2025-03-12,C5533,P1147,S238,East,Store,3,10106,0,Credit Card,Cancelled
O105682,2024-12-04,C5137,P1295,S220,South,Store,2,3337,0,UPI,Completed
O105683,2025-02-19,C5198,P1128,S212,West,Store,3,10078,0,Credit Card,Completed
O105684,2025-03-22,C6623,P1197,S212,West,Store,5,16495,0,Debit Card,Completed
O105685,2024-12-11,C6199,P1021,S201,South,Online,1,11470,0,UPI,Cancelled
O105686,2025-08-15,C6472,P1298,S213,North,Store,4,14176,0,Cash,Completed
O105687,2025-05-05,C6721,P1255,S221,North,Online,5,14851,0,UPI,Completed
O105688,2024-09-10,C5988,P1254,S222,East,Online,1,18521,0,Cash,Completed
O105689,2025-12-12,C6987,P1065,S227,North,Store,3,3007,0,Debit Card,Cancelled
O105690,2024-08-22,C5579,P1041,S214,West,Online,2,15445,0,UPI,Completed
O105691,2024-02-29,C6270,P1123,S240,North,Online,5,15348,453,Cash,Completed
O105692,2025-08-12,C6207,P1050,S202,East,Store,2,11986,0,Credit Card,Completed
O105693,2024-06-23,C5033,P1016,S228,South,Online,4,11602,0,Credit Card,Completed
O105694,2024-10-17,C6272,P1161,S217,West,Online,4,23914,0,Debit Card,Completed
O105695,2025-08-18,C5819,P1210,S221,North,Store,2,6616,0,Cash,Completed
O105696,2024-02-09,C6486,P1219,S227,North,Online,5,11028,0,Debit Card,Cancelled
O105697,2025-05-22,C5338,P1141,S249,East,Store,3,5607,0,Credit Card,Cancelled
O105698,2024-07-30,C6269,P1172,S206,South,Store,5,15856,0,Cash,Completed
O105699,2024-07-06,C6350,P1055,S223,West,Store,4,21841,314,Debit Card,Completed
O105700,2024-04-06,C6927,P1238,S206,South,Store,4,18960,0,Credit Card,Completed
O105701,2025-06-25,C6814,P1220,S234,East,Store,2,15484,0,Debit Card,Completed
O105702,2025-01-05,C5642,P1148,S214,West,Online,2,10231,499,Credit Card,Completed
O105703,2024-10-01,C5010,P1089,S214,West,Online,4,18424,0,Credit Card,Completed
O105704,2024-09-14,C6971,P1295,S222,East,Online,2,3337,0,UPI,Completed
O105705,2024-09-01,C6416,P1025,S214,West,Store,4,8362,0,Cash,Cancelled
O105706,2024-05-27,C6089,P1189,S233,North,Online,4,23820,0,UPI,Cancelled
O105707,2025-03-08,C6399,P1140,S218,North,Store,4,18510,153,Debit Card,Completed
O105708,2024-11-05,C6789,P1279,S216,East,Store,5,5899,0,Credit Card,Completed
O105709,2025-06-06,C5028,P1167,S213,North,Store,3,14354,0,UPI,Cancelled
O105710,2024-09-30,C5417,P1275,S242,North,Store,5,22022,0,UPI,Completed
O105711,2025-01-12,C5608,P1125,S200,West,Online,4,8150,0,Debit Card,Completed
O105712,2025-06-25,C5106,P1056,S201,South,Online,2,17229,161,Credit Card,Completed
O105713,2024-07-16,C5437,P1115,S217,West,Store,1,20308,0,Cash,Completed
O105714,2024-04-14,C5316,P1074,S204,North,Store,1,5321,353,UPI,Completed
O105715,2025-10-07,C6356,P1283,S231,North,Online,5,17954,0,Credit Card,Completed
O105716,2024-07-14,C6489,P1053,S235,North,Store,1,3129,0,Cash,Completed
O105717,2024-07-11,C5712,P1021,S218,North,Online,5,11470,67,Debit Card,Completed
O105718,2024-05-24,C6282,P1047,S223,West,Online,1,6278,0,Debit Card,Completed
O105719,2025-11-29,C5015,P1207,S242,North,Store,5,17879,362,UPI,Completed
O105720,2024-08-03,C5690,P1275,S230,East,Online,1,22022,239,Debit Card,Cancelled
O105721,2024-10-18,C6900,P1157,S247,North,Store,5,20469,0,Cash,Completed
O105722,2025-06-18,C6829,P1193,S236,West,Store,3,18061,0,UPI,Completed
O105723,2024-07-22,C5779,P1259,S201,South,Online,1,13997,234,Debit Card,Completed
O105724,2024-07-06,C6154,P1168,S249,East,Online,4,11993,0,Debit Card,Completed
O105725,2025-03-19,C6798,P1211,S205,South,Online,4,17552,186,Debit Card,Completed
O105726,2024-07-28,C5174,P1225,S226,North,Online,4,14610,178,Debit Card,Completed
O105727,2025-12-20,C5613,P1134,S212,West,Online,5,8636,0,UPI,Cancelled
O105728,2024-01-31,C6672,P1056,S227,North,Store,4,17229,158,Credit Card,Completed
O105729,2025-08-31,C5251,P1235,S245,East,Online,2,21005,0,Cash,Cancelled
O105730,2024-09-22,C6948,P1007,S238,East,Online,5,15969,0,Debit Card,Cancelled
O105731,2025-07-02,C5555,P1266,S235,North,Online,2,15728,0,UPI,Cancelled
O105732,2025-08-10,C6371,P1021,S231,North,Store,1,11470,0,UPI,Completed
O105733,2025-08-12,C5896,P1073,S239,West,Online,3,5249,0,Cash,Completed
O105734,2024-01-13,C5133,P1175,S210,North,Online,4,20666,0,UPI,Completed
O105735,2024-02-29,C5083,P1073,S215,East,Online,3,5249,268,UPI,Completed
O105736,2024-10-04,C6071,P1081,S229,South,Store,5,11888,0,Debit Card,Completed
O105737,2025-01-16,C5819,P1048,S235,North,Store,2,16836,210,UPI,Completed
O105738,2025-04-13,C5004,P1049,S205,South,Store,3,4384,101,Debit Card,Cancelled
O105739,2025-04-30,C6058,P1142,S222,East,Online,3,11011,0,Debit Card,Completed
O105740,2025-10-12,C6836,P1100,S235,North,Online,4,9778,0,Cash,Completed
O105741,2024-04-08,C5098,P1002,S249,East,Online,3,21479,0,UPI,Cancelled
O105742,2025-02-07,C6929,P1087,S228,South,Store,2,5062,405,Debit Card,Completed
O105743,2025-12-27,C6211,P1027,S228,South,Online,5,5053,0,Cash,Completed
O105744,2024-02-07,C6651,P1168,S215,East,Store,3,11993,0,UPI,Completed
O105745,2024-11-28,C6231,P1009,S220,South,Store,3,15817,0,Cash,Completed
O105746,2025-02-20,C5803,P1299,S200,West,Store,1,17937,0,UPI,Completed
O105747,2024-01-28,C5982,P1221,S227,North,Online,3,17898,325,Credit Card,Completed
O105748,2025-04-27,C6804,P1023,S210,North,Store,1,11148,0,Debit Card,Cancelled
O105749,2025-07-24,C6666,P1055,S221,North,Online,3,21841,457,Credit Card,Completed
O105750,2024-06-22,C6955,P1018,S204,North,Store,5,14106,0,Debit Card,Completed
O105751,2025-06-21,C6826,P1218,S202,East,Store,2,15354,0,UPI,Completed
O105752,2025-08-03,C6335,P1283,S241,South,Online,4,17954,0,Credit Card,Completed
O105753,2024-10-12,C6623,P1125,S233,North,Store,1,8150,0,Cash,Completed
O105754,2024-10-20,C6920,P1258,S232,North,Online,2,21780,332,UPI,Completed
O105755,2024-04-05,C5443,P1279,S247,North,Store,4,5899,0,Credit Card,Completed
O105756,2025-11-26,C6850,P1023,S201,South,Online,1,11148,0,Cash,Completed
O105757,2024-08-05,C5660,P1059,S229,South,Store,4,10909,0,Debit Card,Completed
O105758,2025-08-25,C6105,P1262,S222,East,Online,5,11478,0,Cash,Cancelled
O105759,2025-04-16,C6170,P1225,S205,South,Online,5,14610,0,Credit Card,Completed
O105760,2023-12-28,C6511,P1228,S203,East,Online,2,13342,0,UPI,Completed
O105761,2025-01-11,C5332,P1076,S221,North,Online,4,16951,0,Credit Card,Completed
O105762,2024-12-04,C6946,P1166,S225,South,Online,3,1640,0,Debit Card,Completed
O105763,2024-07-15,C6075,P1121,S247,North,Online,5,12001,0,Debit Card,Cancelled
O105764,2025-10-17,C5113,P1253,S235,North,Online,5,20605,0,UPI,Completed
O105765,2024-04-01,C6103,P1131,S219,North,Online,5,20406,0,Cash,Cancelled
O105766,2025-09-25,C5362,P1008,S243,South,Online,3,11489,142,Cash,Completed
O105767,2025-01-26,C6961,P1202,S211,West,Online,3,15754,0,Debit Card,Completed
O105768,2024-03-17,C6135,P1028,S233,North,Store,1,7958,0,Credit Card,Completed
O105769,2025-06-11,C5922,P1150,S203,East,Store,3,7422,0,Cash,Completed
O105770,2025-09-07,C5374,P1132,S240,North,Store,5,19210,0,Cash,Cancelled
O105771,2024-04-12,C6323,P1206,S236,West,Store,5,21502,0,Credit Card,Completed
O105772,2025-04-12,C6776,P1169,S249,East,Store,4,5160,0,UPI,Completed
O105773,2024-07-23,C6233,P1034,S219,North,Online,2,9778,0,Credit Card,Completed
O105774,2025-12-11,C6597,P1045,S218,North,Store,2,18465,213,Credit Card,Completed
O105775,2024-10-22,C6840,P1033,S228,South,Online,1,16111,0,Debit Card,Completed
O105776,2024-10-22,C5627,P1139,S248,West,Store,4,21395,206,Cash,Completed
O105777,2024-02-12,C5164,P1272,S211,West,Store,1,21727,0,UPI,Completed
O105778,2025-09-22,C6509,P1227,S234,East,Online,1,5382,279,UPI,Completed
O105779,2025-12-06,C6472,P1107,S233,North,Store,4,7054,156,Cash,Cancelled
O105780,2025-02-22,C5576,P1266,S216,East,Online,2,15728,0,UPI,Cancelled
O105781,2025-10-02,C5623,P1106,S225,South,Store,1,16729,0,UPI,Completed
O105782,2025-05-05,C5697,P1284,S247,North,Store,5,13277,0,Debit Card,Completed
O105783,2025-06-27,C6275,P1128,S227,North,Online,3,10078,0,UPI,Completed
O105784,2024-10-11,C6028,P1186,S228,South,Store,3,14983,0,Debit Card,Cancelled
O105785,2025-12-16,C5366,P1269,S221,North,Online,3,4684,215,Credit Card,Completed
O105786,2024-08-24,C6404,P1211,S236,West,Store,3,17552,0,Credit Card,Cancelled
O105787,2025-09-15,C6979,P1213,S205,South,Store,2,14282,0,Credit Card,Completed
O105788,2024-06-01,C6173,P1020,S211,West,Online,3,10169,0,UPI,Completed
O105789,2025-05-22,C5509,P1049,S213,North,Online,4,4384,0,Credit Card,Completed
O105790,2025-01-24,C6686,P1068,S243,South,Online,1,11524,385,Debit Card,Cancelled
O105791,2025-06-19,C5195,P1299,S249,East,Online,5,17937,0,UPI,Completed
O105792,2025-05-16,C6649,P1190,S209,West,Store,3,22649,92,Cash,Completed
O105793,2024-12-09,C6853,P1095,S216,East,Store,5,13952,0,Debit Card,Completed
O105794,2025-01-05,C5157,P1281,S227,North,Online,3,12731,0,Credit Card,Completed
O105795,2024-08-04,C5838,P1078,S220,South,Store,5,23389,0,Cash,Cancelled
O105796,2025-07-25,C5219,P1056,S233,North,Store,5,17229,0,UPI,Completed
O105797,2024-05-30,C5645,P1242,S242,North,Online,4,13862,0,Debit Card,Completed
O105798,2025-02-20,C6945,P1053,S242,North,Store,2,3129,0,Debit Card,Completed
O105799,2025-02-24,C5944,P1257,S226,North,Online,2,18316,0,Cash,Completed
O105800,2023-12-29,C5993,P1019,S230,East,Store,5,11005,0,Credit Card,Completed
O105801,2024-04-05,C5897,P1227,S237,North,Online,5,5382,0,Cash,Cancelled
O105802,2024-01-26,C6063,P1015,S214,West,Store,1,19492,0,UPI,Cancelled
O105803,2024-08-04,C6409,P1033,S200,West,Store,4,16111,0,Debit Card,Cancelled
O105804,2024-06-24,C6700,P1284,S221,North,Store,4,13277,0,Credit Card,Cancelled
O105805,2024-05-24,C5422,P1182,S222,East,Online,2,18616,0,UPI,Cancelled
O105806,2024-07-09,C5925,P1143,S200,West,Online,1,8850,231,Credit Card,Completed
O105807,2024-12-11,C6862,P1011,S218,North,Online,2,6770,0,Debit Card,Completed
O105808,2025-01-06,C5917,P1087,S228,South,Store,2,5062,0,Cash,Cancelled
O105809,2025-01-04,C5970,P1169,S245,East,Store,4,5160,0,UPI,Completed
O105810,2024-03-30,C5951,P1004,S248,West,Online,4,6831,0,UPI,Cancelled
O105811,2025-04-01,C5862,P1053,S202,East,Store,1,3129,109,UPI,Completed
O105812,2025-02-06,C5712,P1178,S224,East,Online,3,8635,0,UPI,Cancelled
O105813,2025-04-09,C6851,P1162,S227,North,Online,5,8893,0,Credit Card,Completed
O105814,2025-06-02,C5273,P1143,S242,North,Store,5,8850,0,Debit Card,Completed
O105815,2024-11-22,C5718,P1038,S214,West,Store,4,22462,230,UPI,Completed
O105816,2025-05-06,C6404,P1004,S230,East,Store,3,6831,395,UPI,Completed
O105817,2024-12-23,C5776,P1119,S232,North,Online,5,20033,0,UPI,Completed
O105818,2024-10-14,C6218,P1046,S217,West,Store,5,11020,0,Debit Card,Completed
O105819,2025-01-15,C6081,P1003,S213,North,Store,5,1494,267,Debit Card,Cancelled
O105820,2025-03-23,C6960,P1242,S217,West,Store,1,13862,72,Debit Card,Cancelled
O105821,2024-02-02,C5881,P1074,S210,North,Store,5,5321,0,Debit Card,Completed
O105822,2024-01-23,C6530,P1220,S204,North,Store,5,15484,200,Debit Card,Completed
O105823,2025-11-23,C6402,P1014,S230,East,Store,1,6858,0,Credit Card,Completed
O105824,2024-03-15,C6879,P1160,S217,West,Online,3,17020,0,Cash,Completed
O105825,2024-09-30,C6177,P1011,S207,North,Store,3,6770,0,UPI,Completed
O105826,2025-10-03,C6906,P1090,S235,North,Online,4,6496,0,Debit Card,Completed
O105827,2024-06-12,C5819,P1003,S212,West,Online,3,1494,0,Credit Card,Completed
O105828,2024-12-17,C6925,P1202,S231,North,Store,3,15754,0,UPI,Completed
O105829,2024-05-11,C6062,P1273,S206,South,Store,1,17610,0,UPI,Completed
O105830,2025-07-19,C5969,P1043,S201,South,Store,5,10110,0,UPI,Completed
O105831,2024-09-06,C6951,P1028,S221,North,Online,3,7958,0,Credit Card,Completed
O105832,2024-09-02,C6264,P1246,S206,South,Online,3,22713,77,UPI,Completed
O105833,2024-04-12,C5862,P1097,S242,North,Online,3,8915,0,UPI,Completed
O105834,2024-05-14,C5698,P1084,S247,North,Store,4,18967,0,UPI,Completed
O105835,2024-12-12,C6710,P1065,S207,North,Online,2,3007,0,Debit Card,Completed
O105836,2024-09-20,C5053,P1031,S226,North,Online,3,6951,460,Cash,Cancelled
O105837,2024-11-16,C5354,P1144,S212,West,Store,1,21604,0,Debit Card,Completed
O105838,2025-01-07,C6188,P1168,S211,West,Store,1,11993,97,Credit Card,Completed
O105839,2025-05-24,C5629,P1297,S211,West,Store,2,20307,204,Credit Card,Completed
O105840,2024-01-29,C6628,P1279,S225,South,Online,2,5899,0,Credit Card,Completed
O105841,2024-08-16,C6720,P1132,S216,East,Online,3,19210,0,Cash,Completed
O105842,2025-01-05,C5028,P1129,S232,North,Store,2,5589,0,UPI,Completed
O105843,2025-10-05,C5365,P1095,S200,West,Online,2,13952,219,Cash,Completed
O105844,2025-09-12,C6575,P1218,S244,East,Store,3,15354,0,Credit Card,Completed
O105845,2024-10-28,C5587,P1139,S217,West,Store,3,21395,0,UPI,Completed
O105846,2024-03-09,C6712,P1222,S237,North,Store,3,15054,0,Credit Card,Completed
O105847,2024-03-04,C6046,P1051,S224,East,Store,2,16446,0,UPI,Completed
O105848,2025-01-09,C6822,P1025,S214,West,Online,5,8362,0,Debit Card,Cancelled
O105849,2024-01-03,C6438,P1205,S205,South,Online,5,3522,0,Cash,Completed
O105850,2024-11-19,C6966,P1043,S204,North,Store,2,10110,0,Credit Card,Completed
O105851,2024-07-07,C6926,P1219,S230,East,Online,2,11028,0,Debit Card,Completed
O105852,2024-09-20,C5749,P1284,S243,South,Store,5,13277,0,Cash,Cancelled
O105853,2024-11-30,C6486,P1281,S232,North,Store,4,12731,0,Debit Card,Cancelled
O105854,2024-04-23,C5111,P1129,S229,South,Online,5,5589,0,UPI,Completed
O105855,2024-06-24,C6444,P1066,S231,North,Store,1,17713,334,Debit Card,Completed
O105856,2025-07-23,C5548,P1207,S236,West,Store,1,17879,0,UPI,Completed
O105857,2024-12-09,C5930,P1031,S247,North,Store,2,6951,0,UPI,Completed
O105858,2025-11-06,C6157,P1035,S243,South,Store,1,21802,0,Debit Card,Cancelled
O105859,2025-12-20,C6995,P1000,S205,South,Online,3,5850,0,Cash,Completed
O105860,2025-12-07,C6355,P1060,S217,West,Store,3,10490,0,Debit Card,Completed
O105861,2025-03-20,C6532,P1188,S246,North,Online,1,15328,0,Cash,Completed
O105862,2024-06-14,C5765,P1092,S246,North,Online,3,9784,0,Debit Card,Cancelled
O105863,2025-06-17,C6954,P1035,S220,South,Online,5,21802,0,Cash,Completed
O105864,2024-05-10,C6007,P1131,S218,North,Online,2,20406,0,Debit Card,Cancelled
O105865,2025-07-04,C6491,P1112,S217,West,Online,3,14915,0,Debit Card,Completed
O105866,2025-08-17,C5948,P1049,S219,North,Online,3,4384,0,UPI,Completed
O105867,2025-09-01,C5854,P1175,S225,South,Online,3,20666,0,Cash,Cancelled
O105868,2024-10-19,C6653,P1245,S205,South,Online,3,3373,0,Debit Card,Completed
O105869,2025-03-03,C6425,P1140,S200,West,Store,3,18510,446,Cash,Cancelled
O105870,2024-03-24,C5680,P1237,S229,South,Store,1,21100,0,Debit Card,Cancelled
O105871,2024-08-18,C6187,P1272,S220,South,Online,1,21727,0,UPI,Cancelled
O105872,2025-12-26,C5024,P1294,S204,North,Store,2,16364,0,Credit Card,Completed
O105873,2024-06-10,C6533,P1291,S220,South,Store,4,12542,0,Debit Card,Completed
O105874,2025-11-08,C6060,P1254,S223,West,Online,2,18521,0,Debit Card,Completed
O105875,2024-04-11,C6651,P1059,S213,North,Online,3,10909,0,UPI,Completed
O105876,2024-11-28,C5014,P1201,S233,North,Online,5,6002,92,UPI,Cancelled
O105877,2024-03-22,C6990,P1012,S210,North,Store,2,20263,0,Debit Card,Completed
O105878,2024-01-04,C6773,P1200,S216,East,Store,4,2422,0,Credit Card,Completed
O105879,2025-08-28,C6537,P1127,S245,East,Online,1,11658,0,UPI,Completed
O105880,2024-12-16,C6198,P1287,S243,South,Store,3,21054,0,Cash,Completed
O105881,2025-05-03,C5247,P1096,S240,North,Online,1,16951,0,UPI,Completed
O105882,2024-06-18,C5571,P1079,S216,East,Store,4,9159,0,Cash,Cancelled
O105883,2025-05-03,C5741,P1272,S210,North,Online,4,21727,0,Debit Card,Completed
O105884,2024-05-04,C5784,P1177,S232,North,Online,5,4568,0,Debit Card,Cancelled
O105885,2024-09-30,C5892,P1063,S248,West,Online,1,17739,0,UPI,Completed
O105886,2025-01-26,C5318,P1052,S243,South,Online,5,13741,0,Credit Card,Completed
O105887,2025-11-24,C6138,P1167,S242,North,Store,2,14354,0,Credit Card,Completed
O105888,2025-07-01,C5985,P1279,S218,North,Store,1,5899,158,Cash,Completed
O105889,2025-03-05,C6319,P1067,S221,North,Store,4,18554,73,Debit Card,Completed
O105890,2025-11-27,C5244,P1185,S217,West,Store,3,7628,297,Cash,Completed
O105891,2024-12-25,C6275,P1292,S222,East,Store,2,23214,321,Credit Card,Completed
O105892,2025-09-27,C6142,P1139,S236,West,Store,5,21395,0,Cash,Completed
O105893,2024-08-25,C5693,P1191,S220,South,Store,3,13093,353,UPI,Completed
O105894,2025-01-31,C6089,P1287,S215,East,Store,1,21054,137,Debit Card,Completed
O105895,2024-09-14,C5029,P1223,S217,West,Store,2,4729,0,Debit Card,Cancelled
O105896,2024-10-17,C6182,P1058,S211,West,Online,5,16157,0,Cash,Completed
O105897,2024-02-29,C5198,P1299,S205,South,Online,1,17937,0,Cash,Completed
O105898,2024-05-27,C6794,P1230,S246,North,Online,5,12075,0,UPI,Completed
O105899,2025-01-18,C6640,P1157,S218,North,Store,5,20469,0,UPI,Completed
O105900,2025-02-21,C5696,P1070,S220,South,Store,3,3836,0,UPI,Cancelled
O105901,2024-10-13,C6097,P1267,S207,North,Store,3,14604,0,Credit Card,Completed
O105902,2024-12-28,C5554,P1189,S232,North,Store,3,23820,0,Debit Card,Completed
O105903,2024-12-31,C6314,P1080,S246,North,Store,2,5303,0,UPI,Cancelled
O105904,2024-06-11,C5526,P1057,S223,West,Online,4,12244,0,Debit Card,Completed
O105905,2025-11-30,C6709,P1053,S212,West,Store,5,3129,0,Cash,Cancelled
O105906,2025-08-03,C5151,P1003,S203,East,Online,3,1494,0,UPI,Completed
O105907,2025-08-08,C5690,P1258,S241,South,Online,3,21780,0,Debit Card,Cancelled
O105908,2025-03-15,C5301,P1107,S233,North,Store,1,7054,0,Cash,Completed
O105909,2025-12-10,C5869,P1279,S230,East,Store,1,5899,0,Credit Card,Completed
O105910,2024-04-29,C5587,P1223,S244,East,Store,3,4729,0,Credit Card,Completed
O105911,2024-11-03,C6449,P1264,S213,North,Online,1,5155,0,Credit Card,Completed
O105912,2025-01-24,C6031,P1184,S210,North,Store,2,23546,153,Credit Card,Completed
O105913,2025-06-02,C6183,P1014,S224,East,Store,2,6858,377,Debit Card,Completed
O105914,2025-02-06,C6839,P1272,S228,South,Online,4,21727,0,UPI,Completed
O105915,2024-12-15,C5650,P1143,S212,West,Online,4,8850,0,Cash,Completed
O105916,2024-06-25,C5042,P1097,S245,East,Online,1,8915,0,Debit Card,Completed
O105917,2024-12-07,C6704,P1027,S224,East,Store,1,5053,430,UPI,Completed
O105918,2025-04-29,C6539,P1154,S240,North,Store,3,16309,0,Credit Card,Completed
O105919,2025-04-08,C5768,P1196,S231,North,Online,1,13692,0,Cash,Cancelled
O105920,2025-05-21,C5834,P1085,S213,North,Store,2,5647,0,Credit Card,Cancelled
O105921,2025-07-08,C5129,P1045,S212,West,Online,5,18465,0,Cash,Completed
O105922,2025-02-25,C5856,P1222,S200,West,Online,1,15054,0,Debit Card,Completed
O105923,2024-11-02,C5503,P1011,S225,South,Online,3,6770,0,Credit Card,Completed
O105924,2024-09-28,C6299,P1121,S210,North,Online,1,12001,0,Debit Card,Completed
O105925,2025-09-16,C5306,P1135,S219,North,Online,3,18707,0,Cash,Completed
O105926,2025-09-15,C5492,P1123,S203,East,Online,1,15348,0,Cash,Cancelled
O105927,2024-06-17,C5563,P1279,S212,West,Store,1,5899,0,Debit Card,Completed
O105928,2025-12-17,C6302,P1183,S238,East,Online,3,3139,0,Cash,Completed
O105929,2024-09-21,C6278,P1145,S234,East,Online,2,13495,0,Debit Card,Cancelled
O105930,2024-02-13,C6874,P1135,S244,East,Store,5,18707,0,Cash,Cancelled
O105931,2025-05-30,C6357,P1092,S214,West,Online,2,9784,0,UPI,Completed
O105932,2025-03-23,C5941,P1094,S213,North,Store,1,3783,262,UPI,Cancelled
O105933,2025-02-28,C6681,P1216,S226,North,Online,2,19992,0,UPI,Completed
O105934,2025-12-21,C6063,P1129,S234,East,Store,2,5589,0,UPI,Cancelled
O105935,2025-12-27,C5681,P1229,S216,East,Online,5,23069,0,Debit Card,Cancelled
O105936,2024-04-19,C6940,P1230,S227,North,Online,1,12075,0,Debit Card,Completed
O105937,2025-06-10,C5195,P1075,S225,South,Store,1,19286,255,Cash,Completed
O105938,2025-04-05,C5043,P1275,S245,East,Online,5,22022,0,Cash,Completed
O105939,2024-08-27,C6381,P1208,S202,East,Store,3,11265,0,Cash,Completed
O105940,2025-10-30,C6942,P1124,S245,East,Online,2,18693,0,Credit Card,Completed
O105941,2024-02-10,C5935,P1291,S214,West,Store,5,12542,168,UPI,Completed
O105942,2024-10-19,C5397,P1231,S221,North,Online,2,11775,284,Debit Card,Completed
O105943,2024-05-17,C6996,P1275,S246,North,Store,2,22022,0,UPI,Completed
O105944,2024-10-04,C6483,P1095,S241,South,Store,2,13952,0,Credit Card,Completed
O105945,2025-01-21,C5640,P1057,S244,East,Online,5,12244,0,Cash,Completed
O105946,2025-09-19,C6722,P1018,S200,West,Store,1,14106,0,Credit Card,Completed
O105947,2024-11-09,C6437,P1047,S216,East,Online,1,6278,0,Credit Card,Completed
O105948,2024-07-29,C5288,P1296,S221,North,Online,5,10596,125,Credit Card,Completed
O105949,2025-04-15,C6339,P1099,S218,North,Online,4,17578,0,UPI,Completed
O105950,2024-12-13,C6039,P1103,S220,South,Online,2,19689,0,Cash,Completed
O105951,2024-12-20,C6652,P1260,S219,North,Store,1,1933,0,Cash,Cancelled
O105952,2025-09-28,C5284,P1107,S225,South,Online,2,7054,0,Cash,Completed
O105953,2025-12-15,C6014,P1151,S248,West,Online,3,12508,0,Credit Card,Cancelled
O105954,2025-11-12,C5581,P1179,S246,North,Online,5,19591,0,Credit Card,Cancelled
O105955,2024-02-28,C6063,P1111,S201,South,Online,2,6965,0,UPI,Completed
O105956,2024-04-14,C6708,P1173,S222,East,Store,5,7396,0,UPI,Completed
O105957,2024-02-12,C6486,P1282,S204,North,Online,3,19507,0,Credit Card,Completed
O105958,2025-06-13,C6272,P1012,S222,East,Store,4,20263,0,Debit Card,Cancelled
O105959,2024-02-27,C5420,P1275,S235,North,Store,5,22022,0,Cash,Completed
O105960,2025-05-17,C6060,P1087,S249,East,Store,1,5062,0,Debit Card,Completed
O105961,2024-01-15,C5210,P1219,S237,North,Store,1,11028,0,UPI,Cancelled
O105962,2025-02-11,C6044,P1218,S244,East,Online,2,15354,0,UPI,Cancelled
O105963,2024-03-26,C5706,P1015,S225,South,Store,2,19492,0,Credit Card,Completed
O105964,2025-12-03,C6687,P1064,S244,East,Online,2,13395,0,Debit Card,Completed
O105965,2024-11-26,C6517,P1050,S247,North,Store,2,11986,0,UPI,Cancelled
O105966,2025-09-12,C5064,P1082,S215,East,Online,2,8487,486,Credit Card,Completed
O105967,2025-06-12,C6917,P1138,S214,West,Online,1,8919,0,UPI,Completed
O105968,2025-01-08,C5269,P1289,S217,West,Store,4,16378,0,Debit Card,Completed
O105969,2024-10-23,C6121,P1261,S209,West,Online,4,22756,0,Debit Card,Completed
O105970,2024-10-09,C5387,P1265,S242,North,Store,1,11992,150,UPI,Completed
O105971,2025-10-10,C5112,P1018,S224,East,Store,2,14106,171,Credit Card,Completed
O105972,2024-10-01,C5922,P1069,S240,North,Online,1,10947,0,Debit Card,Completed
O105973,2025-08-28,C6613,P1110,S223,West,Store,1,5745,233,Cash,Completed
O105974,2024-10-19,C6642,P1104,S235,North,Store,2,18741,0,Cash,Completed
O105975,2024-03-10,C5164,P1012,S222,East,Store,5,20263,0,Credit Card,Cancelled
O105976,2025-02-24,C5188,P1245,S237,North,Online,3,3373,0,UPI,Completed
O105977,2024-11-15,C6521,P1122,S216,East,Online,4,4929,0,Credit Card,Completed
O105978,2024-07-01,C5037,P1170,S231,North,Online,1,13196,485,Debit Card,Completed
O105979,2025-06-21,C5936,P1144,S226,North,Store,2,21604,196,Credit Card,Completed
O105980,2024-08-10,C5511,P1031,S221,North,Online,1,6951,0,UPI,Cancelled
O105981,2024-09-15,C5986,P1199,S226,North,Store,4,17589,0,UPI,Completed
O105982,2025-06-24,C6278,P1177,S235,North,Online,1,4568,288,Cash,Completed
O105983,2025-01-30,C6761,P1104,S231,North,Online,4,18741,0,Cash,Completed
O105984,2024-06-29,C5154,P1257,S225,South,Online,4,18316,0,Credit Card,Completed
O105985,2025-02-13,C5999,P1088,S204,North,Store,5,21299,0,Debit Card,Completed
O105986,2024-08-10,C6681,P1102,S207,North,Online,1,11805,0,UPI,Completed
O105987,2024-09-10,C6629,P1204,S246,North,Online,1,3675,0,Cash,Cancelled
O105988,2024-10-05,C6993,P1068,S219,North,Online,3,11524,0,Credit Card,Completed
O105989,2025-10-23,C6730,P1044,S221,North,Online,1,11357,332,Credit Card,Cancelled
O105990,2025-02-12,C5279,P1105,S202,East,Online,3,10648,0,UPI,Completed
O105991,2024-09-29,C5343,P1102,S221,North,Online,5,11805,0,Credit Card,Completed
O105992,2025-07-10,C5492,P1062,S201,South,Store,5,17006,94,UPI,Cancelled
O105993,2025-07-20,C5245,P1159,S231,North,Store,2,18152,0,UPI,Completed
O105994,2024-07-21,C5921,P1298,S249,East,Online,4,14176,0,Debit Card,Completed
O105995,2025-11-06,C6373,P1293,S221,North,Store,1,19741,0,Credit Card,Completed
O105996,2024-06-03,C6637,P1051,S227,North,Online,1,16446,0,Debit Card,Completed
O105997,2025-11-01,C5153,P1236,S225,South,Online,1,1650,0,Credit Card,Completed
O105998,2024-04-06,C5024,P1099,S211,West,Store,4,17578,0,Credit Card,Completed
O105999,2025-12-06,C5469,P1226,S230,East,Store,5,19224,0,Cash,Completed
O106000,2024-08-06,C5079,P1177,S204,North,Store,5,4568,0,Credit Card,Completed
O106001,2024-07-27,C5765,P1183,S235,North,Store,4,3139,0,Debit Card,Completed
O106002,2024-06-01,C5365,P1015,S220,South,Online,5,19492,0,UPI,Completed
O106003,2025-06-28,C6286,P1215,S247,North,Store,4,16425,203,Cash,Completed
O106004,2025-07-23,C6156,P1187,S206,South,Online,5,10875,305,Credit Card,Completed
O106005,2025-02-01,C5807,P1229,S205,South,Online,3,23069,0,Debit Card,Cancelled
O106006,2025-10-24,C6043,P1234,S248,West,Online,5,5302,0,Cash,Completed
O106007,2024-07-30,C5634,P1118,S212,West,Store,2,23140,0,UPI,Completed
O106008,2024-02-13,C6737,P1060,S236,West,Online,2,10490,346,Debit Card,Completed
O106009,2024-05-29,C5960,P1164,S216,East,Online,2,5775,288,Credit Card,Completed
O106010,2025-05-01,C5123,P1073,S200,West,Store,2,5249,0,Credit Card,Completed
O106011,2024-10-18,C6500,P1146,S226,North,Store,3,13303,0,Debit Card,Completed
O106012,2025-04-09,C5335,P1214,S224,East,Store,4,10921,0,UPI,Completed
O106013,2025-05-10,C5074,P1031,S237,North,Online,1,6951,396,Cash,Completed
O106014,2025-04-01,C5747,P1143,S223,West,Store,2,8850,0,Credit Card,Completed
O106015,2025-08-31,C5180,P1280,S246,North,Online,4,17740,0,Cash,Cancelled
O106016,2024-12-08,C6399,P1144,S243,South,Store,5,21604,0,Debit Card,Cancelled
O106017,2025-04-28,C5065,P1153,S220,South,Store,3,14011,0,Credit Card,Completed
O106018,2024-03-02,C6721,P1035,S237,North,Store,5,21802,0,Cash,Completed
O106019,2024-05-29,C5616,P1273,S227,North,Store,3,17610,0,UPI,Completed
O106020,2024-04-19,C5836,P1289,S203,East,Online,1,16378,486,Cash,Cancelled
O106021,2024-12-13,C5145,P1169,S229,South,Store,5,5160,288,Debit Card,Cancelled
O106022,2024-01-05,C5838,P1151,S221,North,Store,4,12508,0,Credit Card,Completed
O106023,2025-10-29,C6362,P1068,S243,South,Store,4,11524,0,Credit Card,Completed
O106024,2024-03-09,C5359,P1114,S220,South,Online,2,15114,0,UPI,Cancelled
O106025,2024-08-08,C6076,P1074,S205,South,Online,3,5321,0,UPI,Completed
O106026,2024-04-28,C5251,P1280,S244,East,Online,1,17740,0,UPI,Completed
O106027,2025-01-29,C5122,P1077,S225,South,Online,4,5894,0,Debit Card,Completed
O106028,2025-12-18,C6294,P1277,S212,West,Online,5,2790,0,Debit Card,Completed
O106029,2025-11-23,C6440,P1147,S246,North,Store,5,10106,0,Debit Card,Completed
O106030,2025-06-01,C5735,P1161,S221,North,Store,2,23914,0,Cash,Cancelled
O106031,2024-03-20,C5946,P1224,S238,East,Online,1,21622,0,UPI,Completed
O106032,2024-10-08,C5723,P1042,S222,East,Online,2,20007,132,Cash,Completed
O106033,2025-02-22,C6885,P1190,S214,West,Online,3,22649,0,UPI,Cancelled
O106034,2025-09-06,C5251,P1286,S235,North,Online,4,1267,0,Debit Card,Completed
O106035,2025-01-25,C5587,P1183,S242,North,Online,5,3139,0,Cash,Completed
O106036,2025-08-03,C5735,P1246,S219,North,Store,3,22713,0,Debit Card,Completed
O106037,2025-10-15,C5402,P1228,S204,North,Online,4,13342,298,Debit Card,Completed
O106038,2024-08-29,C5682,P1297,S216,East,Store,2,20307,0,Credit Card,Completed
O106039,2025-10-23,C6273,P1283,S206,South,Store,2,17954,0,Credit Card,Completed
O106040,2025-03-27,C5336,P1051,S210,North,Online,3,16446,295,UPI,Completed
O106041,2025-02-09,C5679,P1093,S246,North,Online,5,7635,138,Debit Card,Completed
O106042,2023-12-30,C5435,P1051,S241,South,Store,5,16446,0,Debit Card,Completed
O106043,2025-09-19,C5357,P1050,S249,East,Store,5,11986,0,Credit Card,Completed
O106044,2024-12-16,C5778,P1157,S249,East,Online,2,20469,0,Credit Card,Completed
O106045,2025-02-18,C5861,P1105,S233,North,Online,1,10648,0,Credit Card,Completed
O106046,2025-06-23,C5355,P1254,S243,South,Store,2,18521,0,Credit Card,Completed
O106047,2024-09-01,C6446,P1019,S239,West,Online,4,11005,0,UPI,Cancelled
O106048,2024-09-10,C6675,P1141,S226,North,Store,1,5607,0,Cash,Completed
O106049,2025-10-07,C5321,P1100,S244,East,Store,2,9778,0,Cash,Completed
O106050,2025-07-28,C6594,P1169,S249,East,Online,2,5160,0,Debit Card,Completed
O106051,2024-07-09,C6110,P1253,S203,East,Online,1,20605,0,Credit Card,Completed
O106052,2025-06-01,C6028,P1242,S230,East,Online,1,13862,0,UPI,Completed
O106053,2025-03-01,C5807,P1137,S216,East,Online,2,8938,0,Credit Card,Completed
O106054,2025-01-10,C5388,P1265,S213,North,Online,3,11992,0,UPI,Cancelled
O106055,2024-09-05,C5820,P1015,S239,West,Online,5,19492,0,Credit Card,Completed
O106056,2025-02-15,C5443,P1132,S236,West,Online,4,19210,0,UPI,Cancelled
O106057,2025-06-16,C5926,P1150,S211,West,Store,2,7422,0,Credit Card,Completed
O106058,2024-03-06,C6902,P1077,S225,South,Store,1,5894,0,Debit Card,Completed
O106059,2025-08-06,C5115,P1252,S210,North,Store,3,17202,0,Debit Card,Completed
O106060,2024-08-27,C5436,P1220,S228,South,Store,5,15484,0,Cash,Cancelled
O106061,2025-11-03,C5637,P1248,S206,South,Store,5,13480,399,Cash,Completed
O106062,2024-11-20,C5028,P1042,S242,North,Store,4,20007,341,UPI,Completed
O106063,2024-12-03,C6407,P1265,S202,East,Online,5,11992,0,UPI,Completed
O106064,2025-10-27,C5246,P1149,S205,South,Online,2,12341,0,Credit Card,Completed
O106065,2025-03-22,C5131,P1015,S235,North,Store,1,19492,339,Debit Card,Cancelled
O106066,2024-08-09,C5540,P1036,S222,East,Store,1,11836,0,Credit Card,Completed
O106067,2024-06-24,C5410,P1242,S216,East,Online,3,13862,0,Credit Card,Completed
O106068,2024-09-17,C6235,P1240,S246,North,Store,2,9126,0,Debit Card,Completed
O106069,2024-04-14,C6999,P1223,S228,South,Online,1,4729,0,Debit Card,Completed
O106070,2025-09-30,C5030,P1182,S224,East,Online,2,18616,0,UPI,Completed
O106071,2025-05-24,C6819,P1234,S244,East,Online,2,5302,313,Debit Card,Completed
O106072,2024-06-03,C6696,P1112,S233,North,Online,5,14915,0,Debit Card,Completed
O106073,2024-07-15,C5304,P1062,S221,North,Store,4,17006,0,Cash,Completed
O106074,2025-01-22,C5302,P1091,S201,South,Store,3,12784,0,UPI,Cancelled
O106075,2024-07-12,C6120,P1074,S233,North,Store,1,5321,0,Credit Card,Completed
O106076,2024-08-12,C5022,P1198,S207,North,Online,1,834,0,Debit Card,Completed
O106077,2025-03-18,C6118,P1235,S236,West,Online,3,21005,0,Cash,Completed
O106078,2024-01-10,C5084,P1217,S245,East,Store,1,9870,0,Debit Card,Completed
O106079,2025-01-04,C5434,P1282,S243,South,Online,4,19507,0,Debit Card,Completed
O106080,2025-07-18,C6883,P1011,S240,North,Store,2,6770,0,Debit Card,Completed
O106081,2024-12-23,C5534,P1275,S222,East,Store,3,22022,0,Cash,Completed
O106082,2024-06-08,C6449,P1093,S234,East,Store,2,7635,101,UPI,Completed
O106083,2024-02-09,C6970,P1175,S226,North,Store,5,20666,0,Debit Card,Cancelled
O106084,2025-09-16,C6766,P1093,S223,West,Store,4,7635,0,Credit Card,Completed
O106085,2025-02-18,C6201,P1046,S217,West,Online,4,11020,310,Credit Card,Cancelled
O106086,2025-09-14,C6790,P1096,S210,North,Store,1,16951,0,UPI,Completed
O106087,2024-03-27,C5571,P1041,S249,East,Online,4,15445,0,Cash,Completed
O106088,2025-09-17,C6447,P1064,S238,East,Online,1,13395,0,Debit Card,Cancelled
O106089,2024-04-02,C5936,P1018,S245,East,Store,3,14106,0,UPI,Completed
O106090,2025-04-20,C5762,P1253,S207,North,Store,4,20605,0,Credit Card,Completed
O106091,2025-07-07,C5057,P1197,S233,North,Store,3,16495,261,Debit Card,Completed
O106092,2024-12-10,C6331,P1263,S207,North,Online,3,7564,307,Debit Card,Completed
O106093,2025-12-03,C6378,P1277,S246,North,Store,3,2790,0,Credit Card,Completed
O106094,2025-06-04,C5291,P1237,S207,North,Store,3,21100,0,Credit Card,Cancelled
O106095,2025-01-24,C6863,P1167,S248,West,Store,5,14354,77,Credit Card,Completed
O106096,2024-09-21,C6914,P1140,S220,South,Online,1,18510,0,Debit Card,Completed
O106097,2024-02-24,C6527,P1170,S215,East,Online,4,13196,0,UPI,Cancelled
O106098,2025-06-10,C5318,P1085,S248,West,Online,2,5647,0,Cash,Completed
O106099,2025-03-15,C6245,P1045,S201,South,Store,5,18465,454,UPI,Completed
O106100,2024-03-28,C5001,P1276,S233,North,Store,3,17692,0,Debit Card,Completed
O106101,2025-07-24,C5052,P1189,S215,East,Store,3,23820,0,Debit Card,Cancelled
O106102,2025-05-30,C6900,P1070,S218,North,Store,4,3836,0,Credit Card,Completed
O106103,2025-11-14,C6924,P1034,S230,East,Store,2,9778,0,Debit Card,Completed
O106104,2024-10-29,C6535,P1210,S231,North,Store,4,6616,0,Debit Card,Cancelled
O106105,2024-09-02,C5832,P1033,S204,North,Store,1,16111,0,UPI,Cancelled
O106106,2025-03-03,C6541,P1071,S221,North,Store,2,5086,0,UPI,Cancelled
O106107,2025-01-14,C6588,P1069,S233,North,Online,5,10947,399,Debit Card,Completed
O106108,2024-10-12,C5618,P1094,S226,North,Store,4,3783,210,UPI,Cancelled
O106109,2025-08-12,C5010,P1204,S230,East,Online,1,3675,0,Credit Card,Completed
O106110,2025-08-27,C5062,P1171,S202,East,Store,1,20278,0,Debit Card,Cancelled
O106111,2024-04-16,C6288,P1198,S225,South,Online,3,834,60,Cash,Completed
O106112,2025-12-08,C6102,P1204,S224,East,Online,5,3675,0,Credit Card,Completed
O106113,2024-06-18,C6406,P1169,S200,West,Store,1,5160,0,UPI,Completed
O106114,2025-12-24,C5284,P1148,S211,West,Online,4,10231,0,UPI,Completed
O106115,2024-06-05,C6122,P1062,S223,West,Online,5,17006,0,UPI,Completed
O106116,2024-09-03,C6161,P1125,S235,North,Online,3,8150,0,Debit Card,Completed
O106117,2025-01-02,C6416,P1114,S238,East,Online,3,15114,0,Cash,Completed
O106118,2025-08-29,C6675,P1252,S244,East,Store,2,17202,0,UPI,Completed
O106119,2024-07-25,C5766,P1199,S232,North,Online,4,17589,0,Cash,Cancelled
O106120,2024-04-20,C5416,P1108,S221,North,Online,1,14233,250,UPI,Completed
O106121,2024-07-19,C5947,P1115,S237,North,Store,4,20308,286,Debit Card,Cancelled
O106122,2025-08-12,C6374,P1195,S228,South,Store,2,2809,0,UPI,Completed
O106123,2025-07-03,C5086,P1045,S249,East,Online,3,18465,490,UPI,Cancelled
O106124,2025-02-12,C6919,P1135,S231,North,Online,3,18707,0,UPI,Completed
O106125,2025-03-27,C5944,P1183,S211,West,Store,5,3139,225,Credit Card,Completed
O106126,2024-01-22,C5934,P1144,S211,West,Store,1,21604,328,Debit Card,Completed
O106127,2025-07-31,C6227,P1298,S247,North,Store,3,14176,0,UPI,Cancelled
O106128,2025-04-07,C6275,P1016,S210,North,Store,5,11602,418,UPI,Completed
O106129,2024-03-15,C5740,P1114,S200,West,Online,3,15114,490,Debit Card,Completed
O106130,2024-06-10,C6424,P1030,S210,North,Online,4,11890,0,UPI,Completed
O106131,2024-04-16,C5343,P1232,S237,North,Online,2,4324,0,Cash,Cancelled
O106132,2025-03-12,C5309,P1202,S214,West,Online,4,15754,251,UPI,Completed
O106133,2025-01-18,C6410,P1032,S222,East,Online,4,2864,0,UPI,Completed
O106134,2024-04-11,C6624,P1049,S222,East,Store,4,4384,0,Debit Card,Completed
O106135,2024-02-13,C6188,P1129,S206,South,Store,3,5589,415,Credit Card,Completed
O106136,2025-12-23,C5294,P1037,S233,North,Online,4,17516,0,UPI,Completed
O106137,2025-07-14,C5222,P1149,S209,West,Online,5,12341,0,Credit Card,Completed
O106138,2025-12-04,C6700,P1092,S208,East,Online,3,9784,0,Debit Card,Completed
O106139,2024-11-08,C5259,P1103,S204,North,Online,3,19689,183,Debit Card,Cancelled
O106140,2024-11-25,C5613,P1227,S230,East,Online,5,5382,0,Credit Card,Completed
O106141,2024-08-03,C6830,P1027,S240,North,Online,4,5053,0,UPI,Completed
O106142,2024-08-27,C5344,P1032,S215,East,Online,1,2864,0,Cash,Completed
O106143,2025-06-20,C6807,P1142,S217,West,Online,3,11011,0,UPI,Cancelled
O106144,2025-08-06,C5194,P1092,S237,North,Online,5,9784,0,Credit Card,Cancelled
O106145,2025-02-12,C6804,P1221,S239,West,Store,2,17898,0,Cash,Completed
O106146,2024-10-29,C6455,P1086,S222,East,Store,5,9673,0,UPI,Completed
O106147,2024-03-22,C5095,P1202,S220,South,Store,4,15754,0,Credit Card,Cancelled
O106148,2024-02-24,C5946,P1126,S227,North,Online,2,13666,0,Cash,Completed
O106149,2024-10-28,C5615,P1183,S243,South,Store,3,3139,0,UPI,Completed
O106150,2025-03-24,C6394,P1171,S212,West,Online,5,20278,457,UPI,Completed
O106151,2025-08-16,C5508,P1073,S242,North,Online,2,5249,0,Debit Card,Completed
O106152,2024-12-02,C6018,P1142,S208,East,Store,2,11011,0,Debit Card,Cancelled
O106153,2025-02-04,C6615,P1205,S211,West,Store,4,3522,0,UPI,Completed
O106154,2024-01-28,C6077,P1232,S247,North,Store,1,4324,0,Cash,Completed
O106155,2025-01-31,C5916,P1226,S236,West,Online,4,19224,0,UPI,Cancelled
O106156,2025-11-13,C6673,P1020,S236,West,Online,5,10169,0,Debit Card,Completed
O106157,2024-11-15,C6131,P1144,S207,North,Store,2,21604,167,Cash,Completed
O106158,2024-11-17,C6247,P1180,S223,West,Store,3,6796,0,Credit Card,Completed
O106159,2024-08-03,C5512,P1023,S211,West,Store,5,11148,0,UPI,Completed
O106160,2025-08-18,C5812,P1080,S229,South,Store,2,5303,0,UPI,Cancelled
O106161,2024-10-07,C5345,P1062,S246,North,Online,4,17006,0,Cash,Completed
O106162,2024-03-29,C5582,P1049,S222,East,Store,3,4384,0,Credit Card,Completed
O106163,2025-06-16,C5556,P1113,S200,West,Online,4,2267,0,Credit Card,Completed
O106164,2024-08-26,C5080,P1197,S236,West,Store,2,16495,132,UPI,Completed
O106165,2025-08-14,C5457,P1024,S206,South,Online,3,15591,0,UPI,Completed
O106166,2024-07-03,C5567,P1157,S209,West,Store,2,20469,0,UPI,Cancelled
O106167,2025-09-03,C6976,P1286,S228,South,Store,5,1267,104,Cash,Completed
O106168,2025-07-01,C6915,P1127,S239,West,Online,5,11658,0,Debit Card,Completed
O106169,2025-07-28,C5616,P1093,S234,East,Store,2,7635,493,Cash,Completed
O106170,2025-05-21,C5036,P1111,S248,West,Store,1,6965,0,Cash,Completed
O106171,2024-09-12,C5828,P1169,S226,North,Online,4,5160,0,Cash,Cancelled
O106172,2025-03-28,C6348,P1156,S208,East,Store,5,14997,0,Cash,Completed
O106173,2025-06-08,C5168,P1053,S249,East,Online,1,3129,0,Cash,Completed
O106174,2024-08-11,C6950,P1212,S238,East,Online,2,21743,0,Debit Card,Completed
O106175,2025-10-05,C5294,P1263,S216,East,Store,4,7564,109,Cash,Completed
O106176,2024-05-31,C6104,P1258,S224,East,Online,2,21780,0,UPI,Completed
O106177,2025-10-29,C6138,P1158,S215,East,Online,4,18699,0,UPI,Completed
O106178,2025-08-29,C6428,P1194,S208,East,Store,3,10696,0,Cash,Completed
O106179,2025-04-05,C5311,P1126,S206,South,Store,2,13666,0,Cash,Completed
O106180,2025-01-15,C5188,P1090,S219,North,Store,3,6496,0,UPI,Cancelled
O106181,2025-10-23,C6725,P1108,S221,North,Online,4,14233,0,Credit Card,Cancelled
O106182,2024-09-11,C5226,P1075,S202,East,Store,5,19286,0,UPI,Completed
O106183,2025-01-28,C5438,P1008,S220,South,Online,4,11489,0,Debit Card,Completed
O106184,2025-09-11,C6682,P1161,S242,North,Store,3,23914,0,Credit Card,Completed
O106185,2025-07-29,C6915,P1260,S207,North,Online,1,1933,0,Cash,Cancelled
O106186,2024-11-24,C5425,P1117,S215,East,Online,5,10710,0,Cash,Completed
O106187,2024-03-17,C6006,P1100,S236,West,Online,2,9778,0,Credit Card,Completed
O106188,2024-03-10,C6453,P1012,S235,North,Online,2,20263,0,UPI,Completed
O106189,2024-12-21,C5638,P1144,S206,South,Online,5,21604,0,Cash,Completed
O106190,2024-02-17,C6124,P1247,S223,West,Online,1,15686,0,Cash,Completed
O106191,2025-01-12,C5062,P1242,S212,West,Online,4,13862,0,Credit Card,Completed
O106192,2025-03-27,C5939,P1178,S227,North,Online,4,8635,277,Credit Card,Completed
O106193,2025-01-03,C6622,P1182,S203,East,Online,5,18616,0,UPI,Completed
O106194,2024-05-17,C5270,P1085,S215,East,Store,3,5647,0,Debit Card,Completed
O106195,2025-10-02,C6837,P1198,S244,East,Online,4,834,0,Debit Card,Completed
O106196,2024-08-04,C5014,P1029,S231,North,Online,5,21239,324,UPI,Completed
O106197,2024-01-12,C6219,P1035,S242,North,Store,1,21802,0,UPI,Completed
O106198,2024-02-11,C5146,P1181,S208,East,Store,1,4623,0,Cash,Completed
O106199,2025-10-12,C5329,P1096,S229,South,Online,5,16951,0,Debit Card,Completed
O106200,2024-06-16,C6792,P1050,S208,East,Store,1,11986,0,Debit Card,Cancelled
O106201,2024-01-06,C5031,P1051,S216,East,Online,3,16446,237,Debit Card,Completed
O106202,2024-09-18,C6415,P1139,S225,South,Store,2,21395,444,Debit Card,Completed
O106203,2025-10-16,C6998,P1278,S207,North,Store,1,19013,103,UPI,Completed
O106204,2024-10-31,C5783,P1000,S223,West,Store,1,5850,0,Credit Card,Completed
O106205,2025-03-12,C6918,P1214,S210,North,Store,2,10921,131,Debit Card,Completed
O106206,2024-11-20,C6478,P1101,S212,West,Online,3,17061,0,Cash,Completed
O106207,2025-08-09,C5322,P1047,S235,North,Online,3,6278,285,Debit Card,Completed
O106208,2025-02-18,C5476,P1115,S235,North,Online,3,20308,311,Cash,Completed
O106209,2024-11-15,C5975,P1200,S214,West,Online,2,2422,0,UPI,Completed
O106210,2024-09-29,C6513,P1078,S210,North,Online,5,23389,0,Debit Card,Cancelled
O106211,2025-09-27,C6494,P1056,S241,South,Store,4,17229,0,Cash,Completed
O106212,2025-07-20,C5268,P1245,S217,West,Store,5,3373,0,UPI,Cancelled
O106213,2025-10-21,C6765,P1145,S242,North,Store,2,13495,0,Cash,Completed
O106214,2024-06-07,C6869,P1243,S216,East,Store,3,21225,0,Credit Card,Completed
O106215,2024-02-05,C6682,P1052,S246,North,Store,3,13741,0,UPI,Completed
O106216,2025-08-29,C5304,P1013,S243,South,Store,2,18762,0,Credit Card,Cancelled
O106217,2025-05-01,C6647,P1273,S237,North,Store,1,17610,0,UPI,Cancelled
O106218,2025-11-06,C5648,P1248,S214,West,Store,3,13480,457,Credit Card,Completed
O106219,2024-05-02,C6928,P1257,S239,West,Online,4,18316,0,Credit Card,Cancelled
O106220,2025-11-03,C5696,P1198,S226,North,Store,2,834,0,Cash,Completed
O106221,2024-08-12,C5206,P1294,S227,North,Online,5,16364,136,Credit Card,Completed
O106222,2024-08-06,C5137,P1158,S213,North,Store,2,18699,0,UPI,Completed
O106223,2024-09-15,C6515,P1038,S244,East,Online,2,22462,0,Debit Card,Completed
O106224,2025-07-06,C6291,P1233,S201,South,Store,4,12833,0,Credit Card,Completed
O106225,2025-03-07,C6252,P1146,S200,West,Online,4,13303,91,Credit Card,Completed
O106226,2025-07-23,C5347,P1160,S226,North,Store,3,17020,0,Debit Card,Completed
O106227,2024-08-13,C6102,P1268,S240,North,Store,5,5770,0,Debit Card,Completed
O106228,2025-05-19,C5030,P1117,S237,North,Store,5,10710,480,Credit Card,Completed
O106229,2025-09-19,C5345,P1172,S236,West,Online,1,15856,0,UPI,Completed
O106230,2024-03-22,C5060,P1029,S215,East,Store,4,21239,0,Credit Card,Completed
O106231,2025-01-07,C6133,P1072,S245,East,Store,2,11213,0,Debit Card,Completed
O106232,2024-01-04,C6152,P1296,S226,North,Store,3,10596,0,UPI,Cancelled
O106233,2024-01-03,C6691,P1232,S229,South,Online,5,4324,0,UPI,Completed
O106234,2023-12-31,C6506,P1052,S227,North,Online,4,13741,0,Cash,Completed
O106235,2024-07-10,C5962,P1063,S239,West,Store,4,17739,0,Credit Card,Completed
O106236,2024-04-28,C5545,P1086,S208,East,Store,5,9673,0,Debit Card,Completed
O106237,2025-04-14,C5146,P1048,S201,South,Online,4,16836,0,UPI,Cancelled
O106238,2024-09-11,C6160,P1129,S200,West,Online,4,5589,227,Credit Card,Completed
O106239,2025-01-26,C6323,P1010,S234,East,Online,5,8826,416,Debit Card,Cancelled
O106240,2025-03-08,C6108,P1010,S229,South,Online,3,8826,237,Credit Card,Completed
O106241,2024-11-26,C5465,P1279,S219,North,Store,2,5899,330,UPI,Completed
O106242,2024-12-07,C6751,P1039,S217,West,Store,5,3162,0,Cash,Completed
O106243,2025-11-17,C6498,P1163,S236,West,Store,5,11924,0,UPI,Completed
O106244,2024-07-19,C6960,P1170,S205,South,Online,4,13196,0,Credit Card,Completed
O106245,2024-06-28,C6870,P1184,S215,East,Online,2,23546,0,Credit Card,Completed
O106246,2024-05-04,C5870,P1013,S207,North,Store,2,18762,0,UPI,Completed
O106247,2025-04-11,C5315,P1255,S229,South,Online,1,14851,0,UPI,Completed
O106248,2025-06-30,C6472,P1060,S228,South,Store,4,10490,0,Cash,Completed
O106249,2024-06-24,C6754,P1237,S240,North,Online,5,21100,395,Credit Card,Cancelled
O106250,2025-06-01,C5112,P1248,S210,North,Online,4,13480,0,Cash,Completed
O106251,2025-09-26,C6465,P1062,S240,North,Online,4,17006,0,Credit Card,Cancelled
O106252,2024-10-18,C6883,P1007,S209,West,Store,4,15969,0,Cash,Completed
O106253,2024-12-17,C6736,P1173,S215,East,Store,1,7396,0,Cash,Cancelled
O106254,2025-02-15,C5315,P1115,S222,East,Online,5,20308,0,Debit Card,Completed
O106255,2024-07-23,C6544,P1084,S207,North,Store,4,18967,0,Debit Card,Completed
O106256,2024-07-28,C5351,P1283,S205,South,Online,2,17954,0,Debit Card,Completed
O106257,2025-10-16,C5608,P1086,S237,North,Online,3,9673,394,Cash,Cancelled
O106258,2024-05-14,C6506,P1282,S246,North,Online,4,19507,388,Cash,Completed
O106259,2025-05-08,C5093,P1021,S249,East,Online,4,11470,274,Debit Card,Completed
O106260,2025-12-02,C6611,P1158,S248,West,Store,2,18699,57,Debit Card,Cancelled
O106261,2024-09-27,C5662,P1050,S227,North,Store,3,11986,459,Debit Card,Cancelled
O106262,2024-05-20,C6263,P1286,S244,East,Store,4,1267,0,Cash,Completed
O106263,2025-12-20,C6522,P1241,S222,East,Online,4,19467,0,Credit Card,Completed
O106264,2025-12-23,C5658,P1258,S214,West,Store,1,21780,441,Credit Card,Completed
O106265,2025-05-01,C5666,P1108,S212,West,Online,3,14233,260,UPI,Completed
O106266,2025-10-31,C5715,P1091,S215,East,Online,2,12784,129,Cash,Completed
O106267,2025-03-06,C6551,P1225,S234,East,Online,1,14610,0,UPI,Completed
O106268,2024-06-07,C6852,P1006,S221,North,Online,1,17945,0,Credit Card,Completed
O106269,2024-10-31,C6523,P1117,S224,East,Online,1,10710,0,Debit Card,Cancelled
O106270,2025-03-05,C6722,P1027,S210,North,Store,2,5053,0,Cash,Completed
O106271,2025-08-10,C5196,P1151,S242,North,Store,4,12508,0,Cash,Completed
O106272,2025-06-05,C5435,P1068,S205,South,Store,2,11524,0,Cash,Completed
O106273,2024-03-09,C6523,P1212,S238,East,Store,5,21743,298,Cash,Completed
O106274,2024-04-04,C6114,P1097,S232,North,Store,2,8915,0,Cash,Completed
O106275,2024-09-02,C6505,P1116,S217,West,Store,4,5919,0,Cash,Cancelled
O106276,2024-12-24,C5331,P1216,S248,West,Store,4,19992,0,Debit Card,Completed
O106277,2024-05-14,C5346,P1221,S215,East,Online,1,17898,406,Debit Card,Completed
O106278,2025-07-01,C6076,P1169,S230,East,Store,2,5160,0,UPI,Cancelled
O106279,2025-07-02,C5951,P1261,S200,West,Online,2,22756,378,Cash,Completed
O106280,2025-10-29,C6879,P1135,S248,West,Online,4,18707,0,UPI,Completed
O106281,2024-03-12,C6134,P1056,S212,West,Store,3,17229,0,Debit Card,Completed
O106282,2025-10-10,C6500,P1174,S205,South,Online,5,21347,400,Cash,Completed
O106283,2025-02-02,C5248,P1219,S237,North,Online,2,11028,0,Cash,Cancelled
O106284,2024-02-27,C5375,P1044,S208,East,Online,4,11357,0,Cash,Completed
O106285,2024-08-20,C6707,P1247,S211,West,Online,2,15686,147,Credit Card,Cancelled
O106286,2025-04-10,C6956,P1264,S206,South,Online,5,5155,0,Credit Card,Completed
O106287,2025-05-12,C6617,P1177,S220,South,Store,4,4568,462,Credit Card,Completed
O106288,2024-03-21,C5730,P1160,S236,West,Store,2,17020,314,Cash,Completed
O106289,2024-08-27,C5424,P1096,S227,North,Store,3,16951,458,UPI,Cancelled
O106290,2025-05-17,C6442,P1168,S232,North,Online,4,11993,0,UPI,Completed
O106291,2025-08-12,C6463,P1272,S224,East,Store,3,21727,0,Cash,Completed
O106292,2024-01-31,C6707,P1101,S210,North,Store,4,17061,0,UPI,Completed
O106293,2025-06-12,C5986,P1033,S229,South,Online,5,16111,0,UPI,Completed
O106294,2024-07-05,C6648,P1101,S206,South,Online,3,17061,0,Credit Card,Completed
O106295,2024-04-26,C6273,P1013,S201,South,Online,4,18762,0,Cash,Completed
O106296,2024-09-15,C5508,P1026,S222,East,Store,5,5942,0,Debit Card,Cancelled
O106297,2025-05-14,C6028,P1262,S229,South,Store,2,11478,269,UPI,Completed
O106298,2024-08-23,C5960,P1133,S213,North,Store,2,14458,107,Cash,Completed
O106299,2024-04-28,C5926,P1193,S204,North,Online,4,18061,0,Cash,Completed
O106300,2024-03-28,C5700,P1229,S221,North,Online,4,23069,474,UPI,Cancelled
O106301,2025-06-11,C6282,P1019,S230,East,Store,2,11005,0,Cash,Completed
O106302,2025-09-24,C6351,P1112,S209,West,Store,5,14915,489,Cash,Completed
O106303,2025-07-18,C5676,P1250,S215,East,Online,5,4746,0,Credit Card,Completed
O106304,2024-04-29,C6224,P1147,S216,East,Online,3,10106,0,Credit Card,Completed
O106305,2025-05-07,C6013,P1270,S233,North,Online,3,19833,0,Debit Card,Completed
O106306,2024-06-22,C6437,P1246,S238,East,Online,1,22713,0,UPI,Completed
O106307,2025-04-24,C5984,P1155,S221,North,Online,2,15032,0,Credit Card,Cancelled
O106308,2025-01-28,C5320,P1071,S248,West,Online,5,5086,408,Debit Card,Cancelled
O106309,2025-12-04,C6741,P1018,S224,East,Online,3,14106,489,Cash,Completed
O106310,2025-10-19,C5395,P1075,S207,North,Online,3,19286,0,UPI,Completed
O106311,2024-02-26,C5621,P1290,S231,North,Online,2,5987,0,Cash,Cancelled
O106312,2024-05-28,C5084,P1182,S204,North,Store,2,18616,0,Credit Card,Completed
O106313,2025-03-18,C6907,P1181,S216,East,Store,2,4623,0,UPI,Completed
O106314,2024-12-03,C6912,P1223,S234,East,Store,5,4729,0,UPI,Completed
O106315,2025-07-31,C6185,P1071,S235,North,Store,5,5086,0,Debit Card,Completed
O106316,2025-02-14,C6177,P1194,S244,East,Online,4,10696,0,Debit Card,Completed
O106317,2024-12-18,C5815,P1055,S210,North,Store,3,21841,0,Debit Card,Completed
O106318,2025-05-01,C5619,P1097,S249,East,Store,1,8915,0,Cash,Completed
O106319,2025-06-23,C6374,P1160,S211,West,Store,2,17020,259,Debit Card,Completed
O106320,2024-11-27,C5816,P1139,S221,North,Online,5,21395,0,Cash,Completed
O106321,2024-03-28,C6376,P1057,S226,North,Online,4,12244,0,Debit Card,Completed
O106322,2024-11-15,C6736,P1077,S236,West,Online,2,5894,0,Credit Card,Cancelled
O106323,2025-11-28,C6703,P1208,S225,South,Store,2,11265,0,Debit Card,Completed
O106324,2024-07-14,C6881,P1168,S203,East,Online,1,11993,0,Credit Card,Completed
O106325,2025-07-28,C6218,P1113,S243,South,Store,2,2267,0,Debit Card,Completed
O106326,2024-02-13,C6660,P1133,S228,South,Online,1,14458,0,Debit Card,Cancelled
O106327,2024-08-24,C6874,P1133,S225,South,Online,2,14458,0,Cash,Completed
O106328,2025-08-24,C5250,P1215,S222,East,Online,5,16425,405,Cash,Completed
O106329,2025-02-12,C5729,P1242,S218,North,Online,3,13862,0,Credit Card,Completed
O106330,2024-10-24,C5782,P1122,S222,East,Online,1,4929,0,Cash,Completed
O106331,2024-03-09,C5983,P1114,S222,East,Online,5,15114,0,UPI,Completed
O106332,2025-04-19,C5916,P1172,S247,North,Store,1,15856,97,Debit Card,Completed
O106333,2025-01-22,C5552,P1279,S221,North,Online,5,5899,0,Credit Card,Completed
O106334,2025-06-24,C5691,P1109,S247,North,Store,2,5046,0,Debit Card,Completed
O106335,2024-04-21,C6296,P1290,S231,North,Store,2,5987,0,UPI,Completed
O106336,2025-07-18,C5051,P1258,S212,West,Store,4,21780,0,UPI,Cancelled
O106337,2025-02-16,C5067,P1003,S227,North,Online,3,1494,0,Debit Card,Cancelled
O106338,2025-08-03,C6022,P1228,S229,South,Store,4,13342,0,Debit Card,Cancelled
O106339,2024-10-23,C5912,P1128,S245,East,Store,5,10078,0,Debit Card,Completed
O106340,2025-01-02,C6322,P1189,S201,South,Online,3,23820,0,UPI,Completed
O106341,2024-01-28,C6335,P1048,S221,North,Store,5,16836,0,Debit Card,Cancelled
O106342,2024-02-08,C5234,P1159,S210,North,Online,2,18152,0,Cash,Completed
O106343,2024-01-14,C6165,P1036,S227,North,Store,3,11836,0,Cash,Cancelled
O106344,2025-01-29,C5394,P1024,S237,North,Store,5,15591,0,UPI,Completed
O106345,2024-11-10,C5837,P1218,S220,South,Store,5,15354,0,UPI,Completed
O106346,2024-02-11,C6434,P1241,S206,South,Online,2,19467,0,Cash,Completed
O106347,2025-10-19,C6053,P1166,S203,East,Store,4,1640,0,Debit Card,Cancelled
O106348,2024-07-24,C6595,P1181,S233,North,Store,5,4623,0,Credit Card,Completed
O106349,2025-05-30,C5390,P1152,S241,South,Online,5,11737,0,Debit Card,Completed
O106350,2024-09-26,C6247,P1142,S211,West,Store,2,11011,0,Credit Card,Completed
O106351,2024-07-30,C6195,P1129,S233,North,Store,1,5589,0,UPI,Completed
O106352,2025-12-14,C5198,P1100,S222,East,Online,4,9778,0,Cash,Completed
O106353,2025-01-07,C5785,P1235,S247,North,Online,1,21005,0,Cash,Cancelled
O106354,2024-10-05,C6414,P1115,S224,East,Online,1,20308,0,Credit Card,Completed
O106355,2024-12-07,C5494,P1007,S223,West,Store,3,15969,363,UPI,Completed
O106356,2024-02-06,C5162,P1000,S224,East,Online,3,5850,154,Cash,Completed
O106357,2025-07-03,C6439,P1057,S249,East,Store,2,12244,0,Cash,Completed
O106358,2025-06-12,C6129,P1005,S209,West,Online,5,15987,0,Debit Card,Completed
O106359,2025-01-23,C5268,P1111,S223,West,Store,5,6965,172,UPI,Completed
O106360,2025-10-17,C5697,P1175,S209,West,Store,3,20666,0,Cash,Cancelled
O106361,2024-09-10,C6300,P1068,S228,South,Store,4,11524,0,Cash,Completed
O106362,2024-09-05,C6253,P1286,S228,South,Store,2,1267,0,Credit Card,Completed
O106363,2025-12-27,C6314,P1079,S236,West,Store,5,9159,0,UPI,Completed
O106364,2025-04-02,C5026,P1278,S207,North,Online,1,19013,0,Cash,Completed
O106365,2024-12-03,C5644,P1271,S202,East,Online,5,14975,0,Debit Card,Completed
O106366,2025-05-22,C5147,P1039,S243,South,Store,4,3162,0,Cash,Completed
O106367,2025-01-09,C5821,P1251,S243,South,Store,2,8279,0,Credit Card,Completed
O106368,2025-09-28,C6557,P1118,S216,East,Store,4,23140,120,Debit Card,Completed
O106369,2025-02-06,C5108,P1052,S247,North,Online,2,13741,0,UPI,Cancelled
O106370,2024-07-13,C6956,P1126,S217,West,Online,4,13666,235,Cash,Completed
O106371,2024-01-10,C5629,P1162,S211,West,Store,5,8893,0,Debit Card,Cancelled
O106372,2024-06-29,C5304,P1201,S228,South,Online,3,6002,0,Cash,Completed
O106373,2025-06-18,C5477,P1110,S243,South,Store,1,5745,0,UPI,Completed
O106374,2024-05-05,C6498,P1212,S222,East,Online,1,21743,318,Cash,Completed
O106375,2024-09-14,C6762,P1032,S228,South,Online,4,2864,0,Cash,Completed
O106376,2025-01-31,C6361,P1011,S228,South,Store,1,6770,0,UPI,Completed
O106377,2025-08-12,C5704,P1185,S243,South,Store,1,7628,0,Debit Card,Completed
O106378,2025-06-19,C6867,P1005,S208,East,Online,5,15987,172,UPI,Completed
O106379,2025-07-09,C6091,P1137,S204,North,Store,4,8938,0,Cash,Completed
O106380,2025-02-18,C6089,P1020,S240,North,Store,2,10169,0,UPI,Cancelled
O106381,2025-11-04,C5446,P1272,S226,North,Store,1,21727,0,Credit Card,Cancelled
O106382,2025-07-09,C6434,P1102,S215,East,Store,4,11805,0,Debit Card,Completed
O106383,2025-02-12,C6364,P1114,S227,North,Store,1,15114,0,Debit Card,Cancelled
O106384,2024-03-09,C6964,P1138,S214,West,Store,2,8919,0,Credit Card,Completed
O106385,2024-07-02,C5339,P1294,S246,North,Store,4,16364,0,Cash,Completed
O106386,2025-05-01,C5416,P1207,S237,North,Store,2,17879,144,Cash,Completed
O106387,2024-04-20,C6085,P1273,S234,East,Store,2,17610,70,Credit Card,Completed
O106388,2025-09-15,C5241,P1115,S246,North,Store,4,20308,0,UPI,Completed
O106389,2025-03-26,C5375,P1067,S242,North,Online,4,18554,0,Debit Card,Completed
O106390,2024-03-24,C5513,P1136,S219,North,Online,2,3271,0,Cash,Cancelled
O106391,2025-03-25,C6160,P1122,S205,South,Online,3,4929,0,UPI,Completed
O106392,2025-07-24,C6075,P1206,S230,East,Online,5,21502,0,Debit Card,Completed
O106393,2025-11-11,C6034,P1288,S234,East,Online,2,10267,0,Cash,Completed
O106394,2025-10-01,C5589,P1167,S224,East,Store,4,14354,0,Cash,Completed
O106395,2024-01-07,C5334,P1171,S228,South,Store,3,20278,0,Cash,Completed
O106396,2024-04-01,C6850,P1094,S221,North,Store,3,3783,0,UPI,Completed
O106397,2024-07-21,C6769,P1267,S201,South,Online,1,14604,0,Debit Card,Completed
O106398,2024-07-19,C6725,P1136,S228,South,Store,3,3271,0,Debit Card,Cancelled
O106399,2024-03-09,C6677,P1130,S211,West,Store,5,9394,0,Debit Card,Cancelled
O106400,2024-09-27,C6103,P1291,S211,West,Online,1,12542,264,Cash,Cancelled
O106401,2024-12-06,C5792,P1144,S201,South,Store,3,21604,0,Cash,Cancelled
O106402,2025-03-24,C5175,P1041,S238,East,Online,1,15445,0,Debit Card,Completed
O106403,2025-04-29,C6337,P1066,S223,West,Store,1,17713,0,Credit Card,Completed
O106404,2024-08-20,C6954,P1079,S243,South,Online,1,9159,111,Credit Card,Completed
O106405,2024-12-29,C5424,P1264,S201,South,Online,2,5155,0,UPI,Cancelled
O106406,2024-02-03,C6896,P1266,S230,East,Store,3,15728,0,Debit Card,Completed
O106407,2024-04-03,C5907,P1175,S219,North,Store,3,20666,485,Credit Card,Completed
O106408,2023-12-28,C6125,P1120,S248,West,Store,3,20523,72,Debit Card,Completed
O106409,2024-09-26,C6631,P1240,S201,South,Store,1,9126,0,Debit Card,Completed
O106410,2025-10-27,C6154,P1092,S248,West,Online,4,9784,0,Credit Card,Completed
O106411,2024-09-09,C5955,P1065,S244,East,Store,2,3007,0,UPI,Completed
O106412,2025-06-14,C5161,P1174,S232,North,Store,1,21347,0,Debit Card,Completed
O106413,2025-09-14,C6790,P1281,S238,East,Store,4,12731,0,Cash,Cancelled
O106414,2024-01-31,C6856,P1105,S219,North,Store,3,10648,296,UPI,Completed
O106415,2025-07-23,C5094,P1228,S240,North,Store,4,13342,0,Cash,Completed
O106416,2024-01-09,C5320,P1279,S230,East,Online,5,5899,0,UPI,Completed
O106417,2024-07-25,C5418,P1283,S226,North,Online,3,17954,0,Credit Card,Cancelled
O106418,2025-11-10,C5182,P1247,S216,East,Store,2,15686,372,Cash,Completed
O106419,2025-10-18,C5885,P1165,S221,North,Online,1,21855,0,Credit Card,Completed
O106420,2025-04-08,C6200,P1055,S220,South,Online,1,21841,0,UPI,Completed
O106421,2024-02-06,C5568,P1211,S241,South,Online,5,17552,311,Cash,Completed
O106422,2025-02-05,C5797,P1277,S219,North,Store,5,2790,0,Cash,Completed
O106423,2024-03-09,C6118,P1198,S246,North,Online,5,834,0,Debit Card,Completed
O106424,2025-07-11,C5806,P1062,S209,West,Online,4,17006,0,UPI,Cancelled
O106425,2025-10-09,C6892,P1055,S247,North,Store,5,21841,301,Debit Card,Completed
O106426,2024-07-06,C6035,P1018,S221,North,Store,2,14106,0,Credit Card,Completed
O106427,2025-03-03,C5809,P1155,S211,West,Store,4,15032,0,UPI,Completed
O106428,2025-10-09,C5806,P1035,S234,East,Online,1,21802,0,UPI,Completed
O106429,2025-09-02,C6465,P1134,S207,North,Online,2,8636,0,Credit Card,Cancelled
O106430,2025-12-10,C6495,P1123,S247,North,Store,4,15348,0,Debit Card,Cancelled
O106431,2024-04-07,C5338,P1175,S224,East,Store,1,20666,0,Credit Card,Completed
O106432,2024-08-21,C6175,P1262,S215,East,Online,2,11478,0,UPI,Cancelled
O106433,2025-09-05,C5011,P1118,S216,East,Online,3,23140,0,Cash,Completed
O106434,2025-11-02,C5791,P1026,S239,West,Online,3,5942,0,Debit Card,Completed
O106435,2024-02-17,C5943,P1193,S222,East,Online,5,18061,0,UPI,Cancelled
O106436,2024-02-03,C6083,P1088,S200,West,Online,5,21299,0,Debit Card,Completed
O106437,2025-11-30,C5803,P1140,S224,East,Store,4,18510,359,Cash,Cancelled
O106438,2023-12-28,C6460,P1086,S219,North,Online,5,9673,0,UPI,Completed
O106439,2025-11-19,C6859,P1292,S226,North,Store,5,23214,0,Cash,Cancelled
O106440,2025-09-07,C6841,P1192,S240,North,Store,3,20500,0,UPI,Cancelled
O106441,2024-05-29,C5739,P1253,S216,East,Online,5,20605,0,UPI,Completed
O106442,2024-08-22,C5654,P1027,S233,North,Store,2,5053,0,Credit Card,Cancelled
O106443,2024-01-15,C5028,P1061,S218,North,Online,5,22570,210,UPI,Cancelled
O106444,2025-05-11,C6192,P1248,S207,North,Online,4,13480,0,Cash,Completed
O106445,2024-08-01,C5802,P1239,S224,East,Online,3,20434,0,Debit Card,Completed
O106446,2025-12-21,C6810,P1023,S228,South,Online,4,11148,0,Debit Card,Completed
O106447,2024-10-08,C6548,P1075,S249,East,Online,3,19286,0,Cash,Cancelled
O106448,2024-05-31,C5447,P1172,S218,North,Online,4,15856,0,UPI,Completed
O106449,2024-07-26,C5302,P1230,S247,North,Online,5,12075,0,Debit Card,Completed
O106450,2024-12-12,C6956,P1260,S225,South,Store,5,1933,0,Debit Card,Completed
O106451,2025-11-01,C6169,P1011,S209,West,Online,2,6770,0,Credit Card,Cancelled
O106452,2025-01-16,C5725,P1027,S240,North,Store,5,5053,143,Cash,Completed
O106453,2025-05-07,C6292,P1277,S237,North,Online,3,2790,0,UPI,Completed
O106454,2024-10-16,C5841,P1021,S207,North,Store,1,11470,0,UPI,Completed
O106455,2024-09-28,C5063,P1295,S206,South,Store,2,3337,0,UPI,Completed
O106456,2024-01-12,C6739,P1139,S234,East,Online,1,21395,0,Debit Card,Completed
O106457,2024-03-15,C6212,P1171,S217,West,Store,5,20278,457,UPI,Completed
O106458,2024-05-07,C6493,P1213,S246,North,Store,5,14282,0,UPI,Completed
O106459,2024-10-08,C5738,P1124,S246,North,Online,4,18693,0,Debit Card,Completed
O106460,2024-09-07,C5751,P1144,S231,North,Online,4,21604,0,Cash,Completed
O106461,2025-12-23,C5261,P1108,S232,North,Store,2,14233,0,Credit Card,Completed
O106462,2025-02-03,C6759,P1027,S231,North,Online,3,5053,0,Cash,Cancelled
O106463,2024-03-28,C5177,P1266,S212,West,Online,4,15728,0,Credit Card,Completed
O106464,2025-02-24,C6262,P1252,S214,West,Online,5,17202,0,Cash,Completed
O106465,2024-11-10,C6964,P1225,S225,South,Store,2,14610,0,Credit Card,Completed
O106466,2025-05-29,C6765,P1241,S241,South,Store,3,19467,0,Debit Card,Cancelled
O106467,2024-01-10,C5783,P1029,S224,East,Online,2,21239,0,Debit Card,Cancelled
O106468,2025-01-05,C5888,P1031,S210,North,Store,5,6951,50,Credit Card,Completed
O106469,2025-06-02,C5710,P1222,S235,North,Online,4,15054,0,UPI,Completed
O106470,2025-08-29,C6973,P1096,S210,North,Online,2,16951,0,Debit Card,Cancelled
O106471,2025-07-13,C6395,P1110,S224,East,Store,3,5745,0,Credit Card,Completed
O106472,2025-08-11,C6616,P1037,S232,North,Online,4,17516,0,UPI,Completed
O106473,2025-05-06,C6898,P1105,S202,East,Store,4,10648,0,Cash,Completed
O106474,2024-09-25,C6717,P1125,S200,West,Store,2,8150,0,Cash,Cancelled
O106475,2025-08-20,C5395,P1012,S201,South,Store,3,20263,0,Debit Card,Completed
O106476,2025-11-29,C6971,P1288,S228,South,Store,5,10267,0,Debit Card,Completed
O106477,2024-03-08,C6370,P1183,S234,East,Online,1,3139,395,Credit Card,Completed
O106478,2025-04-10,C5761,P1182,S226,North,Online,1,18616,0,Debit Card,Completed
O106479,2024-12-08,C6837,P1223,S211,West,Store,1,4729,0,Cash,Completed
O106480,2024-03-21,C6303,P1194,S221,North,Store,4,10696,0,Cash,Completed
O106481,2023-12-29,C6322,P1179,S217,West,Store,5,19591,0,Cash,Completed
O106482,2024-09-29,C6217,P1298,S204,North,Store,4,14176,0,UPI,Completed
O106483,2025-10-16,C5638,P1040,S206,South,Store,3,4205,0,UPI,Completed
O106484,2024-01-01,C5294,P1106,S216,East,Online,1,16729,0,Cash,Completed
O106485,2025-10-06,C5985,P1248,S239,West,Store,4,13480,0,UPI,Cancelled
O106486,2025-08-05,C5087,P1239,S240,North,Store,3,20434,0,Debit Card,Cancelled
O106487,2025-03-03,C6886,P1152,S236,West,Store,3,11737,0,Debit Card,Cancelled
O106488,2025-05-25,C5140,P1258,S230,East,Online,2,21780,139,Cash,Completed
O106489,2024-06-23,C6329,P1237,S235,North,Online,1,21100,73,Debit Card,Completed
O106490,2025-01-18,C5935,P1164,S224,East,Online,3,5775,0,Debit Card,Completed
O106491,2024-06-04,C6392,P1298,S242,North,Online,5,14176,150,Debit Card,Completed
O106492,2025-11-24,C5576,P1128,S227,North,Online,5,10078,0,UPI,Cancelled
O106493,2024-10-07,C6383,P1285,S225,South,Online,5,20596,0,Credit Card,Cancelled
O106494,2025-08-29,C5442,P1228,S228,South,Online,4,13342,201,Cash,Completed
O106495,2025-10-12,C6178,P1170,S227,North,Store,2,13196,0,Cash,Completed
O106496,2025-01-25,C5225,P1106,S248,West,Online,4,16729,500,Credit Card,Completed
O106497,2025-11-19,C5327,P1182,S229,South,Online,3,18616,0,UPI,Completed
O106498,2025-06-18,C6456,P1272,S226,North,Store,3,21727,0,Credit Card,Completed
O106499,2025-02-21,C5635,P1178,S238,East,Store,3,8635,0,Debit Card,Completed
O106500,2024-09-08,C5162,P1084,S228,South,Store,3,18967,0,UPI,Completed
O106501,2025-02-25,C6269,P1165,S206,South,Online,3,21855,456,Cash,Cancelled
O106502,2024-01-18,C5059,P1263,S216,East,Store,5,7564,0,Debit Card,Completed
O106503,2025-07-04,C5036,P1100,S222,East,Online,1,9778,0,UPI,Completed
O106504,2025-09-08,C5855,P1088,S232,North,Online,4,21299,0,UPI,Completed
O106505,2024-09-14,C5332,P1139,S234,East,Store,4,21395,0,Credit Card,Completed
O106506,2023-12-30,C6801,P1147,S242,North,Store,1,10106,0,Cash,Completed
O106507,2024-10-19,C5276,P1268,S211,West,Store,2,5770,447,Debit Card,Completed
O106508,2025-09-02,C5569,P1185,S200,West,Store,2,7628,0,Cash,Completed
O106509,2024-08-01,C6919,P1198,S246,North,Online,2,834,0,Debit Card,Cancelled
O106510,2024-04-10,C6525,P1004,S211,West,Store,1,6831,0,Debit Card,Completed
O106511,2024-10-07,C6713,P1116,S204,North,Store,4,5919,0,Credit Card,Cancelled
O106512,2025-04-07,C5073,P1053,S245,East,Online,2,3129,0,UPI,Completed
O106513,2025-03-05,C5825,P1283,S238,East,Online,1,17954,0,Cash,Cancelled
O106514,2025-03-10,C6547,P1182,S249,East,Online,3,18616,170,Cash,Cancelled
O106515,2025-04-24,C6193,P1065,S232,North,Store,1,3007,100,Cash,Completed
O106516,2024-06-16,C5595,P1036,S246,North,Store,3,11836,0,Cash,Completed
O106517,2025-09-08,C6659,P1031,S239,West,Store,4,6951,0,Debit Card,Completed
O106518,2024-06-13,C5137,P1076,S215,East,Online,3,16951,0,Credit Card,Completed
O106519,2025-08-25,C6087,P1279,S235,North,Store,3,5899,0,Credit Card,Completed
O106520,2025-01-19,C5542,P1041,S202,East,Online,2,15445,0,UPI,Completed
O106521,2024-12-03,C6340,P1011,S236,West,Store,5,6770,113,Credit Card,Completed
O106522,2024-06-10,C5167,P1064,S246,North,Store,2,13395,0,Credit Card,Cancelled
O106523,2025-07-15,C5565,P1000,S240,North,Online,4,5850,0,UPI,Cancelled
O106524,2025-08-27,C5093,P1095,S243,South,Store,1,13952,350,Cash,Completed
O106525,2024-01-20,C5615,P1168,S207,North,Store,4,11993,0,Credit Card,Cancelled
O106526,2024-03-05,C6401,P1101,S234,East,Store,4,17061,0,Credit Card,Completed
O106527,2025-09-07,C5844,P1092,S233,North,Store,2,9784,0,Cash,Completed
O106528,2024-10-17,C5865,P1043,S225,South,Store,3,10110,92,UPI,Completed
O106529,2025-04-04,C6300,P1178,S239,West,Store,2,8635,0,UPI,Completed
O106530,2024-05-16,C6526,P1075,S225,South,Online,3,19286,0,Debit Card,Cancelled
O106531,2025-08-19,C6164,P1297,S238,East,Store,3,20307,0,Debit Card,Completed
O106532,2025-12-19,C6662,P1259,S211,West,Store,2,13997,0,Credit Card,Completed
O106533,2025-08-02,C6508,P1103,S237,North,Store,5,19689,0,Debit Card,Completed
O106534,2024-08-24,C5284,P1279,S232,North,Store,4,5899,240,UPI,Completed
O106535,2024-04-19,C5941,P1206,S238,East,Store,2,21502,0,UPI,Cancelled
O106536,2024-09-16,C5535,P1189,S203,East,Online,3,23820,0,Debit Card,Completed
O106537,2025-08-29,C6623,P1116,S247,North,Online,2,5919,0,Debit Card,Completed
O106538,2024-08-17,C6291,P1143,S204,North,Store,1,8850,0,Cash,Completed
O106539,2025-07-23,C6856,P1122,S226,North,Online,3,4929,211,Cash,Completed
O106540,2024-05-18,C6616,P1223,S226,North,Online,3,4729,0,Credit Card,Cancelled
O106541,2024-02-11,C5477,P1123,S202,East,Online,3,15348,0,UPI,Completed
O106542,2025-12-19,C5542,P1109,S212,West,Online,1,5046,87,Cash,Completed
O106543,2025-02-18,C5760,P1145,S232,North,Online,2,13495,0,Debit Card,Completed
O106544,2025-07-30,C5052,P1102,S214,West,Online,2,11805,0,Debit Card,Cancelled
O106545,2025-11-21,C6336,P1082,S247,North,Store,5,8487,0,Cash,Completed
O106546,2024-03-10,C6909,P1137,S201,South,Online,1,8938,0,UPI,Completed
O106547,2024-01-06,C5837,P1275,S206,South,Store,1,22022,0,Credit Card,Completed
O106548,2024-04-06,C6081,P1027,S240,North,Store,2,5053,0,Debit Card,Cancelled
O106549,2023-12-29,C6615,P1165,S216,East,Online,3,21855,0,Credit Card,Completed
O106550,2025-09-13,C5083,P1015,S227,North,Online,4,19492,0,Credit Card,Completed
O106551,2025-12-21,C5162,P1258,S243,South,Online,1,21780,0,Credit Card,Completed
O106552,2025-02-08,C5924,P1010,S245,East,Online,1,8826,0,Cash,Cancelled
O106553,2025-10-08,C6357,P1035,S201,South,Store,5,21802,0,UPI,Completed
O106554,2024-03-17,C5791,P1158,S202,East,Online,3,18699,204,Credit Card,Completed
O106555,2024-09-13,C6651,P1071,S221,North,Store,1,5086,148,UPI,Completed
O106556,2024-03-15,C6183,P1270,S233,North,Online,1,19833,0,Debit Card,Cancelled
O106557,2025-09-01,C6415,P1068,S248,West,Online,2,11524,0,UPI,Completed
O106558,2024-04-08,C5879,P1035,S248,West,Online,2,21802,0,UPI,Cancelled
O106559,2024-02-27,C6561,P1073,S209,West,Store,3,5249,0,Cash,Completed
O106560,2024-08-05,C6251,P1265,S221,North,Store,1,11992,0,Credit Card,Completed
O106561,2024-08-13,C5368,P1120,S243,South,Store,2,20523,0,Debit Card,Completed
O106562,2024-02-17,C6838,P1065,S235,North,Online,4,3007,0,Credit Card,Completed
O106563,2025-02-06,C6838,P1292,S215,East,Store,2,23214,399,Credit Card,Completed
O106564,2024-05-05,C5729,P1194,S240,North,Store,5,10696,473,UPI,Completed
O106565,2024-12-05,C5762,P1245,S216,East,Online,5,3373,0,Cash,Completed
O106566,2025-11-19,C6926,P1057,S207,North,Online,1,12244,0,UPI,Completed
O106567,2024-08-01,C5230,P1155,S214,West,Store,5,15032,180,Cash,Completed
O106568,2024-09-28,C6131,P1094,S234,East,Store,4,3783,0,Debit Card,Completed
O106569,2025-03-06,C5240,P1238,S220,South,Store,1,18960,0,Cash,Cancelled
O106570,2024-04-29,C5261,P1259,S222,East,Online,5,13997,0,Credit Card,Completed
O106571,2024-05-01,C6970,P1267,S227,North,Online,5,14604,0,Cash,Cancelled
O106572,2024-01-17,C6277,P1239,S227,North,Online,2,20434,0,UPI,Completed
O106573,2025-06-13,C6770,P1011,S208,East,Store,3,6770,0,Cash,Completed
O106574,2024-08-08,C6388,P1227,S221,North,Online,1,5382,338,Credit Card,Cancelled
O106575,2024-04-24,C6253,P1265,S238,East,Store,1,11992,0,Debit Card,Completed
O106576,2025-10-04,C6851,P1096,S223,West,Store,3,16951,0,UPI,Completed
O106577,2024-02-16,C6008,P1024,S208,East,Online,2,15591,0,Cash,Cancelled
O106578,2024-09-12,C6704,P1144,S210,North,Store,2,21604,0,Cash,Completed
O106579,2025-10-30,C5392,P1281,S205,South,Online,3,12731,0,Debit Card,Completed
O106580,2024-09-23,C6182,P1195,S247,North,Store,3,2809,447,Debit Card,Completed
O106581,2024-02-02,C6567,P1067,S204,North,Online,3,18554,150,Credit Card,Completed
O106582,2024-12-14,C6289,P1272,S211,West,Online,3,21727,0,Cash,Completed
O106583,2025-07-20,C5641,P1129,S213,North,Online,5,5589,467,Debit Card,Cancelled
O106584,2024-04-13,C6858,P1239,S228,South,Store,5,20434,421,Credit Card,Completed
O106585,2025-10-07,C6013,P1070,S209,West,Online,2,3836,0,Cash,Completed
O106586,2024-12-28,C5139,P1140,S248,West,Store,1,18510,0,Debit Card,Completed
O106587,2025-12-21,C5950,P1121,S225,South,Store,1,12001,0,Debit Card,Cancelled
O106588,2024-07-23,C6505,P1183,S233,North,Online,1,3139,500,Credit Card,Completed
O106589,2024-03-17,C6347,P1028,S218,North,Online,4,7958,439,Cash,Completed
O106590,2024-03-22,C6335,P1106,S219,North,Online,2,16729,0,Credit Card,Completed
O106591,2025-04-11,C6375,P1239,S243,South,Online,1,20434,0,Cash,Completed
O106592,2025-05-23,C5581,P1227,S208,East,Online,2,5382,0,Cash,Completed
O106593,2025-11-21,C5328,P1240,S247,North,Online,4,9126,0,UPI,Completed
O106594,2024-11-22,C6323,P1022,S218,North,Store,3,14533,166,Debit Card,Completed
O106595,2024-05-14,C5642,P1089,S231,North,Online,1,18424,0,UPI,Cancelled
O106596,2025-12-18,C5078,P1164,S210,North,Store,2,5775,0,Cash,Completed
O106597,2025-10-17,C5986,P1246,S206,South,Online,5,22713,0,Debit Card,Cancelled
O106598,2024-04-11,C5935,P1256,S205,South,Store,3,8546,0,Credit Card,Completed
O106599,2025-07-02,C6115,P1013,S201,South,Online,3,18762,0,Debit Card,Cancelled
O106600,2024-02-06,C5008,P1078,S218,North,Store,5,23389,0,Debit Card,Completed
O106601,2024-09-09,C5530,P1177,S208,East,Store,1,4568,0,Credit Card,Completed
O106602,2024-02-08,C6649,P1278,S246,North,Online,5,19013,0,Debit Card,Cancelled
O106603,2024-08-04,C5268,P1215,S209,West,Store,3,16425,0,Cash,Completed
O106604,2024-02-04,C6071,P1279,S247,North,Store,1,5899,0,Debit Card,Completed
O106605,2024-09-05,C6665,P1253,S221,North,Online,3,20605,392,Credit Card,Completed
O106606,2024-12-12,C5289,P1252,S233,North,Online,4,17202,70,Credit Card,Completed
O106607,2025-12-26,C6431,P1148,S244,East,Online,2,10231,0,Cash,Completed
O106608,2025-11-26,C6947,P1269,S204,North,Store,2,4684,0,UPI,Completed
O106609,2025-11-24,C6630,P1070,S213,North,Store,5,3836,0,Credit Card,Completed
O106610,2025-12-19,C6643,P1210,S209,West,Store,3,6616,0,Cash,Completed
O106611,2024-02-07,C6141,P1051,S218,North,Store,4,16446,303,UPI,Completed
O106612,2024-11-10,C6722,P1026,S236,West,Online,4,5942,0,Debit Card,Cancelled
O106613,2025-07-24,C6884,P1159,S230,East,Online,4,18152,0,Cash,Completed
O106614,2024-08-11,C6311,P1090,S209,West,Online,1,6496,0,Debit Card,Completed
O106615,2025-02-21,C5602,P1097,S204,North,Online,3,8915,0,Debit Card,Completed
O106616,2024-05-13,C5813,P1015,S205,South,Online,4,19492,0,Cash,Completed
O106617,2025-03-16,C6042,P1141,S249,East,Store,2,5607,0,Cash,Cancelled
O106618,2024-09-09,C6045,P1265,S227,North,Online,3,11992,425,Credit Card,Completed
O106619,2025-08-05,C5437,P1055,S207,North,Online,1,21841,369,Cash,Completed
O106620,2025-12-05,C6245,P1115,S226,North,Online,4,20308,0,UPI,Completed
O106621,2025-06-27,C6017,P1061,S201,South,Online,4,22570,351,Cash,Completed
O106622,2024-07-03,C5249,P1090,S221,North,Store,2,6496,0,Credit Card,Completed
O106623,2024-09-24,C5702,P1142,S243,South,Store,2,11011,0,Credit Card,Completed
O106624,2024-08-25,C5556,P1016,S245,East,Store,2,11602,0,UPI,Completed
O106625,2025-01-11,C5570,P1124,S215,East,Store,5,18693,0,Cash,Completed
O106626,2024-08-21,C5134,P1004,S229,South,Online,2,6831,0,UPI,Cancelled
O106627,2024-01-19,C5091,P1264,S213,North,Store,2,5155,0,Cash,Completed
O106628,2025-09-29,C6673,P1270,S233,North,Store,4,19833,0,Cash,Completed
O106629,2025-12-03,C6398,P1201,S209,West,Online,3,6002,0,UPI,Completed
O106630,2025-06-15,C5003,P1101,S233,North,Online,1,17061,0,Cash,Cancelled
O106631,2025-02-02,C6054,P1103,S212,West,Online,5,19689,313,Debit Card,Completed
O106632,2024-09-15,C6959,P1000,S201,South,Online,3,5850,0,Debit Card,Completed
O106633,2024-11-27,C5102,P1111,S203,East,Online,5,6965,0,Cash,Completed
O106634,2024-08-18,C6078,P1129,S213,North,Online,4,5589,0,UPI,Completed
O106635,2024-02-11,C6958,P1245,S238,East,Store,4,3373,0,UPI,Completed
O106636,2025-11-06,C5347,P1234,S231,North,Online,1,5302,0,UPI,Cancelled
O106637,2025-02-25,C5776,P1119,S206,South,Store,2,20033,383,UPI,Cancelled
O106638,2024-10-27,C5323,P1272,S246,North,Store,5,21727,0,Cash,Completed
O106639,2025-02-06,C5464,P1147,S208,East,Online,5,10106,0,Credit Card,Completed
O106640,2024-02-05,C6167,P1195,S240,North,Store,1,2809,268,Cash,Completed
O106641,2025-09-22,C5361,P1040,S226,North,Online,4,4205,0,Cash,Completed
O106642,2025-06-26,C5438,P1129,S222,East,Online,5,5589,0,Cash,Completed
O106643,2025-08-30,C5599,P1214,S206,South,Store,3,10921,407,UPI,Completed
O106644,2025-01-06,C5615,P1291,S205,South,Online,1,12542,0,Credit Card,Completed
O106645,2025-06-30,C6262,P1171,S242,North,Store,4,20278,0,UPI,Completed
O106646,2025-11-17,C6460,P1175,S244,East,Online,4,20666,85,Debit Card,Cancelled
O106647,2024-11-20,C6094,P1095,S210,North,Store,1,13952,0,Credit Card,Completed
O106648,2024-06-07,C5275,P1064,S224,East,Store,1,13395,213,Debit Card,Completed
O106649,2025-09-07,C5015,P1058,S232,North,Online,2,16157,0,UPI,Cancelled
O106650,2024-07-12,C5424,P1230,S244,East,Online,5,12075,280,UPI,Completed
O106651,2024-05-23,C5337,P1249,S208,East,Store,5,17145,0,Debit Card,Completed
O106652,2024-12-03,C6683,P1265,S236,West,Store,4,11992,446,Credit Card,Cancelled
O106653,2025-06-13,C6290,P1288,S222,East,Store,1,10267,0,Debit Card,Completed
O106654,2024-11-03,C6786,P1151,S222,East,Online,3,12508,0,Cash,Completed
O106655,2025-01-09,C6182,P1059,S211,West,Store,2,10909,0,UPI,Cancelled
O106656,2025-01-02,C6738,P1125,S248,West,Online,3,8150,0,Debit Card,Completed
O106657,2024-03-02,C5134,P1119,S242,North,Store,5,20033,0,Cash,Completed
O106658,2024-10-08,C6233,P1010,S232,North,Online,2,8826,0,Credit Card,Completed
O106659,2025-10-07,C6470,P1178,S215,East,Online,1,8635,0,Debit Card,Cancelled
O106660,2025-04-06,C5895,P1285,S236,West,Online,2,20596,0,Cash,Completed
O106661,2024-09-19,C5422,P1276,S242,North,Online,5,17692,0,Credit Card,Completed
O106662,2024-04-22,C5079,P1006,S224,East,Online,2,17945,260,Credit Card,Completed
O106663,2025-10-17,C5847,P1195,S225,South,Store,2,2809,429,UPI,Completed
O106664,2024-10-08,C5805,P1035,S220,South,Store,3,21802,0,Cash,Completed
O106665,2025-06-13,C5739,P1029,S211,West,Store,4,21239,0,Cash,Completed
O106666,2025-01-21,C5721,P1046,S213,North,Store,1,11020,0,Debit Card,Cancelled
O106667,2024-09-18,C5753,P1118,S222,East,Online,5,23140,474,UPI,Completed
O106668,2025-06-01,C5721,P1086,S243,South,Store,2,9673,0,Credit Card,Completed
O106669,2024-05-06,C6710,P1040,S210,North,Online,1,4205,0,Debit Card,Completed
O106670,2024-06-16,C5977,P1277,S228,South,Store,3,2790,0,Credit Card,Completed
O106671,2025-04-07,C6142,P1222,S210,North,Store,1,15054,0,Cash,Cancelled
O106672,2024-11-01,C5657,P1269,S228,South,Online,5,4684,261,Debit Card,Completed
O106673,2024-01-09,C6155,P1122,S225,South,Store,5,4929,77,UPI,Cancelled
O106674,2024-04-25,C6673,P1218,S226,North,Store,3,15354,0,UPI,Completed
O106675,2025-01-14,C5559,P1019,S208,East,Store,5,11005,194,Debit Card,Completed
O106676,2024-05-13,C6052,P1284,S223,West,Store,2,13277,0,Debit Card,Cancelled
O106677,2025-04-01,C5756,P1048,S240,North,Store,4,16836,0,UPI,Completed
O106678,2024-05-13,C6188,P1107,S225,South,Store,5,7054,0,Credit Card,Completed
O106679,2025-09-18,C5634,P1155,S235,North,Store,3,15032,116,Credit Card,Completed
O106680,2024-09-28,C5126,P1085,S221,North,Online,1,5647,0,UPI,Completed
O106681,2025-10-03,C5200,P1118,S224,East,Store,2,23140,341,Debit Card,Cancelled
O106682,2024-07-03,C6888,P1228,S221,North,Store,5,13342,438,Credit Card,Completed
O106683,2024-04-03,C6614,P1035,S240,North,Store,1,21802,0,Cash,Completed
O106684,2025-11-14,C6999,P1123,S205,South,Store,2,15348,0,Debit Card,Completed
O106685,2024-10-26,C5370,P1245,S241,South,Online,2,3373,0,Cash,Completed
O106686,2025-12-03,C6705,P1086,S215,East,Store,1,9673,0,Credit Card,Cancelled
O106687,2025-05-07,C6146,P1155,S234,East,Online,1,15032,490,Cash,Cancelled
O106688,2024-02-11,C6308,P1204,S234,East,Store,4,3675,0,Credit Card,Completed
O106689,2024-12-14,C5055,P1151,S245,East,Online,1,12508,0,Credit Card,Completed
O106690,2025-04-26,C6371,P1284,S204,North,Online,3,13277,0,Debit Card,Completed
O106691,2025-04-15,C5324,P1121,S236,West,Store,1,12001,0,Cash,Completed
O106692,2025-03-24,C6843,P1152,S246,North,Online,2,11737,0,Debit Card,Completed
O106693,2024-03-06,C6650,P1112,S234,East,Online,4,14915,0,UPI,Completed
O106694,2025-02-01,C5769,P1157,S247,North,Online,4,20469,0,Cash,Completed
O106695,2025-09-07,C6285,P1297,S214,West,Online,5,20307,0,Debit Card,Completed
O106696,2025-04-13,C6356,P1142,S216,East,Online,1,11011,0,UPI,Completed
O106697,2024-04-21,C5240,P1204,S200,West,Online,5,3675,0,UPI,Cancelled
O106698,2024-04-29,C5024,P1171,S217,West,Store,5,20278,0,Cash,Completed
O106699,2025-06-04,C6498,P1072,S231,North,Store,5,11213,0,UPI,Completed
O106700,2024-02-14,C5717,P1210,S206,South,Store,1,6616,0,UPI,Completed
O106701,2024-01-28,C5832,P1168,S247,North,Online,4,11993,0,Debit Card,Completed
O106702,2024-04-14,C5866,P1185,S240,North,Online,2,7628,0,UPI,Completed
O106703,2025-10-17,C6556,P1062,S204,North,Online,1,17006,0,UPI,Cancelled
O106704,2024-10-17,C6862,P1175,S232,North,Store,3,20666,0,Credit Card,Completed
O106705,2025-01-04,C5640,P1073,S235,North,Store,2,5249,189,Credit Card,Completed
O106706,2025-06-10,C5374,P1246,S206,South,Online,3,22713,143,Credit Card,Completed
O106707,2024-05-11,C6801,P1099,S210,North,Online,3,17578,0,Credit Card,Completed
O106708,2025-02-08,C6589,P1228,S204,North,Online,4,13342,0,Credit Card,Cancelled
O106709,2025-05-07,C5630,P1058,S244,East,Online,2,16157,280,Credit Card,Completed
O106710,2024-06-23,C6302,P1060,S242,North,Online,1,10490,0,Debit Card,Cancelled
O106711,2025-12-11,C6584,P1026,S217,West,Store,3,5942,0,UPI,Completed
O106712,2024-05-05,C5147,P1081,S247,North,Online,3,11888,291,UPI,Cancelled
O106713,2024-06-04,C6772,P1079,S212,West,Online,3,9159,0,Cash,Completed
O106714,2024-11-24,C5079,P1084,S235,North,Store,3,18967,0,UPI,Completed
O106715,2025-05-31,C6364,P1251,S210,North,Online,1,8279,285,UPI,Completed
O106716,2024-07-10,C5327,P1236,S215,East,Online,4,1650,0,Cash,Completed
O106717,2025-08-24,C6581,P1268,S205,South,Online,5,5770,347,Credit Card,Completed
O106718,2024-07-24,C5182,P1196,S208,East,Store,5,13692,0,Debit Card,Completed
O106719,2025-06-08,C6236,P1131,S204,North,Online,1,20406,0,Debit Card,Cancelled
O106720,2024-02-14,C5062,P1087,S234,East,Store,2,5062,0,Cash,Completed
O106721,2024-11-29,C5867,P1051,S246,North,Online,1,16446,0,Debit Card,Completed
O106722,2024-01-18,C6457,P1252,S230,East,Online,1,17202,179,Credit Card,Completed
O106723,2024-09-08,C5196,P1028,S240,North,Online,4,7958,0,UPI,Completed
O106724,2024-08-05,C5373,P1223,S222,East,Store,3,4729,0,Credit Card,Completed
O106725,2025-03-23,C5745,P1070,S226,North,Online,5,3836,0,Credit Card,Completed
O106726,2025-07-14,C5542,P1125,S243,South,Store,3,8150,0,Cash,Completed
O106727,2024-06-07,C6819,P1254,S207,North,Online,3,18521,0,Cash,Completed
O106728,2024-04-22,C5108,P1072,S203,East,Store,2,11213,135,UPI,Completed
O106729,2025-12-04,C6611,P1210,S234,East,Store,4,6616,0,Cash,Completed
O106730,2024-08-31,C6159,P1057,S218,North,Store,2,12244,117,Credit Card,Completed
O106731,2024-08-15,C5567,P1051,S235,North,Online,5,16446,0,UPI,Completed
O106732,2024-05-28,C5381,P1214,S239,West,Online,3,10921,0,Credit Card,Completed
O106733,2025-02-20,C6522,P1230,S245,East,Store,5,12075,0,Cash,Completed
O106734,2024-12-30,C6124,P1050,S216,East,Online,4,11986,86,Credit Card,Completed
O106735,2025-10-26,C5326,P1035,S225,South,Store,2,21802,0,UPI,Completed
O106736,2025-03-13,C6025,P1208,S233,North,Store,3,11265,0,Debit Card,Completed
O106737,2024-07-08,C6536,P1075,S238,East,Online,5,19286,0,Cash,Completed
O106738,2024-06-06,C5685,P1147,S246,North,Store,4,10106,0,Credit Card,Cancelled
O106739,2025-11-26,C6021,P1092,S217,West,Online,5,9784,0,Debit Card,Completed
O106740,2024-08-09,C5798,P1093,S240,North,Store,3,7635,0,Debit Card,Completed
O106741,2024-08-12,C6812,P1183,S214,West,Online,3,3139,0,UPI,Cancelled
O106742,2025-05-08,C5914,P1012,S237,North,Online,1,20263,0,Debit Card,Completed
O106743,2025-03-25,C6509,P1069,S247,North,Online,1,10947,310,Credit Card,Completed
O106744,2025-09-16,C6129,P1176,S244,East,Online,2,14974,0,Credit Card,Completed
O106745,2025-06-04,C6536,P1244,S230,East,Online,1,5773,277,Debit Card,Completed
O106746,2024-07-11,C6378,P1059,S244,East,Online,1,10909,0,UPI,Completed
O106747,2024-04-21,C6563,P1215,S202,East,Store,3,16425,0,Debit Card,Cancelled
O106748,2025-04-20,C6572,P1024,S215,East,Store,5,15591,315,Credit Card,Completed
O106749,2024-07-26,C6290,P1005,S239,West,Store,1,15987,0,UPI,Cancelled
O106750,2025-09-11,C6310,P1175,S225,South,Online,3,20666,0,UPI,Completed
O106751,2024-04-09,C6215,P1004,S217,West,Online,2,6831,262,Debit Card,Cancelled
O106752,2024-04-26,C6738,P1038,S214,West,Store,1,22462,0,Debit Card,Completed
O106753,2025-09-29,C6684,P1248,S246,North,Store,4,13480,225,UPI,Completed
O106754,2024-02-12,C5072,P1010,S239,West,Online,1,8826,0,Debit Card,Cancelled
O106755,2024-09-27,C6534,P1009,S208,East,Online,5,15817,179,Debit Card,Cancelled
O106756,2025-02-25,C6387,P1161,S228,South,Online,4,23914,444,Credit Card,Completed
O106757,2024-07-25,C5446,P1283,S208,East,Online,4,17954,0,Cash,Completed
O106758,2025-11-21,C6241,P1235,S223,West,Store,3,21005,0,Credit Card,Completed
O106759,2024-06-06,C5971,P1286,S245,East,Store,2,1267,428,Cash,Completed
O106760,2024-03-17,C5150,P1087,S221,North,Store,4,5062,0,Cash,Completed
O106761,2025-06-05,C5887,P1240,S214,West,Online,1,9126,0,UPI,Completed
O106762,2024-08-14,C6507,P1196,S228,South,Online,3,13692,60,Cash,Completed
O106763,2024-07-03,C6030,P1120,S248,West,Online,4,20523,0,Debit Card,Completed
O106764,2024-04-22,C5639,P1167,S200,West,Online,5,14354,136,Cash,Completed
O106765,2025-04-03,C6791,P1098,S213,North,Store,4,22065,484,Debit Card,Completed
O106766,2024-06-01,C5959,P1045,S208,East,Store,1,18465,0,UPI,Completed
O106767,2025-08-19,C6636,P1013,S209,West,Store,2,18762,0,Credit Card,Completed
O106768,2024-02-09,C5436,P1215,S209,West,Store,3,16425,0,Credit Card,Completed
O106769,2025-10-20,C5800,P1040,S223,West,Online,2,4205,0,Credit Card,Completed
O106770,2025-12-19,C6228,P1186,S211,West,Online,5,14983,0,Credit Card,Completed
O106771,2024-12-18,C5843,P1241,S211,West,Online,5,19467,374,Cash,Completed
O106772,2025-07-17,C5295,P1111,S218,North,Online,2,6965,0,Cash,Cancelled
O106773,2024-08-08,C6861,P1299,S207,North,Store,3,17937,0,UPI,Completed
O106774,2024-03-08,C5942,P1179,S220,South,Online,5,19591,394,UPI,Completed
O106775,2025-09-12,C5800,P1140,S213,North,Store,2,18510,0,UPI,Completed
O106776,2024-09-10,C5948,P1022,S217,West,Online,3,14533,285,Credit Card,Completed
O106777,2024-08-11,C6499,P1199,S223,West,Online,1,17589,0,UPI,Cancelled
O106778,2024-06-30,C5598,P1091,S241,South,Online,2,12784,0,Debit Card,Completed
O106779,2025-11-19,C6431,P1156,S237,North,Online,4,14997,0,UPI,Completed
O106780,2025-08-23,C5662,P1220,S242,North,Store,2,15484,0,Cash,Completed
O106781,2024-06-21,C5934,P1164,S221,North,Store,5,5775,0,Credit Card,Completed
O106782,2024-12-26,C6330,P1237,S218,North,Store,3,21100,0,Cash,Cancelled
O106783,2025-06-23,C5870,P1287,S207,North,Store,4,21054,0,Credit Card,Completed
O106784,2024-07-19,C6779,P1141,S236,West,Online,5,5607,121,UPI,Cancelled
O106785,2025-05-28,C5436,P1235,S228,South,Store,5,21005,0,Cash,Cancelled
O106786,2024-12-04,C5118,P1094,S216,East,Store,3,3783,0,Debit Card,Completed
O106787,2024-05-03,C6378,P1163,S238,East,Online,3,11924,0,Cash,Completed
O106788,2024-11-02,C6785,P1166,S216,East,Online,5,1640,0,Credit Card,Completed
O106789,2024-07-06,C6767,P1195,S237,North,Online,3,2809,0,Cash,Completed
O106790,2025-03-11,C5801,P1133,S216,East,Store,2,14458,0,Cash,Completed
O106791,2024-07-02,C5414,P1246,S215,East,Store,5,22713,0,Cash,Completed
O106792,2024-06-16,C5882,P1189,S247,North,Online,2,23820,384,Credit Card,Completed
O106793,2024-02-06,C6387,P1220,S238,East,Online,3,15484,0,Cash,Completed
O106794,2024-09-27,C6722,P1158,S235,North,Store,2,18699,0,Credit Card,Cancelled
O106795,2025-03-01,C5039,P1144,S239,West,Store,5,21604,0,Cash,Cancelled
O106796,2025-11-16,C6308,P1266,S236,West,Online,4,15728,322,Cash,Completed
O106797,2024-09-13,C5804,P1251,S247,North,Store,3,8279,0,Credit Card,Cancelled
O106798,2025-04-05,C6697,P1090,S205,South,Store,2,6496,0,Credit Card,Completed
O106799,2024-07-22,C6115,P1269,S234,East,Online,5,4684,0,Cash,Completed
O106800,2025-03-23,C5017,P1082,S225,South,Online,3,8487,0,Debit Card,Completed
O106801,2025-03-10,C6698,P1203,S203,East,Online,4,17152,219,Debit Card,Cancelled
O106802,2024-08-31,C5347,P1283,S203,East,Online,4,17954,0,Cash,Completed
O106803,2024-08-22,C6187,P1098,S200,West,Online,1,22065,202,Debit Card,Cancelled
O106804,2025-11-17,C6772,P1066,S234,East,Store,3,17713,0,UPI,Completed
O106805,2025-08-22,C6149,P1066,S247,North,Store,2,17713,0,UPI,Completed
O106806,2024-11-04,C6599,P1268,S217,West,Online,2,5770,0,Debit Card,Completed
O106807,2024-05-11,C6277,P1012,S224,East,Store,2,20263,0,Debit Card,Completed
O106808,2025-12-07,C6145,P1085,S241,South,Online,3,5647,0,UPI,Completed
O106809,2024-03-20,C6551,P1012,S204,North,Online,1,20263,413,Cash,Cancelled
O106810,2024-02-02,C5923,P1062,S217,West,Online,2,17006,0,UPI,Cancelled
O106811,2025-06-20,C6598,P1072,S205,South,Online,2,11213,206,Credit Card,Completed
O106812,2024-04-09,C6421,P1263,S228,South,Online,3,7564,0,UPI,Cancelled
O106813,2024-03-11,C6795,P1294,S240,North,Store,2,16364,451,Credit Card,Completed
O106814,2025-12-27,C5623,P1103,S246,North,Store,3,19689,0,Debit Card,Completed
O106815,2024-10-26,C6671,P1211,S214,West,Store,3,17552,0,UPI,Completed
O106816,2025-06-21,C5428,P1258,S249,East,Store,5,21780,0,UPI,Cancelled
O106817,2024-11-28,C6572,P1276,S211,West,Online,1,17692,0,Credit Card,Cancelled
O106818,2024-07-15,C5264,P1120,S245,East,Store,5,20523,395,Credit Card,Cancelled
O106819,2025-09-15,C5459,P1288,S234,East,Store,2,10267,0,Cash,Completed
O106820,2024-11-26,C6635,P1234,S210,North,Online,2,5302,0,Debit Card,Completed
O106821,2024-08-11,C5028,P1207,S239,West,Online,2,17879,448,UPI,Completed
O106822,2024-11-23,C5566,P1088,S216,East,Store,3,21299,100,Cash,Completed
O106823,2025-01-19,C6163,P1201,S200,West,Online,5,6002,69,UPI,Completed
O106824,2025-11-04,C6625,P1186,S243,South,Store,5,14983,0,Cash,Completed
O106825,2025-06-26,C5268,P1067,S247,North,Store,3,18554,0,Cash,Completed
O106826,2025-04-19,C6916,P1122,S244,East,Store,5,4929,0,Cash,Completed
O106827,2025-03-28,C5535,P1099,S201,South,Store,4,17578,0,UPI,Completed
O106828,2025-12-07,C5112,P1129,S203,East,Online,5,5589,0,UPI,Completed
O106829,2024-04-18,C5614,P1040,S205,South,Store,4,4205,0,UPI,Completed
O106830,2025-07-19,C5291,P1172,S239,West,Store,5,15856,0,Debit Card,Completed
O106831,2024-07-12,C6479,P1297,S220,South,Store,4,20307,0,Debit Card,Completed
O106832,2025-06-29,C5331,P1204,S227,North,Online,1,3675,0,Credit Card,Completed
O106833,2025-03-27,C5066,P1204,S227,North,Online,5,3675,82,Debit Card,Completed
O106834,2025-01-20,C5432,P1192,S213,North,Online,3,20500,0,Credit Card,Cancelled
O106835,2025-05-13,C5977,P1117,S227,North,Store,5,10710,0,Cash,Completed
O106836,2025-09-28,C5094,P1068,S205,South,Store,3,11524,0,Cash,Completed
O106837,2024-04-21,C6339,P1186,S249,East,Online,5,14983,0,UPI,Completed
O106838,2024-01-11,C6147,P1033,S229,South,Store,4,16111,0,Cash,Completed
O106839,2024-07-04,C5627,P1147,S216,East,Online,2,10106,0,Cash,Completed
O106840,2024-07-17,C5260,P1290,S247,North,Store,4,5987,0,Cash,Completed
O106841,2025-11-02,C6533,P1218,S210,North,Online,2,15354,0,Cash,Completed
O106842,2024-03-19,C6199,P1027,S225,South,Store,1,5053,201,Cash,Completed
O106843,2025-10-29,C5086,P1259,S228,South,Online,2,13997,0,Credit Card,Completed
O106844,2025-08-07,C6661,P1215,S200,West,Store,3,16425,0,Debit Card,Completed
O106845,2024-08-17,C6484,P1291,S224,East,Store,2,12542,0,Debit Card,Completed
O106846,2024-07-23,C5421,P1166,S247,North,Online,4,1640,0,UPI,Completed
O106847,2025-03-05,C6884,P1265,S243,South,Online,4,11992,0,Cash,Completed
O106848,2024-10-16,C6778,P1298,S204,North,Online,3,14176,0,Cash,Completed
O106849,2025-03-26,C5377,P1115,S232,North,Online,1,20308,0,Cash,Completed
O106850,2025-07-12,C6666,P1085,S233,North,Online,2,5647,0,Credit Card,Completed
O106851,2024-06-14,C5255,P1113,S241,South,Store,2,2267,0,Credit Card,Completed
O106852,2024-12-02,C5340,P1071,S233,North,Online,4,5086,0,Cash,Completed
O106853,2025-05-15,C6852,P1292,S243,South,Store,1,23214,256,Credit Card,Cancelled
O106854,2025-07-03,C6494,P1088,S238,East,Online,5,21299,0,Debit Card,Completed
O106855,2025-09-02,C6206,P1065,S229,South,Online,4,3007,0,UPI,Completed
O106856,2024-09-25,C6092,P1222,S206,South,Store,3,15054,0,Cash,Completed
O106857,2025-11-10,C6301,P1053,S202,East,Online,4,3129,0,Cash,Completed
O106858,2025-02-26,C6700,P1240,S228,South,Online,2,9126,0,UPI,Completed
O106859,2025-02-14,C5511,P1134,S201,South,Online,2,8636,0,Debit Card,Completed
O106860,2024-10-05,C6537,P1037,S205,South,Online,1,17516,0,Debit Card,Cancelled
O106861,2024-05-09,C6945,P1043,S212,West,Online,2,10110,0,Credit Card,Completed
O106862,2024-09-08,C5336,P1228,S203,East,Store,5,13342,0,Cash,Completed
O106863,2024-12-11,C5435,P1159,S207,North,Online,2,18152,161,UPI,Completed
O106864,2025-02-09,C5188,P1242,S219,North,Online,1,13862,376,UPI,Completed
O106865,2025-03-29,C5654,P1257,S228,South,Store,3,18316,0,UPI,Completed
O106866,2025-03-28,C6025,P1270,S213,North,Online,5,19833,0,UPI,Completed
O106867,2025-01-16,C6715,P1190,S217,West,Store,1,22649,0,Cash,Cancelled
O106868,2024-11-13,C5204,P1022,S208,East,Store,2,14533,0,Debit Card,Completed
O106869,2025-04-13,C5770,P1298,S209,West,Store,3,14176,0,Debit Card,Completed
O106870,2024-11-10,C5162,P1215,S227,North,Online,1,16425,0,Credit Card,Completed
O106871,2025-08-07,C6595,P1171,S227,North,Store,4,20278,187,Credit Card,Completed
O106872,2024-07-07,C6870,P1053,S230,East,Store,1,3129,0,Credit Card,Completed
O106873,2024-01-20,C6022,P1030,S213,North,Online,4,11890,0,UPI,Completed
O106874,2024-06-23,C6696,P1200,S223,West,Online,1,2422,0,Credit Card,Completed
O106875,2025-02-22,C5853,P1001,S233,North,Online,2,15566,0,Cash,Cancelled
O106876,2025-08-25,C6430,P1156,S237,North,Store,2,14997,0,UPI,Completed
O106877,2025-08-01,C6022,P1020,S217,West,Online,4,10169,0,UPI,Completed
O106878,2024-03-09,C6595,P1222,S237,North,Online,2,15054,0,Debit Card,Completed
O106879,2025-04-22,C5954,P1095,S222,East,Online,1,13952,0,Credit Card,Cancelled
O106880,2024-09-07,C6572,P1214,S246,North,Online,5,10921,68,UPI,Completed
O106881,2024-09-26,C6079,P1057,S215,East,Store,2,12244,335,Credit Card,Cancelled
O106882,2025-07-07,C5299,P1002,S231,North,Store,3,21479,442,Debit Card,Completed
O106883,2024-07-24,C6485,P1123,S219,North,Store,3,15348,0,UPI,Completed
O106884,2025-04-19,C6212,P1107,S227,North,Online,5,7054,0,Cash,Completed
O106885,2023-12-30,C6642,P1206,S247,North,Store,2,21502,0,Cash,Completed
O106886,2024-10-07,C5790,P1104,S204,North,Store,3,18741,0,Credit Card,Completed
O106887,2024-02-23,C6544,P1012,S204,North,Online,2,20263,0,Debit Card,Completed
O106888,2024-08-18,C6180,P1191,S212,West,Online,1,13093,0,Credit Card,Cancelled
O106889,2025-03-07,C6385,P1053,S216,East,Store,2,3129,0,Debit Card,Completed
O106890,2024-06-16,C5723,P1180,S214,West,Online,3,6796,447,UPI,Completed
O106891,2025-03-07,C6032,P1057,S245,East,Store,1,12244,0,UPI,Completed
O106892,2024-03-11,C6402,P1164,S206,South,Online,2,5775,0,Cash,Completed
O106893,2025-10-04,C6926,P1000,S202,East,Store,5,5850,0,Debit Card,Completed
O106894,2024-02-11,C5148,P1178,S236,West,Online,4,8635,76,Cash,Completed
O106895,2024-03-06,C6185,P1037,S219,North,Store,1,17516,0,Credit Card,Completed
O106896,2024-09-07,C5355,P1095,S228,South,Online,2,13952,0,Debit Card,Completed
O106897,2025-04-02,C5077,P1204,S218,North,Store,4,3675,226,Cash,Completed
O106898,2025-03-18,C5837,P1084,S224,East,Store,1,18967,0,Cash,Completed
O106899,2025-07-14,C6419,P1053,S226,North,Online,1,3129,299,Cash,Completed
O106900,2024-04-17,C6700,P1144,S222,East,Store,5,21604,0,Debit Card,Completed
O106901,2025-05-16,C5392,P1168,S227,North,Store,5,11993,0,Credit Card,Completed
O106902,2025-01-04,C6102,P1213,S207,North,Store,5,14282,0,Cash,Completed
O106903,2024-06-25,C6341,P1274,S234,East,Store,5,20728,0,Cash,Completed
O106904,2025-12-19,C6006,P1028,S243,South,Store,2,7958,0,Debit Card,Completed
O106905,2024-10-28,C6652,P1065,S221,North,Online,2,3007,384,Cash,Completed
O106906,2025-02-28,C5532,P1242,S221,North,Store,5,13862,0,Cash,Completed
O106907,2024-04-17,C6166,P1090,S211,West,Store,5,6496,0,Debit Card,Completed
O106908,2025-04-23,C5480,P1182,S244,East,Store,5,18616,0,UPI,Cancelled
O106909,2025-12-20,C5337,P1102,S220,South,Store,4,11805,0,Debit Card,Completed
O106910,2025-08-28,C5301,P1067,S232,North,Online,3,18554,183,Debit Card,Completed
O106911,2024-01-16,C5866,P1040,S246,North,Online,4,4205,0,UPI,Completed
O106912,2024-11-05,C6314,P1217,S232,North,Online,5,9870,238,UPI,Completed
O106913,2025-08-26,C6406,P1000,S225,South,Online,1,5850,0,Cash,Completed
O106914,2024-01-23,C5055,P1140,S222,East,Online,4,18510,0,Credit Card,Cancelled
O106915,2024-03-06,C6868,P1113,S236,West,Store,3,2267,0,Credit Card,Completed
O106916,2024-11-25,C6487,P1113,S203,East,Online,4,2267,0,Cash,Completed
O106917,2024-12-06,C5162,P1247,S228,South,Online,3,15686,0,Cash,Completed
O106918,2024-12-12,C6853,P1027,S237,North,Store,4,5053,0,Cash,Cancelled
O106919,2025-12-08,C6455,P1187,S246,North,Store,1,10875,0,Debit Card,Cancelled
O106920,2025-08-08,C5516,P1295,S234,East,Store,4,3337,489,Cash,Completed
O106921,2025-12-11,C5460,P1087,S217,West,Online,1,5062,0,Credit Card,Cancelled
O106922,2024-09-06,C5656,P1144,S229,South,Store,1,21604,0,Credit Card,Cancelled
O106923,2025-01-11,C6153,P1136,S233,North,Store,3,3271,0,UPI,Cancelled
O106924,2024-11-16,C5579,P1088,S211,West,Online,5,21299,0,Credit Card,Cancelled
O106925,2025-06-23,C5576,P1052,S232,North,Store,1,13741,0,Debit Card,Completed
O106926,2024-07-17,C6193,P1122,S214,West,Store,1,4929,0,Credit Card,Completed
O106927,2024-03-07,C5236,P1121,S203,East,Store,3,12001,446,Debit Card,Completed
O106928,2025-04-11,C6953,P1288,S242,North,Store,2,10267,205,UPI,Completed
O106929,2024-12-08,C6010,P1291,S233,North,Online,1,12542,0,Credit Card,Cancelled
O106930,2024-03-22,C6415,P1130,S220,South,Store,5,9394,0,Cash,Cancelled
O106931,2024-03-12,C6960,P1271,S210,North,Store,3,14975,0,Cash,Completed
O106932,2025-11-15,C5722,P1001,S202,East,Store,3,15566,0,Cash,Completed
O106933,2024-03-02,C5631,P1257,S227,North,Online,5,18316,0,Cash,Completed
O106934,2025-11-30,C5585,P1025,S217,West,Store,2,8362,132,Cash,Completed
O106935,2024-09-23,C6575,P1034,S226,North,Online,3,9778,446,Credit Card,Completed
O106936,2025-01-26,C6276,P1000,S212,West,Online,2,5850,0,Cash,Completed
O106937,2024-11-30,C5062,P1068,S234,East,Store,3,11524,178,Credit Card,Completed
O106938,2024-05-31,C5149,P1094,S225,South,Store,4,3783,148,UPI,Completed
O106939,2024-04-15,C6442,P1010,S231,North,Store,1,8826,0,Credit Card,Cancelled
O106940,2025-05-29,C6744,P1201,S203,East,Store,4,6002,0,Debit Card,Completed
O106941,2024-09-06,C6919,P1291,S229,South,Store,1,12542,0,UPI,Completed
O106942,2025-12-16,C6456,P1271,S210,North,Store,1,14975,0,Debit Card,Completed
O106943,2025-06-10,C6275,P1085,S229,South,Store,1,5647,344,UPI,Completed
O106944,2024-05-14,C6366,P1067,S225,South,Store,4,18554,0,Cash,Completed
O106945,2024-07-14,C6925,P1013,S243,South,Online,3,18762,0,UPI,Completed
O106946,2023-12-28,C6331,P1083,S234,East,Online,2,7188,0,UPI,Completed
O106947,2024-05-18,C6450,P1144,S213,North,Store,3,21604,0,Cash,Completed
O106948,2024-12-04,C6067,P1221,S242,North,Store,2,17898,56,UPI,Completed
O106949,2024-03-27,C6556,P1295,S211,West,Online,3,3337,0,Debit Card,Cancelled
O106950,2025-03-16,C6801,P1226,S236,West,Online,4,19224,0,Debit Card,Completed
O106951,2025-04-06,C5692,P1284,S242,North,Online,3,13277,0,Credit Card,Completed
O106952,2025-05-05,C5518,P1282,S207,North,Store,4,19507,0,Debit Card,Cancelled
O106953,2024-11-11,C6528,P1275,S216,East,Online,1,22022,0,Debit Card,Cancelled
O106954,2025-06-06,C6038,P1038,S204,North,Online,2,22462,0,Credit Card,Completed
O106955,2025-10-31,C6674,P1254,S204,North,Store,2,18521,0,Debit Card,Completed
O106956,2024-09-05,C5404,P1264,S207,North,Store,2,5155,0,UPI,Completed
O106957,2025-10-17,C6396,P1093,S210,North,Online,4,7635,0,Debit Card,Completed
O106958,2025-10-15,C6355,P1162,S243,South,Store,4,8893,0,Debit Card,Completed
O106959,2025-12-26,C5126,P1022,S238,East,Store,4,14533,0,Cash,Completed
O106960,2025-08-06,C5239,P1006,S232,North,Online,4,17945,0,Debit Card,Completed
O106961,2025-02-06,C6567,P1067,S241,South,Store,1,18554,0,Cash,Completed
O106962,2024-11-11,C6036,P1140,S217,West,Store,5,18510,212,Debit Card,Completed
O106963,2025-02-04,C6420,P1029,S238,East,Online,2,21239,0,Debit Card,Completed
O106964,2024-05-04,C6932,P1275,S202,East,Store,1,22022,0,Debit Card,Completed
O106965,2025-01-11,C5813,P1119,S225,South,Online,2,20033,0,UPI,Completed
O106966,2025-10-30,C5661,P1069,S222,East,Store,1,10947,0,UPI,Cancelled
O106967,2025-07-29,C6193,P1170,S218,North,Store,1,13196,0,Credit Card,Cancelled
O106968,2024-02-12,C6554,P1015,S209,West,Online,2,19492,0,Debit Card,Completed
O106969,2025-08-06,C5242,P1051,S204,North,Store,2,16446,0,Debit Card,Completed
O106970,2025-11-07,C6763,P1002,S244,East,Online,3,21479,0,Debit Card,Cancelled
O106971,2025-12-03,C5740,P1172,S218,North,Online,4,15856,101,Debit Card,Completed
O106972,2025-06-08,C5662,P1140,S214,West,Online,2,18510,0,Cash,Completed
O106973,2024-10-26,C5721,P1092,S231,North,Online,4,9784,0,Debit Card,Cancelled
O106974,2024-05-07,C6080,P1264,S238,East,Online,5,5155,0,UPI,Completed
O106975,2024-09-26,C5604,P1157,S218,North,Online,5,20469,0,Credit Card,Cancelled
O106976,2024-03-07,C5479,P1148,S227,North,Online,3,10231,0,Cash,Completed
O106977,2024-06-09,C6685,P1152,S218,North,Online,5,11737,133,Cash,Completed
O106978,2024-01-06,C5486,P1098,S207,North,Online,1,22065,0,Cash,Completed
O106979,2024-06-29,C5488,P1021,S248,West,Online,4,11470,0,Cash,Completed
O106980,2025-12-13,C5895,P1109,S241,South,Store,3,5046,0,Debit Card,Completed
O106981,2025-04-28,C6611,P1008,S204,North,Online,2,11489,253,Debit Card,Cancelled
O106982,2025-12-02,C6183,P1109,S225,South,Online,5,5046,0,Debit Card,Completed
O106983,2024-03-07,C5612,P1259,S239,West,Online,2,13997,387,Credit Card,Completed
O106984,2025-06-04,C6792,P1225,S217,West,Store,5,14610,0,UPI,Cancelled
O106985,2024-06-30,C6331,P1034,S208,East,Store,4,9778,0,Credit Card,Completed
O106986,2025-08-31,C5884,P1002,S210,North,Online,4,21479,139,Debit Card,Completed
O106987,2025-09-02,C5107,P1006,S214,West,Store,1,17945,424,Debit Card,Completed
O106988,2024-08-11,C6373,P1089,S203,East,Store,1,18424,0,UPI,Completed
O106989,2024-04-01,C5843,P1040,S234,East,Store,2,4205,0,Credit Card,Cancelled
O106990,2024-08-11,C5215,P1292,S222,East,Store,2,23214,60,Cash,Completed
O106991,2024-02-11,C5674,P1130,S206,South,Online,2,9394,140,Debit Card,Completed
O106992,2024-05-29,C5116,P1062,S206,South,Online,1,17006,0,Debit Card,Completed
O106993,2025-05-22,C5182,P1208,S204,North,Store,3,11265,0,Cash,Completed
O106994,2025-03-30,C6429,P1072,S230,East,Online,1,11213,0,Debit Card,Completed
O106995,2025-09-25,C6773,P1130,S225,South,Store,1,9394,0,UPI,Cancelled
O106996,2024-01-31,C6297,P1249,S235,North,Online,4,17145,0,Cash,Completed
O106997,2024-12-04,C5627,P1049,S216,East,Store,5,4384,0,UPI,Completed
O106998,2025-05-22,C6070,P1231,S224,East,Store,3,11775,0,Cash,Completed
O106999,2024-09-20,C5827,P1275,S245,East,Online,2,22022,0,UPI,Cancelled
O107000,2025-08-19,C5323,P1272,S230,East,Store,5,21727,441,Cash,Cancelled
O107001,2024-06-20,C6246,P1044,S232,North,Online,4,11357,330,UPI,Completed
O107002,2024-08-21,C5955,P1019,S202,East,Store,3,11005,0,Credit Card,Completed
O107003,2024-04-12,C6854,P1279,S247,North,Store,1,5899,0,Cash,Completed
O107004,2024-05-21,C5172,P1148,S215,East,Online,5,10231,0,Credit Card,Completed
O107005,2024-03-06,C5044,P1133,S244,East,Online,5,14458,0,Debit Card,Completed
O107006,2024-06-16,C6013,P1079,S214,West,Store,5,9159,0,Cash,Completed
O107007,2025-09-19,C6057,P1015,S214,West,Online,1,19492,0,UPI,Completed
O107008,2024-08-23,C6875,P1185,S232,North,Store,3,7628,226,UPI,Cancelled
O107009,2024-04-11,C5994,P1044,S205,South,Online,4,11357,0,Cash,Completed
O107010,2024-12-16,C5567,P1167,S217,West,Online,4,14354,0,Debit Card,Completed
O107011,2025-12-15,C5777,P1047,S219,North,Store,2,6278,131,Cash,Completed
O107012,2025-05-19,C5314,P1044,S242,North,Online,1,11357,0,Credit Card,Cancelled
O107013,2025-01-22,C5353,P1129,S238,East,Store,4,5589,0,Credit Card,Completed
O107014,2025-04-29,C6713,P1149,S219,North,Store,3,12341,0,Debit Card,Completed
O107015,2025-02-14,C6531,P1055,S242,North,Online,4,21841,0,UPI,Completed
O107016,2024-09-24,C5805,P1251,S201,South,Store,4,8279,0,Debit Card,Completed
O107017,2024-12-20,C5616,P1207,S203,East,Store,2,17879,0,Debit Card,Completed
O107018,2024-08-28,C5951,P1230,S219,North,Store,5,12075,0,Credit Card,Completed
O107019,2025-03-31,C6896,P1140,S240,North,Online,2,18510,0,UPI,Cancelled
O107020,2025-03-04,C5842,P1271,S224,East,Online,4,14975,0,Cash,Completed
O107021,2025-07-02,C5654,P1107,S223,West,Online,2,7054,0,UPI,Completed
O107022,2025-11-24,C5218,P1145,S210,North,Store,1,13495,0,UPI,Completed
O107023,2024-09-27,C5658,P1221,S208,East,Store,1,17898,0,UPI,Completed
O107024,2025-01-31,C6715,P1119,S233,North,Online,1,20033,172,Credit Card,Completed
O107025,2025-12-07,C6575,P1076,S224,East,Online,3,16951,0,UPI,Completed
O107026,2025-10-12,C6344,P1186,S234,East,Store,1,14983,0,UPI,Completed
O107027,2024-12-03,C5234,P1071,S235,North,Online,1,5086,0,UPI,Completed
O107028,2025-03-24,C5821,P1293,S247,North,Online,5,19741,0,UPI,Completed
O107029,2025-05-26,C5547,P1030,S226,North,Store,5,11890,0,UPI,Cancelled
O107030,2025-04-08,C6716,P1214,S236,West,Store,5,10921,0,Debit Card,Completed
O107031,2025-09-09,C5723,P1111,S243,South,Online,2,6965,0,Credit Card,Completed
O107032,2025-02-02,C6863,P1074,S206,South,Online,2,5321,0,UPI,Completed
O107033,2024-04-07,C6236,P1115,S224,East,Store,2,20308,439,Cash,Completed
O107034,2024-01-06,C6924,P1162,S230,East,Store,2,8893,56,Cash,Completed
O107035,2023-12-30,C6097,P1213,S245,East,Online,3,14282,207,Cash,Completed
O107036,2024-11-11,C6652,P1209,S206,South,Online,5,14912,0,Debit Card,Completed
O107037,2024-01-05,C5565,P1011,S210,North,Store,4,6770,0,Credit Card,Cancelled
O107038,2025-02-01,C5091,P1251,S224,East,Store,1,8279,0,UPI,Cancelled
O107039,2024-10-27,C6757,P1129,S222,East,Store,5,5589,0,UPI,Cancelled
O107040,2024-06-27,C5246,P1125,S219,North,Online,1,8150,0,UPI,Completed
O107041,2024-12-13,C6653,P1124,S224,East,Online,5,18693,0,Debit Card,Completed
O107042,2024-10-03,C5662,P1161,S249,East,Store,2,23914,324,Credit Card,Completed
O107043,2025-09-02,C6349,P1263,S229,South,Online,4,7564,0,UPI,Completed
O107044,2024-09-05,C5147,P1071,S210,North,Online,2,5086,0,Cash,Completed
O107045,2025-02-15,C5522,P1253,S201,South,Store,1,20605,0,Cash,Completed
O107046,2024-09-25,C6816,P1234,S206,South,Store,5,5302,391,Cash,Completed
O107047,2025-11-14,C6815,P1114,S240,North,Online,4,15114,144,Cash,Completed
O107048,2024-09-12,C5821,P1102,S226,North,Online,2,11805,0,UPI,Completed
O107049,2025-05-17,C5112,P1291,S236,West,Online,1,12542,0,Credit Card,Completed
O107050,2024-03-22,C5350,P1299,S227,North,Online,1,17937,0,Debit Card,Cancelled
O107051,2025-03-30,C5640,P1168,S217,West,Store,1,11993,273,UPI,Completed
O107052,2025-10-11,C5909,P1226,S201,South,Online,3,19224,0,Cash,Cancelled
O107053,2024-05-08,C5401,P1206,S246,North,Store,3,21502,0,UPI,Completed
O107054,2024-02-25,C5779,P1185,S233,North,Online,3,7628,0,Debit Card,Completed
O107055,2025-08-06,C6318,P1063,S221,North,Online,3,17739,0,Credit Card,Completed
O107056,2025-03-31,C5021,P1128,S219,North,Online,2,10078,0,Credit Card,Completed
O107057,2024-12-28,C5711,P1210,S209,West,Store,5,6616,0,Credit Card,Completed
O107058,2024-12-02,C6619,P1289,S223,West,Online,3,16378,0,Debit Card,Completed
O107059,2025-01-06,C5942,P1273,S220,South,Store,3,17610,0,UPI,Completed
O107060,2024-04-17,C5213,P1270,S221,North,Store,1,19833,122,Credit Card,Completed
O107061,2024-03-10,C5995,P1266,S225,South,Online,2,15728,210,Cash,Completed
O107062,2025-04-25,C5286,P1150,S216,East,Store,1,7422,0,Credit Card,Cancelled
O107063,2025-04-24,C5666,P1227,S223,West,Online,1,5382,0,Credit Card,Cancelled
O107064,2024-06-26,C5276,P1046,S218,North,Online,5,11020,0,UPI,Cancelled
O107065,2025-04-09,C5994,P1042,S226,North,Online,4,20007,0,Cash,Completed
O107066,2024-06-15,C6524,P1074,S203,East,Store,5,5321,0,Debit Card,Completed
O107067,2025-08-04,C5531,P1110,S216,East,Store,3,5745,0,Credit Card,Completed
O107068,2025-02-26,C5651,P1083,S206,South,Store,2,7188,0,Cash,Completed
O107069,2024-03-08,C5719,P1193,S228,South,Online,2,18061,0,Cash,Completed
O107070,2025-07-23,C6191,P1195,S201,South,Online,2,2809,0,Debit Card,Completed
O107071,2025-09-18,C5158,P1020,S222,East,Store,5,10169,106,Credit Card,Completed
O107072,2024-02-18,C6138,P1019,S212,West,Online,5,11005,485,Cash,Cancelled
O107073,2024-04-16,C5823,P1273,S226,North,Store,3,17610,0,Cash,Completed
O107074,2024-12-16,C5828,P1259,S232,North,Online,1,13997,0,Cash,Completed
O107075,2024-12-18,C6926,P1200,S240,North,Store,3,2422,0,Debit Card,Completed
O107076,2024-10-28,C5029,P1223,S205,South,Store,3,4729,0,Credit Card,Completed
O107077,2024-02-18,C5104,P1214,S244,East,Store,4,10921,0,UPI,Cancelled
O107078,2025-04-11,C6432,P1040,S247,North,Online,1,4205,0,Debit Card,Completed
O107079,2024-03-20,C6655,P1156,S211,West,Store,5,14997,431,UPI,Cancelled
O107080,2025-04-20,C6648,P1028,S208,East,Store,5,7958,0,UPI,Completed
O107081,2025-04-25,C5744,P1169,S235,North,Store,3,5160,0,Debit Card,Completed
O107082,2024-08-22,C6525,P1249,S217,West,Online,2,17145,198,Cash,Completed
O107083,2024-12-04,C5812,P1261,S236,West,Store,1,22756,0,Credit Card,Completed
O107084,2025-08-17,C6965,P1294,S211,West,Online,3,16364,0,Cash,Completed
O107085,2025-01-09,C6401,P1076,S226,North,Online,4,16951,0,Cash,Completed
O107086,2024-08-15,C5735,P1190,S216,East,Online,2,22649,0,Debit Card,Cancelled
O107087,2024-01-18,C6314,P1173,S200,West,Online,3,7396,0,Debit Card,Completed
O107088,2024-05-13,C6279,P1069,S229,South,Online,2,10947,0,Debit Card,Completed
O107089,2025-04-04,C5294,P1252,S236,West,Online,4,17202,0,Debit Card,Completed
O107090,2025-08-10,C6923,P1294,S222,East,Online,1,16364,0,UPI,Completed
O107091,2024-09-09,C5207,P1083,S219,North,Online,4,7188,0,Credit Card,Completed
O107092,2025-11-15,C6604,P1241,S204,North,Store,3,19467,0,Cash,Cancelled
O107093,2025-02-04,C6385,P1225,S221,North,Store,3,14610,0,Cash,Completed
O107094,2025-07-18,C6969,P1270,S227,North,Online,1,19833,0,Credit Card,Completed
O107095,2025-03-07,C6470,P1078,S235,North,Store,2,23389,0,Credit Card,Completed
O107096,2025-04-24,C6910,P1211,S208,East,Online,5,17552,275,Cash,Completed
O107097,2024-03-23,C5788,P1031,S206,South,Store,4,6951,371,UPI,Completed
O107098,2025-01-18,C6923,P1058,S207,North,Online,3,16157,0,Debit Card,Completed
O107099,2025-09-25,C5131,P1070,S244,East,Online,4,3836,0,Cash,Cancelled
O107100,2024-04-14,C5513,P1211,S236,West,Store,5,17552,0,Debit Card,Cancelled
O107101,2024-03-01,C6699,P1030,S215,East,Store,3,11890,0,Debit Card,Cancelled
O107102,2024-05-18,C5097,P1105,S215,East,Store,2,10648,0,Debit Card,Completed
O107103,2024-10-19,C5447,P1009,S218,North,Store,1,15817,0,UPI,Cancelled
O107104,2025-09-09,C5867,P1118,S213,North,Online,1,23140,251,Cash,Completed
O107105,2025-01-27,C6733,P1036,S230,East,Store,2,11836,0,Credit Card,Completed
O107106,2025-01-14,C6550,P1264,S203,East,Online,1,5155,0,Cash,Cancelled
O107107,2025-04-27,C6453,P1135,S236,West,Online,1,18707,246,Debit Card,Completed
O107108,2025-09-21,C5564,P1145,S242,North,Store,3,13495,0,Credit Card,Completed
O107109,2025-07-09,C5950,P1281,S203,East,Store,3,12731,0,Debit Card,Completed
O107110,2024-06-23,C5095,P1211,S201,South,Store,2,17552,0,UPI,Completed
O107111,2024-12-21,C5192,P1198,S212,West,Online,5,834,0,Credit Card,Completed
O107112,2025-09-08,C5706,P1193,S200,West,Store,1,18061,57,Credit Card,Cancelled
O107113,2024-08-18,C6964,P1134,S248,West,Store,1,8636,0,UPI,Completed
O107114,2025-07-29,C6370,P1019,S240,North,Online,3,11005,0,Credit Card,Completed
O107115,2024-09-06,C5723,P1272,S222,East,Store,4,21727,322,UPI,Completed
O107116,2024-03-02,C5221,P1021,S240,North,Store,2,11470,0,Credit Card,Completed
O107117,2025-07-30,C5085,P1056,S218,North,Online,5,17229,331,UPI,Completed
O107118,2024-05-15,C5108,P1206,S222,East,Store,2,21502,0,Credit Card,Cancelled
O107119,2024-11-20,C6036,P1101,S235,North,Online,4,17061,371,Credit Card,Completed
O107120,2024-05-12,C5807,P1274,S228,South,Online,5,20728,97,Cash,Completed
O107121,2024-10-17,C6686,P1222,S235,North,Store,4,15054,0,UPI,Completed
O107122,2025-08-02,C5595,P1197,S241,South,Online,2,16495,0,Credit Card,Completed
O107123,2024-04-03,C6344,P1080,S217,West,Online,2,5303,157,Credit Card,Completed
O107124,2024-09-03,C5876,P1138,S227,North,Store,3,8919,0,UPI,Completed
O107125,2025-02-03,C6912,P1047,S242,North,Online,2,6278,0,Debit Card,Completed
O107126,2025-11-14,C6313,P1035,S206,South,Store,4,21802,0,Cash,Completed
O107127,2024-04-08,C6552,P1243,S241,South,Online,4,21225,0,UPI,Completed
O107128,2025-09-20,C6414,P1062,S237,North,Store,5,17006,0,Cash,Cancelled
O107129,2024-12-29,C5507,P1180,S248,West,Store,3,6796,135,Cash,Cancelled
O107130,2024-08-05,C6486,P1087,S235,North,Online,3,5062,0,UPI,Completed
O107131,2024-10-20,C6146,P1000,S216,East,Online,1,5850,0,Credit Card,Completed
O107132,2025-05-21,C6580,P1069,S242,North,Store,1,10947,0,Debit Card,Completed
O107133,2025-05-17,C6757,P1258,S204,North,Store,2,21780,0,Debit Card,Completed
O107134,2025-03-08,C6629,P1166,S247,North,Store,5,1640,0,Debit Card,Completed
O107135,2024-05-25,C5120,P1030,S243,South,Online,5,11890,307,Debit Card,Completed
O107136,2025-01-09,C6850,P1121,S228,South,Online,3,12001,0,Debit Card,Completed
O107137,2024-12-14,C6636,P1182,S229,South,Store,3,18616,312,Credit Card,Completed
O107138,2025-07-23,C6973,P1113,S226,North,Store,1,2267,0,Cash,Cancelled
O107139,2024-04-11,C6557,P1181,S204,North,Store,2,4623,0,Debit Card,Cancelled
O107140,2024-07-06,C5422,P1273,S230,East,Online,1,17610,0,Credit Card,Completed
O107141,2025-09-28,C6134,P1095,S208,East,Online,2,13952,267,UPI,Completed
O107142,2025-06-08,C6406,P1059,S210,North,Online,2,10909,0,Credit Card,Completed
O107143,2024-05-20,C5995,P1122,S226,North,Store,2,4929,0,Debit Card,Completed
O107144,2025-12-26,C5333,P1255,S218,North,Store,4,14851,0,Cash,Completed
O107145,2025-11-25,C6380,P1001,S241,South,Store,5,15566,0,UPI,Completed
O107146,2024-01-17,C5187,P1167,S203,East,Store,1,14354,0,UPI,Cancelled
O107147,2025-09-29,C5604,P1037,S248,West,Online,3,17516,0,Debit Card,Completed
O107148,2025-08-10,C5673,P1014,S208,East,Online,3,6858,0,Credit Card,Completed
O107149,2025-05-21,C5249,P1075,S241,South,Store,4,19286,0,UPI,Completed
O107150,2025-06-17,C6847,P1010,S245,East,Store,1,8826,0,Debit Card,Completed
O107151,2024-06-17,C6753,P1227,S231,North,Online,1,5382,193,Debit Card,Completed
O107152,2024-06-25,C5013,P1237,S218,North,Online,3,21100,331,Cash,Cancelled
O107153,2024-04-06,C6935,P1019,S239,West,Online,4,11005,280,Debit Card,Completed
O107154,2025-05-15,C5418,P1041,S236,West,Store,4,15445,363,Debit Card,Completed
O107155,2024-02-12,C6971,P1098,S229,South,Store,4,22065,0,Debit Card,Completed
O107156,2025-07-02,C6892,P1158,S222,East,Store,1,18699,168,Cash,Completed
O107157,2025-09-25,C5260,P1249,S248,West,Store,1,17145,0,Debit Card,Completed
O107158,2024-02-21,C6386,P1195,S209,West,Store,4,2809,94,Credit Card,Completed
O107159,2025-06-21,C6259,P1018,S207,North,Store,1,14106,0,Cash,Completed
O107160,2024-08-02,C5983,P1225,S229,South,Store,3,14610,0,UPI,Completed
O107161,2024-06-11,C6263,P1203,S219,North,Store,1,17152,0,Credit Card,Completed
O107162,2025-03-07,C5575,P1115,S202,East,Online,5,20308,0,UPI,Cancelled
O107163,2025-08-19,C6613,P1222,S247,North,Store,2,15054,0,Cash,Completed
O107164,2025-08-10,C5739,P1108,S243,South,Store,1,14233,277,UPI,Completed
O107165,2024-07-23,C6312,P1197,S212,West,Store,1,16495,0,Credit Card,Completed
O107166,2024-12-17,C6678,P1171,S231,North,Store,5,20278,0,UPI,Completed
O107167,2024-09-03,C5880,P1272,S244,East,Store,5,21727,0,Credit Card,Completed
O107168,2024-08-27,C5135,P1294,S229,South,Store,3,16364,340,Debit Card,Completed
O107169,2024-12-30,C5387,P1069,S219,North,Online,5,10947,0,Credit Card,Completed
O107170,2025-07-20,C6452,P1008,S202,East,Online,2,11489,0,UPI,Completed
O107171,2025-08-17,C6483,P1068,S210,North,Online,2,11524,0,Credit Card,Cancelled
O107172,2025-02-20,C6618,P1108,S249,East,Store,4,14233,0,Credit Card,Completed
O107173,2025-08-16,C6076,P1276,S225,South,Store,5,17692,0,UPI,Completed
O107174,2025-12-25,C6866,P1071,S220,South,Store,3,5086,0,Credit Card,Completed
O107175,2025-12-05,C6364,P1225,S212,West,Online,5,14610,0,Debit Card,Completed
O107176,2024-01-18,C5768,P1120,S201,South,Store,2,20523,0,Debit Card,Completed
O107177,2025-03-04,C6527,P1102,S200,West,Store,2,11805,0,Cash,Cancelled
O107178,2024-01-08,C6742,P1116,S241,South,Online,5,5919,50,Credit Card,Cancelled
O107179,2024-09-30,C6507,P1131,S245,East,Online,1,20406,0,UPI,Completed
O107180,2024-11-03,C6773,P1284,S200,West,Online,2,13277,0,Credit Card,Completed
O107181,2024-06-08,C6738,P1196,S216,East,Online,4,13692,0,UPI,Completed
O107182,2024-02-22,C6182,P1286,S201,South,Store,5,1267,0,Credit Card,Completed
O107183,2024-03-12,C6439,P1219,S241,South,Store,1,11028,0,Debit Card,Completed
O107184,2024-09-29,C5787,P1053,S225,South,Online,3,3129,0,UPI,Completed
O107185,2025-10-21,C5099,P1264,S226,North,Store,3,5155,152,UPI,Completed
O107186,2025-12-22,C5457,P1200,S230,East,Online,2,2422,0,Cash,Cancelled
O107187,2025-04-19,C5454,P1091,S248,West,Store,5,12784,0,Credit Card,Completed
O107188,2025-02-02,C6432,P1134,S231,North,Store,3,8636,122,Credit Card,Cancelled
O107189,2025-07-25,C6990,P1081,S210,North,Store,5,11888,0,Credit Card,Completed
O107190,2025-09-06,C6355,P1219,S202,East,Online,5,11028,0,UPI,Cancelled
O107191,2025-06-11,C6973,P1020,S204,North,Online,3,10169,0,Cash,Cancelled
O107192,2025-06-21,C6583,P1249,S234,East,Store,5,17145,0,UPI,Completed
O107193,2024-04-14,C6463,P1109,S211,West,Online,1,5046,0,Cash,Cancelled
O107194,2024-10-05,C5319,P1153,S224,East,Online,1,14011,0,UPI,Cancelled
O107195,2024-01-27,C5849,P1262,S222,East,Store,5,11478,0,Credit Card,Completed
O107196,2024-03-02,C5808,P1039,S222,East,Store,4,3162,0,Cash,Cancelled
O107197,2025-07-18,C6461,P1204,S222,East,Store,4,3675,0,UPI,Completed
O107198,2025-03-06,C6053,P1054,S249,East,Online,5,17956,0,Cash,Completed
O107199,2024-08-23,C5934,P1102,S211,West,Online,5,11805,0,Cash,Cancelled
O107200,2025-06-26,C6022,P1183,S231,North,Online,2,3139,0,Cash,Completed
O107201,2024-05-02,C5787,P1110,S246,North,Online,4,5745,0,Credit Card,Completed
O107202,2025-03-13,C5428,P1024,S212,West,Store,5,15591,0,Credit Card,Completed
O107203,2024-11-25,C5153,P1171,S238,East,Online,1,20278,0,Debit Card,Completed
O107204,2025-02-19,C5636,P1205,S225,South,Store,5,3522,102,Cash,Completed
O107205,2025-06-11,C5817,P1291,S239,West,Online,3,12542,0,Debit Card,Completed
O107206,2024-06-23,C6542,P1145,S216,East,Store,1,13495,0,UPI,Cancelled
O107207,2024-01-24,C5546,P1064,S242,North,Online,2,13395,0,UPI,Completed
O107208,2024-03-11,C5475,P1246,S224,East,Online,5,22713,0,Credit Card,Cancelled
O107209,2025-03-30,C5281,P1013,S208,East,Online,5,18762,0,Debit Card,Completed
O107210,2024-02-08,C6547,P1294,S233,North,Online,2,16364,242,UPI,Completed
O107211,2024-02-13,C6351,P1102,S239,West,Online,2,11805,0,Debit Card,Completed
O107212,2024-10-10,C5171,P1172,S212,West,Store,4,15856,0,Debit Card,Completed
O107213,2025-08-09,C5662,P1258,S214,West,Online,2,21780,0,Debit Card,Completed
O107214,2025-04-16,C6148,P1137,S212,West,Online,5,8938,235,UPI,Completed
O107215,2025-10-18,C6323,P1125,S209,West,Store,1,8150,0,Credit Card,Completed
O107216,2025-09-13,C6255,P1216,S225,South,Store,4,19992,0,UPI,Cancelled
O107217,2025-03-27,C6403,P1055,S246,North,Online,4,21841,0,Debit Card,Completed
O107218,2025-06-19,C6447,P1213,S249,East,Store,2,14282,0,Cash,Completed
O107219,2025-08-16,C6613,P1273,S238,East,Store,5,17610,338,Cash,Completed
O107220,2024-02-26,C6830,P1056,S229,South,Store,2,17229,0,Credit Card,Completed
O107221,2025-06-20,C6585,P1258,S208,East,Store,5,21780,277,Credit Card,Completed
O107222,2024-12-23,C5767,P1260,S201,South,Online,1,1933,0,Debit Card,Cancelled
O107223,2025-09-11,C5923,P1078,S243,South,Online,3,23389,0,Credit Card,Completed
O107224,2025-09-06,C5677,P1154,S214,West,Online,4,16309,0,UPI,Completed
O107225,2024-07-20,C5268,P1252,S204,North,Online,4,17202,0,UPI,Completed
O107226,2025-01-05,C6560,P1037,S238,East,Store,1,17516,346,Debit Card,Completed
O107227,2025-01-12,C6346,P1188,S218,North,Store,5,15328,0,Debit Card,Completed
O107228,2024-09-27,C5828,P1263,S222,East,Store,4,7564,0,UPI,Completed
O107229,2024-07-14,C6489,P1174,S217,West,Store,2,21347,0,UPI,Completed
O107230,2025-07-18,C6702,P1072,S227,North,Online,1,11213,0,Debit Card,Cancelled
O107231,2025-12-20,C5562,P1178,S229,South,Store,4,8635,0,Credit Card,Cancelled
O107232,2024-06-05,C5353,P1015,S239,West,Store,3,19492,0,UPI,Cancelled
O107233,2025-11-20,C5637,P1166,S241,South,Online,1,1640,0,Cash,Completed
O107234,2025-10-08,C5411,P1253,S242,North,Online,5,20605,0,Credit Card,Cancelled
O107235,2025-05-16,C5445,P1071,S228,South,Online,1,5086,0,Debit Card,Cancelled
O107236,2024-07-05,C6222,P1004,S227,North,Online,5,6831,152,Credit Card,Completed
O107237,2025-11-18,C6436,P1106,S225,South,Online,3,16729,0,Cash,Completed
O107238,2025-08-27,C5461,P1161,S215,East,Store,1,23914,0,Debit Card,Cancelled
O107239,2025-07-16,C6710,P1141,S219,North,Store,5,5607,0,Debit Card,Cancelled
O107240,2025-05-30,C5831,P1072,S246,North,Online,3,11213,378,Debit Card,Completed
O107241,2024-07-28,C6203,P1270,S215,East,Online,1,19833,0,Debit Card,Completed
O107242,2025-09-07,C6844,P1176,S216,East,Store,5,14974,0,Debit Card,Completed
O107243,2025-03-28,C5171,P1068,S211,West,Online,2,11524,0,Credit Card,Completed
O107244,2025-07-25,C6007,P1196,S201,South,Store,5,13692,0,Credit Card,Cancelled
O107245,2024-06-15,C5029,P1279,S207,North,Online,4,5899,0,Debit Card,Completed
O107246,2024-04-12,C6377,P1154,S200,West,Online,1,16309,0,Cash,Completed
O107247,2025-07-05,C6433,P1168,S222,East,Store,4,11993,0,Debit Card,Cancelled
O107248,2024-03-02,C6786,P1037,S211,West,Online,1,17516,0,Credit Card,Cancelled
O107249,2025-07-25,C5959,P1164,S228,South,Online,3,5775,0,Debit Card,Completed
O107250,2024-05-11,C6019,P1238,S235,North,Store,1,18960,185,Cash,Completed
O107251,2025-12-07,C5879,P1009,S222,East,Store,4,15817,0,Credit Card,Cancelled
O107252,2024-03-07,C5494,P1136,S214,West,Store,2,3271,0,Debit Card,Completed
O107253,2025-09-08,C5198,P1150,S221,North,Online,3,7422,0,Debit Card,Completed
O107254,2025-06-07,C5645,P1292,S218,North,Store,5,23214,0,Debit Card,Cancelled
O107255,2025-07-23,C6844,P1055,S237,North,Store,2,21841,418,UPI,Cancelled
O107256,2025-09-15,C6387,P1145,S230,East,Store,5,13495,0,UPI,Cancelled
O107257,2024-02-01,C6698,P1035,S213,North,Online,2,21802,0,Cash,Cancelled
O107258,2025-01-30,C6223,P1256,S225,South,Store,1,8546,0,Cash,Completed
O107259,2025-03-12,C6739,P1048,S207,North,Store,5,16836,0,Debit Card,Completed
O107260,2025-01-28,C6598,P1130,S212,West,Online,1,9394,0,UPI,Cancelled
O107261,2024-06-28,C5677,P1277,S201,South,Store,2,2790,238,Cash,Completed
O107262,2024-05-16,C5219,P1259,S248,West,Online,4,13997,215,Credit Card,Cancelled
O107263,2024-12-25,C5914,P1046,S223,West,Online,4,11020,0,Credit Card,Completed
O107264,2024-11-06,C5668,P1168,S223,West,Online,2,11993,70,UPI,Cancelled
O107265,2024-04-03,C5806,P1125,S249,East,Store,3,8150,0,Credit Card,Completed
O107266,2024-10-18,C5090,P1021,S208,East,Store,1,11470,0,Credit Card,Completed
O107267,2025-03-02,C6594,P1297,S219,North,Online,5,20307,0,UPI,Completed
O107268,2025-07-10,C6925,P1167,S231,North,Store,3,14354,0,Credit Card,Completed
O107269,2025-05-20,C5558,P1023,S214,West,Store,1,11148,93,Cash,Cancelled
O107270,2025-04-03,C6450,P1052,S206,South,Online,5,13741,434,Debit Card,Completed
O107271,2025-08-14,C5248,P1025,S244,East,Store,4,8362,0,Credit Card,Completed
O107272,2024-08-15,C6288,P1163,S210,North,Online,2,11924,0,Cash,Completed
O107273,2025-04-06,C6596,P1064,S241,South,Online,5,13395,0,Debit Card,Completed
O107274,2024-09-25,C6656,P1099,S206,South,Store,2,17578,0,Credit Card,Completed
O107275,2024-01-27,C5117,P1183,S211,West,Online,4,3139,141,Cash,Completed
O107276,2025-02-02,C6722,P1126,S234,East,Store,1,13666,408,Debit Card,Completed
O107277,2024-02-03,C6661,P1057,S224,East,Store,1,12244,0,Credit Card,Completed
O107278,2024-12-04,C5533,P1275,S245,East,Online,5,22022,0,Debit Card,Cancelled
O107279,2024-02-10,C5644,P1249,S213,North,Online,5,17145,354,Credit Card,Completed
O107280,2025-04-22,C6430,P1198,S200,West,Store,2,834,0,UPI,Completed
O107281,2024-01-07,C5939,P1143,S209,West,Store,1,8850,51,UPI,Completed
O107282,2024-10-19,C6873,P1129,S247,North,Store,1,5589,0,UPI,Completed
O107283,2024-04-19,C5308,P1019,S221,North,Store,2,11005,0,Credit Card,Completed
O107284,2025-02-18,C6103,P1268,S210,North,Store,1,5770,0,Credit Card,Completed
O107285,2025-05-17,C6750,P1000,S210,North,Store,4,5850,0,UPI,Completed
O107286,2025-07-04,C5693,P1022,S218,North,Online,3,14533,0,Credit Card,Completed
O107287,2025-02-12,C5828,P1001,S240,North,Online,4,15566,0,UPI,Completed
O107288,2025-02-23,C6181,P1175,S216,East,Store,3,20666,0,Cash,Cancelled
O107289,2024-08-08,C5147,P1140,S226,North,Online,3,18510,0,Credit Card,Completed
O107290,2025-12-06,C6809,P1177,S225,South,Online,1,4568,0,Debit Card,Completed
O107291,2024-01-19,C6541,P1167,S214,West,Store,1,14354,297,Credit Card,Completed
O107292,2024-05-10,C5867,P1282,S246,North,Online,3,19507,0,Debit Card,Completed
O107293,2025-05-29,C5060,P1097,S233,North,Store,5,8915,0,UPI,Cancelled
O107294,2025-04-22,C5300,P1148,S211,West,Online,2,10231,0,UPI,Cancelled
O107295,2024-12-15,C5109,P1036,S210,North,Store,1,11836,0,Credit Card,Cancelled
O107296,2024-05-10,C5714,P1189,S249,East,Store,3,23820,75,Debit Card,Completed
O107297,2024-05-07,C6105,P1005,S228,South,Online,1,15987,206,Credit Card,Completed
O107298,2024-08-17,C6032,P1015,S205,South,Store,2,19492,476,Cash,Cancelled
O107299,2024-05-05,C5778,P1191,S203,East,Online,4,13093,184,UPI,Completed
O107300,2024-02-26,C5456,P1027,S211,West,Store,3,5053,0,UPI,Completed
O107301,2025-04-07,C5705,P1087,S207,North,Online,4,5062,0,Credit Card,Completed
O107302,2025-06-08,C5780,P1188,S219,North,Online,1,15328,0,Debit Card,Completed
O107303,2025-03-11,C5121,P1003,S209,West,Store,3,1494,0,Credit Card,Completed
O107304,2024-04-20,C6069,P1059,S223,West,Online,3,10909,0,Debit Card,Completed
O107305,2024-04-07,C5188,P1053,S234,East,Store,1,3129,0,Debit Card,Completed
O107306,2024-12-16,C6669,P1230,S221,North,Online,4,12075,0,Cash,Completed
O107307,2024-05-09,C5993,P1094,S214,West,Online,1,3783,0,Debit Card,Completed
O107308,2024-06-23,C6872,P1048,S246,North,Store,1,16836,0,Cash,Completed
O107309,2025-10-12,C6695,P1256,S247,North,Store,4,8546,0,Cash,Cancelled
O107310,2024-04-22,C5528,P1004,S219,North,Online,1,6831,0,Cash,Completed
O107311,2025-08-07,C5680,P1141,S224,East,Store,1,5607,0,Credit Card,Completed
O107312,2024-08-28,C6619,P1263,S234,East,Online,5,7564,264,Cash,Completed
O107313,2025-04-08,C6182,P1223,S203,East,Store,1,4729,0,UPI,Completed
O107314,2024-01-14,C5274,P1042,S209,West,Store,4,20007,0,Credit Card,Completed
O107315,2025-12-15,C5725,P1134,S211,West,Online,1,8636,0,Credit Card,Cancelled
O107316,2025-05-13,C5865,P1037,S223,West,Store,3,17516,0,Debit Card,Completed
O107317,2024-08-16,C5391,P1051,S241,South,Store,4,16446,0,Credit Card,Completed
O107318,2025-05-21,C5086,P1222,S208,East,Store,2,15054,0,Debit Card,Completed
O107319,2024-07-27,C5535,P1064,S244,East,Store,2,13395,0,Credit Card,Cancelled
O107320,2025-06-12,C5785,P1152,S241,South,Online,5,11737,368,Cash,Completed
O107321,2024-04-09,C6683,P1138,S244,East,Online,1,8919,0,Debit Card,Cancelled
O107322,2024-08-27,C5779,P1000,S238,East,Store,2,5850,74,Credit Card,Completed
O107323,2025-04-08,C6189,P1144,S205,South,Online,4,21604,0,Credit Card,Completed
O107324,2025-06-17,C5427,P1197,S226,North,Online,4,16495,0,Credit Card,Completed
O107325,2025-01-30,C6017,P1132,S222,East,Store,2,19210,0,UPI,Cancelled
O107326,2024-02-03,C6721,P1271,S218,North,Online,1,14975,0,Cash,Completed
O107327,2024-02-02,C6729,P1191,S206,South,Online,3,13093,0,Debit Card,Cancelled
O107328,2024-03-31,C6707,P1078,S245,East,Online,4,23389,0,Credit Card,Cancelled
O107329,2024-01-25,C6098,P1143,S238,East,Online,1,8850,0,UPI,Cancelled
O107330,2025-09-13,C5455,P1151,S201,South,Store,1,12508,0,UPI,Completed
O107331,2025-10-14,C5146,P1170,S224,East,Store,5,13196,0,UPI,Completed
O107332,2024-06-06,C6073,P1053,S241,South,Store,2,3129,55,UPI,Completed
O107333,2024-03-14,C5241,P1191,S236,West,Online,3,13093,0,Debit Card,Completed
O107334,2025-08-02,C5462,P1281,S212,West,Store,3,12731,110,Cash,Cancelled
O107335,2025-04-03,C6899,P1081,S245,East,Online,4,11888,465,Cash,Completed
O107336,2025-03-21,C5101,P1181,S241,South,Online,5,4623,0,Debit Card,Completed
O107337,2025-11-20,C6822,P1244,S247,North,Store,4,5773,0,Debit Card,Completed
O107338,2024-12-07,C5155,P1209,S244,East,Store,2,14912,56,UPI,Cancelled
O107339,2024-03-16,C5301,P1252,S206,South,Store,5,17202,0,Cash,Completed
O107340,2024-06-15,C6570,P1227,S248,West,Store,1,5382,150,Debit Card,Cancelled
O107341,2025-04-26,C6781,P1070,S214,West,Online,4,3836,0,Credit Card,Completed
O107342,2024-05-13,C5474,P1031,S244,East,Store,5,6951,0,UPI,Completed
O107343,2025-09-12,C5677,P1215,S241,South,Store,1,16425,0,Debit Card,Completed
O107344,2025-03-18,C5292,P1180,S205,South,Online,4,6796,0,UPI,Completed
O107345,2025-10-10,C6085,P1083,S234,East,Online,4,7188,0,Debit Card,Completed
O107346,2025-05-07,C6051,P1275,S237,North,Store,3,22022,0,Credit Card,Completed
O107347,2025-11-15,C5217,P1077,S233,North,Store,3,5894,0,Debit Card,Completed
O107348,2024-09-26,C5175,P1123,S242,North,Store,2,15348,0,Cash,Completed
O107349,2024-07-04,C6578,P1223,S222,East,Online,2,4729,0,Credit Card,Completed
O107350,2025-11-08,C5387,P1218,S223,West,Store,1,15354,0,Credit Card,Completed
O107351,2025-11-14,C5683,P1294,S235,North,Online,1,16364,391,Debit Card,Cancelled
O107352,2025-07-13,C6637,P1015,S208,East,Online,2,19492,0,Credit Card,Completed
O107353,2024-12-08,C6134,P1091,S237,North,Online,1,12784,401,Cash,Completed
O107354,2024-02-20,C5874,P1146,S219,North,Online,4,13303,0,Credit Card,Cancelled
O107355,2024-07-13,C6616,P1212,S204,North,Store,2,21743,0,Cash,Completed
O107356,2024-02-10,C5885,P1062,S200,West,Store,4,17006,0,UPI,Cancelled
O107357,2024-01-21,C6917,P1044,S230,East,Store,4,11357,183,Cash,Completed
O107358,2025-04-28,C5747,P1141,S248,West,Store,2,5607,0,Debit Card,Completed
O107359,2025-02-01,C6752,P1099,S216,East,Store,4,17578,0,Cash,Completed
O107360,2024-04-17,C5382,P1225,S249,East,Online,3,14610,0,Cash,Completed
O107361,2025-05-28,C5147,P1018,S207,North,Store,5,14106,0,UPI,Completed
O107362,2025-02-05,C5552,P1128,S246,North,Online,2,10078,0,UPI,Cancelled
O107363,2025-05-30,C6337,P1091,S240,North,Store,3,12784,392,UPI,Completed
O107364,2025-07-15,C5987,P1296,S220,South,Online,2,10596,0,Credit Card,Completed
O107365,2024-03-20,C6105,P1205,S203,East,Online,2,3522,0,Debit Card,Completed
O107366,2025-10-16,C6452,P1111,S232,North,Online,2,6965,0,UPI,Cancelled
O107367,2024-04-17,C6705,P1173,S215,East,Online,5,7396,0,UPI,Completed
O107368,2025-01-14,C6299,P1056,S210,North,Online,1,17229,392,Credit Card,Cancelled
O107369,2025-12-13,C5232,P1159,S215,East,Online,3,18152,0,Debit Card,Completed
O107370,2024-03-06,C6939,P1180,S215,East,Store,3,6796,0,Cash,Completed
O107371,2025-02-12,C5857,P1098,S205,South,Store,2,22065,0,Cash,Completed
O107372,2025-05-21,C6519,P1299,S212,West,Online,4,17937,0,Cash,Completed
O107373,2024-08-03,C5448,P1222,S238,East,Online,4,15054,232,Cash,Completed
O107374,2025-10-29,C6658,P1092,S248,West,Store,2,9784,0,Credit Card,Completed
O107375,2025-03-27,C5711,P1233,S241,South,Online,5,12833,231,UPI,Completed
O107376,2025-08-31,C5657,P1071,S247,North,Store,5,5086,434,Credit Card,Completed
O107377,2025-08-31,C5791,P1009,S201,South,Store,1,15817,133,Cash,Completed
O107378,2025-03-31,C6095,P1280,S222,East,Online,3,17740,0,UPI,Completed
O107379,2025-06-07,C5157,P1286,S208,East,Online,3,1267,0,UPI,Completed
O107380,2025-05-03,C5756,P1134,S224,East,Online,5,8636,0,UPI,Completed
O107381,2024-09-16,C6444,P1208,S214,West,Store,3,11265,0,Debit Card,Completed
O107382,2024-06-29,C6368,P1257,S222,East,Store,5,18316,0,UPI,Completed
O107383,2025-07-15,C6920,P1100,S241,South,Online,2,9778,0,UPI,Completed
O107384,2025-12-18,C5098,P1079,S220,South,Store,2,9159,126,UPI,Completed
O107385,2025-02-20,C5729,P1215,S212,West,Online,1,16425,0,Cash,Completed
O107386,2025-09-19,C6054,P1095,S236,West,Store,4,13952,0,UPI,Cancelled
O107387,2024-02-22,C6613,P1187,S238,East,Online,5,10875,75,Cash,Completed
O107388,2025-05-22,C6557,P1012,S242,North,Store,2,20263,0,Debit Card,Cancelled
O107389,2024-08-18,C6416,P1166,S247,North,Store,1,1640,0,Credit Card,Cancelled
O107390,2025-07-31,C5218,P1254,S232,North,Store,5,18521,0,UPI,Completed
O107391,2025-01-05,C5665,P1190,S236,West,Online,1,22649,0,Credit Card,Completed
O107392,2024-07-12,C5236,P1119,S245,East,Online,2,20033,0,Cash,Completed
O107393,2024-07-26,C6340,P1233,S214,West,Store,5,12833,0,Cash,Cancelled
O107394,2024-12-24,C6665,P1046,S234,East,Store,3,11020,211,Debit Card,Completed
O107395,2025-01-14,C6565,P1090,S242,North,Online,4,6496,476,Cash,Completed
O107396,2025-07-22,C5837,P1199,S207,North,Store,4,17589,66,UPI,Completed
O107397,2025-07-05,C6626,P1038,S212,West,Online,4,22462,0,UPI,Cancelled
O107398,2025-12-07,C6392,P1142,S214,West,Online,3,11011,0,Debit Card,Completed
O107399,2025-01-28,C6725,P1047,S230,East,Online,3,6278,441,Debit Card,Completed
O107400,2024-07-16,C5759,P1212,S208,East,Store,1,21743,0,Cash,Cancelled
O107401,2024-12-11,C6932,P1187,S210,North,Online,5,10875,370,UPI,Completed
O107402,2025-04-24,C6409,P1136,S240,North,Online,4,3271,0,Debit Card,Cancelled
O107403,2024-09-16,C6508,P1027,S229,South,Online,5,5053,0,Debit Card,Cancelled
O107404,2024-10-11,C5311,P1248,S225,South,Store,2,13480,133,UPI,Completed
O107405,2025-05-08,C5384,P1196,S233,North,Online,2,13692,185,Credit Card,Completed
O107406,2025-12-15,C6926,P1060,S246,North,Store,2,10490,69,UPI,Completed
O107407,2025-09-08,C5546,P1276,S219,North,Online,4,17692,60,Credit Card,Completed
O107408,2025-12-20,C5081,P1240,S218,North,Online,2,9126,445,UPI,Completed
O107409,2024-10-06,C5673,P1142,S242,North,Store,4,11011,461,Cash,Cancelled
O107410,2024-03-19,C6827,P1152,S222,East,Store,4,11737,389,Cash,Completed
O107411,2024-03-20,C5808,P1299,S223,West,Online,2,17937,183,Credit Card,Cancelled
O107412,2025-03-14,C5847,P1085,S229,South,Store,2,5647,0,Cash,Cancelled
O107413,2024-12-06,C5200,P1179,S236,West,Online,5,19591,0,Cash,Cancelled
O107414,2024-09-24,C6631,P1082,S212,West,Online,4,8487,0,Credit Card,Completed
O107415,2025-02-14,C6327,P1219,S201,South,Online,3,11028,0,Debit Card,Completed
O107416,2025-05-23,C5919,P1050,S242,North,Store,3,11986,241,Cash,Cancelled
O107417,2024-10-19,C6124,P1056,S246,North,Online,4,17229,0,Cash,Completed
O107418,2024-07-27,C6420,P1289,S205,South,Online,3,16378,0,Cash,Completed
O107419,2024-12-19,C5702,P1090,S235,North,Store,4,6496,0,Credit Card,Completed
O107420,2025-02-10,C6435,P1241,S210,North,Store,4,19467,0,UPI,Completed
O107421,2025-08-04,C5483,P1160,S249,East,Store,4,17020,0,Credit Card,Completed
O107422,2025-06-24,C6052,P1157,S234,East,Online,4,20469,0,Cash,Completed
O107423,2024-11-03,C6803,P1243,S226,North,Store,2,21225,0,UPI,Completed
O107424,2024-04-23,C5289,P1187,S217,West,Online,1,10875,0,Credit Card,Completed
O107425,2025-11-09,C6715,P1137,S206,South,Store,1,8938,0,Debit Card,Cancelled
O107426,2025-10-10,C5837,P1081,S247,North,Online,4,11888,0,Credit Card,Completed
O107427,2025-02-24,C6189,P1079,S214,West,Online,5,9159,0,Credit Card,Completed
O107428,2024-01-04,C5747,P1125,S242,North,Store,1,8150,0,Cash,Completed
O107429,2024-07-10,C5193,P1245,S224,East,Online,4,3373,0,UPI,Completed
O107430,2025-11-17,C5363,P1158,S237,North,Online,5,18699,0,UPI,Completed
O107431,2025-02-09,C5567,P1089,S213,North,Store,4,18424,0,Credit Card,Completed
O107432,2025-10-27,C5684,P1028,S226,North,Store,3,7958,0,UPI,Cancelled
O107433,2024-11-11,C6269,P1199,S204,North,Online,4,17589,138,Credit Card,Completed
O107434,2025-03-17,C6237,P1026,S226,North,Online,1,5942,0,Credit Card,Cancelled
O107435,2025-03-03,C5635,P1280,S206,South,Online,3,17740,0,Cash,Completed
O107436,2024-12-09,C6108,P1226,S238,East,Store,5,19224,0,Credit Card,Completed
O107437,2025-03-27,C6840,P1217,S214,West,Online,4,9870,0,Debit Card,Completed
O107438,2025-09-17,C6012,P1091,S239,West,Online,4,12784,0,Debit Card,Cancelled
O107439,2024-05-18,C6944,P1074,S242,North,Online,3,5321,0,Cash,Cancelled
O107440,2024-09-04,C6702,P1100,S238,East,Store,2,9778,480,Debit Card,Cancelled
O107441,2024-02-06,C6009,P1157,S243,South,Online,1,20469,0,Credit Card,Completed
O107442,2024-11-22,C5617,P1149,S220,South,Store,2,12341,0,Debit Card,Cancelled
O107443,2024-02-03,C6886,P1041,S230,East,Online,5,15445,0,Credit Card,Cancelled
O107444,2024-01-28,C5164,P1005,S227,North,Online,3,15987,0,Debit Card,Completed
O107445,2024-08-07,C6073,P1102,S248,West,Store,5,11805,0,Debit Card,Completed
O107446,2024-02-21,C6951,P1195,S229,South,Online,2,2809,0,UPI,Completed
O107447,2024-09-15,C6998,P1025,S225,South,Store,3,8362,0,Credit Card,Completed
O107448,2025-08-13,C5969,P1273,S211,West,Online,3,17610,338,Cash,Cancelled
O107449,2025-03-28,C6332,P1022,S207,North,Online,1,14533,0,Cash,Cancelled
O107450,2024-08-09,C5172,P1145,S203,East,Online,4,13495,0,UPI,Completed
O107451,2024-04-10,C6785,P1058,S216,East,Store,1,16157,393,Credit Card,Completed
O107452,2024-09-17,C6140,P1080,S218,North,Store,2,5303,0,Cash,Completed
O107453,2025-11-25,C5538,P1165,S237,North,Store,2,21855,0,Cash,Completed
O107454,2024-08-01,C6947,P1144,S244,East,Store,4,21604,0,UPI,Cancelled
O107455,2025-06-21,C6371,P1122,S218,North,Online,2,4929,0,Credit Card,Cancelled
O107456,2025-10-13,C5662,P1113,S247,North,Online,4,2267,0,UPI,Completed
O107457,2024-07-21,C6523,P1174,S214,West,Online,2,21347,0,Cash,Cancelled
O107458,2024-08-29,C5539,P1194,S217,West,Store,5,10696,0,UPI,Completed
O107459,2025-11-08,C6096,P1170,S227,North,Store,2,13196,0,UPI,Completed
O107460,2025-10-30,C6262,P1142,S227,North,Online,3,11011,0,UPI,Completed
O107461,2024-03-06,C6390,P1293,S228,South,Online,5,19741,0,Debit Card,Completed
O107462,2023-12-31,C6332,P1090,S200,West,Store,5,6496,0,Credit Card,Cancelled
O107463,2025-06-23,C6556,P1025,S206,South,Store,5,8362,0,Credit Card,Completed
O107464,2025-03-08,C6500,P1265,S206,South,Online,5,11992,97,Cash,Cancelled
O107465,2024-11-08,C5596,P1221,S200,West,Online,1,17898,284,Credit Card,Cancelled
O107466,2025-08-18,C5699,P1182,S244,East,Store,2,18616,0,Debit Card,Cancelled
O107467,2024-07-27,C6476,P1242,S217,West,Store,2,13862,0,UPI,Completed
O107468,2024-03-17,C5921,P1013,S209,West,Online,5,18762,375,Debit Card,Completed
O107469,2024-09-17,C5221,P1069,S238,East,Online,2,10947,0,Credit Card,Completed
O107470,2025-03-24,C5670,P1127,S206,South,Store,4,11658,0,UPI,Cancelled
O107471,2025-04-28,C6954,P1299,S223,West,Online,4,17937,377,Cash,Cancelled
O107472,2024-03-21,C6412,P1256,S237,North,Online,4,8546,0,Credit Card,Completed
O107473,2024-03-08,C6666,P1257,S223,West,Online,1,18316,0,UPI,Completed
O107474,2024-11-18,C5734,P1115,S216,East,Online,4,20308,0,Cash,Completed
O107475,2025-04-30,C5539,P1090,S211,West,Online,4,6496,323,Credit Card,Completed
O107476,2024-12-04,C5061,P1092,S208,East,Store,3,9784,0,UPI,Completed
O107477,2024-09-07,C6956,P1252,S232,North,Store,5,17202,0,Cash,Cancelled
O107478,2024-04-15,C6586,P1098,S208,East,Online,2,22065,0,Cash,Completed
O107479,2024-07-23,C5995,P1187,S211,West,Store,5,10875,0,UPI,Completed
O107480,2025-12-25,C6489,P1275,S243,South,Online,4,22022,0,Cash,Completed
O107481,2025-04-03,C6127,P1134,S230,East,Store,1,8636,0,Credit Card,Cancelled
O107482,2025-04-07,C5289,P1236,S212,West,Store,1,1650,0,Credit Card,Completed
O107483,2024-03-25,C5055,P1207,S233,North,Online,2,17879,0,Cash,Completed
O107484,2024-08-16,C6032,P1121,S244,East,Store,5,12001,0,Cash,Completed
O107485,2024-01-04,C6424,P1113,S221,North,Store,4,2267,0,Credit Card,Completed
O107486,2025-04-24,C6164,P1183,S204,North,Online,2,3139,0,UPI,Completed
O107487,2025-03-22,C5813,P1004,S241,South,Store,3,6831,0,Cash,Completed
O107488,2024-08-01,C5888,P1197,S202,East,Store,4,16495,0,Debit Card,Cancelled
O107489,2025-10-30,C5400,P1092,S243,South,Store,2,9784,279,Cash,Completed
O107490,2024-06-08,C6704,P1232,S217,West,Store,1,4324,0,Cash,Completed
O107491,2025-09-03,C6654,P1021,S238,East,Online,5,11470,113,UPI,Cancelled
O107492,2024-11-18,C5419,P1024,S244,East,Store,1,15591,339,UPI,Completed
O107493,2024-10-11,C5242,P1066,S202,East,Online,2,17713,90,Debit Card,Completed
O107494,2025-12-09,C5689,P1126,S229,South,Online,5,13666,0,Cash,Completed
O107495,2025-09-14,C6762,P1275,S204,North,Store,1,22022,0,Credit Card,Cancelled
O107496,2025-07-10,C6380,P1039,S221,North,Store,5,3162,0,Cash,Completed
O107497,2024-04-13,C5407,P1181,S216,East,Store,3,4623,0,Debit Card,Completed
O107498,2025-01-22,C5144,P1060,S219,North,Store,3,10490,0,Credit Card,Cancelled
O107499,2025-04-03,C5292,P1196,S207,North,Online,4,13692,98,Debit Card,Cancelled
O107500,2025-10-25,C5057,P1228,S211,West,Store,2,13342,0,Credit Card,Completed
O107501,2025-11-28,C5353,P1029,S234,East,Online,1,21239,0,Credit Card,Completed
O107502,2024-10-08,C5865,P1157,S214,West,Online,2,20469,0,Credit Card,Completed
O107503,2025-01-20,C6156,P1292,S210,North,Store,5,23214,345,Credit Card,Completed
O107504,2025-04-30,C5900,P1172,S208,East,Online,2,15856,0,Debit Card,Completed
O107505,2024-04-22,C6095,P1216,S227,North,Store,3,19992,0,UPI,Completed
O107506,2024-12-14,C5805,P1258,S231,North,Online,5,21780,0,Cash,Completed
O107507,2024-10-26,C5027,P1006,S239,West,Online,2,17945,0,UPI,Cancelled
O107508,2025-07-31,C5520,P1214,S205,South,Store,1,10921,0,UPI,Completed
O107509,2024-09-02,C5425,P1295,S220,South,Online,5,3337,244,UPI,Completed
O107510,2025-01-15,C5104,P1147,S213,North,Store,5,10106,0,Cash,Completed
O107511,2025-10-08,C6239,P1267,S243,South,Store,1,14604,0,Credit Card,Completed
O107512,2025-06-22,C5589,P1032,S201,South,Online,2,2864,351,UPI,Completed
O107513,2025-07-26,C5518,P1147,S224,East,Online,1,10106,86,Cash,Completed
O107514,2025-12-22,C5618,P1101,S207,North,Online,1,17061,0,UPI,Completed
O107515,2024-06-08,C5096,P1077,S206,South,Store,1,5894,447,Debit Card,Completed
O107516,2024-09-18,C6790,P1208,S238,East,Online,3,11265,0,Debit Card,Completed
O107517,2024-12-30,C6051,P1189,S227,North,Store,4,23820,452,Credit Card,Completed
O107518,2025-12-21,C5468,P1018,S237,North,Store,2,14106,0,Debit Card,Completed
O107519,2025-06-26,C5656,P1212,S210,North,Store,1,21743,0,UPI,Completed
O107520,2025-09-19,C5528,P1129,S221,North,Store,3,5589,258,Debit Card,Completed
O107521,2024-04-02,C6460,P1297,S227,North,Store,4,20307,0,Cash,Completed
O107522,2025-09-12,C6870,P1223,S236,West,Online,4,4729,0,Debit Card,Completed
O107523,2025-11-17,C5421,P1253,S229,South,Store,3,20605,120,UPI,Completed
O107524,2024-08-17,C5367,P1182,S244,East,Store,5,18616,0,Cash,Completed
O107525,2025-09-07,C5574,P1123,S211,West,Store,1,15348,0,Debit Card,Completed
O107526,2025-05-14,C6644,P1101,S240,North,Online,1,17061,338,UPI,Completed
O107527,2025-07-28,C6139,P1175,S214,West,Online,2,20666,0,UPI,Completed
O107528,2025-09-29,C6261,P1064,S220,South,Online,3,13395,0,UPI,Completed
O107529,2024-03-02,C5403,P1204,S210,North,Online,3,3675,447,Credit Card,Completed
O107530,2025-12-08,C6408,P1223,S204,North,Online,3,4729,0,Cash,Completed
O107531,2024-04-26,C6565,P1036,S226,North,Store,4,11836,0,Cash,Completed
O107532,2024-11-08,C5814,P1186,S208,East,Online,4,14983,0,UPI,Completed
O107533,2025-01-15,C5544,P1216,S211,West,Online,2,19992,0,Cash,Completed
O107534,2024-11-05,C5898,P1179,S215,East,Store,5,19591,0,UPI,Completed
O107535,2024-12-16,C6819,P1219,S214,West,Online,2,11028,0,Cash,Completed
O107536,2025-09-18,C6843,P1170,S213,North,Online,1,13196,167,UPI,Completed
O107537,2025-01-18,C6670,P1046,S249,East,Store,4,11020,0,Debit Card,Completed
O107538,2025-05-03,C5011,P1164,S201,South,Online,4,5775,0,UPI,Completed
O107539,2025-07-24,C5261,P1273,S227,North,Online,4,17610,429,Credit Card,Completed
O107540,2024-07-27,C6515,P1167,S246,North,Store,2,14354,71,Debit Card,Cancelled
O107541,2025-07-12,C6753,P1280,S201,South,Online,4,17740,0,Credit Card,Completed
O107542,2024-04-18,C5915,P1266,S200,West,Online,2,15728,0,Debit Card,Completed
O107543,2024-12-20,C6133,P1138,S230,East,Store,5,8919,147,Debit Card,Completed
O107544,2025-09-11,C5948,P1140,S241,South,Store,2,18510,0,Credit Card,Completed
O107545,2024-11-24,C5236,P1146,S231,North,Online,1,13303,0,Credit Card,Completed
O107546,2024-12-02,C5651,P1271,S223,West,Store,2,14975,0,Credit Card,Completed
O107547,2024-04-15,C6506,P1110,S204,North,Online,2,5745,0,Cash,Cancelled
O107548,2024-06-04,C5324,P1051,S222,East,Online,4,16446,0,UPI,Completed
O107549,2024-04-19,C6119,P1240,S243,South,Online,4,9126,0,Debit Card,Cancelled
O107550,2024-12-20,C6772,P1054,S230,East,Online,1,17956,0,Debit Card,Completed
O107551,2024-08-16,C5979,P1086,S204,North,Store,5,9673,0,UPI,Completed
O107552,2025-08-28,C5894,P1176,S203,East,Online,2,14974,0,Debit Card,Cancelled
O107553,2024-04-23,C6499,P1274,S243,South,Online,1,20728,471,Cash,Completed
O107554,2025-09-24,C5488,P1068,S221,North,Online,4,11524,0,Debit Card,Completed
O107555,2025-04-02,C6339,P1258,S225,South,Store,5,21780,0,UPI,Cancelled
O107556,2025-12-03,C5294,P1045,S210,North,Online,4,18465,0,Cash,Completed
O107557,2025-02-09,C5076,P1117,S245,East,Online,2,10710,0,Cash,Completed
O107558,2025-07-21,C5727,P1247,S224,East,Online,3,15686,0,UPI,Completed
O107559,2025-02-24,C5145,P1017,S245,East,Online,1,16288,0,Debit Card,Completed
O107560,2025-12-11,C5231,P1147,S232,North,Online,4,10106,57,Credit Card,Cancelled
O107561,2025-10-08,C6090,P1128,S224,East,Online,4,10078,0,Debit Card,Completed
O107562,2025-09-22,C5456,P1121,S207,North,Online,1,12001,0,Debit Card,Completed
O107563,2024-04-27,C6852,P1148,S222,East,Store,5,10231,0,Debit Card,Completed
O107564,2024-05-02,C6728,P1181,S220,South,Online,1,4623,187,Cash,Completed
O107565,2025-09-08,C5138,P1030,S248,West,Online,4,11890,0,Credit Card,Completed
O107566,2025-01-15,C5579,P1183,S232,North,Online,1,3139,0,UPI,Completed
O107567,2025-04-16,C6140,P1179,S230,East,Online,2,19591,0,Debit Card,Completed
O107568,2024-05-21,C5229,P1055,S214,West,Store,4,21841,495,Cash,Completed
O107569,2024-11-17,C5437,P1149,S220,South,Online,5,12341,301,UPI,Completed
O107570,2025-01-28,C6088,P1150,S201,South,Online,3,7422,0,Cash,Completed
O107571,2024-10-09,C6436,P1085,S215,East,Online,4,5647,0,Credit Card,Completed
O107572,2025-09-27,C6083,P1020,S224,East,Online,4,10169,288,UPI,Completed
O107573,2024-10-09,C5181,P1126,S231,North,Online,2,13666,0,Cash,Completed
O107574,2024-10-01,C5735,P1233,S221,North,Store,4,12833,0,Cash,Completed
O107575,2024-08-30,C6680,P1163,S202,East,Online,1,11924,0,Credit Card,Completed
O107576,2024-03-29,C5542,P1156,S246,North,Online,3,14997,0,UPI,Cancelled
O107577,2024-08-11,C5397,P1237,S237,North,Store,2,21100,376,Debit Card,Cancelled
O107578,2025-10-21,C6402,P1273,S210,North,Online,5,17610,0,Credit Card,Completed
O107579,2024-08-11,C5393,P1079,S249,East,Online,3,9159,0,Cash,Cancelled
O107580,2025-01-25,C6332,P1195,S246,North,Store,3,2809,0,Credit Card,Completed
O107581,2025-04-26,C5821,P1101,S236,West,Online,2,17061,0,Credit Card,Completed
O107582,2025-05-05,C5756,P1146,S249,East,Online,4,13303,0,UPI,Completed
O107583,2025-05-26,C5144,P1048,S234,East,Store,1,16836,0,Cash,Completed
O107584,2025-03-31,C6150,P1095,S233,North,Online,5,13952,0,Debit Card,Cancelled
O107585,2025-01-13,C6815,P1085,S213,North,Store,4,5647,221,UPI,Completed
O107586,2024-12-10,C6854,P1287,S222,East,Online,4,21054,182,Cash,Completed
O107587,2025-11-16,C6041,P1050,S230,East,Store,4,11986,0,Credit Card,Completed
O107588,2024-10-21,C5384,P1274,S215,East,Online,4,20728,0,UPI,Completed
O107589,2025-11-07,C6254,P1160,S242,North,Online,3,17020,0,UPI,Completed
O107590,2024-02-09,C6486,P1269,S221,North,Online,1,4684,0,Credit Card,Cancelled
O107591,2024-03-01,C5821,P1009,S228,South,Store,4,15817,0,Cash,Completed
O107592,2024-03-21,C5382,P1121,S227,North,Store,5,12001,364,UPI,Completed
O107593,2024-09-27,C6068,P1206,S240,North,Store,3,21502,0,UPI,Completed
O107594,2024-05-01,C6338,P1185,S234,East,Online,1,7628,0,Debit Card,Completed
O107595,2025-10-19,C5999,P1105,S248,West,Store,2,10648,0,UPI,Cancelled
O107596,2024-02-24,C5636,P1086,S223,West,Store,3,9673,0,Cash,Cancelled
O107597,2025-05-06,C5018,P1155,S206,South,Online,4,15032,0,Credit Card,Completed
O107598,2024-02-14,C5204,P1206,S215,East,Online,2,21502,0,Cash,Completed
O107599,2024-11-17,C5716,P1170,S237,North,Store,2,13196,0,Credit Card,Completed
O107600,2024-12-07,C6319,P1052,S202,East,Store,3,13741,0,Debit Card,Completed
O107601,2024-09-21,C6262,P1171,S225,South,Online,5,20278,0,UPI,Completed
O107602,2025-08-24,C6000,P1083,S204,North,Store,4,7188,0,Cash,Completed
O107603,2024-11-24,C6005,P1090,S225,South,Store,5,6496,342,Cash,Completed
O107604,2025-12-13,C5172,P1001,S223,West,Online,3,15566,0,Credit Card,Completed
O107605,2024-10-03,C5346,P1147,S241,South,Online,5,10106,458,Debit Card,Completed
O107606,2024-08-31,C6616,P1200,S202,East,Online,3,2422,0,Debit Card,Completed
O107607,2025-02-27,C6845,P1048,S214,West,Store,1,16836,181,Cash,Completed
O107608,2024-09-02,C5111,P1165,S247,North,Online,3,21855,0,Cash,Completed
O107609,2025-03-04,C5797,P1125,S214,West,Online,2,8150,0,Debit Card,Completed
O107610,2025-01-08,C6494,P1193,S222,East,Store,3,18061,261,UPI,Completed
O107611,2024-05-29,C6024,P1093,S210,North,Store,4,7635,0,Debit Card,Completed
O107612,2024-01-29,C6499,P1098,S218,North,Online,2,22065,0,Credit Card,Completed
O107613,2024-04-23,C6413,P1096,S232,North,Online,1,16951,0,Cash,Completed
O107614,2025-10-16,C6432,P1150,S233,North,Store,1,7422,104,Cash,Completed
O107615,2024-08-12,C6089,P1173,S206,South,Store,5,7396,0,Credit Card,Completed
O107616,2025-04-21,C6209,P1128,S237,North,Online,4,10078,158,Credit Card,Cancelled
O107617,2024-06-16,C5851,P1006,S247,North,Store,1,17945,0,Debit Card,Cancelled
O107618,2024-02-09,C6052,P1088,S234,East,Online,3,21299,0,Cash,Cancelled
O107619,2025-01-19,C6292,P1273,S230,East,Online,3,17610,0,Credit Card,Completed
O107620,2025-06-22,C5012,P1276,S200,West,Store,5,17692,0,Credit Card,Completed
O107621,2025-10-29,C6859,P1284,S247,North,Online,4,13277,0,Credit Card,Completed
O107622,2024-05-16,C5293,P1256,S219,North,Online,3,8546,0,Debit Card,Completed
O107623,2025-06-03,C6092,P1187,S245,East,Online,5,10875,199,Cash,Completed
O107624,2024-04-18,C5810,P1145,S232,North,Store,1,13495,0,Debit Card,Completed
O107625,2024-03-30,C5030,P1190,S237,North,Online,2,22649,0,Credit Card,Cancelled
O107626,2025-10-25,C6405,P1145,S207,North,Online,3,13495,0,Credit Card,Completed
O107627,2025-11-25,C5457,P1114,S239,West,Store,4,15114,0,Cash,Completed
O107628,2025-12-02,C6409,P1076,S200,West,Store,2,16951,208,Debit Card,Completed
O107629,2024-12-16,C6898,P1218,S208,East,Store,1,15354,0,Debit Card,Completed
O107630,2025-07-24,C6544,P1246,S215,East,Store,1,22713,0,Cash,Completed
O107631,2025-10-24,C5737,P1074,S200,West,Store,1,5321,0,Cash,Completed
O107632,2024-08-30,C5532,P1010,S243,South,Store,4,8826,0,Credit Card,Cancelled
O107633,2024-11-27,C6878,P1245,S240,North,Store,5,3373,0,Debit Card,Cancelled
O107634,2025-04-05,C5732,P1123,S201,South,Store,3,15348,0,Debit Card,Cancelled
O107635,2025-03-08,C6952,P1188,S216,East,Store,1,15328,0,Credit Card,Cancelled
O107636,2025-05-21,C5900,P1265,S201,South,Online,3,11992,0,Credit Card,Cancelled
O107637,2024-10-02,C5674,P1274,S212,West,Store,1,20728,0,Credit Card,Completed
O107638,2024-10-19,C5127,P1119,S244,East,Online,2,20033,0,Cash,Cancelled
O107639,2024-01-16,C5735,P1146,S243,South,Store,2,13303,0,Credit Card,Completed
O107640,2025-07-13,C5779,P1162,S211,West,Store,4,8893,0,Cash,Completed
O107641,2025-02-05,C6136,P1147,S221,North,Store,1,10106,0,UPI,Completed
O107642,2024-04-30,C6039,P1205,S205,South,Store,5,3522,0,UPI,Completed
O107643,2024-11-24,C5611,P1077,S211,West,Store,1,5894,0,Cash,Completed
O107644,2024-06-06,C6381,P1214,S233,North,Store,5,10921,0,Credit Card,Completed
O107645,2025-01-13,C5201,P1096,S231,North,Online,4,16951,113,Credit Card,Cancelled
O107646,2024-03-07,C6903,P1281,S216,East,Store,4,12731,0,UPI,Completed
O107647,2024-06-02,C6945,P1246,S210,North,Online,1,22713,197,Debit Card,Completed
O107648,2025-12-14,C6651,P1154,S204,North,Store,1,16309,0,UPI,Completed
O107649,2025-09-12,C6583,P1078,S218,North,Online,1,23389,0,Cash,Completed
O107650,2025-04-04,C5421,P1228,S204,North,Store,3,13342,0,UPI,Completed
O107651,2024-10-02,C5429,P1008,S241,South,Online,3,11489,0,Cash,Completed
O107652,2024-12-28,C6544,P1260,S206,South,Online,1,1933,0,Debit Card,Cancelled
O107653,2024-02-03,C5498,P1093,S224,East,Online,3,7635,0,Cash,Completed
O107654,2024-04-05,C5508,P1297,S224,East,Online,5,20307,0,UPI,Completed
O107655,2024-10-11,C5636,P1011,S213,North,Store,5,6770,0,Credit Card,Completed
O107656,2025-02-14,C6194,P1148,S237,North,Store,1,10231,0,Credit Card,Completed
O107657,2025-09-27,C5499,P1005,S219,North,Store,2,15987,0,Debit Card,Completed
O107658,2025-08-31,C6742,P1262,S202,East,Store,2,11478,0,Debit Card,Completed
O107659,2025-12-10,C5835,P1160,S237,North,Online,1,17020,0,Debit Card,Cancelled
O107660,2024-05-18,C5387,P1275,S228,South,Store,3,22022,0,Debit Card,Completed
O107661,2025-01-23,C6000,P1177,S210,North,Store,2,4568,0,Cash,Cancelled
O107662,2024-06-13,C6644,P1099,S239,West,Online,4,17578,0,UPI,Cancelled
O107663,2025-07-13,C6354,P1056,S245,East,Online,4,17229,0,UPI,Completed
O107664,2024-12-22,C5358,P1065,S223,West,Store,5,3007,0,UPI,Completed
O107665,2024-05-01,C6383,P1175,S220,South,Store,2,20666,0,Credit Card,Completed
O107666,2025-03-09,C5794,P1176,S211,West,Online,5,14974,0,UPI,Completed
O107667,2025-11-23,C5355,P1079,S201,South,Store,4,9159,479,Cash,Completed
O107668,2025-04-12,C5040,P1168,S225,South,Store,4,11993,0,Credit Card,Completed
O107669,2024-07-07,C5220,P1248,S246,North,Online,3,13480,0,UPI,Completed
O107670,2025-02-03,C6652,P1210,S241,South,Store,1,6616,0,Credit Card,Completed
O107671,2025-02-08,C5062,P1253,S215,East,Store,4,20605,0,Debit Card,Completed
O107672,2025-02-11,C6231,P1030,S223,West,Online,3,11890,0,UPI,Completed
O107673,2024-01-07,C5269,P1196,S233,North,Store,3,13692,0,UPI,Completed
O107674,2025-11-05,C6118,P1267,S235,North,Online,3,14604,0,Cash,Completed
O107675,2025-04-13,C5026,P1150,S248,West,Store,5,7422,0,Cash,Completed
O107676,2024-11-15,C6215,P1129,S247,North,Online,5,5589,0,Credit Card,Completed
O107677,2024-12-30,C6261,P1015,S226,North,Online,4,19492,159,Credit Card,Completed
O107678,2024-04-29,C6065,P1199,S204,North,Store,1,17589,0,Debit Card,Cancelled
O107679,2025-05-23,C5540,P1127,S209,West,Online,2,11658,0,Credit Card,Completed
O107680,2025-03-20,C5054,P1143,S234,East,Store,1,8850,0,Cash,Completed
O107681,2024-06-25,C5538,P1011,S247,North,Store,2,6770,354,Cash,Completed
O107682,2025-11-26,C5533,P1237,S210,North,Online,1,21100,0,UPI,Completed
O107683,2024-06-04,C5650,P1275,S228,South,Online,4,22022,0,Cash,Completed
O107684,2024-08-07,C6360,P1276,S200,West,Online,4,17692,0,Debit Card,Completed
O107685,2024-10-10,C5023,P1216,S201,South,Online,1,19992,0,Credit Card,Completed
O107686,2025-03-27,C5955,P1234,S237,North,Store,5,5302,0,Debit Card,Cancelled
O107687,2025-12-17,C5197,P1021,S214,West,Store,1,11470,461,Debit Card,Completed
O107688,2024-06-07,C6160,P1008,S227,North,Online,1,11489,0,UPI,Completed
O107689,2025-09-21,C6963,P1156,S242,North,Online,1,14997,0,UPI,Completed
O107690,2025-06-12,C6133,P1094,S240,North,Online,5,3783,0,Credit Card,Cancelled
O107691,2025-10-03,C5759,P1067,S245,East,Store,3,18554,0,UPI,Completed
O107692,2025-12-21,C5104,P1127,S205,South,Online,4,11658,410,Cash,Completed
O107693,2025-02-21,C6822,P1085,S200,West,Store,5,5647,0,Credit Card,Cancelled
O107694,2025-04-12,C6001,P1268,S225,South,Online,2,5770,0,UPI,Completed
O107695,2024-02-25,C5603,P1268,S221,North,Store,4,5770,0,Credit Card,Completed
O107696,2025-03-01,C6066,P1154,S209,West,Online,2,16309,0,Credit Card,Completed
O107697,2024-02-01,C6336,P1030,S208,East,Store,1,11890,0,Cash,Completed
O107698,2025-01-12,C5840,P1277,S206,South,Store,5,2790,0,UPI,Cancelled
O107699,2024-11-16,C5201,P1258,S217,West,Store,5,21780,124,Cash,Completed
O107700,2024-10-04,C6965,P1066,S218,North,Online,5,17713,0,Cash,Completed
O107701,2025-06-26,C6711,P1028,S243,South,Online,3,7958,0,Credit Card,Completed
O107702,2025-05-20,C6345,P1282,S228,South,Online,4,19507,0,Credit Card,Cancelled
O107703,2024-04-24,C6453,P1295,S218,North,Online,3,3337,0,Cash,Cancelled
O107704,2025-11-07,C5806,P1222,S242,North,Online,4,15054,0,Debit Card,Completed
O107705,2024-02-04,C5484,P1000,S227,North,Store,5,5850,0,Credit Card,Cancelled
O107706,2025-11-29,C5316,P1159,S205,South,Store,2,18152,0,Debit Card,Completed
O107707,2024-01-01,C5707,P1010,S220,South,Store,3,8826,0,Debit Card,Cancelled
O107708,2025-08-31,C6487,P1264,S245,East,Online,3,5155,0,Credit Card,Completed
O107709,2024-10-15,C5104,P1251,S228,South,Store,2,8279,0,Debit Card,Completed
O107710,2025-06-26,C5950,P1197,S235,North,Online,5,16495,0,Debit Card,Completed
O107711,2025-03-08,C5126,P1169,S211,West,Online,1,5160,0,Credit Card,Completed
O107712,2025-03-20,C6350,P1219,S230,East,Store,1,11028,0,UPI,Completed
O107713,2024-10-19,C5953,P1157,S244,East,Store,5,20469,0,Credit Card,Completed
O107714,2024-07-07,C6376,P1088,S203,East,Online,5,21299,0,Cash,Cancelled
O107715,2024-07-03,C5261,P1051,S205,South,Online,2,16446,0,Cash,Completed
O107716,2025-04-05,C5367,P1095,S241,South,Store,3,13952,0,Cash,Completed
O107717,2024-08-01,C6715,P1132,S222,East,Store,1,19210,0,Debit Card,Cancelled
O107718,2025-01-02,C6104,P1212,S237,North,Online,1,21743,0,Credit Card,Completed
O107719,2024-12-07,C5325,P1117,S212,West,Online,2,10710,0,UPI,Completed
O107720,2025-05-01,C5396,P1136,S234,East,Store,4,3271,0,Debit Card,Completed
O107721,2025-06-27,C6537,P1287,S238,East,Online,2,21054,345,UPI,Completed
O107722,2024-01-21,C6198,P1186,S245,East,Online,4,14983,220,Credit Card,Cancelled
O107723,2025-05-24,C6110,P1272,S230,East,Store,4,21727,0,Cash,Completed
O107724,2024-04-28,C5467,P1204,S227,North,Store,3,3675,226,Debit Card,Completed
O107725,2025-12-04,C5057,P1150,S231,North,Online,1,7422,0,Credit Card,Completed
O107726,2025-02-04,C6610,P1291,S202,East,Store,4,12542,0,Debit Card,Completed
O107727,2025-09-30,C5438,P1259,S218,North,Online,2,13997,0,Cash,Completed
O107728,2024-06-26,C5578,P1298,S248,West,Store,2,14176,0,UPI,Completed
O107729,2024-11-02,C5806,P1191,S249,East,Online,3,13093,106,Credit Card,Completed
O107730,2025-02-25,C6006,P1144,S220,South,Online,1,21604,483,UPI,Cancelled
O107731,2025-05-29,C6185,P1238,S243,South,Store,5,18960,0,Debit Card,Completed
O107732,2025-12-16,C5158,P1299,S206,South,Online,5,17937,98,Debit Card,Completed
O107733,2025-04-14,C5636,P1020,S237,North,Store,2,10169,0,Debit Card,Completed
O107734,2024-08-28,C5574,P1140,S229,South,Online,1,18510,492,Debit Card,Completed
O107735,2025-11-04,C5217,P1210,S214,West,Online,2,6616,0,UPI,Completed
O107736,2024-07-23,C5528,P1096,S208,East,Store,3,16951,0,Cash,Completed
O107737,2024-10-15,C6766,P1242,S213,North,Store,3,13862,0,Credit Card,Completed
O107738,2024-02-09,C5091,P1169,S210,North,Online,1,5160,308,Credit Card,Cancelled
O107739,2024-03-28,C5788,P1176,S228,South,Online,1,14974,137,Cash,Completed
O107740,2024-09-24,C6466,P1182,S216,East,Store,4,18616,0,Debit Card,Cancelled
O107741,2024-03-28,C5711,P1207,S225,South,Online,1,17879,0,Credit Card,Cancelled
O107742,2024-10-26,C5222,P1060,S226,North,Online,1,10490,0,Credit Card,Cancelled
O107743,2025-07-11,C6046,P1265,S227,North,Store,5,11992,0,Cash,Completed
O107744,2025-02-10,C5539,P1269,S213,North,Store,2,4684,0,Cash,Completed
O107745,2025-06-19,C5407,P1139,S242,North,Online,1,21395,0,Debit Card,Cancelled
O107746,2024-11-24,C6864,P1128,S248,West,Online,3,10078,0,Credit Card,Completed
O107747,2024-09-21,C6952,P1171,S208,East,Online,1,20278,0,UPI,Cancelled
O107748,2024-12-21,C6831,P1079,S221,North,Online,5,9159,261,Debit Card,Completed
O107749,2025-05-01,C5652,P1209,S203,East,Store,2,14912,0,Debit Card,Cancelled
O107750,2025-09-05,C5894,P1051,S229,South,Store,1,16446,0,Cash,Completed
O107751,2024-12-24,C5976,P1270,S214,West,Store,2,19833,0,Debit Card,Cancelled
O107752,2025-03-18,C6959,P1014,S220,South,Online,5,6858,0,Credit Card,Completed
O107753,2025-06-17,C6376,P1174,S248,West,Online,5,21347,0,UPI,Completed
O107754,2025-02-17,C6082,P1248,S204,North,Online,4,13480,0,Cash,Completed
O107755,2024-03-29,C5661,P1000,S205,South,Store,5,5850,0,UPI,Completed
O107756,2024-06-16,C6003,P1039,S210,North,Online,2,3162,0,Credit Card,Completed
O107757,2025-07-22,C5650,P1124,S229,South,Online,5,18693,0,Credit Card,Completed
O107758,2025-01-16,C5506,P1227,S213,North,Online,2,5382,0,Credit Card,Completed
O107759,2025-08-22,C6651,P1103,S233,North,Online,4,19689,0,UPI,Completed
O107760,2025-07-10,C6526,P1221,S234,East,Online,4,17898,0,Debit Card,Completed
O107761,2025-11-19,C5598,P1262,S247,North,Online,3,11478,54,Debit Card,Completed
O107762,2025-12-26,C5251,P1179,S230,East,Store,4,19591,171,Cash,Cancelled
O107763,2025-09-17,C6215,P1136,S228,South,Store,1,3271,0,UPI,Completed
O107764,2025-10-14,C5914,P1263,S200,West,Online,2,7564,0,Debit Card,Completed
O107765,2024-08-02,C6451,P1297,S214,West,Online,5,20307,0,Credit Card,Completed
O107766,2024-01-20,C6406,P1226,S201,South,Online,3,19224,417,Credit Card,Completed
O107767,2025-12-21,C6148,P1064,S207,North,Store,4,13395,0,UPI,Completed
O107768,2025-03-22,C6824,P1083,S231,North,Online,2,7188,0,Debit Card,Completed
O107769,2024-05-26,C5781,P1147,S228,South,Store,3,10106,0,Credit Card,Completed
O107770,2025-01-28,C5475,P1079,S210,North,Store,5,9159,0,UPI,Completed
O107771,2025-04-18,C6955,P1163,S226,North,Online,4,11924,112,Credit Card,Cancelled
O107772,2025-08-16,C6968,P1171,S204,North,Online,1,20278,461,UPI,Completed
O107773,2024-02-25,C6472,P1060,S214,West,Store,3,10490,0,UPI,Completed
O107774,2023-12-31,C5631,P1194,S242,North,Online,5,10696,286,Credit Card,Completed
O107775,2024-07-03,C6651,P1060,S226,North,Online,5,10490,345,Credit Card,Cancelled
O107776,2025-06-22,C5063,P1117,S223,West,Online,3,10710,0,UPI,Cancelled
O107777,2024-08-24,C6419,P1207,S231,North,Online,2,17879,0,Cash,Completed
O107778,2024-05-02,C5299,P1237,S236,West,Online,3,21100,0,UPI,Completed
O107779,2024-02-03,C5460,P1281,S217,West,Store,3,12731,120,Debit Card,Completed
O107780,2024-12-07,C5499,P1199,S205,South,Online,3,17589,0,UPI,Completed
O107781,2025-09-08,C5336,P1066,S215,East,Store,2,17713,0,Debit Card,Completed
O107782,2024-08-04,C6335,P1149,S242,North,Online,4,12341,122,Cash,Completed
O107783,2024-02-27,C5819,P1084,S211,West,Store,4,18967,0,UPI,Completed
O107784,2024-11-26,C5569,P1236,S201,South,Store,2,1650,408,Debit Card,Completed
O107785,2025-12-15,C5970,P1040,S215,East,Store,3,4205,0,UPI,Completed
O107786,2025-04-07,C6337,P1236,S221,North,Store,5,1650,195,UPI,Completed
O107787,2025-08-09,C6306,P1287,S218,North,Store,5,21054,0,Credit Card,Completed
O107788,2025-03-08,C5348,P1281,S232,North,Online,4,12731,0,UPI,Completed
O107789,2024-08-21,C5988,P1181,S232,North,Store,4,4623,386,Debit Card,Cancelled
O107790,2025-06-22,C5145,P1082,S246,North,Online,4,8487,0,Cash,Cancelled
O107791,2025-09-28,C5169,P1031,S201,South,Online,1,6951,0,UPI,Completed
O107792,2024-04-07,C5912,P1242,S221,North,Store,5,13862,0,Credit Card,Completed
O107793,2025-06-17,C5529,P1050,S224,East,Store,5,11986,0,UPI,Completed
O107794,2024-01-15,C6994,P1090,S249,East,Online,2,6496,0,Credit Card,Completed
O107795,2025-05-15,C5346,P1247,S228,South,Online,4,15686,313,Cash,Completed
O107796,2024-04-28,C6023,P1295,S225,South,Store,4,3337,492,UPI,Completed
O107797,2024-11-05,C6673,P1120,S227,North,Online,5,20523,0,Cash,Completed
O107798,2025-10-22,C6167,P1069,S234,East,Online,4,10947,132,Credit Card,Completed
O107799,2024-01-13,C6404,P1150,S224,East,Online,3,7422,0,Debit Card,Completed
O107800,2024-03-28,C5184,P1220,S219,North,Store,3,15484,0,UPI,Cancelled
O107801,2025-12-19,C6318,P1077,S214,West,Store,3,5894,233,Debit Card,Completed
O107802,2024-05-10,C6381,P1064,S232,North,Store,3,13395,0,Debit Card,Completed
O107803,2025-03-10,C5394,P1037,S206,South,Store,2,17516,0,UPI,Cancelled
O107804,2024-07-02,C5572,P1144,S223,West,Online,2,21604,0,Debit Card,Completed
O107805,2025-04-22,C6488,P1292,S249,East,Store,4,23214,0,Cash,Cancelled
O107806,2025-10-06,C5835,P1205,S239,West,Store,5,3522,0,Credit Card,Cancelled
O107807,2025-02-12,C5269,P1104,S218,North,Online,3,18741,0,Cash,Cancelled
O107808,2025-09-28,C6445,P1058,S208,East,Store,2,16157,0,UPI,Completed
O107809,2024-05-16,C6682,P1258,S249,East,Store,2,21780,0,UPI,Completed
O107810,2024-04-27,C5509,P1042,S245,East,Online,2,20007,110,UPI,Cancelled
O107811,2024-09-30,C5690,P1250,S219,North,Online,2,4746,0,Credit Card,Cancelled
O107812,2025-10-17,C6343,P1200,S205,South,Online,1,2422,0,Credit Card,Completed
O107813,2024-12-13,C6650,P1041,S208,East,Store,1,15445,230,UPI,Completed
O107814,2025-08-15,C6477,P1214,S246,North,Online,2,10921,395,Credit Card,Cancelled
O107815,2025-04-25,C5030,P1056,S220,South,Store,2,17229,0,Debit Card,Completed
O107816,2025-08-06,C5809,P1180,S205,South,Store,3,6796,0,Debit Card,Completed
O107817,2024-08-30,C6298,P1110,S211,West,Online,4,5745,407,Cash,Completed
O107818,2025-10-24,C5918,P1114,S218,North,Online,2,15114,0,UPI,Completed
O107819,2024-08-02,C5098,P1125,S227,North,Store,3,8150,0,Credit Card,Completed
O107820,2025-03-23,C5452,P1279,S209,West,Online,5,5899,0,Cash,Completed
O107821,2024-11-05,C6277,P1294,S235,North,Online,1,16364,0,UPI,Completed
O107822,2025-05-12,C6897,P1242,S216,East,Store,3,13862,217,Credit Card,Completed
O107823,2024-02-01,C5759,P1129,S241,South,Store,1,5589,223,UPI,Cancelled
O107824,2024-10-30,C5509,P1112,S236,West,Store,3,14915,0,Cash,Completed
O107825,2025-10-04,C6623,P1260,S214,West,Store,5,1933,383,Credit Card,Completed
O107826,2025-06-19,C5950,P1095,S222,East,Online,4,13952,0,Credit Card,Completed
O107827,2024-05-23,C5655,P1239,S232,North,Store,1,20434,0,Debit Card,Completed
O107828,2024-09-02,C6487,P1290,S207,North,Online,1,5987,274,Debit Card,Completed
O107829,2023-12-31,C6807,P1032,S203,East,Store,3,2864,0,Debit Card,Completed
O107830,2024-07-15,C6584,P1273,S230,East,Online,5,17610,0,UPI,Completed
O107831,2024-10-02,C6142,P1260,S248,West,Store,1,1933,306,Debit Card,Completed
O107832,2025-04-14,C5212,P1231,S200,West,Online,1,11775,0,Credit Card,Completed
O107833,2024-08-17,C6260,P1012,S237,North,Online,2,20263,297,Credit Card,Completed
O107834,2024-12-07,C6689,P1147,S236,West,Store,5,10106,472,Debit Card,Completed
O107835,2024-07-28,C6401,P1026,S213,North,Online,2,5942,0,Credit Card,Completed
O107836,2024-02-02,C5322,P1194,S210,North,Online,4,10696,203,UPI,Completed
O107837,2024-10-05,C6337,P1129,S245,East,Store,2,5589,0,Debit Card,Completed
O107838,2024-10-17,C6292,P1175,S248,West,Store,3,20666,247,Cash,Cancelled
O107839,2025-08-11,C5897,P1133,S229,South,Online,5,14458,184,UPI,Completed
O107840,2024-08-03,C6964,P1060,S234,East,Online,4,10490,0,Credit Card,Completed
O107841,2025-12-02,C6882,P1179,S245,East,Store,1,19591,0,Credit Card,Completed
O107842,2024-12-10,C6453,P1140,S221,North,Online,2,18510,0,Credit Card,Cancelled
O107843,2025-04-09,C5037,P1057,S222,East,Online,2,12244,325,Debit Card,Completed
O107844,2024-01-30,C5664,P1082,S235,North,Online,4,8487,0,Cash,Cancelled
O107845,2025-05-21,C6749,P1251,S204,North,Store,2,8279,0,Cash,Cancelled
O107846,2024-07-03,C6142,P1281,S248,West,Online,5,12731,127,UPI,Completed
O107847,2025-12-10,C6808,P1299,S241,South,Store,1,17937,0,UPI,Completed
O107848,2023-12-28,C6636,P1141,S226,North,Online,1,5607,428,Cash,Completed
O107849,2024-11-27,C5130,P1009,S224,East,Online,4,15817,0,Credit Card,Completed
O107850,2025-12-20,C6034,P1164,S208,East,Online,3,5775,0,Credit Card,Completed
O107851,2025-08-31,C5700,P1123,S233,North,Store,2,15348,0,Debit Card,Cancelled
O107852,2024-06-28,C5779,P1010,S246,North,Store,5,8826,266,UPI,Completed
O107853,2024-07-11,C6505,P1108,S244,East,Online,5,14233,0,Debit Card,Completed
O107854,2024-09-19,C6792,P1276,S231,North,Online,1,17692,240,Debit Card,Completed
O107855,2024-08-11,C6226,P1262,S233,North,Store,4,11478,0,Cash,Cancelled
O107856,2024-11-10,C6007,P1183,S218,North,Store,3,3139,0,Debit Card,Cancelled
O107857,2025-06-09,C6927,P1187,S219,North,Store,5,10875,0,Debit Card,Cancelled
O107858,2025-11-24,C5385,P1052,S207,North,Store,5,13741,424,UPI,Cancelled
O107859,2024-04-18,C5047,P1235,S239,West,Store,1,21005,0,Debit Card,Completed
O107860,2025-11-10,C5576,P1078,S229,South,Online,2,23389,0,UPI,Completed
O107861,2024-01-02,C5315,P1160,S203,East,Store,1,17020,358,Credit Card,Cancelled
O107862,2024-02-25,C6191,P1159,S214,West,Online,5,18152,0,Cash,Completed
O107863,2024-10-29,C6075,P1155,S240,North,Store,3,15032,245,UPI,Completed
O107864,2025-04-14,C5487,P1259,S217,West,Store,2,13997,0,Cash,Completed
O107865,2025-03-06,C5724,P1064,S209,West,Store,4,13395,0,Cash,Completed
O107866,2025-07-11,C6181,P1258,S226,North,Store,3,21780,0,UPI,Cancelled
O107867,2024-04-03,C5582,P1102,S249,East,Online,4,11805,0,Debit Card,Completed
O107868,2024-02-03,C6748,P1014,S214,West,Online,4,6858,0,Debit Card,Completed
O107869,2025-05-16,C6043,P1258,S215,East,Online,1,21780,0,Credit Card,Cancelled
O107870,2025-03-07,C5167,P1047,S214,West,Online,1,6278,344,UPI,Completed
O107871,2024-12-22,C6076,P1073,S214,West,Store,3,5249,0,Credit Card,Cancelled
O107872,2025-01-11,C6591,P1021,S203,East,Store,4,11470,63,Debit Card,Completed
O107873,2025-08-04,C5883,P1267,S237,North,Online,4,14604,0,Credit Card,Completed
O107874,2024-01-10,C5743,P1212,S205,South,Store,3,21743,0,Debit Card,Cancelled
O107875,2024-07-19,C6825,P1251,S245,East,Online,5,8279,0,Debit Card,Completed
O107876,2024-02-05,C5529,P1167,S219,North,Store,2,14354,0,Cash,Cancelled
O107877,2025-03-25,C5496,P1190,S247,North,Online,2,22649,432,Cash,Completed
O107878,2025-07-24,C6824,P1103,S224,East,Online,1,19689,0,Cash,Cancelled
O107879,2025-07-26,C6407,P1032,S218,North,Store,5,2864,0,Debit Card,Completed
O107880,2025-07-12,C6355,P1118,S220,South,Store,5,23140,0,Debit Card,Cancelled
O107881,2025-09-17,C6501,P1073,S231,North,Store,2,5249,0,Debit Card,Completed
O107882,2025-09-15,C5125,P1143,S231,North,Online,1,8850,0,UPI,Completed
O107883,2025-09-21,C5666,P1293,S223,West,Online,1,19741,455,Debit Card,Cancelled
O107884,2024-08-31,C6017,P1151,S247,North,Online,5,12508,0,Credit Card,Cancelled
O107885,2025-06-01,C5388,P1100,S234,East,Store,1,9778,0,Debit Card,Completed
O107886,2025-05-21,C5081,P1013,S202,East,Online,1,18762,0,Debit Card,Completed
O107887,2025-08-31,C6978,P1114,S211,West,Online,3,15114,0,Cash,Completed
O107888,2025-05-30,C6353,P1051,S232,North,Online,1,16446,0,UPI,Completed
O107889,2024-03-14,C6342,P1240,S203,East,Store,5,9126,157,Credit Card,Completed
O107890,2024-12-26,C6998,P1095,S204,North,Online,4,13952,142,Cash,Completed
O107891,2024-03-07,C5656,P1056,S213,North,Store,5,17229,0,Credit Card,Completed
O107892,2024-04-16,C6832,P1285,S230,East,Store,3,20596,0,Credit Card,Completed
O107893,2024-02-10,C6861,P1083,S238,East,Online,5,7188,0,Debit Card,Completed
O107894,2024-06-17,C5876,P1017,S244,East,Store,3,16288,0,Debit Card,Completed
O107895,2024-02-24,C6108,P1037,S201,South,Store,4,17516,0,UPI,Completed
O107896,2025-09-16,C6344,P1079,S224,East,Store,4,9159,222,UPI,Cancelled
O107897,2025-04-18,C6130,P1137,S217,West,Store,5,8938,0,Cash,Completed
O107898,2025-12-16,C6034,P1184,S213,North,Store,5,23546,0,Cash,Completed
O107899,2025-08-10,C5002,P1299,S216,East,Online,3,17937,0,Debit Card,Cancelled
O107900,2024-05-12,C6943,P1246,S215,East,Online,4,22713,0,Credit Card,Cancelled
O107901,2024-04-12,C5117,P1089,S203,East,Store,4,18424,79,Cash,Completed
O107902,2024-04-01,C5193,P1199,S227,North,Store,1,17589,0,UPI,Cancelled
O107903,2025-05-05,C6242,P1153,S222,East,Store,4,14011,0,Debit Card,Completed
O107904,2025-04-10,C5694,P1117,S238,East,Online,5,10710,0,Credit Card,Completed
O107905,2024-02-12,C6048,P1064,S226,North,Online,3,13395,0,Credit Card,Completed
O107906,2024-04-22,C5682,P1143,S242,North,Online,2,8850,0,Credit Card,Cancelled
O107907,2024-05-20,C6927,P1200,S229,South,Online,3,2422,0,Cash,Completed
O107908,2024-07-29,C5712,P1147,S224,East,Online,3,10106,0,Cash,Completed
O107909,2024-03-06,C6400,P1030,S238,East,Online,3,11890,394,Debit Card,Completed
O107910,2025-06-22,C6245,P1016,S230,East,Store,2,11602,0,Credit Card,Completed
O107911,2024-04-04,C6844,P1079,S224,East,Online,4,9159,0,UPI,Completed
O107912,2025-06-08,C5945,P1064,S240,North,Store,3,13395,0,UPI,Completed
O107913,2024-01-08,C5173,P1252,S200,West,Store,4,17202,390,Debit Card,Completed
O107914,2024-09-30,C6786,P1215,S235,North,Online,5,16425,0,Cash,Completed
O107915,2024-06-07,C6801,P1273,S230,East,Store,2,17610,0,Debit Card,Completed
O107916,2025-08-27,C5415,P1172,S210,North,Online,2,15856,0,UPI,Completed
O107917,2025-05-22,C5348,P1164,S202,East,Online,4,5775,0,Debit Card,Completed
O107918,2024-07-06,C6010,P1266,S217,West,Online,3,15728,278,UPI,Cancelled
O107919,2025-01-01,C6057,P1107,S249,East,Store,4,7054,0,UPI,Completed
O107920,2025-06-15,C6075,P1043,S240,North,Online,3,10110,0,Credit Card,Completed
O107921,2025-06-18,C5423,P1122,S232,North,Online,1,4929,0,Cash,Completed
O107922,2024-11-05,C6554,P1266,S200,West,Store,4,15728,0,Credit Card,Cancelled
O107923,2025-01-08,C6743,P1072,S239,West,Store,4,11213,0,Cash,Completed
O107924,2025-07-26,C5201,P1285,S233,North,Store,4,20596,0,Cash,Completed
O107925,2024-01-18,C5019,P1112,S200,West,Online,3,14915,306,Credit Card,Cancelled
O107926,2025-09-16,C6651,P1038,S200,West,Store,2,22462,302,Cash,Completed
O107927,2024-08-02,C5358,P1227,S210,North,Store,2,5382,0,Credit Card,Completed
O107928,2025-11-16,C6411,P1288,S208,East,Store,1,10267,0,Cash,Completed
O107929,2025-07-07,C5259,P1129,S234,East,Store,1,5589,0,Debit Card,Completed
O107930,2025-07-23,C5413,P1102,S209,West,Online,2,11805,124,UPI,Cancelled
O107931,2025-05-10,C6884,P1111,S219,North,Online,5,6965,386,UPI,Cancelled
O107932,2024-12-01,C5810,P1298,S209,West,Store,3,14176,0,UPI,Completed
O107933,2025-06-19,C6364,P1035,S221,North,Online,1,21802,0,Credit Card,Completed
O107934,2025-05-17,C6143,P1015,S231,North,Online,3,19492,0,Cash,Completed
O107935,2025-09-18,C5981,P1289,S237,North,Store,3,16378,0,UPI,Cancelled
O107936,2024-03-08,C6088,P1012,S238,East,Store,3,20263,0,Debit Card,Cancelled
O107937,2024-09-28,C6274,P1072,S225,South,Store,5,11213,217,Credit Card,Completed
O107938,2024-10-27,C6961,P1086,S230,East,Store,4,9673,0,Debit Card,Cancelled
O107939,2025-06-22,C5281,P1299,S215,East,Store,5,17937,0,UPI,Completed
O107940,2025-01-01,C6174,P1001,S201,South,Store,4,15566,0,Debit Card,Completed
O107941,2024-07-22,C6824,P1126,S207,North,Online,1,13666,342,Debit Card,Completed
O107942,2024-10-25,C6626,P1278,S218,North,Store,4,19013,0,Cash,Completed
O107943,2025-06-22,C6784,P1278,S215,East,Store,3,19013,0,Credit Card,Cancelled
O107944,2025-03-13,C5774,P1217,S226,North,Store,5,9870,0,Credit Card,Completed
O107945,2024-06-22,C5328,P1063,S227,North,Store,2,17739,0,Debit Card,Completed
O107946,2024-03-12,C6473,P1210,S218,North,Online,1,6616,0,Debit Card,Completed
O107947,2024-10-25,C5541,P1018,S240,North,Online,2,14106,304,Cash,Completed
O107948,2025-10-11,C6076,P1056,S224,East,Online,1,17229,0,Cash,Completed
O107949,2025-06-09,C5794,P1259,S223,West,Online,3,13997,490,Credit Card,Completed
O107950,2024-01-20,C5558,P1269,S218,North,Online,5,4684,399,Credit Card,Completed
O107951,2025-09-16,C6692,P1020,S228,South,Online,3,10169,0,Credit Card,Completed
O107952,2024-11-26,C5649,P1003,S231,North,Online,3,1494,0,Debit Card,Completed
O107953,2025-11-14,C5128,P1231,S223,West,Online,4,11775,0,Credit Card,Cancelled
O107954,2025-11-22,C6199,P1297,S230,East,Store,5,20307,0,Credit Card,Completed
O107955,2025-12-26,C5992,P1234,S226,North,Online,2,5302,0,Credit Card,Completed
O107956,2025-11-05,C5503,P1266,S201,South,Store,5,15728,0,Credit Card,Completed
O107957,2025-07-30,C5676,P1197,S212,West,Store,3,16495,0,Cash,Completed
O107958,2024-04-27,C5434,P1236,S203,East,Store,2,1650,173,Cash,Completed
O107959,2024-03-30,C6415,P1257,S232,North,Store,4,18316,0,Debit Card,Completed
O107960,2025-03-04,C5339,P1176,S219,North,Online,5,14974,299,UPI,Completed
O107961,2025-03-21,C6494,P1171,S212,West,Store,5,20278,0,Debit Card,Cancelled
O107962,2025-10-20,C6748,P1044,S221,North,Store,5,11357,0,Debit Card,Cancelled
O107963,2025-01-18,C6232,P1212,S215,East,Store,3,21743,0,UPI,Cancelled
O107964,2024-07-07,C5183,P1078,S204,North,Online,5,23389,0,Credit Card,Completed
O107965,2024-12-13,C6546,P1282,S223,West,Store,5,19507,0,Cash,Completed
O107966,2024-07-03,C6576,P1235,S222,East,Online,1,21005,0,UPI,Cancelled
O107967,2024-04-10,C5049,P1297,S241,South,Store,5,20307,0,Debit Card,Completed
O107968,2025-06-14,C6198,P1168,S244,East,Store,5,11993,0,Debit Card,Cancelled
O107969,2024-07-22,C6141,P1033,S216,East,Online,1,16111,424,Cash,Completed
O107970,2025-01-11,C6248,P1146,S226,North,Store,3,13303,0,Cash,Completed
O107971,2025-05-21,C6400,P1159,S212,West,Store,2,18152,0,UPI,Completed
O107972,2025-08-31,C6731,P1158,S204,North,Online,1,18699,175,Credit Card,Completed
O107973,2025-11-09,C5745,P1126,S204,North,Online,3,13666,0,Credit Card,Cancelled
O107974,2024-07-13,C5881,P1013,S241,South,Online,5,18762,0,Debit Card,Completed
O107975,2024-03-06,C5086,P1264,S206,South,Store,2,5155,400,Debit Card,Completed
O107976,2025-05-08,C5034,P1039,S218,North,Online,1,3162,0,Debit Card,Completed
O107977,2025-04-29,C6242,P1223,S211,West,Online,3,4729,0,UPI,Completed
O107978,2024-11-10,C6460,P1089,S244,East,Online,3,18424,0,Cash,Cancelled
O107979,2025-03-23,C6508,P1071,S237,North,Store,3,5086,0,Cash,Completed
O107980,2024-11-16,C6311,P1191,S240,North,Online,1,13093,0,Debit Card,Completed
O107981,2024-12-16,C5188,P1120,S218,North,Store,5,20523,0,Debit Card,Completed
O107982,2024-12-25,C6172,P1195,S239,West,Online,4,2809,0,UPI,Completed
O107983,2024-06-10,C5848,P1252,S212,West,Store,5,17202,0,UPI,Completed
O107984,2025-04-28,C5794,P1143,S237,North,Online,5,8850,188,Cash,Completed
O107985,2025-03-07,C5323,P1299,S242,North,Online,5,17937,0,Debit Card,Completed
O107986,2024-04-08,C6457,P1042,S206,South,Online,5,20007,122,Cash,Completed
O107987,2024-09-02,C5367,P1003,S227,North,Online,2,1494,482,UPI,Cancelled
O107988,2024-12-07,C6631,P1234,S225,South,Store,2,5302,289,Debit Card,Completed
O107989,2024-12-06,C6901,P1039,S246,North,Store,3,3162,446,UPI,Completed
O107990,2025-03-17,C5315,P1202,S209,West,Online,1,15754,0,Credit Card,Cancelled
O107991,2025-06-09,C6045,P1072,S221,North,Online,3,11213,0,UPI,Completed
O107992,2025-06-17,C6407,P1153,S218,North,Online,2,14011,0,UPI,Cancelled
O107993,2025-09-01,C6830,P1288,S205,South,Online,5,10267,0,UPI,Completed
O107994,2025-02-09,C5692,P1164,S209,West,Online,4,5775,0,Credit Card,Cancelled
O107995,2025-09-10,C6430,P1030,S233,North,Online,1,11890,0,Cash,Completed
O107996,2024-08-21,C5230,P1013,S206,South,Store,1,18762,0,Debit Card,Completed
O107997,2024-03-03,C5677,P1281,S208,East,Store,5,12731,0,Credit Card,Completed
O107998,2024-06-03,C5033,P1163,S233,North,Store,4,11924,0,UPI,Completed
O107999,2025-08-30,C6692,P1014,S212,West,Online,2,6858,0,Cash,Completed
O108000,2025-01-08,C6904,P1260,S200,West,Store,2,1933,0,UPI,Completed
O108001,2024-12-14,C5533,P1137,S203,East,Online,1,8938,0,UPI,Completed
O108002,2024-02-25,C6981,P1245,S232,North,Store,3,3373,151,Credit Card,Completed
O108003,2024-04-21,C6427,P1194,S230,East,Online,3,10696,65,Cash,Completed
O108004,2025-02-13,C5454,P1142,S249,East,Online,5,11011,0,Debit Card,Cancelled
O108005,2024-12-02,C5386,P1113,S246,North,Store,4,2267,0,UPI,Completed
O108006,2025-05-14,C5364,P1048,S201,South,Store,3,16836,0,UPI,Completed
O108007,2025-04-07,C5691,P1133,S238,East,Online,2,14458,0,Debit Card,Completed
O108008,2024-10-31,C6218,P1197,S206,South,Online,2,16495,0,Debit Card,Completed
O108009,2024-11-03,C5521,P1077,S230,East,Online,1,5894,0,Debit Card,Completed
O108010,2025-10-06,C6517,P1287,S201,South,Store,2,21054,0,UPI,Completed
O108011,2024-11-11,C5340,P1218,S247,North,Store,2,15354,0,Debit Card,Completed
O108012,2025-09-13,C5808,P1070,S211,West,Online,4,3836,0,Cash,Completed
O108013,2025-10-17,C6284,P1001,S202,East,Online,2,15566,0,Debit Card,Completed
O108014,2025-04-23,C5462,P1037,S206,South,Online,5,17516,0,Debit Card,Cancelled
O108015,2024-02-01,C6211,P1076,S247,North,Store,5,16951,132,UPI,Completed
O108016,2024-07-02,C5008,P1272,S209,West,Online,1,21727,0,UPI,Completed
O108017,2025-08-19,C6535,P1249,S226,North,Store,3,17145,0,UPI,Completed
O108018,2024-04-21,C5165,P1245,S248,West,Store,5,3373,0,Cash,Completed
O108019,2024-03-06,C5491,P1159,S211,West,Online,1,18152,327,Credit Card,Completed
O108020,2025-01-28,C6854,P1284,S208,East,Store,1,13277,0,UPI,Completed
O108021,2024-09-22,C6201,P1226,S234,East,Online,2,19224,452,Credit Card,Cancelled
O108022,2025-06-04,C5973,P1072,S244,East,Online,2,11213,0,Debit Card,Completed
O108023,2025-02-24,C5766,P1259,S206,South,Store,4,13997,0,Debit Card,Cancelled
O108024,2024-10-30,C5745,P1144,S235,North,Online,2,21604,0,Cash,Completed
O108025,2025-07-18,C5840,P1002,S236,West,Online,1,21479,0,UPI,Completed
O108026,2024-04-23,C5728,P1062,S243,South,Online,2,17006,0,Cash,Completed
O108027,2025-05-03,C6851,P1056,S234,East,Store,2,17229,0,Cash,Cancelled
O108028,2025-02-25,C6447,P1185,S223,West,Store,4,7628,234,Debit Card,Completed
O108029,2024-05-26,C5449,P1293,S206,South,Store,4,19741,0,Cash,Completed
O108030,2025-04-24,C6642,P1140,S207,North,Store,3,18510,0,Credit Card,Completed
O108031,2024-08-31,C6658,P1000,S242,North,Online,3,5850,0,Credit Card,Cancelled
O108032,2024-01-01,C6928,P1011,S227,North,Store,1,6770,0,Credit Card,Completed
O108033,2025-04-30,C5109,P1119,S210,North,Online,3,20033,0,UPI,Completed
O108034,2025-10-25,C6501,P1242,S236,West,Online,2,13862,361,Cash,Cancelled
O108035,2024-10-06,C6618,P1096,S217,West,Online,2,16951,56,Debit Card,Completed
O108036,2025-04-28,C6095,P1107,S237,North,Online,4,7054,0,UPI,Completed
O108037,2024-04-04,C5072,P1097,S203,East,Online,3,8915,0,UPI,Completed
O108038,2024-08-23,C6122,P1271,S241,South,Store,3,14975,0,Credit Card,Completed
O108039,2025-01-05,C5750,P1225,S226,North,Online,3,14610,0,Credit Card,Completed
O108040,2024-05-10,C6052,P1135,S212,West,Online,5,18707,0,UPI,Cancelled
O108041,2024-06-20,C5464,P1064,S239,West,Online,1,13395,0,UPI,Cancelled
O108042,2024-10-20,C5638,P1019,S244,East,Online,5,11005,0,Cash,Completed
O108043,2025-12-21,C6191,P1173,S204,North,Online,4,7396,0,Cash,Cancelled
O108044,2024-06-20,C6727,P1272,S204,North,Online,2,21727,0,UPI,Completed
O108045,2024-03-08,C6035,P1046,S230,East,Online,5,11020,150,Credit Card,Completed
O108046,2024-03-27,C5914,P1015,S206,South,Online,3,19492,272,UPI,Completed
O108047,2023-12-31,C6944,P1110,S208,East,Store,1,5745,0,Credit Card,Completed
O108048,2025-12-14,C6337,P1002,S205,South,Store,3,21479,0,UPI,Completed
O108049,2024-04-22,C5914,P1000,S245,East,Store,1,5850,0,UPI,Completed
O108050,2025-05-01,C5848,P1074,S211,West,Store,4,5321,0,Credit Card,Completed
O108051,2025-06-22,C6921,P1224,S207,North,Online,2,21622,187,UPI,Completed
O108052,2024-11-30,C6515,P1212,S223,West,Online,3,21743,0,UPI,Completed
O108053,2024-09-09,C5829,P1184,S223,West,Online,3,23546,0,UPI,Cancelled
O108054,2025-12-14,C6961,P1122,S223,West,Online,5,4929,0,UPI,Completed
O108055,2024-12-12,C6693,P1169,S208,East,Store,1,5160,0,UPI,Completed
O108056,2025-04-27,C6885,P1024,S241,South,Store,4,15591,0,UPI,Completed
O108057,2024-05-20,C6346,P1214,S214,West,Store,5,10921,381,Cash,Cancelled
O108058,2024-01-17,C6291,P1197,S220,South,Online,1,16495,0,Cash,Completed
O108059,2024-01-31,C6597,P1105,S201,South,Online,4,10648,0,Cash,Completed
O108060,2025-01-19,C6036,P1141,S200,West,Store,5,5607,0,Debit Card,Completed
O108061,2024-05-30,C6057,P1059,S208,East,Online,2,10909,0,Credit Card,Completed
O108062,2024-04-06,C5973,P1091,S210,North,Store,5,12784,0,Debit Card,Completed
O108063,2024-08-26,C5766,P1067,S216,East,Online,4,18554,0,UPI,Cancelled
O108064,2024-04-25,C5349,P1284,S226,North,Online,2,13277,0,Credit Card,Completed
O108065,2024-05-17,C5464,P1214,S247,North,Online,4,10921,0,Credit Card,Completed
O108066,2025-02-22,C5911,P1005,S221,North,Store,5,15987,0,UPI,Completed
O108067,2024-01-15,C6153,P1170,S213,North,Store,4,13196,79,Cash,Completed
O108068,2024-08-01,C6909,P1281,S206,South,Store,4,12731,0,Cash,Completed
O108069,2025-09-08,C5487,P1038,S242,North,Store,5,22462,0,Debit Card,Completed
O108070,2024-08-31,C6764,P1140,S216,East,Store,1,18510,0,Cash,Completed
O108071,2024-09-19,C6427,P1209,S223,West,Online,1,14912,269,Debit Card,Cancelled
O108072,2024-09-24,C5882,P1272,S210,North,Online,2,21727,0,Credit Card,Completed
O108073,2025-04-07,C6196,P1252,S220,South,Store,1,17202,0,Credit Card,Completed
O108074,2024-02-04,C5801,P1194,S208,East,Online,1,10696,0,Debit Card,Cancelled
O108075,2025-10-03,C6057,P1269,S217,West,Online,3,4684,221,Debit Card,Completed
O108076,2024-01-20,C5726,P1175,S203,East,Store,5,20666,0,Cash,Completed
O108077,2025-05-24,C5258,P1123,S203,East,Store,2,15348,66,Debit Card,Completed
O108078,2025-09-10,C5036,P1032,S220,South,Store,3,2864,0,Cash,Completed
O108079,2025-05-13,C6675,P1293,S213,North,Online,4,19741,426,Debit Card,Completed
O108080,2025-09-23,C5233,P1110,S201,South,Online,5,5745,0,Credit Card,Cancelled
O108081,2023-12-30,C6573,P1092,S221,North,Store,1,9784,0,Debit Card,Completed
O108082,2025-03-14,C6806,P1230,S235,North,Store,2,12075,397,Cash,Cancelled
O108083,2025-05-07,C6903,P1012,S204,North,Store,1,20263,0,Credit Card,Completed
O108084,2025-02-11,C5208,P1031,S210,North,Store,4,6951,0,Credit Card,Completed
O108085,2024-05-03,C6826,P1240,S246,North,Online,4,9126,0,Credit Card,Completed
O108086,2025-01-24,C6658,P1142,S202,East,Store,2,11011,0,UPI,Completed
O108087,2025-09-21,C6566,P1160,S234,East,Online,4,17020,329,UPI,Completed
O108088,2025-05-17,C5386,P1193,S210,North,Store,1,18061,0,Cash,Completed
O108089,2025-01-03,C6971,P1033,S233,North,Online,2,16111,0,Cash,Completed
O108090,2024-04-28,C6345,P1241,S229,South,Online,2,19467,0,Cash,Completed
O108091,2025-02-20,C5174,P1058,S220,South,Store,3,16157,0,UPI,Completed
O108092,2025-06-10,C6414,P1099,S217,West,Online,5,17578,0,Credit Card,Completed
O108093,2025-09-30,C6200,P1277,S210,North,Store,1,2790,0,Credit Card,Completed
O108094,2025-05-07,C6488,P1190,S245,East,Online,3,22649,0,Debit Card,Completed
O108095,2025-04-13,C6193,P1050,S226,North,Store,5,11986,0,Cash,Cancelled
O108096,2024-11-01,C5354,P1203,S230,East,Store,1,17152,0,Cash,Completed
O108097,2025-04-07,C6160,P1210,S200,West,Store,4,6616,59,Credit Card,Completed
O108098,2024-06-06,C5111,P1263,S229,South,Online,2,7564,0,Credit Card,Completed
O108099,2025-01-31,C6722,P1123,S234,East,Online,2,15348,0,Cash,Completed
O108100,2024-08-03,C5360,P1068,S202,East,Store,4,11524,316,Credit Card,Cancelled
O108101,2025-09-04,C5208,P1108,S210,North,Store,4,14233,0,Cash,Completed
O108102,2024-01-28,C6528,P1131,S213,North,Online,1,20406,0,Credit Card,Cancelled
O108103,2025-02-09,C6600,P1282,S228,South,Online,4,19507,365,Credit Card,Completed
O108104,2024-01-16,C6468,P1293,S210,North,Store,4,19741,0,Debit Card,Completed
O108105,2025-05-09,C5797,P1103,S204,North,Online,1,19689,0,Debit Card,Completed
O108106,2024-06-10,C6960,P1047,S218,North,Store,5,6278,0,Cash,Completed
O108107,2025-01-22,C6333,P1245,S242,North,Online,1,3373,0,Credit Card,Cancelled
O108108,2024-10-22,C5968,P1103,S222,East,Store,1,19689,0,Cash,Completed
O108109,2025-12-14,C6852,P1007,S201,South,Online,2,15969,0,Cash,Cancelled
O108110,2023-12-31,C6284,P1035,S236,West,Online,5,21802,0,Credit Card,Cancelled
O108111,2025-08-10,C6414,P1067,S248,West,Online,4,18554,290,Credit Card,Completed
O108112,2024-06-20,C5711,P1269,S210,North,Online,3,4684,55,UPI,Completed
O108113,2024-11-25,C5550,P1068,S244,East,Online,5,11524,70,UPI,Completed
O108114,2024-03-22,C5039,P1141,S210,North,Online,4,5607,0,UPI,Completed
O108115,2025-01-27,C6565,P1280,S204,North,Store,5,17740,0,Credit Card,Cancelled
O108116,2025-09-19,C6402,P1021,S201,South,Store,5,11470,140,Debit Card,Cancelled
O108117,2024-04-20,C5301,P1106,S242,North,Online,1,16729,0,UPI,Cancelled
O108118,2025-02-23,C5276,P1067,S213,North,Online,5,18554,338,Cash,Completed
O108119,2025-03-06,C5343,P1010,S220,South,Online,1,8826,235,Credit Card,Completed
O108120,2025-06-09,C6579,P1021,S212,West,Store,4,11470,0,Debit Card,Completed
O108121,2024-05-05,C5468,P1148,S249,East,Online,5,10231,0,Debit Card,Completed
O108122,2024-09-18,C5421,P1077,S224,East,Online,1,5894,387,Credit Card,Completed
O108123,2025-04-12,C5107,P1059,S224,East,Store,2,10909,200,Cash,Cancelled
O108124,2025-04-07,C6506,P1081,S233,North,Online,3,11888,0,Cash,Completed
O108125,2024-05-29,C6953,P1182,S234,East,Online,2,18616,360,Cash,Completed
O108126,2025-11-11,C5760,P1059,S238,East,Store,4,10909,244,UPI,Completed
O108127,2025-10-18,C6897,P1229,S236,West,Online,2,23069,0,Credit Card,Completed
O108128,2025-12-21,C5081,P1127,S233,North,Online,5,11658,0,Cash,Completed
O108129,2025-12-08,C5793,P1186,S207,North,Store,5,14983,273,UPI,Completed
O108130,2025-05-20,C6797,P1191,S217,West,Store,2,13093,0,Credit Card,Completed
O108131,2023-12-30,C5068,P1229,S238,East,Store,2,23069,0,Credit Card,Completed
O108132,2024-08-22,C5830,P1259,S213,North,Online,3,13997,0,UPI,Completed
O108133,2024-01-15,C5919,P1100,S216,East,Store,1,9778,0,Cash,Completed
O108134,2024-06-22,C6054,P1111,S228,South,Store,2,6965,0,UPI,Completed
O108135,2024-09-08,C5632,P1251,S206,South,Online,5,8279,0,Cash,Completed
O108136,2024-09-11,C5543,P1174,S224,East,Online,5,21347,0,Debit Card,Completed
O108137,2024-07-14,C6508,P1014,S204,North,Store,1,6858,0,Credit Card,Cancelled
O108138,2025-07-28,C5951,P1131,S234,East,Store,4,20406,0,UPI,Cancelled
O108139,2025-10-09,C6740,P1083,S237,North,Online,5,7188,0,Cash,Completed
O108140,2024-02-26,C6325,P1091,S234,East,Store,1,12784,305,Cash,Completed
O108141,2025-04-03,C5600,P1274,S205,South,Store,3,20728,0,Debit Card,Completed
O108142,2024-05-17,C6556,P1242,S222,East,Online,4,13862,451,Credit Card,Completed
O108143,2024-12-14,C5001,P1244,S248,West,Online,1,5773,171,UPI,Completed
O108144,2024-03-19,C5878,P1123,S230,East,Store,3,15348,0,Credit Card,Completed
O108145,2024-08-19,C5390,P1236,S222,East,Online,2,1650,0,Debit Card,Completed
O108146,2024-09-22,C6696,P1201,S219,North,Online,3,6002,347,UPI,Cancelled
O108147,2025-02-26,C6710,P1132,S232,North,Store,1,19210,0,Cash,Completed
O108148,2024-05-01,C6605,P1213,S202,East,Store,3,14282,0,Debit Card,Completed
O108149,2025-02-14,C5946,P1116,S210,North,Online,5,5919,0,Cash,Completed
O108150,2024-12-18,C5328,P1123,S210,North,Store,2,15348,0,Credit Card,Completed
O108151,2025-06-24,C6520,P1096,S201,South,Store,2,16951,0,Credit Card,Cancelled
O108152,2025-01-01,C5956,P1134,S222,East,Online,4,8636,0,Debit Card,Completed
O108153,2025-02-10,C5450,P1129,S205,South,Store,3,5589,0,Credit Card,Completed
O108154,2024-04-30,C5115,P1247,S234,East,Online,5,15686,0,UPI,Completed
O108155,2025-07-01,C6886,P1256,S225,South,Online,5,8546,0,Debit Card,Completed
O108156,2025-02-08,C5893,P1081,S236,West,Store,4,11888,279,Credit Card,Completed
O108157,2024-05-26,C5012,P1022,S245,East,Online,2,14533,0,Debit Card,Completed
O108158,2025-05-27,C5761,P1171,S240,North,Online,2,20278,473,UPI,Completed
O108159,2024-07-02,C6968,P1253,S202,East,Online,1,20605,0,Credit Card,Cancelled
O108160,2024-05-29,C6201,P1019,S210,North,Online,1,11005,0,UPI,Completed
O108161,2024-09-15,C6009,P1285,S239,West,Store,2,20596,0,Cash,Completed
O108162,2025-09-06,C5041,P1090,S200,West,Online,1,6496,0,UPI,Completed
O108163,2024-07-21,C5285,P1211,S226,North,Store,2,17552,410,Cash,Completed
O108164,2025-02-26,C6003,P1079,S229,South,Online,2,9159,0,UPI,Completed
O108165,2024-02-29,C6698,P1285,S217,West,Online,5,20596,0,Cash,Cancelled
O108166,2024-08-04,C6352,P1099,S244,East,Online,4,17578,0,Debit Card,Completed
O108167,2025-05-14,C6011,P1007,S217,West,Online,2,15969,137,Debit Card,Cancelled
O108168,2025-10-20,C5358,P1245,S215,East,Store,2,3373,166,Credit Card,Completed
O108169,2024-11-30,C5163,P1213,S239,West,Store,5,14282,0,UPI,Cancelled
O108170,2025-07-25,C6891,P1028,S233,North,Online,2,7958,0,Cash,Completed
O108171,2024-11-29,C6012,P1176,S243,South,Store,5,14974,0,Credit Card,Completed
O108172,2024-11-29,C6573,P1287,S221,North,Store,3,21054,0,Debit Card,Cancelled
O108173,2025-05-22,C5239,P1031,S215,East,Online,2,6951,86,Credit Card,Completed
O108174,2024-02-23,C5336,P1188,S220,South,Store,3,15328,0,Debit Card,Completed
O108175,2025-01-14,C6152,P1220,S202,East,Online,5,15484,0,Credit Card,Completed
O108176,2025-05-29,C5540,P1232,S203,East,Online,4,4324,0,Debit Card,Completed
O108177,2025-01-28,C6106,P1266,S207,North,Online,4,15728,0,Credit Card,Completed
O108178,2024-11-05,C5730,P1277,S206,South,Store,5,2790,0,Debit Card,Completed
O108179,2025-04-11,C5925,P1227,S206,South,Online,5,5382,0,Debit Card,Completed
O108180,2025-05-21,C5011,P1194,S237,North,Store,2,10696,0,Credit Card,Completed
O108181,2025-07-20,C6968,P1228,S219,North,Store,1,13342,0,Credit Card,Cancelled
O108182,2024-06-06,C6802,P1080,S222,East,Online,4,5303,0,Cash,Completed
O108183,2025-11-26,C6588,P1171,S237,North,Online,2,20278,0,Debit Card,Completed
O108184,2025-02-06,C5459,P1292,S228,South,Store,4,23214,0,Credit Card,Completed
O108185,2025-03-05,C6936,P1059,S237,North,Online,3,10909,0,Credit Card,Cancelled
O108186,2025-08-30,C5113,P1171,S218,North,Online,4,20278,0,Cash,Completed
O108187,2025-04-07,C5744,P1225,S205,South,Store,4,14610,0,Credit Card,Completed
O108188,2025-04-27,C5808,P1015,S249,East,Store,2,19492,477,Credit Card,Completed
O108189,2024-05-21,C6831,P1194,S216,East,Store,5,10696,0,Credit Card,Completed
O108190,2025-02-21,C6518,P1203,S211,West,Online,3,17152,0,Cash,Completed
O108191,2024-01-26,C6127,P1273,S219,North,Online,4,17610,0,Cash,Cancelled
O108192,2025-05-09,C6466,P1154,S227,North,Online,4,16309,163,UPI,Completed
O108193,2025-10-02,C6910,P1268,S226,North,Online,1,5770,0,Debit Card,Completed
O108194,2024-10-28,C6000,P1262,S202,East,Online,3,11478,396,Cash,Completed
O108195,2025-10-18,C6819,P1119,S247,North,Online,5,20033,0,Credit Card,Completed
O108196,2025-03-23,C5927,P1048,S231,North,Online,5,16836,0,Cash,Completed
O108197,2024-03-25,C6752,P1196,S246,North,Store,1,13692,0,UPI,Completed
O108198,2025-05-04,C6637,P1105,S242,North,Store,2,10648,0,Cash,Completed
O108199,2025-09-03,C5865,P1119,S243,South,Online,5,20033,0,Cash,Completed
O108200,2025-03-09,C6844,P1206,S237,North,Store,2,21502,0,UPI,Completed
O108201,2025-04-16,C5959,P1275,S214,West,Store,5,22022,194,UPI,Completed
O108202,2024-08-25,C6381,P1084,S211,West,Online,3,18967,271,Cash,Completed
O108203,2024-04-27,C6081,P1149,S232,North,Store,5,12341,0,Cash,Cancelled
O108204,2024-11-06,C6788,P1210,S229,South,Online,4,6616,0,Cash,Cancelled
O108205,2024-02-21,C5388,P1077,S215,East,Store,2,5894,0,Cash,Completed
O108206,2024-01-20,C6293,P1220,S212,West,Online,3,15484,0,Credit Card,Completed
O108207,2024-09-30,C5806,P1163,S201,South,Online,2,11924,0,Debit Card,Completed
O108208,2024-04-21,C6532,P1110,S240,North,Store,1,5745,0,Credit Card,Completed
O108209,2024-10-28,C5753,P1184,S229,South,Store,5,23546,0,Cash,Completed
O108210,2024-04-11,C6711,P1023,S239,West,Online,1,11148,0,Credit Card,Completed
O108211,2025-05-05,C6098,P1227,S241,South,Online,4,5382,0,UPI,Completed
O108212,2024-05-06,C6510,P1269,S210,North,Online,5,4684,0,Credit Card,Cancelled
O108213,2025-12-13,C6036,P1288,S218,North,Store,3,10267,0,Debit Card,Cancelled
O108214,2025-03-17,C6672,P1237,S239,West,Store,3,21100,0,Credit Card,Completed
O108215,2024-09-21,C6544,P1263,S223,West,Store,1,7564,0,Cash,Cancelled
O108216,2024-01-12,C6506,P1016,S226,North,Store,4,11602,0,Credit Card,Completed
O108217,2025-05-24,C6036,P1277,S247,North,Online,3,2790,0,Debit Card,Completed
O108218,2025-04-10,C5429,P1298,S244,East,Store,5,14176,0,UPI,Completed
O108219,2024-11-02,C6890,P1096,S228,South,Store,1,16951,0,UPI,Completed
O108220,2024-06-14,C6264,P1105,S237,North,Store,1,10648,138,Cash,Cancelled
O108221,2025-08-05,C5881,P1225,S211,West,Online,2,14610,0,Credit Card,Completed
O108222,2025-02-25,C6191,P1200,S244,East,Online,1,2422,0,Credit Card,Cancelled
O108223,2025-01-02,C6527,P1227,S224,East,Online,5,5382,206,Credit Card,Completed
O108224,2025-09-18,C5338,P1268,S203,East,Store,3,5770,0,Cash,Completed
O108225,2025-12-02,C6723,P1084,S235,North,Store,4,18967,0,Cash,Completed
O108226,2025-08-30,C5170,P1255,S211,West,Online,5,14851,0,Credit Card,Cancelled
O108227,2025-01-17,C5346,P1079,S219,North,Store,4,9159,0,Credit Card,Completed
O108228,2024-11-17,C5927,P1221,S200,West,Store,1,17898,0,UPI,Completed
O108229,2025-08-21,C5967,P1176,S241,South,Store,2,14974,0,Cash,Completed
O108230,2025-11-24,C5517,P1001,S249,East,Online,2,15566,372,Credit Card,Cancelled
O108231,2025-11-21,C5862,P1075,S219,North,Online,5,19286,0,UPI,Cancelled
O108232,2024-01-25,C6289,P1144,S238,East,Store,4,21604,113,Debit Card,Cancelled
O108233,2024-11-05,C5234,P1194,S218,North,Online,2,10696,0,Debit Card,Cancelled
O108234,2024-08-19,C5221,P1162,S220,South,Online,2,8893,0,UPI,Completed
O108235,2024-02-17,C5502,P1206,S243,South,Store,5,21502,0,Credit Card,Completed
O108236,2024-02-21,C6250,P1287,S248,West,Store,3,21054,0,Credit Card,Cancelled
O108237,2024-06-29,C6565,P1293,S246,North,Store,3,19741,0,UPI,Completed
O108238,2025-04-09,C6441,P1117,S212,West,Store,3,10710,0,Cash,Completed
O108239,2024-02-24,C6883,P1039,S242,North,Online,3,3162,339,Credit Card,Completed
O108240,2024-01-23,C5558,P1158,S240,North,Online,2,18699,0,Debit Card,Completed
O108241,2024-09-02,C6669,P1007,S206,South,Store,5,15969,0,Cash,Completed
O108242,2024-08-18,C6318,P1262,S205,South,Online,3,11478,0,Cash,Completed
O108243,2024-09-28,C6650,P1282,S228,South,Online,3,19507,0,Cash,Completed
O108244,2025-04-16,C6581,P1269,S201,South,Store,2,4684,355,Cash,Cancelled
O108245,2025-06-15,C6141,P1206,S211,West,Store,3,21502,60,Credit Card,Completed
O108246,2024-09-12,C5660,P1251,S236,West,Online,2,8279,0,Cash,Completed
O108247,2024-12-12,C6963,P1218,S208,East,Online,1,15354,456,Debit Card,Completed
O108248,2025-10-15,C6533,P1041,S245,East,Store,2,15445,0,UPI,Cancelled
O108249,2025-10-12,C6573,P1234,S230,East,Store,1,5302,293,UPI,Completed
O108250,2024-08-25,C5127,P1191,S220,South,Online,3,13093,0,UPI,Cancelled
O108251,2024-02-11,C6147,P1276,S203,East,Online,2,17692,0,Credit Card,Completed
O108252,2024-08-19,C6845,P1102,S223,West,Store,4,11805,147,Cash,Completed
O108253,2025-12-26,C5311,P1203,S231,North,Online,4,17152,0,UPI,Completed
O108254,2024-10-28,C5415,P1142,S201,South,Online,3,11011,0,Credit Card,Completed
O108255,2024-04-04,C5775,P1013,S222,East,Store,5,18762,0,Cash,Cancelled
O108256,2024-03-31,C5896,P1243,S201,South,Online,2,21225,0,Cash,Completed
O108257,2025-07-04,C5933,P1291,S231,North,Store,4,12542,457,Cash,Cancelled
O108258,2025-04-27,C6322,P1176,S223,West,Store,5,14974,0,UPI,Completed
O108259,2024-12-25,C6228,P1119,S242,North,Online,1,20033,325,Debit Card,Completed
O108260,2025-11-23,C6013,P1057,S218,North,Store,4,12244,0,Debit Card,Completed
O108261,2025-04-02,C5666,P1147,S229,South,Online,4,10106,0,UPI,Cancelled
O108262,2024-05-01,C6839,P1240,S202,East,Store,5,9126,0,Debit Card,Completed
O108263,2025-07-19,C5599,P1124,S218,North,Store,4,18693,0,Debit Card,Completed
O108264,2025-02-19,C6563,P1100,S200,West,Online,3,9778,0,UPI,Completed
O108265,2024-04-18,C6682,P1062,S215,East,Store,2,17006,0,Cash,Completed
O108266,2024-09-28,C5090,P1281,S211,West,Store,2,12731,376,UPI,Completed
O108267,2025-05-07,C6517,P1177,S202,East,Online,2,4568,0,Credit Card,Cancelled
O108268,2025-05-04,C6457,P1243,S220,South,Store,4,21225,0,UPI,Cancelled
O108269,2025-01-08,C5913,P1121,S205,South,Store,2,12001,332,Cash,Completed
O108270,2024-03-09,C5315,P1182,S213,North,Store,5,18616,0,UPI,Completed
O108271,2024-01-28,C6061,P1196,S242,North,Online,3,13692,417,UPI,Completed
O108272,2025-08-09,C6530,P1183,S227,North,Online,1,3139,0,Debit Card,Completed
O108273,2024-08-28,C5645,P1184,S249,East,Store,1,23546,0,UPI,Completed
O108274,2025-06-10,C5667,P1270,S226,North,Online,1,19833,0,UPI,Completed
O108275,2024-05-13,C6473,P1070,S202,East,Online,3,3836,0,UPI,Completed
O108276,2024-01-19,C6024,P1106,S229,South,Online,5,16729,0,Cash,Cancelled
O108277,2024-12-15,C6597,P1042,S214,West,Online,1,20007,0,UPI,Completed
O108278,2025-05-07,C5372,P1265,S218,North,Online,5,11992,0,Credit Card,Cancelled
O108279,2025-02-02,C6776,P1271,S209,West,Store,2,14975,0,Debit Card,Completed
O108280,2024-04-17,C6814,P1019,S222,East,Online,1,11005,387,Credit Card,Completed
O108281,2025-05-11,C6959,P1265,S237,North,Store,4,11992,0,Debit Card,Cancelled
O108282,2024-07-29,C6023,P1148,S203,East,Online,4,10231,0,Credit Card,Completed
O108283,2025-12-10,C5127,P1285,S227,North,Store,2,20596,0,Cash,Completed
O108284,2025-08-18,C6002,P1209,S238,East,Store,5,14912,336,Credit Card,Completed
O108285,2025-02-11,C6371,P1225,S219,North,Store,2,14610,0,Cash,Completed
O108286,2024-04-15,C5563,P1133,S224,East,Online,3,14458,316,Debit Card,Completed
O108287,2025-11-11,C5791,P1007,S208,East,Store,5,15969,0,Credit Card,Completed
O108288,2025-09-17,C6357,P1227,S232,North,Store,2,5382,0,UPI,Cancelled
O108289,2025-10-22,C5288,P1179,S236,West,Online,2,19591,0,Credit Card,Completed
O108290,2024-07-23,C6387,P1286,S223,West,Online,1,1267,319,Cash,Completed
O108291,2024-03-07,C6282,P1045,S237,North,Online,1,18465,0,Cash,Completed
O108292,2025-08-20,C5527,P1053,S220,South,Online,5,3129,0,Credit Card,Completed
O108293,2025-02-24,C6142,P1175,S203,East,Online,2,20666,0,Cash,Completed
O108294,2025-09-16,C6465,P1130,S224,East,Store,1,9394,0,Credit Card,Cancelled
O108295,2025-08-31,C5143,P1117,S243,South,Online,3,10710,0,UPI,Cancelled
O108296,2025-03-20,C5536,P1279,S228,South,Online,3,5899,209,UPI,Completed
O108297,2025-12-25,C5993,P1077,S214,West,Store,1,5894,0,Cash,Cancelled
O108298,2024-11-04,C5093,P1066,S244,East,Store,3,17713,0,Cash,Completed
O108299,2025-11-13,C6448,P1079,S221,North,Store,5,9159,0,Credit Card,Cancelled
O108300,2025-06-01,C6692,P1267,S206,South,Online,3,14604,0,UPI,Completed
O108301,2025-09-08,C5737,P1011,S215,East,Online,2,6770,0,Debit Card,Cancelled
O108302,2024-01-04,C5428,P1099,S223,West,Online,1,17578,0,Credit Card,Completed
O108303,2025-11-13,C6994,P1103,S215,East,Store,5,19689,0,UPI,Completed
O108304,2025-03-02,C5624,P1023,S219,North,Store,1,11148,0,Debit Card,Cancelled
O108305,2024-12-11,C5367,P1081,S218,North,Store,3,11888,0,Debit Card,Completed
O108306,2025-01-18,C5011,P1021,S204,North,Online,4,11470,0,Cash,Completed
O108307,2025-03-20,C5959,P1263,S200,West,Online,4,7564,0,UPI,Completed
O108308,2024-09-05,C5674,P1087,S215,East,Online,5,5062,157,UPI,Completed
O108309,2025-07-25,C5571,P1185,S228,South,Store,2,7628,87,Cash,Completed
O108310,2024-05-16,C6014,P1046,S208,East,Online,1,11020,0,Credit Card,Completed
O108311,2025-04-25,C6156,P1245,S208,East,Store,5,3373,0,Debit Card,Completed
O108312,2024-01-21,C5052,P1244,S200,West,Store,1,5773,0,UPI,Completed
O108313,2024-11-10,C5689,P1227,S216,East,Store,2,5382,0,Cash,Cancelled
O108314,2025-11-27,C6529,P1025,S226,North,Store,5,8362,211,UPI,Completed
O108315,2025-04-02,C5889,P1199,S210,North,Store,5,17589,0,Debit Card,Completed
O108316,2025-06-23,C6795,P1221,S248,West,Online,2,17898,190,UPI,Completed
O108317,2024-09-25,C5588,P1032,S217,West,Store,4,2864,0,UPI,Completed
O108318,2024-06-24,C5352,P1281,S233,North,Store,2,12731,0,Cash,Completed
O108319,2025-03-29,C5689,P1262,S247,North,Store,4,11478,0,Debit Card,Completed
O108320,2025-09-10,C6110,P1071,S201,South,Store,4,5086,193,Debit Card,Completed
O108321,2024-02-22,C6717,P1208,S242,North,Store,1,11265,486,Cash,Completed
O108322,2025-08-02,C6303,P1021,S231,North,Store,5,11470,0,Credit Card,Completed
O108323,2025-08-19,C5284,P1004,S218,North,Store,2,6831,0,UPI,Completed
O108324,2024-04-28,C5394,P1103,S236,West,Store,5,19689,0,UPI,Completed
O108325,2024-01-30,C6968,P1273,S220,South,Online,5,17610,0,Cash,Cancelled
O108326,2025-05-23,C6777,P1281,S221,North,Online,5,12731,0,Credit Card,Completed
O108327,2025-12-18,C6502,P1099,S201,South,Store,3,17578,344,Debit Card,Completed
O108328,2025-05-09,C6067,P1236,S223,West,Online,5,1650,0,Cash,Completed
O108329,2025-01-18,C6265,P1084,S211,West,Online,3,18967,0,Cash,Completed
O108330,2025-06-21,C6788,P1292,S223,West,Store,5,23214,402,Cash,Cancelled
O108331,2024-04-18,C5288,P1154,S214,West,Online,5,16309,0,Credit Card,Cancelled
O108332,2024-03-16,C6368,P1119,S211,West,Store,3,20033,217,Debit Card,Completed
O108333,2024-09-08,C5811,P1149,S234,East,Online,2,12341,0,UPI,Cancelled
O108334,2025-06-22,C5972,P1077,S241,South,Online,4,5894,0,UPI,Completed
O108335,2025-05-16,C5639,P1168,S241,South,Store,1,11993,0,UPI,Cancelled
O108336,2025-10-06,C6884,P1204,S241,South,Online,4,3675,0,Debit Card,Completed
O108337,2024-10-14,C6580,P1147,S245,East,Store,5,10106,0,Debit Card,Completed
O108338,2025-05-28,C6335,P1280,S244,East,Store,2,17740,0,Cash,Cancelled
O108339,2024-03-29,C6153,P1232,S221,North,Online,3,4324,0,UPI,Completed
O108340,2025-05-16,C5975,P1069,S210,North,Online,1,10947,155,Credit Card,Completed
O108341,2024-02-01,C6343,P1284,S238,East,Store,3,13277,121,Debit Card,Completed
O108342,2024-07-11,C6277,P1107,S235,North,Online,3,7054,0,UPI,Completed
O108343,2024-08-26,C6980,P1204,S235,North,Store,4,3675,0,Cash,Completed
O108344,2025-01-19,C6952,P1137,S245,East,Store,2,8938,0,UPI,Cancelled
O108345,2025-02-08,C5540,P1189,S248,West,Store,5,23820,0,Debit Card,Completed
O108346,2024-01-05,C6713,P1003,S220,South,Store,3,1494,427,Credit Card,Cancelled
O108347,2025-01-19,C6726,P1088,S236,West,Store,5,21299,0,Cash,Cancelled
O108348,2024-03-03,C6787,P1003,S236,West,Online,4,1494,0,Cash,Completed
O108349,2025-04-16,C5679,P1068,S215,East,Online,2,11524,201,UPI,Cancelled
O108350,2024-10-23,C5419,P1262,S224,East,Store,2,11478,0,Credit Card,Completed
O108351,2025-12-09,C5357,P1281,S221,North,Store,3,12731,0,Debit Card,Cancelled
O108352,2024-12-17,C6991,P1137,S222,East,Store,2,8938,0,Cash,Cancelled
O108353,2024-06-25,C6239,P1153,S207,North,Store,3,14011,0,Cash,Completed
O108354,2025-03-21,C5303,P1066,S206,South,Store,3,17713,0,Cash,Completed
O108355,2025-11-29,C6853,P1038,S217,West,Store,1,22462,0,Credit Card,Completed
O108356,2024-01-21,C6505,P1252,S233,North,Store,4,17202,329,Cash,Cancelled
O108357,2024-09-12,C5558,P1071,S225,South,Store,3,5086,0,Credit Card,Completed
O108358,2025-01-24,C5401,P1029,S234,East,Online,1,21239,0,Debit Card,Completed
O108359,2025-10-27,C6302,P1174,S240,North,Online,4,21347,0,UPI,Cancelled
O108360,2024-03-31,C6448,P1010,S201,South,Store,1,8826,0,Credit Card,Completed
O108361,2025-12-17,C6319,P1240,S232,North,Online,5,9126,81,UPI,Cancelled
O108362,2025-07-16,C5980,P1053,S246,North,Online,1,3129,0,Credit Card,Completed
O108363,2024-09-28,C6650,P1290,S219,North,Store,2,5987,0,UPI,Completed
O108364,2024-11-18,C5693,P1270,S245,East,Store,5,19833,0,Cash,Cancelled
O108365,2024-01-25,C5231,P1299,S243,South,Online,2,17937,0,UPI,Completed
O108366,2024-09-15,C6769,P1229,S237,North,Online,3,23069,0,Debit Card,Completed
O108367,2025-10-16,C5318,P1120,S220,South,Online,1,20523,0,Debit Card,Completed
O108368,2024-06-14,C5838,P1294,S218,North,Store,5,16364,0,UPI,Completed
O108369,2025-09-05,C5359,P1079,S241,South,Store,1,9159,0,Debit Card,Completed
O108370,2024-05-22,C6725,P1200,S229,South,Online,1,2422,0,Debit Card,Completed
O108371,2024-01-01,C6121,P1146,S200,West,Store,4,13303,0,UPI,Cancelled
O108372,2024-04-05,C5502,P1268,S232,North,Online,1,5770,66,UPI,Completed
O108373,2024-03-13,C6389,P1123,S217,West,Store,3,15348,0,UPI,Completed
O108374,2025-03-14,C5449,P1124,S224,East,Store,3,18693,151,Cash,Completed
O108375,2025-01-30,C6307,P1218,S236,West,Online,2,15354,0,UPI,Completed
O108376,2025-12-23,C6402,P1129,S216,East,Store,2,5589,0,Cash,Completed
O108377,2025-04-17,C6574,P1053,S216,East,Store,2,3129,0,UPI,Completed
O108378,2025-03-18,C5617,P1049,S203,East,Store,1,4384,0,Cash,Completed
O108379,2024-06-27,C5419,P1286,S214,West,Store,5,1267,0,UPI,Completed
O108380,2024-11-13,C5125,P1215,S244,East,Store,5,16425,0,Credit Card,Completed
O108381,2024-03-24,C6352,P1164,S249,East,Store,5,5775,416,Cash,Completed
O108382,2024-11-10,C6457,P1281,S203,East,Store,4,12731,0,Credit Card,Completed
O108383,2025-08-17,C6281,P1105,S224,East,Store,2,10648,0,Debit Card,Completed
O108384,2024-02-27,C6170,P1045,S249,East,Online,3,18465,115,Credit Card,Completed
O108385,2025-03-09,C6239,P1178,S217,West,Store,1,8635,0,UPI,Completed
O108386,2025-02-16,C6550,P1158,S233,North,Store,1,18699,0,Credit Card,Cancelled
O108387,2024-04-06,C5948,P1012,S228,South,Store,4,20263,0,Credit Card,Completed
O108388,2024-07-20,C6387,P1224,S210,North,Store,2,21622,0,Credit Card,Completed
O108389,2025-03-09,C6881,P1025,S203,East,Store,5,8362,0,Cash,Cancelled
O108390,2024-01-18,C5854,P1070,S239,West,Store,2,3836,83,Cash,Completed
O108391,2024-07-22,C5169,P1086,S218,North,Store,5,9673,0,Credit Card,Completed
O108392,2024-07-05,C5463,P1087,S229,South,Online,3,5062,0,Debit Card,Completed
O108393,2025-05-20,C6837,P1191,S224,East,Online,5,13093,0,UPI,Cancelled
O108394,2025-12-23,C5117,P1197,S238,East,Online,1,16495,0,UPI,Cancelled
O108395,2024-11-17,C6378,P1262,S217,West,Store,4,11478,0,Cash,Completed
O108396,2024-11-24,C6380,P1157,S227,North,Online,3,20469,0,Credit Card,Cancelled
O108397,2025-12-17,C5479,P1126,S218,North,Online,1,13666,0,UPI,Completed
O108398,2025-05-24,C5941,P1210,S218,North,Online,4,6616,168,Credit Card,Completed
O108399,2025-09-06,C5961,P1085,S222,East,Online,2,5647,0,Debit Card,Cancelled
O108400,2024-05-19,C6882,P1235,S202,East,Store,3,21005,0,UPI,Completed
O108401,2025-08-03,C6251,P1053,S237,North,Online,1,3129,0,Cash,Completed
O108402,2024-09-09,C5255,P1287,S233,North,Store,1,21054,0,Credit Card,Completed
O108403,2024-01-30,C6551,P1046,S214,West,Online,2,11020,0,UPI,Completed
O108404,2024-04-15,C6194,P1078,S239,West,Online,3,23389,0,Debit Card,Completed
O108405,2024-03-18,C5895,P1143,S224,East,Online,4,8850,0,UPI,Completed
O108406,2024-11-09,C6877,P1214,S234,East,Online,4,10921,0,Credit Card,Completed
O108407,2025-01-11,C5573,P1104,S230,East,Store,2,18741,0,Debit Card,Cancelled
O108408,2024-11-13,C6543,P1186,S224,East,Store,1,14983,0,Debit Card,Cancelled
O108409,2023-12-28,C5330,P1068,S241,South,Store,1,11524,0,Debit Card,Cancelled
O108410,2025-05-02,C6216,P1125,S229,South,Store,2,8150,161,Cash,Completed
O108411,2025-05-21,C6593,P1164,S228,South,Store,2,5775,0,Credit Card,Completed
O108412,2024-12-06,C6163,P1108,S238,East,Online,4,14233,0,Credit Card,Cancelled
O108413,2025-12-11,C5643,P1230,S228,South,Store,4,12075,0,Cash,Completed
O108414,2025-08-20,C5580,P1143,S214,West,Online,4,8850,0,Credit Card,Completed
O108415,2025-08-19,C5935,P1295,S239,West,Store,1,3337,144,UPI,Completed
O108416,2025-03-03,C5219,P1196,S215,East,Online,2,13692,0,UPI,Cancelled
O108417,2025-10-14,C5213,P1150,S204,North,Store,1,7422,233,Debit Card,Completed
O108418,2025-10-17,C5356,P1173,S210,North,Store,1,7396,0,UPI,Completed
O108419,2024-03-20,C5553,P1289,S243,South,Store,5,16378,60,Debit Card,Completed
O108420,2025-04-26,C6664,P1268,S238,East,Store,2,5770,0,Credit Card,Completed
O108421,2024-03-13,C5119,P1084,S222,East,Store,2,18967,0,Credit Card,Completed
O108422,2025-08-31,C5208,P1285,S222,East,Online,4,20596,0,Cash,Completed
O108423,2025-06-01,C5278,P1009,S232,North,Store,4,15817,0,UPI,Completed
O108424,2025-04-16,C5909,P1293,S207,North,Store,2,19741,0,UPI,Cancelled
O108425,2024-01-01,C6047,P1117,S223,West,Online,5,10710,0,Credit Card,Completed
O108426,2025-07-24,C5846,P1234,S207,North,Online,2,5302,458,UPI,Cancelled
O108427,2024-05-16,C5353,P1123,S239,West,Online,2,15348,0,UPI,Completed
O108428,2025-11-26,C5198,P1105,S226,North,Store,3,10648,0,Debit Card,Completed
O108429,2025-03-01,C6049,P1161,S227,North,Online,3,23914,0,Debit Card,Completed
O108430,2025-02-01,C5699,P1036,S212,West,Online,4,11836,0,Cash,Completed
O108431,2025-04-13,C6705,P1288,S213,North,Online,3,10267,0,Debit Card,Completed
O108432,2024-06-05,C5845,P1275,S222,East,Online,5,22022,0,Debit Card,Completed
O108433,2024-05-29,C5875,P1157,S216,East,Store,4,20469,0,UPI,Completed
O108434,2024-06-02,C5063,P1169,S243,South,Online,5,5160,255,Cash,Completed
O108435,2024-10-23,C5362,P1120,S228,South,Store,1,20523,0,Debit Card,Completed
O108436,2024-11-16,C6369,P1187,S247,North,Store,5,10875,0,Debit Card,Completed
O108437,2024-08-22,C6442,P1203,S248,West,Online,3,17152,359,UPI,Completed
O108438,2024-02-23,C5474,P1125,S246,North,Store,3,8150,0,UPI,Completed
O108439,2024-04-03,C5224,P1144,S246,North,Online,1,21604,0,Debit Card,Completed
O108440,2024-07-27,C5175,P1156,S204,North,Store,3,14997,0,Credit Card,Cancelled
O108441,2025-07-23,C5660,P1286,S217,West,Online,3,1267,0,Credit Card,Completed
O108442,2025-04-02,C5576,P1210,S221,North,Online,5,6616,0,Debit Card,Completed
O108443,2025-10-21,C5481,P1224,S206,South,Store,4,21622,0,Cash,Cancelled
O108444,2025-05-08,C5837,P1186,S210,North,Store,5,14983,0,UPI,Completed
O108445,2025-01-03,C5637,P1205,S209,West,Online,5,3522,335,UPI,Cancelled
O108446,2025-03-31,C6994,P1069,S226,North,Store,4,10947,0,Cash,Cancelled
O108447,2025-05-29,C5924,P1270,S203,East,Store,4,19833,0,UPI,Cancelled
O108448,2025-05-29,C6304,P1133,S201,South,Store,2,14458,310,Credit Card,Completed
O108449,2025-08-19,C5780,P1030,S244,East,Online,4,11890,0,UPI,Completed
O108450,2024-11-13,C6707,P1099,S215,East,Store,4,17578,0,UPI,Completed
O108451,2025-01-05,C5182,P1173,S236,West,Online,1,7396,0,Credit Card,Completed
O108452,2025-10-18,C5035,P1084,S202,East,Store,2,18967,0,UPI,Completed
O108453,2024-02-16,C5858,P1167,S228,South,Store,5,14354,0,Debit Card,Completed
O108454,2025-10-28,C5671,P1161,S248,West,Store,4,23914,0,Credit Card,Completed
O108455,2024-11-28,C6963,P1104,S247,North,Online,5,18741,0,Debit Card,Completed
O108456,2024-03-08,C6912,P1170,S215,East,Online,4,13196,0,UPI,Cancelled
O108457,2025-07-30,C6541,P1012,S230,East,Store,4,20263,0,Debit Card,Completed
O108458,2025-10-05,C6789,P1180,S237,North,Store,4,6796,0,Cash,Completed
O108459,2025-07-29,C6766,P1183,S215,East,Store,3,3139,264,Debit Card,Cancelled
O108460,2024-03-09,C5728,P1175,S204,North,Store,5,20666,0,Cash,Completed
O108461,2024-09-12,C5725,P1120,S242,North,Online,2,20523,68,Debit Card,Completed
O108462,2025-06-15,C5755,P1060,S215,East,Online,1,10490,0,Credit Card,Cancelled
O108463,2024-08-23,C5718,P1297,S240,North,Online,2,20307,0,Debit Card,Completed
O108464,2025-01-31,C6189,P1156,S227,North,Online,3,14997,0,UPI,Completed
O108465,2025-06-05,C6734,P1218,S225,South,Online,5,15354,466,UPI,Completed
O108466,2024-09-14,C6319,P1285,S206,South,Store,4,20596,267,Cash,Completed
O108467,2025-08-01,C5564,P1161,S218,North,Store,4,23914,0,UPI,Completed
O108468,2024-07-16,C6970,P1098,S237,North,Online,4,22065,0,Debit Card,Completed
O108469,2024-11-29,C5616,P1220,S218,North,Store,2,15484,0,Cash,Completed
O108470,2025-09-02,C6861,P1122,S246,North,Online,4,4929,201,Cash,Completed
O108471,2025-05-22,C5978,P1292,S243,South,Store,1,23214,0,Debit Card,Completed
O108472,2025-09-04,C6786,P1064,S220,South,Store,5,13395,131,Debit Card,Completed
O108473,2024-07-23,C5253,P1296,S240,North,Store,1,10596,0,Debit Card,Completed
O108474,2024-04-30,C5099,P1129,S225,South,Online,5,5589,119,UPI,Completed
O108475,2025-08-10,C5965,P1007,S212,West,Online,1,15969,0,Credit Card,Cancelled
O108476,2025-12-14,C5173,P1171,S244,East,Store,5,20278,0,UPI,Cancelled
O108477,2025-09-20,C5753,P1242,S229,South,Store,2,13862,423,UPI,Completed
O108478,2024-12-19,C5994,P1145,S237,North,Online,1,13495,0,Credit Card,Completed
O108479,2025-11-23,C6134,P1246,S206,South,Online,5,22713,219,Debit Card,Completed
O108480,2025-10-17,C6551,P1122,S212,West,Store,2,4929,0,Cash,Completed
O108481,2025-12-15,C5373,P1097,S224,East,Online,4,8915,180,Cash,Completed
O108482,2024-02-23,C6742,P1043,S239,West,Store,5,10110,498,Credit Card,Completed
O108483,2024-04-26,C6426,P1097,S239,West,Online,4,8915,0,Cash,Cancelled
O108484,2025-08-13,C6512,P1081,S208,East,Store,4,11888,0,Debit Card,Cancelled
O108485,2024-06-27,C5058,P1261,S228,South,Online,4,22756,65,Debit Card,Completed
O108486,2025-06-02,C5672,P1095,S200,West,Store,4,13952,71,Debit Card,Completed
O108487,2024-02-19,C6921,P1231,S229,South,Online,1,11775,0,Debit Card,Completed
O108488,2024-09-04,C6589,P1006,S247,North,Store,1,17945,261,Cash,Completed
O108489,2024-05-17,C5835,P1138,S249,East,Online,3,8919,0,Cash,Cancelled
O108490,2025-04-03,C5231,P1060,S221,North,Online,1,10490,0,Credit Card,Cancelled
O108491,2025-03-10,C6778,P1008,S224,East,Online,2,11489,0,Credit Card,Completed
O108492,2025-05-25,C6037,P1253,S213,North,Online,3,20605,0,Debit Card,Cancelled
O108493,2024-02-19,C5824,P1219,S221,North,Store,3,11028,292,Cash,Cancelled
O108494,2024-07-03,C5074,P1013,S245,East,Online,1,18762,165,UPI,Cancelled
O108495,2024-08-07,C5561,P1221,S239,West,Online,4,17898,403,Debit Card,Completed
O108496,2024-08-03,C5832,P1029,S228,South,Online,4,21239,0,Cash,Completed
O108497,2025-10-25,C6128,P1116,S249,East,Store,2,5919,0,UPI,Completed
O108498,2024-08-12,C5262,P1109,S216,East,Store,5,5046,0,Cash,Completed
O108499,2024-09-27,C6601,P1005,S203,East,Store,4,15987,95,Cash,Cancelled
O108500,2025-08-01,C6733,P1114,S248,West,Online,3,15114,0,Credit Card,Cancelled
O108501,2024-03-06,C5222,P1080,S236,West,Online,2,5303,0,UPI,Completed
O108502,2024-10-22,C5677,P1036,S202,East,Store,5,11836,0,Cash,Completed
O108503,2024-12-10,C5726,P1128,S243,South,Online,2,10078,0,Credit Card,Completed
O108504,2024-01-12,C6893,P1274,S204,North,Store,2,20728,0,Cash,Completed
O108505,2025-11-09,C5885,P1182,S209,West,Online,4,18616,0,UPI,Completed
O108506,2025-01-30,C6143,P1152,S203,East,Store,1,11737,0,UPI,Completed
O108507,2024-10-13,C6241,P1016,S209,West,Online,5,11602,192,UPI,Completed
O108508,2024-09-07,C6768,P1008,S242,North,Store,3,11489,0,Debit Card,Cancelled
O108509,2025-10-23,C5422,P1117,S204,North,Online,4,10710,0,Debit Card,Completed
O108510,2024-08-13,C6078,P1029,S214,West,Online,5,21239,0,UPI,Completed
O108511,2025-04-21,C6130,P1025,S213,North,Online,1,8362,0,Credit Card,Completed
O108512,2025-10-15,C6941,P1163,S238,East,Online,3,11924,0,Cash,Completed
O108513,2025-02-21,C5119,P1069,S209,West,Store,2,10947,0,Debit Card,Cancelled
O108514,2024-12-24,C6658,P1121,S219,North,Online,1,12001,0,UPI,Completed
O108515,2024-08-28,C6478,P1137,S220,South,Store,5,8938,0,UPI,Cancelled
O108516,2024-10-27,C5995,P1151,S249,East,Online,3,12508,0,Debit Card,Completed
O108517,2024-02-06,C6114,P1068,S227,North,Online,1,11524,0,UPI,Completed
O108518,2024-11-16,C5509,P1212,S245,East,Store,3,21743,0,Credit Card,Completed
O108519,2024-05-10,C5080,P1044,S219,North,Online,5,11357,0,UPI,Cancelled
O108520,2024-11-10,C5901,P1109,S211,West,Store,2,5046,0,Credit Card,Completed
O108521,2024-08-24,C5891,P1191,S239,West,Store,4,13093,0,UPI,Completed
O108522,2024-08-03,C5187,P1188,S211,West,Store,4,15328,0,UPI,Completed
O108523,2024-07-22,C5201,P1093,S224,East,Online,4,7635,460,Credit Card,Completed
O108524,2025-06-23,C5281,P1108,S228,South,Online,4,14233,0,Debit Card,Cancelled
O108525,2024-11-11,C6793,P1270,S204,North,Store,1,19833,0,UPI,Completed
O108526,2025-03-06,C6377,P1078,S209,West,Store,5,23389,0,Credit Card,Completed
O108527,2024-10-03,C6486,P1191,S226,North,Store,4,13093,0,Credit Card,Completed
O108528,2024-05-16,C6981,P1197,S241,South,Online,4,16495,0,Debit Card,Cancelled
O108529,2024-08-25,C6537,P1096,S205,South,Store,4,16951,0,Cash,Completed
O108530,2024-06-23,C5984,P1107,S229,South,Store,1,7054,0,UPI,Cancelled
O108531,2025-09-08,C5936,P1258,S245,East,Store,1,21780,0,UPI,Cancelled
O108532,2024-12-19,C5373,P1003,S225,South,Store,3,1494,0,UPI,Completed
O108533,2025-11-11,C6712,P1164,S224,East,Store,4,5775,0,UPI,Completed
O108534,2025-10-24,C6838,P1156,S223,West,Online,1,14997,0,UPI,Cancelled
O108535,2025-01-06,C5865,P1289,S215,East,Online,1,16378,0,Cash,Completed
O108536,2024-10-16,C6386,P1183,S231,North,Online,3,3139,426,Credit Card,Cancelled
O108537,2025-07-25,C6252,P1274,S243,South,Online,4,20728,83,Credit Card,Completed
O108538,2025-11-28,C5852,P1178,S200,West,Store,4,8635,0,Debit Card,Cancelled
O108539,2024-09-28,C6771,P1249,S215,East,Store,4,17145,0,Cash,Completed
O108540,2024-04-10,C6620,P1291,S247,North,Store,2,12542,0,Cash,Completed
O108541,2024-05-07,C5994,P1005,S216,East,Online,1,15987,0,Cash,Completed
O108542,2025-03-14,C6590,P1254,S242,North,Store,4,18521,0,UPI,Completed
O108543,2025-09-29,C5318,P1123,S232,North,Online,5,15348,0,Cash,Completed
O108544,2025-07-24,C6182,P1154,S233,North,Online,3,16309,0,Cash,Completed
O108545,2024-11-24,C5958,P1223,S214,West,Store,4,4729,0,Cash,Completed
O108546,2024-09-02,C6638,P1095,S202,East,Store,5,13952,0,Debit Card,Cancelled
O108547,2025-02-07,C5000,P1225,S218,North,Store,2,14610,0,Cash,Completed
O108548,2025-02-01,C5430,P1188,S233,North,Store,1,15328,0,Debit Card,Completed
O108549,2024-07-26,C6622,P1143,S221,North,Store,4,8850,149,UPI,Completed
O108550,2024-11-11,C5316,P1094,S248,West,Store,2,3783,0,UPI,Completed
O108551,2025-07-21,C5501,P1125,S216,East,Store,4,8150,0,Cash,Completed
O108552,2024-02-20,C5753,P1104,S235,North,Online,3,18741,0,Debit Card,Completed
O108553,2024-11-27,C5615,P1002,S204,North,Store,3,21479,0,UPI,Completed
O108554,2025-04-09,C5251,P1214,S231,North,Store,5,10921,0,UPI,Completed
O108555,2025-01-25,C6082,P1285,S237,North,Online,5,20596,0,UPI,Completed
O108556,2024-07-18,C5159,P1167,S221,North,Store,4,14354,0,UPI,Completed
O108557,2024-08-03,C6419,P1143,S222,East,Online,2,8850,0,Credit Card,Completed
O108558,2024-08-25,C6280,P1218,S220,South,Store,5,15354,264,Cash,Cancelled
O108559,2025-11-18,C6157,P1269,S209,West,Online,1,4684,0,UPI,Completed
O108560,2024-05-20,C5215,P1104,S244,East,Online,3,18741,0,Debit Card,Completed
O108561,2025-07-27,C5654,P1182,S205,South,Online,5,18616,0,Credit Card,Completed
O108562,2025-11-20,C5924,P1028,S245,East,Store,5,7958,308,UPI,Completed
O108563,2025-06-06,C6886,P1181,S202,East,Online,3,4623,459,UPI,Completed
O108564,2024-04-10,C5784,P1122,S237,North,Online,5,4929,0,Debit Card,Completed
O108565,2025-03-05,C5119,P1202,S240,North,Store,2,15754,0,Cash,Cancelled
O108566,2025-05-29,C6459,P1209,S244,East,Online,5,14912,0,UPI,Completed
O108567,2024-09-23,C6177,P1054,S204,North,Online,1,17956,0,Debit Card,Completed
O108568,2025-11-30,C6004,P1277,S224,East,Store,5,2790,0,Cash,Completed
O108569,2024-09-03,C6116,P1278,S214,West,Store,2,19013,0,UPI,Completed
O108570,2024-02-12,C5276,P1026,S246,North,Store,1,5942,338,Credit Card,Completed
O108571,2024-09-01,C6031,P1104,S212,West,Online,5,18741,0,Debit Card,Cancelled
O108572,2025-04-02,C6038,P1151,S213,North,Online,5,12508,287,Credit Card,Completed
O108573,2025-04-18,C5149,P1035,S214,West,Store,5,21802,0,UPI,Cancelled
O108574,2024-07-07,C5225,P1294,S241,South,Online,1,16364,0,UPI,Completed
O108575,2025-01-23,C5355,P1282,S214,West,Online,3,19507,475,Debit Card,Completed
O108576,2025-05-17,C5231,P1158,S215,East,Online,3,18699,0,Cash,Completed
O108577,2024-10-28,C5403,P1057,S236,West,Online,5,12244,0,UPI,Cancelled
O108578,2025-09-27,C6916,P1115,S240,North,Online,4,20308,443,Credit Card,Completed
O108579,2025-07-06,C5897,P1097,S248,West,Online,2,8915,274,UPI,Completed
O108580,2024-11-20,C6655,P1185,S238,East,Online,1,7628,0,Credit Card,Completed
O108581,2024-01-22,C6352,P1028,S221,North,Online,2,7958,0,Debit Card,Completed
O108582,2024-12-23,C6585,P1178,S240,North,Store,3,8635,0,Cash,Cancelled
O108583,2024-02-07,C5441,P1214,S208,East,Online,5,10921,0,Cash,Completed
O108584,2024-03-09,C5814,P1219,S213,North,Store,4,11028,289,Cash,Completed
O108585,2025-11-12,C6422,P1101,S225,South,Store,4,17061,0,UPI,Completed
O108586,2025-06-24,C6144,P1195,S220,South,Store,5,2809,0,Debit Card,Completed
O108587,2025-06-20,C6312,P1231,S237,North,Online,3,11775,0,UPI,Cancelled
O108588,2024-01-17,C6070,P1108,S204,North,Online,1,14233,0,Cash,Cancelled
O108589,2024-05-01,C5605,P1163,S214,West,Store,2,11924,0,Debit Card,Completed
O108590,2024-01-30,C6371,P1105,S240,North,Store,4,10648,401,Cash,Completed
O108591,2024-10-30,C5881,P1089,S242,North,Online,1,18424,0,Credit Card,Completed
O108592,2024-07-28,C5761,P1000,S239,West,Store,4,5850,0,UPI,Completed
O108593,2024-05-26,C6010,P1175,S242,North,Store,2,20666,0,Debit Card,Completed
O108594,2024-09-30,C5958,P1204,S235,North,Store,4,3675,0,Cash,Completed
O108595,2024-08-24,C6636,P1095,S212,West,Store,4,13952,0,Credit Card,Completed
O108596,2025-02-17,C5424,P1193,S234,East,Online,3,18061,0,Cash,Completed
O108597,2025-03-06,C6592,P1181,S223,West,Store,2,4623,0,UPI,Cancelled
O108598,2025-07-23,C5909,P1111,S221,North,Store,2,6965,0,Credit Card,Completed
O108599,2024-11-02,C5269,P1050,S249,East,Online,1,11986,0,UPI,Completed
O108600,2024-11-23,C5512,P1077,S206,South,Store,5,5894,229,Cash,Completed
O108601,2025-07-01,C5700,P1026,S228,South,Online,5,5942,0,UPI,Cancelled
O108602,2025-03-12,C6101,P1230,S231,North,Store,1,12075,0,UPI,Completed
O108603,2024-10-27,C5542,P1159,S223,West,Online,4,18152,0,Credit Card,Cancelled
O108604,2025-10-22,C6213,P1027,S242,North,Online,5,5053,318,Cash,Cancelled
O108605,2025-10-05,C6388,P1256,S245,East,Online,1,8546,52,Credit Card,Completed
O108606,2025-07-08,C5567,P1119,S211,West,Online,4,20033,0,Credit Card,Cancelled
O108607,2024-03-10,C6363,P1057,S204,North,Online,4,12244,0,UPI,Cancelled
O108608,2025-09-12,C6367,P1250,S221,North,Store,4,4746,0,Debit Card,Cancelled
O108609,2024-04-28,C5055,P1270,S228,South,Online,5,19833,341,Credit Card,Completed
O108610,2025-08-23,C6949,P1092,S226,North,Store,4,9784,0,Debit Card,Cancelled
O108611,2025-09-01,C6831,P1297,S209,West,Store,4,20307,0,Cash,Completed
O108612,2024-11-13,C5178,P1268,S223,West,Store,1,5770,0,UPI,Completed
O108613,2024-11-28,C5162,P1105,S249,East,Store,3,10648,0,Credit Card,Completed
O108614,2025-12-04,C6530,P1166,S200,West,Online,5,1640,0,Credit Card,Completed
O108615,2024-03-21,C6781,P1179,S222,East,Online,5,19591,0,Credit Card,Completed
O108616,2024-10-31,C6434,P1102,S205,South,Store,1,11805,0,Credit Card,Completed
O108617,2025-02-04,C6952,P1050,S238,East,Store,5,11986,65,Debit Card,Completed
O108618,2024-12-18,C5312,P1213,S243,South,Online,1,14282,0,Debit Card,Completed
O108619,2025-12-23,C6237,P1054,S211,West,Online,5,17956,0,Credit Card,Cancelled
O108620,2024-06-15,C5978,P1237,S221,North,Store,3,21100,0,Debit Card,Completed
O108621,2024-01-09,C6556,P1141,S223,West,Store,5,5607,77,Credit Card,Completed
O108622,2024-04-09,C6025,P1196,S246,North,Online,1,13692,0,Debit Card,Completed
O108623,2025-02-12,C6411,P1044,S205,South,Store,1,11357,204,UPI,Completed
O108624,2024-07-22,C5329,P1025,S242,North,Online,1,8362,427,Cash,Completed
O108625,2024-10-14,C5036,P1152,S242,North,Store,2,11737,0,Debit Card,Completed
O108626,2025-04-20,C5273,P1292,S207,North,Store,5,23214,393,Cash,Completed
O108627,2024-08-04,C6488,P1139,S220,South,Store,5,21395,0,Cash,Cancelled
O108628,2024-04-03,C6898,P1212,S203,East,Online,2,21743,0,Cash,Completed
O108629,2025-01-09,C6807,P1289,S200,West,Online,4,16378,241,UPI,Completed
O108630,2024-04-16,C6060,P1212,S219,North,Store,1,21743,0,Credit Card,Completed
O108631,2024-11-08,C5852,P1247,S217,West,Store,2,15686,182,Debit Card,Completed
O108632,2024-09-09,C6866,P1024,S239,West,Online,5,15591,0,UPI,Completed
O108633,2025-07-14,C5983,P1091,S204,North,Store,1,12784,81,Debit Card,Completed
O108634,2024-02-15,C5432,P1006,S204,North,Online,4,17945,0,UPI,Completed
O108635,2025-01-02,C5467,P1052,S243,South,Online,1,13741,0,Cash,Cancelled
O108636,2024-09-18,C5626,P1254,S232,North,Online,1,18521,0,Credit Card,Completed
O108637,2025-03-09,C5447,P1138,S207,North,Store,3,8919,396,Debit Card,Cancelled
O108638,2025-06-08,C5914,P1232,S205,South,Online,3,4324,0,Debit Card,Completed
O108639,2025-01-06,C6951,P1084,S210,North,Store,1,18967,277,Credit Card,Cancelled
O108640,2025-04-29,C6593,P1099,S212,West,Store,3,17578,337,UPI,Completed
O108641,2024-06-30,C6114,P1080,S236,West,Store,2,5303,317,Debit Card,Completed
O108642,2025-11-14,C6361,P1155,S203,East,Online,5,15032,453,UPI,Completed
O108643,2024-10-22,C6881,P1211,S230,East,Store,3,17552,219,Debit Card,Completed
O108644,2025-09-09,C5049,P1105,S224,East,Online,4,10648,0,UPI,Completed
O108645,2024-06-26,C5689,P1094,S245,East,Store,1,3783,0,Debit Card,Completed
O108646,2025-12-09,C5053,P1026,S221,North,Store,2,5942,0,UPI,Cancelled
O108647,2025-01-23,C5491,P1196,S235,North,Store,4,13692,96,Cash,Cancelled
O108648,2025-03-25,C6414,P1145,S205,South,Store,5,13495,97,Cash,Completed
O108649,2024-03-30,C6636,P1111,S213,North,Online,1,6965,421,Debit Card,Cancelled
O108650,2024-02-12,C6402,P1034,S215,East,Online,4,9778,0,Debit Card,Completed
O108651,2025-03-04,C6886,P1146,S202,East,Store,3,13303,304,UPI,Completed
O108652,2024-10-25,C6657,P1077,S238,East,Online,1,5894,0,Cash,Completed
O108653,2025-04-22,C5151,P1110,S240,North,Store,2,5745,323,Cash,Cancelled
O108654,2025-02-10,C6615,P1238,S238,East,Store,2,18960,0,Credit Card,Completed
O108655,2025-10-11,C6487,P1283,S233,North,Store,2,17954,290,Debit Card,Cancelled
O108656,2025-02-11,C5315,P1170,S235,North,Online,1,13196,0,Credit Card,Completed
O108657,2025-11-11,C5937,P1037,S235,North,Online,4,17516,84,Debit Card,Completed
O108658,2025-07-24,C6719,P1071,S230,East,Online,3,5086,0,Cash,Completed
O108659,2024-12-17,C5916,P1112,S217,West,Online,1,14915,0,Credit Card,Cancelled
O108660,2025-10-21,C5712,P1102,S214,West,Online,4,11805,0,Debit Card,Cancelled
O108661,2024-06-10,C5705,P1109,S244,East,Store,4,5046,0,UPI,Completed
O108662,2024-07-26,C6772,P1254,S242,North,Store,4,18521,0,Cash,Completed
O108663,2025-06-10,C5467,P1093,S247,North,Online,3,7635,0,Credit Card,Completed
O108664,2025-01-26,C6202,P1224,S218,North,Store,5,21622,129,Cash,Completed
O108665,2025-07-21,C6302,P1117,S217,West,Store,2,10710,0,Credit Card,Completed
O108666,2025-01-09,C6305,P1292,S248,West,Store,4,23214,251,UPI,Completed
O108667,2025-09-29,C5645,P1103,S200,West,Store,1,19689,0,Credit Card,Cancelled
O108668,2025-08-01,C6978,P1171,S236,West,Online,5,20278,0,Cash,Cancelled
O108669,2024-12-15,C5491,P1164,S236,West,Store,2,5775,0,Cash,Completed
O108670,2025-06-01,C6746,P1214,S246,North,Online,4,10921,236,UPI,Completed
O108671,2025-08-26,C5366,P1114,S218,North,Online,3,15114,479,Debit Card,Completed
O108672,2025-09-14,C6440,P1124,S217,West,Online,5,18693,242,Cash,Cancelled
O108673,2024-04-14,C5266,P1269,S206,South,Store,1,4684,0,Cash,Completed
O108674,2024-05-08,C5163,P1280,S244,East,Online,5,17740,305,Debit Card,Cancelled
O108675,2024-12-13,C5589,P1215,S203,East,Store,3,16425,277,Cash,Cancelled
O108676,2025-05-26,C5116,P1229,S203,East,Store,4,23069,0,Debit Card,Completed
O108677,2025-08-01,C5253,P1146,S222,East,Store,1,13303,0,Cash,Cancelled
O108678,2025-03-24,C5771,P1140,S230,East,Online,2,18510,0,Debit Card,Completed
O108679,2024-04-03,C6510,P1025,S232,North,Store,2,8362,0,Cash,Completed
O108680,2025-12-12,C5688,P1195,S245,East,Online,4,2809,0,UPI,Cancelled
O108681,2024-08-07,C5874,P1196,S207,North,Online,1,13692,0,Debit Card,Completed
O108682,2024-03-14,C6213,P1155,S233,North,Online,3,15032,0,Cash,Completed
O108683,2025-02-12,C5663,P1160,S219,North,Online,3,17020,0,Cash,Cancelled
O108684,2025-08-05,C5364,P1107,S221,North,Store,2,7054,483,Credit Card,Completed
O108685,2024-11-09,C6391,P1134,S238,East,Online,4,8636,0,UPI,Completed
O108686,2024-02-09,C5605,P1136,S218,North,Store,2,3271,0,Cash,Completed
O108687,2024-12-03,C5640,P1275,S222,East,Online,3,22022,0,UPI,Completed
O108688,2024-06-29,C6066,P1257,S228,South,Store,5,18316,0,Credit Card,Completed
O108689,2025-07-25,C5955,P1260,S215,East,Online,2,1933,0,Credit Card,Completed
O108690,2025-01-22,C6654,P1068,S238,East,Online,4,11524,0,UPI,Cancelled
O108691,2025-03-28,C6918,P1216,S237,North,Store,5,19992,0,Cash,Completed
O108692,2025-04-18,C6141,P1119,S235,North,Online,2,20033,275,UPI,Completed
O108693,2025-01-22,C5794,P1014,S202,East,Store,4,6858,226,UPI,Cancelled
O108694,2024-04-10,C5552,P1153,S222,East,Online,4,14011,0,UPI,Completed
O108695,2024-11-12,C5352,P1009,S246,North,Store,4,15817,106,Credit Card,Completed
O108696,2024-09-03,C5113,P1072,S211,West,Online,4,11213,0,UPI,Completed
O108697,2024-12-21,C5770,P1140,S226,North,Online,4,18510,471,Cash,Completed
O108698,2024-04-15,C5021,P1264,S237,North,Store,3,5155,0,Debit Card,Completed
O108699,2025-01-12,C6136,P1190,S203,East,Online,4,22649,119,Debit Card,Completed
O108700,2024-08-18,C6439,P1245,S208,East,Store,4,3373,0,Debit Card,Completed
O108701,2025-10-05,C5662,P1279,S218,North,Online,1,5899,0,Credit Card,Completed
O108702,2024-12-08,C6822,P1091,S216,East,Store,3,12784,0,Cash,Cancelled
O108703,2024-09-19,C5283,P1139,S200,West,Online,2,21395,0,Cash,Cancelled
O108704,2025-03-10,C5122,P1150,S241,South,Online,3,7422,0,Credit Card,Cancelled
O108705,2024-11-26,C6156,P1097,S241,South,Online,1,8915,0,Debit Card,Completed
O108706,2025-03-01,C6815,P1039,S239,West,Store,2,3162,412,UPI,Completed
O108707,2024-10-27,C5034,P1089,S233,North,Store,3,18424,0,Debit Card,Cancelled
O108708,2024-01-04,C5475,P1246,S243,South,Online,2,22713,0,UPI,Completed
O108709,2024-07-20,C5223,P1030,S203,East,Online,1,11890,0,Cash,Cancelled
O108710,2024-07-07,C6515,P1225,S233,North,Online,1,14610,0,Credit Card,Completed
O108711,2024-08-13,C6859,P1159,S248,West,Store,4,18152,0,UPI,Completed
O108712,2024-01-06,C6771,P1215,S213,North,Store,3,16425,0,Credit Card,Completed
O108713,2024-06-14,C6342,P1285,S200,West,Store,3,20596,0,Credit Card,Cancelled
O108714,2024-04-01,C6785,P1159,S228,South,Online,1,18152,84,UPI,Cancelled
O108715,2025-08-03,C6648,P1170,S215,East,Online,2,13196,482,Debit Card,Completed
O108716,2025-12-10,C6680,P1207,S248,West,Store,4,17879,0,Credit Card,Completed
O108717,2025-04-09,C6989,P1226,S242,North,Online,3,19224,0,Credit Card,Completed
O108718,2024-12-06,C5399,P1229,S223,West,Online,1,23069,0,Cash,Completed
O108719,2024-11-17,C5488,P1199,S228,South,Online,5,17589,163,Debit Card,Cancelled
O108720,2024-04-27,C5712,P1263,S205,South,Store,4,7564,0,Cash,Completed
O108721,2025-10-22,C5892,P1167,S242,North,Store,3,14354,0,UPI,Completed
O108722,2024-12-07,C6575,P1044,S215,East,Store,1,11357,0,Cash,Completed
O108723,2025-09-27,C5649,P1012,S228,South,Store,4,20263,336,Cash,Completed
O108724,2025-01-23,C5026,P1287,S223,West,Online,3,21054,394,Credit Card,Completed
O108725,2025-09-14,C5041,P1191,S206,South,Online,4,13093,0,UPI,Cancelled
O108726,2025-01-24,C6896,P1208,S231,North,Online,5,11265,0,UPI,Completed
O108727,2024-11-16,C6517,P1001,S244,East,Online,3,15566,195,Debit Card,Completed
O108728,2024-08-08,C5238,P1175,S220,South,Store,3,20666,344,Cash,Cancelled
O108729,2024-11-26,C6909,P1182,S220,South,Store,5,18616,0,Credit Card,Completed
O108730,2024-04-16,C6910,P1012,S201,South,Store,2,20263,0,Credit Card,Completed
O108731,2024-05-26,C5332,P1179,S237,North,Online,3,19591,0,Cash,Cancelled
O108732,2025-02-21,C5182,P1170,S232,North,Store,4,13196,295,UPI,Completed
O108733,2024-01-27,C5302,P1254,S213,North,Store,1,18521,0,Credit Card,Completed
O108734,2025-01-13,C5346,P1263,S206,South,Online,5,7564,297,UPI,Completed
O108735,2025-01-14,C6548,P1278,S211,West,Online,5,19013,0,Cash,Completed
O108736,2024-07-09,C5026,P1041,S219,North,Online,1,15445,0,Credit Card,Completed
O108737,2024-06-27,C5861,P1127,S215,East,Store,4,11658,0,Credit Card,Completed
O108738,2024-11-02,C5006,P1188,S206,South,Store,2,15328,84,Debit Card,Completed
O108739,2025-11-11,C6189,P1009,S242,North,Online,4,15817,0,Debit Card,Cancelled
O108740,2024-04-08,C6309,P1133,S217,West,Store,2,14458,0,Debit Card,Cancelled
O108741,2024-12-08,C6711,P1179,S222,East,Online,1,19591,0,UPI,Completed
O108742,2024-03-12,C5396,P1134,S237,North,Online,2,8636,283,Cash,Completed
O108743,2025-05-20,C5489,P1030,S207,North,Store,5,11890,351,Cash,Cancelled
O108744,2025-05-24,C5153,P1218,S215,East,Store,5,15354,244,Cash,Cancelled
O108745,2024-02-08,C5833,P1007,S234,East,Store,2,15969,0,Debit Card,Completed
O108746,2025-10-24,C6645,P1055,S237,North,Online,3,21841,0,UPI,Completed
O108747,2024-08-15,C6049,P1211,S223,West,Online,2,17552,0,Debit Card,Completed
O108748,2024-12-10,C6601,P1267,S218,North,Store,2,14604,0,Credit Card,Cancelled
O108749,2024-05-09,C6434,P1074,S244,East,Store,5,5321,0,Debit Card,Completed
O108750,2025-11-13,C5056,P1236,S212,West,Online,3,1650,0,UPI,Completed
O108751,2024-10-25,C5548,P1203,S222,East,Store,5,17152,0,Cash,Completed
O108752,2024-11-14,C5430,P1207,S227,North,Online,3,17879,394,Cash,Completed
O108753,2025-05-28,C6013,P1288,S222,East,Store,1,10267,493,UPI,Completed
O108754,2024-05-25,C5432,P1228,S205,South,Store,4,13342,403,UPI,Completed
O108755,2025-07-14,C5325,P1270,S215,East,Store,4,19833,0,Debit Card,Cancelled
O108756,2025-07-04,C5075,P1042,S222,East,Store,4,20007,0,Debit Card,Completed
O108757,2024-11-11,C6627,P1265,S222,East,Online,5,11992,0,Debit Card,Completed
O108758,2024-11-26,C6669,P1222,S202,East,Store,3,15054,0,Cash,Completed
O108759,2025-08-15,C6509,P1079,S210,North,Online,4,9159,0,UPI,Completed
O108760,2025-01-17,C6894,P1225,S214,West,Online,2,14610,0,UPI,Completed
O108761,2025-01-20,C5686,P1190,S231,North,Online,4,22649,0,UPI,Completed
O108762,2024-11-29,C6768,P1116,S211,West,Online,2,5919,0,Debit Card,Completed
O108763,2025-03-30,C6196,P1084,S224,East,Store,5,18967,0,Credit Card,Completed
O108764,2024-09-17,C5822,P1081,S212,West,Store,1,11888,0,Cash,Completed
O108765,2024-10-05,C5593,P1111,S201,South,Store,1,6965,0,Credit Card,Completed
O108766,2025-03-10,C5557,P1121,S241,South,Online,2,12001,0,Credit Card,Cancelled
O108767,2025-12-15,C6925,P1105,S245,East,Online,5,10648,0,UPI,Cancelled
O108768,2024-12-25,C5290,P1238,S208,East,Store,1,18960,0,Debit Card,Completed
O108769,2025-12-16,C5234,P1194,S240,North,Store,2,10696,158,Cash,Completed
O108770,2024-10-30,C6647,P1123,S220,South,Store,3,15348,0,Cash,Completed
O108771,2024-02-13,C6962,P1074,S200,West,Online,2,5321,0,Debit Card,Completed
O108772,2025-11-21,C6823,P1189,S214,West,Online,3,23820,0,Cash,Completed
O108773,2024-03-27,C6742,P1237,S200,West,Store,5,21100,0,Cash,Cancelled
O108774,2024-01-12,C5631,P1245,S217,West,Store,4,3373,0,Credit Card,Completed
O108775,2025-08-31,C6421,P1195,S240,North,Store,5,2809,0,UPI,Completed
O108776,2025-05-22,C5070,P1170,S246,North,Online,5,13196,340,UPI,Completed
O108777,2024-01-08,C5858,P1163,S238,East,Store,4,11924,0,Debit Card,Completed
O108778,2025-06-19,C5599,P1142,S231,North,Online,2,11011,0,Credit Card,Completed
O108779,2025-03-09,C6141,P1069,S229,South,Online,3,10947,0,UPI,Completed
O108780,2025-04-20,C6079,P1189,S220,South,Online,4,23820,135,Credit Card,Completed
O108781,2024-01-29,C6316,P1252,S208,East,Store,5,17202,0,Cash,Completed
O108782,2024-10-01,C5920,P1260,S240,North,Store,5,1933,0,Credit Card,Completed
O108783,2024-01-13,C5066,P1216,S221,North,Online,2,19992,0,Credit Card,Completed
O108784,2025-01-09,C5613,P1159,S235,North,Online,1,18152,465,UPI,Cancelled
O108785,2024-03-04,C6502,P1084,S233,North,Store,3,18967,0,UPI,Completed
O108786,2024-10-08,C5314,P1121,S236,West,Store,1,12001,0,Credit Card,Completed
O108787,2025-01-30,C6650,P1298,S212,West,Online,2,14176,0,UPI,Completed
O108788,2024-04-02,C5970,P1280,S209,West,Store,3,17740,0,Credit Card,Completed
O108789,2024-10-15,C6283,P1212,S244,East,Online,5,21743,0,Credit Card,Completed
O108790,2025-10-15,C5500,P1161,S224,East,Store,4,23914,0,Credit Card,Completed
O108791,2025-12-21,C5853,P1258,S235,North,Store,2,21780,0,Debit Card,Cancelled
O108792,2024-05-31,C5159,P1280,S228,South,Store,3,17740,0,Debit Card,Completed
O108793,2024-01-27,C5447,P1034,S229,South,Store,5,9778,0,UPI,Completed
O108794,2024-11-23,C6274,P1062,S211,West,Store,5,17006,0,Credit Card,Completed
O108795,2025-09-23,C6972,P1039,S222,East,Online,2,3162,258,Credit Card,Completed
O108796,2025-09-17,C5079,P1030,S207,North,Store,2,11890,0,Cash,Completed
O108797,2024-03-10,C6944,P1267,S245,East,Store,5,14604,0,Cash,Completed
O108798,2025-05-01,C5659,P1051,S216,East,Store,1,16446,0,UPI,Completed
O108799,2025-03-18,C5524,P1189,S230,East,Store,3,23820,0,Credit Card,Cancelled
O108800,2025-08-17,C6884,P1094,S246,North,Store,5,3783,0,Debit Card,Completed
O108801,2024-12-30,C6165,P1101,S242,North,Online,4,17061,0,UPI,Cancelled
O108802,2025-01-18,C6031,P1112,S212,West,Store,2,14915,455,Cash,Cancelled
O108803,2024-02-28,C6593,P1173,S211,West,Store,1,7396,0,Credit Card,Completed
O108804,2025-11-30,C6402,P1187,S205,South,Online,1,10875,0,Cash,Completed
O108805,2024-12-08,C6096,P1155,S217,West,Online,1,15032,0,Credit Card,Cancelled
O108806,2025-07-23,C5536,P1263,S243,South,Store,3,7564,0,Cash,Cancelled
O108807,2024-06-17,C6345,P1121,S249,East,Online,4,12001,0,Credit Card,Completed
O108808,2025-10-12,C5543,P1271,S246,North,Online,4,14975,0,UPI,Completed
O108809,2024-04-25,C6314,P1067,S213,North,Store,4,18554,381,UPI,Completed
O108810,2024-05-19,C6821,P1257,S237,North,Store,2,18316,274,Debit Card,Completed
O108811,2025-12-12,C5429,P1023,S243,South,Online,3,11148,0,Credit Card,Completed
O108812,2024-03-18,C6444,P1010,S231,North,Online,4,8826,0,UPI,Completed
O108813,2024-04-09,C6872,P1099,S245,East,Online,1,17578,0,Credit Card,Completed
O108814,2024-11-10,C5139,P1036,S215,East,Store,1,11836,0,Debit Card,Completed
O108815,2025-11-24,C6010,P1181,S216,East,Online,5,4623,0,Credit Card,Cancelled
O108816,2024-01-04,C5739,P1117,S206,South,Store,5,10710,0,Credit Card,Completed
O108817,2025-11-12,C5360,P1098,S239,West,Online,4,22065,344,Credit Card,Completed
O108818,2025-12-24,C5147,P1047,S245,East,Online,3,6278,0,UPI,Cancelled
O108819,2024-03-08,C5972,P1237,S236,West,Online,5,21100,319,Cash,Completed
O108820,2025-01-17,C6444,P1015,S216,East,Store,4,19492,157,UPI,Completed
O108821,2024-06-19,C5350,P1077,S208,East,Online,5,5894,0,Cash,Completed
O108822,2025-07-02,C6385,P1266,S207,North,Online,1,15728,0,Credit Card,Cancelled
O108823,2025-05-04,C6349,P1138,S211,West,Store,5,8919,0,Credit Card,Cancelled
O108824,2025-12-02,C5480,P1273,S235,North,Online,4,17610,303,Credit Card,Completed
O108825,2025-04-25,C5724,P1058,S212,West,Store,2,16157,0,Credit Card,Completed
O108826,2025-01-04,C6532,P1169,S229,South,Online,3,5160,232,UPI,Cancelled
O108827,2025-08-31,C6436,P1084,S249,East,Online,4,18967,0,Credit Card,Completed
O108828,2025-01-01,C5699,P1123,S200,West,Store,3,15348,0,Cash,Completed
O108829,2025-01-13,C5984,P1240,S220,South,Store,3,9126,364,Debit Card,Completed
O108830,2024-10-03,C5861,P1095,S206,South,Online,5,13952,0,UPI,Completed
O108831,2025-01-17,C6368,P1209,S243,South,Store,4,14912,275,Debit Card,Completed
O108832,2024-06-29,C5217,P1199,S241,South,Online,1,17589,0,UPI,Completed
O108833,2024-07-22,C6130,P1012,S205,South,Online,4,20263,0,UPI,Completed
O108834,2025-04-20,C5880,P1023,S208,East,Store,1,11148,0,Credit Card,Completed
O108835,2024-04-02,C6675,P1092,S206,South,Online,1,9784,0,UPI,Completed
O108836,2024-02-03,C5575,P1108,S218,North,Store,1,14233,0,UPI,Completed
O108837,2025-03-25,C5722,P1045,S243,South,Online,2,18465,0,Cash,Completed
O108838,2025-05-03,C5705,P1201,S215,East,Online,2,6002,0,UPI,Completed
O108839,2024-08-10,C6394,P1274,S220,South,Store,1,20728,0,UPI,Completed
O108840,2025-05-03,C5632,P1248,S200,West,Store,4,13480,0,Credit Card,Cancelled
O108841,2025-12-20,C5200,P1246,S219,North,Store,4,22713,0,Debit Card,Completed
O108842,2025-06-27,C6336,P1002,S221,North,Online,5,21479,0,Credit Card,Cancelled
O108843,2025-04-09,C5879,P1217,S225,South,Store,1,9870,0,Credit Card,Cancelled
O108844,2024-03-25,C5672,P1081,S237,North,Online,1,11888,481,Debit Card,Cancelled
O108845,2025-08-31,C5125,P1009,S216,East,Store,1,15817,0,Debit Card,Completed
O108846,2025-05-15,C5852,P1280,S220,South,Store,2,17740,0,Credit Card,Completed
O108847,2024-03-12,C5759,P1043,S207,North,Store,3,10110,0,UPI,Completed
O108848,2024-08-03,C6232,P1158,S221,North,Store,4,18699,0,Debit Card,Completed
O108849,2024-10-31,C6759,P1020,S218,North,Online,5,10169,0,Cash,Completed
O108850,2024-01-11,C6071,P1050,S242,North,Online,2,11986,206,Debit Card,Completed
O108851,2024-07-08,C6361,P1268,S202,East,Online,4,5770,381,Cash,Completed
O108852,2025-06-30,C6297,P1112,S241,South,Store,3,14915,150,Cash,Completed
O108853,2025-04-17,C6784,P1006,S214,West,Online,5,17945,0,Debit Card,Completed
O108854,2025-05-23,C6561,P1238,S203,East,Online,1,18960,437,Debit Card,Completed
O108855,2024-03-06,C5662,P1120,S229,South,Store,3,20523,128,Debit Card,Completed
O108856,2025-09-18,C5967,P1072,S217,West,Store,3,11213,0,Cash,Completed
O108857,2025-05-20,C5234,P1218,S212,West,Store,5,15354,0,UPI,Completed
O108858,2024-07-20,C5244,P1150,S242,North,Online,1,7422,0,UPI,Completed
O108859,2024-09-21,C5121,P1196,S236,West,Store,5,13692,0,Debit Card,Completed
O108860,2024-12-01,C6109,P1035,S222,East,Online,1,21802,168,UPI,Completed
O108861,2024-11-22,C6328,P1060,S213,North,Store,5,10490,0,Cash,Completed
O108862,2024-09-14,C6669,P1199,S201,South,Online,2,17589,0,Cash,Completed
O108863,2025-07-14,C6820,P1259,S215,East,Store,1,13997,0,Credit Card,Cancelled
O108864,2024-10-13,C6851,P1211,S218,North,Online,2,17552,0,UPI,Completed
O108865,2025-07-31,C6873,P1267,S238,East,Store,5,14604,0,UPI,Completed
O108866,2024-01-10,C5866,P1054,S209,West,Online,5,17956,0,Debit Card,Completed
O108867,2025-08-19,C6370,P1123,S211,West,Store,4,15348,0,Cash,Completed
O108868,2024-08-31,C6146,P1099,S228,South,Store,5,17578,0,UPI,Cancelled
O108869,2025-08-24,C6975,P1028,S236,West,Online,3,7958,0,UPI,Cancelled
O108870,2025-11-11,C5291,P1246,S222,East,Store,2,22713,0,Credit Card,Completed
O108871,2024-06-06,C5325,P1170,S219,North,Store,4,13196,0,Debit Card,Completed
O108872,2024-08-12,C6710,P1064,S224,East,Online,3,13395,0,Credit Card,Completed
O108873,2025-04-23,C6213,P1108,S228,South,Store,2,14233,0,UPI,Completed
O108874,2024-01-18,C6666,P1055,S225,South,Store,5,21841,0,Credit Card,Completed
O108875,2024-10-26,C6364,P1230,S209,West,Store,5,12075,0,Debit Card,Completed
O108876,2024-05-16,C5102,P1139,S205,South,Online,4,21395,0,Debit Card,Completed
O108877,2025-11-16,C5999,P1082,S226,North,Store,3,8487,0,UPI,Completed
O108878,2024-04-13,C6243,P1299,S237,North,Store,5,17937,0,UPI,Completed
O108879,2025-09-19,C6715,P1117,S238,East,Online,5,10710,0,Cash,Completed
O108880,2025-05-29,C6549,P1215,S240,North,Store,1,16425,204,Cash,Completed
O108881,2025-05-05,C6528,P1105,S233,North,Online,3,10648,150,UPI,Completed
O108882,2025-06-25,C5072,P1279,S206,South,Online,1,5899,0,UPI,Completed
O108883,2025-07-20,C5798,P1011,S243,South,Online,2,6770,0,Debit Card,Cancelled
O108884,2024-01-01,C6459,P1237,S236,West,Online,3,21100,0,UPI,Cancelled
O108885,2024-10-08,C5769,P1159,S210,North,Store,3,18152,0,UPI,Cancelled
O108886,2024-09-29,C5224,P1027,S207,North,Store,5,5053,200,Debit Card,Cancelled
O108887,2025-12-26,C6600,P1029,S249,East,Store,1,21239,0,UPI,Completed
O108888,2024-12-16,C5634,P1113,S208,East,Store,5,2267,63,Cash,Completed
O108889,2024-11-03,C5088,P1146,S207,North,Online,2,13303,0,Credit Card,Completed
O108890,2024-04-02,C5387,P1259,S225,South,Online,3,13997,0,Debit Card,Cancelled
O108891,2025-07-21,C5950,P1102,S241,South,Store,5,11805,0,Credit Card,Completed
O108892,2025-07-17,C5729,P1248,S214,West,Online,1,13480,0,Credit Card,Completed
O108893,2024-01-17,C5188,P1226,S219,North,Online,2,19224,0,Debit Card,Completed
O108894,2025-08-06,C5904,P1090,S213,North,Store,2,6496,0,UPI,Completed
O108895,2025-11-09,C6857,P1051,S209,West,Store,3,16446,0,Cash,Completed
O108896,2024-09-14,C5257,P1091,S219,North,Store,5,12784,0,Cash,Completed
O108897,2024-02-16,C6399,P1195,S231,North,Store,1,2809,0,Debit Card,Cancelled
O108898,2025-01-19,C5443,P1038,S249,East,Store,4,22462,0,UPI,Completed
O108899,2025-10-02,C6618,P1098,S230,East,Store,1,22065,0,Cash,Completed
O108900,2025-07-19,C5145,P1239,S216,East,Online,3,20434,0,Cash,Completed
O108901,2025-04-27,C6460,P1001,S204,North,Online,2,15566,0,Debit Card,Completed
O108902,2024-12-17,C5809,P1235,S203,East,Store,4,21005,109,Debit Card,Completed
O108903,2024-07-17,C5439,P1008,S249,East,Store,3,11489,0,Debit Card,Completed
O108904,2024-03-03,C5164,P1128,S242,North,Online,5,10078,0,Debit Card,Completed
O108905,2024-04-26,C6231,P1271,S204,North,Store,2,14975,0,Cash,Completed
O108906,2024-02-21,C6724,P1166,S222,East,Online,2,1640,298,Credit Card,Completed
O108907,2024-10-06,C6699,P1014,S206,South,Online,1,6858,0,UPI,Completed
O108908,2025-07-21,C5535,P1095,S247,North,Online,4,13952,0,Cash,Cancelled
O108909,2024-04-22,C5119,P1060,S202,East,Store,2,10490,0,Credit Card,Cancelled
O108910,2024-08-19,C6531,P1271,S243,South,Store,1,14975,0,Debit Card,Completed
O108911,2024-02-02,C6163,P1014,S202,East,Store,2,6858,142,Debit Card,Completed
O108912,2025-02-24,C5881,P1145,S209,West,Store,3,13495,0,UPI,Cancelled
O108913,2024-08-08,C6991,P1009,S246,North,Store,1,15817,155,UPI,Completed
O108914,2025-09-19,C6291,P1083,S240,North,Store,3,7188,456,Debit Card,Completed
O108915,2024-01-03,C6317,P1194,S214,West,Online,2,10696,0,Credit Card,Completed
O108916,2024-05-10,C5094,P1128,S237,North,Online,3,10078,323,UPI,Completed
O108917,2025-04-17,C5615,P1134,S224,East,Online,4,8636,0,UPI,Completed
O108918,2025-06-07,C6085,P1013,S205,South,Store,5,18762,0,UPI,Completed
O108919,2025-10-13,C6424,P1205,S210,North,Online,1,3522,0,Credit Card,Completed
O108920,2025-08-26,C5874,P1089,S224,East,Online,4,18424,0,Cash,Completed
O108921,2025-08-01,C5830,P1049,S205,South,Online,1,4384,0,UPI,Cancelled
O108922,2025-05-02,C5130,P1102,S217,West,Store,1,11805,137,UPI,Completed
O108923,2025-05-19,C6462,P1267,S211,West,Store,4,14604,353,Credit Card,Completed
O108924,2024-08-24,C5376,P1191,S248,West,Online,5,13093,391,Credit Card,Completed
O108925,2024-08-08,C6064,P1268,S232,North,Store,5,5770,0,UPI,Completed
O108926,2024-05-13,C5233,P1019,S236,West,Store,3,11005,0,Debit Card,Cancelled
O108927,2024-07-30,C6508,P1256,S218,North,Online,4,8546,0,Credit Card,Completed
O108928,2024-06-01,C5761,P1123,S232,North,Store,5,15348,0,Debit Card,Completed
O108929,2025-11-24,C5766,P1037,S227,North,Store,5,17516,55,Debit Card,Cancelled
O108930,2025-02-09,C6261,P1026,S236,West,Online,5,5942,0,Credit Card,Completed
O108931,2024-08-08,C5793,P1002,S237,North,Store,4,21479,0,Cash,Completed
O108932,2024-12-04,C6797,P1299,S202,East,Online,2,17937,461,Credit Card,Cancelled
O108933,2025-08-23,C5797,P1145,S201,South,Store,4,13495,69,Cash,Cancelled
O108934,2025-10-31,C6276,P1252,S229,South,Online,1,17202,420,Credit Card,Cancelled
O108935,2024-01-29,C6126,P1215,S219,North,Online,2,16425,0,Credit Card,Completed
O108936,2024-04-01,C5308,P1111,S242,North,Store,4,6965,237,Cash,Completed
O108937,2024-12-12,C5705,P1265,S207,North,Online,4,11992,0,Debit Card,Completed
O108938,2024-12-24,C5977,P1203,S247,North,Store,4,17152,0,Debit Card,Completed
O108939,2025-05-27,C5429,P1272,S230,East,Online,5,21727,0,Debit Card,Completed
O108940,2025-03-09,C6356,P1250,S205,South,Store,3,4746,0,Cash,Completed
O108941,2025-05-15,C5903,P1150,S212,West,Store,1,7422,0,UPI,Completed
O108942,2024-10-28,C5650,P1188,S205,South,Store,3,15328,202,Cash,Completed
O108943,2024-02-23,C6885,P1258,S208,East,Store,4,21780,0,UPI,Cancelled
O108944,2025-03-09,C5639,P1092,S242,North,Store,3,9784,0,Cash,Completed
O108945,2025-12-06,C6629,P1161,S217,West,Store,3,23914,123,Credit Card,Cancelled
O108946,2025-07-20,C5779,P1267,S233,North,Store,5,14604,0,UPI,Completed
O108947,2025-03-12,C6517,P1008,S224,East,Store,1,11489,0,Debit Card,Completed
O108948,2025-10-21,C5167,P1173,S215,East,Store,1,7396,212,UPI,Cancelled
O108949,2024-06-08,C5487,P1148,S235,North,Store,3,10231,0,UPI,Completed
O108950,2025-02-27,C6905,P1228,S218,North,Online,2,13342,0,UPI,Completed
O108951,2025-09-19,C6485,P1172,S243,South,Store,4,15856,0,Debit Card,Completed
O108952,2024-04-24,C6670,P1139,S218,North,Online,1,21395,0,UPI,Completed
O108953,2025-12-14,C5940,P1176,S242,North,Online,1,14974,0,Cash,Completed
O108954,2024-08-22,C6206,P1240,S240,North,Store,4,9126,0,Credit Card,Cancelled
O108955,2025-01-27,C5381,P1229,S223,West,Store,1,23069,82,Credit Card,Completed
O108956,2025-07-12,C6565,P1268,S203,East,Online,3,5770,0,Credit Card,Completed
O108957,2024-02-14,C6188,P1183,S248,West,Online,2,3139,0,UPI,Cancelled
O108958,2024-09-12,C5012,P1116,S219,North,Online,4,5919,0,Debit Card,Completed
O108959,2024-12-21,C6473,P1281,S226,North,Online,3,12731,0,Credit Card,Completed
O108960,2024-03-09,C6107,P1088,S246,North,Store,1,21299,0,Credit Card,Completed
O108961,2024-05-20,C6838,P1222,S209,West,Store,4,15054,0,Credit Card,Completed
O108962,2024-12-31,C5034,P1030,S207,North,Online,4,11890,0,Debit Card,Completed
O108963,2024-09-23,C6175,P1104,S247,North,Store,1,18741,0,Credit Card,Cancelled
O108964,2024-04-24,C6064,P1115,S204,North,Store,3,20308,0,Debit Card,Completed
O108965,2024-04-19,C6275,P1106,S216,East,Store,3,16729,131,UPI,Completed
O108966,2024-08-05,C5582,P1259,S224,East,Online,2,13997,0,UPI,Completed
O108967,2024-01-21,C6814,P1248,S246,North,Store,5,13480,243,UPI,Cancelled
O108968,2024-06-12,C6437,P1272,S246,North,Store,5,21727,0,Credit Card,Completed
O108969,2025-01-19,C5629,P1080,S228,South,Store,4,5303,0,Credit Card,Completed
O108970,2025-04-28,C5362,P1232,S240,North,Online,5,4324,0,Debit Card,Completed
O108971,2025-10-31,C5208,P1095,S218,North,Store,2,13952,0,Credit Card,Cancelled
O108972,2024-01-29,C6972,P1187,S207,North,Online,4,10875,56,Debit Card,Completed
O108973,2025-07-10,C5612,P1032,S220,South,Store,2,2864,0,Credit Card,Completed
O108974,2024-12-10,C6317,P1161,S231,North,Online,2,23914,235,UPI,Cancelled
O108975,2024-09-17,C6247,P1244,S204,North,Online,4,5773,0,Cash,Completed
O108976,2025-04-21,C5721,P1284,S229,South,Store,2,13277,0,UPI,Completed
O108977,2024-03-26,C5089,P1140,S229,South,Store,2,18510,0,Debit Card,Completed
O108978,2025-04-07,C6856,P1058,S224,East,Store,4,16157,0,Debit Card,Completed
O108979,2025-01-31,C6141,P1084,S224,East,Online,1,18967,0,UPI,Cancelled
O108980,2024-04-27,C6210,P1159,S218,North,Online,2,18152,272,Credit Card,Completed
O108981,2025-06-30,C6259,P1186,S232,North,Store,2,14983,0,Credit Card,Completed
O108982,2024-08-02,C5972,P1227,S208,East,Online,1,5382,0,Cash,Completed
O108983,2024-12-03,C5246,P1215,S226,North,Online,4,16425,0,UPI,Completed
O108984,2025-01-19,C5669,P1187,S240,North,Store,3,10875,0,UPI,Completed
O108985,2025-06-26,C5793,P1200,S234,East,Online,1,2422,289,Cash,Cancelled
O108986,2024-04-15,C5972,P1257,S201,South,Online,1,18316,0,Credit Card,Completed
O108987,2025-09-24,C5114,P1285,S236,West,Store,5,20596,444,Debit Card,Cancelled
O108988,2024-11-21,C5238,P1192,S237,North,Online,2,20500,492,UPI,Completed
O108989,2025-08-26,C5948,P1025,S232,North,Online,1,8362,123,UPI,Completed
O108990,2024-10-17,C6009,P1262,S243,South,Store,3,11478,319,UPI,Completed
O108991,2025-05-02,C5179,P1083,S245,East,Store,5,7188,0,UPI,Completed
O108992,2025-06-14,C5198,P1085,S239,West,Online,2,5647,0,Cash,Completed
O108993,2024-07-05,C5307,P1158,S221,North,Online,1,18699,0,Cash,Completed
O108994,2025-09-25,C5236,P1097,S228,South,Online,4,8915,0,UPI,Completed
O108995,2024-03-03,C5592,P1141,S202,East,Store,5,5607,470,Credit Card,Completed
O108996,2024-05-02,C5502,P1236,S230,East,Store,2,1650,0,Debit Card,Completed
O108997,2025-11-08,C5274,P1228,S223,West,Online,5,13342,0,Debit Card,Completed
O108998,2024-03-27,C6354,P1285,S228,South,Online,3,20596,404,Credit Card,Cancelled
O108999,2025-06-30,C5096,P1141,S216,East,Online,4,5607,0,Debit Card,Completed
O109000,2024-05-17,C6829,P1089,S211,West,Store,2,18424,0,UPI,Cancelled
O109001,2024-03-23,C6563,P1131,S241,South,Online,1,20406,0,Cash,Completed
O109002,2025-01-07,C5540,P1114,S206,South,Online,5,15114,0,Credit Card,Completed
O109003,2025-01-27,C5377,P1050,S236,West,Online,2,11986,83,Cash,Completed
O109004,2025-04-03,C5292,P1209,S205,South,Store,2,14912,0,Credit Card,Cancelled
O109005,2025-11-15,C5765,P1199,S249,East,Online,4,17589,0,Cash,Cancelled
O109006,2024-01-07,C6819,P1254,S206,South,Store,4,18521,0,Credit Card,Cancelled
O109007,2024-09-15,C6418,P1059,S226,North,Online,1,10909,286,UPI,Completed
O109008,2025-02-13,C5465,P1210,S210,North,Online,1,6616,400,Debit Card,Completed
O109009,2025-10-10,C6110,P1255,S209,West,Online,3,14851,0,Debit Card,Completed
O109010,2025-09-12,C5975,P1122,S228,South,Online,4,4929,0,Cash,Completed
O109011,2025-07-13,C6997,P1001,S228,South,Store,1,15566,0,Credit Card,Cancelled
O109012,2024-11-06,C6065,P1297,S229,South,Store,2,20307,165,Debit Card,Completed
O109013,2024-09-25,C6753,P1260,S208,East,Store,1,1933,0,UPI,Completed
O109014,2025-11-07,C6434,P1199,S215,East,Store,4,17589,0,Debit Card,Completed
O109015,2024-10-28,C5323,P1225,S221,North,Online,5,14610,0,Credit Card,Completed
O109016,2025-01-08,C6619,P1241,S237,North,Online,5,19467,0,UPI,Cancelled
O109017,2024-08-27,C5287,P1036,S238,East,Store,3,11836,0,Debit Card,Completed
O109018,2024-11-03,C5253,P1114,S246,North,Store,2,15114,0,UPI,Completed
O109019,2024-04-15,C6466,P1203,S213,North,Online,4,17152,0,Cash,Cancelled
O109020,2025-02-21,C6593,P1226,S203,East,Online,3,19224,0,Debit Card,Cancelled
O109021,2024-11-28,C5260,P1089,S208,East,Online,4,18424,0,UPI,Completed
O109022,2025-11-23,C6683,P1090,S212,West,Store,5,6496,0,Debit Card,Completed
O109023,2025-07-11,C5938,P1127,S240,North,Online,1,11658,0,Cash,Completed
O109024,2024-12-31,C6405,P1288,S221,North,Online,4,10267,0,UPI,Cancelled
O109025,2024-06-09,C6376,P1279,S235,North,Online,3,5899,0,UPI,Completed
O109026,2025-11-07,C5457,P1238,S245,East,Online,4,18960,0,Cash,Completed
O109027,2024-05-20,C6197,P1251,S238,East,Online,4,8279,0,Cash,Completed
O109028,2025-12-06,C6014,P1222,S240,North,Store,3,15054,378,Debit Card,Completed
O109029,2024-07-19,C6727,P1017,S226,North,Store,3,16288,0,Debit Card,Completed
O109030,2024-03-13,C5590,P1077,S207,North,Store,2,5894,0,UPI,Completed
O109031,2024-11-29,C5706,P1243,S205,South,Online,4,21225,419,UPI,Cancelled
O109032,2025-02-05,C6824,P1177,S230,East,Online,1,4568,0,Cash,Cancelled
O109033,2025-02-19,C5693,P1100,S227,North,Store,4,9778,0,Credit Card,Completed
O109034,2024-07-28,C5457,P1091,S248,West,Store,4,12784,109,Cash,Completed
O109035,2025-09-17,C6225,P1091,S217,West,Store,2,12784,0,UPI,Completed
O109036,2023-12-31,C6170,P1092,S217,West,Store,3,9784,0,Debit Card,Cancelled
O109037,2025-05-27,C6535,P1147,S238,East,Store,2,10106,0,UPI,Cancelled
O109038,2024-07-18,C6665,P1263,S235,North,Store,5,7564,0,Credit Card,Cancelled
O109039,2024-05-26,C6224,P1024,S245,East,Store,1,15591,334,Debit Card,Completed
O109040,2024-12-12,C6594,P1146,S200,West,Store,4,13303,0,UPI,Completed
O109041,2024-12-21,C5555,P1032,S249,East,Online,5,2864,384,Cash,Completed
O109042,2025-10-03,C6376,P1008,S241,South,Online,2,11489,0,Debit Card,Completed
O109043,2025-08-18,C6921,P1069,S219,North,Store,5,10947,0,Debit Card,Cancelled
O109044,2024-11-04,C6615,P1204,S244,East,Online,2,3675,0,UPI,Cancelled
O109045,2025-12-20,C5305,P1011,S208,East,Store,1,6770,0,Debit Card,Cancelled
O109046,2024-12-25,C5705,P1077,S208,East,Store,1,5894,95,UPI,Completed
O109047,2024-04-17,C5343,P1114,S213,North,Online,5,15114,422,Credit Card,Cancelled
O109048,2025-03-06,C5518,P1141,S231,North,Store,3,5607,0,UPI,Completed
O109049,2024-10-27,C6036,P1277,S200,West,Online,5,2790,371,Credit Card,Completed
O109050,2024-08-15,C5024,P1185,S232,North,Store,5,7628,0,Credit Card,Completed
O109051,2025-07-14,C5368,P1233,S245,East,Online,1,12833,0,Cash,Completed
O109052,2024-07-04,C6965,P1258,S216,East,Store,3,21780,0,Debit Card,Cancelled
O109053,2024-10-03,C6189,P1238,S205,South,Store,1,18960,243,Credit Card,Cancelled
O109054,2025-04-08,C6568,P1056,S216,East,Online,1,17229,0,UPI,Completed
O109055,2024-12-24,C5306,P1245,S207,North,Online,1,3373,145,Credit Card,Completed
O109056,2024-12-29,C5483,P1272,S225,South,Online,1,21727,0,Credit Card,Completed
O109057,2025-02-18,C6527,P1142,S227,North,Online,3,11011,106,Debit Card,Completed
O109058,2025-06-12,C6477,P1128,S241,South,Store,3,10078,0,Debit Card,Completed
O109059,2024-07-28,C6185,P1294,S248,West,Store,3,16364,320,Credit Card,Completed
O109060,2024-11-05,C5928,P1173,S219,North,Store,2,7396,101,Cash,Completed
O109061,2025-07-16,C6097,P1278,S230,East,Online,4,19013,0,Cash,Completed
O109062,2024-07-18,C6009,P1228,S238,East,Store,1,13342,0,Cash,Completed
O109063,2025-09-09,C5712,P1158,S202,East,Online,1,18699,0,Debit Card,Completed
O109064,2025-04-14,C6383,P1286,S221,North,Store,5,1267,0,Cash,Completed
O109065,2025-03-31,C6541,P1268,S231,North,Online,3,5770,469,Cash,Cancelled
O109066,2024-02-01,C5298,P1146,S235,North,Store,3,13303,0,Cash,Completed
O109067,2025-12-03,C6141,P1201,S211,West,Online,1,6002,0,Cash,Completed
O109068,2024-04-03,C6218,P1267,S218,North,Online,3,14604,295,Credit Card,Completed
O109069,2024-04-28,C5559,P1236,S248,West,Store,1,1650,0,Debit Card,Completed
O109070,2024-02-22,C6926,P1092,S228,South,Online,4,9784,0,Debit Card,Completed
O109071,2024-11-30,C6575,P1282,S202,East,Online,1,19507,341,Cash,Cancelled
O109072,2025-11-02,C6403,P1012,S224,East,Store,4,20263,104,Credit Card,Completed
O109073,2025-06-06,C5332,P1233,S226,North,Online,3,12833,0,Credit Card,Completed
O109074,2024-01-25,C6282,P1226,S245,East,Store,3,19224,0,Debit Card,Completed
O109075,2023-12-28,C5308,P1289,S224,East,Online,2,16378,0,Debit Card,Completed
O109076,2024-08-27,C5384,P1237,S231,North,Store,4,21100,435,Debit Card,Completed
O109077,2025-04-14,C5165,P1214,S238,East,Online,3,10921,0,Credit Card,Cancelled
O109078,2024-10-11,C6078,P1021,S243,South,Online,4,11470,0,Credit Card,Cancelled
O109079,2024-07-09,C5772,P1107,S240,North,Store,1,7054,212,UPI,Completed
O109080,2024-12-04,C5899,P1223,S222,East,Online,1,4729,180,Debit Card,Completed
O109081,2024-01-12,C5113,P1242,S228,South,Online,3,13862,0,Credit Card,Completed
O109082,2024-02-07,C5258,P1258,S226,North,Store,3,21780,210,Credit Card,Completed
O109083,2025-12-26,C6084,P1095,S248,West,Online,3,13952,0,Credit Card,Completed
O109084,2025-05-02,C5860,P1239,S214,West,Online,3,20434,0,Cash,Completed
O109085,2024-11-17,C6371,P1118,S239,West,Online,5,23140,0,Cash,Completed
O109086,2024-09-02,C5494,P1297,S241,South,Store,1,20307,0,Credit Card,Completed
O109087,2024-06-10,C5661,P1285,S205,South,Online,2,20596,369,UPI,Completed
O109088,2024-08-10,C5739,P1068,S240,North,Store,3,11524,435,UPI,Completed
O109089,2025-05-30,C6835,P1216,S222,East,Online,2,19992,395,UPI,Completed
O109090,2025-04-18,C5230,P1282,S210,North,Store,1,19507,0,Credit Card,Cancelled
O109091,2025-08-01,C5036,P1208,S227,North,Online,5,11265,0,UPI,Cancelled
O109092,2025-02-05,C6953,P1017,S237,North,Store,2,16288,0,UPI,Completed
O109093,2024-01-18,C5751,P1006,S234,East,Online,4,17945,0,Debit Card,Completed
O109094,2025-05-01,C6220,P1132,S222,East,Online,4,19210,248,Debit Card,Completed
O109095,2024-04-06,C6180,P1048,S212,West,Online,2,16836,0,Debit Card,Completed
O109096,2025-12-19,C6178,P1038,S231,North,Online,5,22462,0,Cash,Cancelled
O109097,2023-12-29,C5951,P1225,S242,North,Store,3,14610,0,Debit Card,Completed
O109098,2025-02-20,C6021,P1050,S219,North,Store,2,11986,0,Debit Card,Completed
O109099,2025-07-09,C5386,P1178,S226,North,Store,3,8635,0,Cash,Completed
O109100,2024-12-26,C5289,P1141,S202,East,Online,3,5607,0,UPI,Cancelled
O109101,2024-05-21,C5204,P1213,S203,East,Store,5,14282,0,Cash,Cancelled
O109102,2025-05-10,C5873,P1230,S219,North,Store,2,12075,0,Debit Card,Completed
O109103,2024-04-06,C5472,P1219,S213,North,Online,1,11028,370,UPI,Completed
O109104,2024-02-28,C6335,P1168,S218,North,Online,1,11993,0,UPI,Completed
O109105,2025-07-22,C5048,P1087,S231,North,Online,3,5062,276,Credit Card,Completed
O109106,2024-12-27,C6729,P1106,S206,South,Store,3,16729,0,Debit Card,Cancelled
O109107,2025-10-04,C6506,P1058,S247,North,Store,1,16157,399,Credit Card,Completed
O109108,2025-06-26,C6436,P1070,S249,East,Online,5,3836,0,Cash,Completed
O109109,2024-05-02,C6068,P1096,S209,West,Store,2,16951,0,UPI,Completed
O109110,2025-06-26,C6613,P1148,S206,South,Online,3,10231,0,Debit Card,Completed
O109111,2025-02-21,C5263,P1053,S214,West,Store,1,3129,0,Credit Card,Completed
O109112,2024-10-11,C6787,P1116,S241,South,Store,4,5919,0,Debit Card,Cancelled
O109113,2024-11-21,C6778,P1059,S230,East,Online,3,10909,0,Credit Card,Completed
O109114,2024-04-03,C6097,P1222,S236,West,Online,3,15054,0,UPI,Cancelled
O109115,2025-07-22,C6591,P1033,S210,North,Online,4,16111,0,UPI,Completed
O109116,2024-04-30,C5015,P1280,S237,North,Store,1,17740,0,UPI,Completed
O109117,2024-08-13,C5478,P1297,S213,North,Store,5,20307,0,Cash,Completed
O109118,2024-03-15,C5925,P1075,S212,West,Store,2,19286,0,Cash,Completed
O109119,2025-11-28,C6736,P1057,S218,North,Online,3,12244,0,Cash,Completed
O109120,2025-03-05,C5199,P1010,S218,North,Store,3,8826,137,Debit Card,Completed
O109121,2024-01-15,C6363,P1216,S225,South,Store,5,19992,322,UPI,Completed
O109122,2025-07-24,C5609,P1045,S248,West,Store,3,18465,51,UPI,Completed
O109123,2024-10-02,C6058,P1191,S202,East,Online,5,13093,0,Credit Card,Completed
O109124,2024-03-28,C5507,P1054,S205,South,Store,4,17956,85,Cash,Completed
O109125,2025-11-27,C5187,P1127,S247,North,Store,5,11658,497,Debit Card,Completed
O109126,2025-04-28,C6357,P1256,S239,West,Online,4,8546,0,Cash,Cancelled
O109127,2025-11-30,C5232,P1064,S235,North,Store,3,13395,0,Debit Card,Completed
O109128,2024-06-19,C6383,P1145,S239,West,Online,4,13495,0,Debit Card,Cancelled
O109129,2024-10-11,C6968,P1269,S248,West,Online,2,4684,106,Debit Card,Completed
O109130,2024-07-10,C5962,P1126,S200,West,Store,2,13666,0,Debit Card,Completed
O109131,2025-03-11,C5869,P1198,S234,East,Store,2,834,109,UPI,Completed
O109132,2024-09-26,C5703,P1234,S220,South,Online,2,5302,304,Credit Card,Completed
O109133,2025-02-06,C5110,P1291,S215,East,Store,1,12542,0,Cash,Completed
O109134,2025-08-17,C6494,P1239,S221,North,Store,3,20434,0,Debit Card,Completed
O109135,2025-02-26,C6529,P1195,S234,East,Store,2,2809,0,UPI,Completed
O109136,2025-02-25,C6134,P1012,S240,North,Store,1,20263,0,Debit Card,Completed
O109137,2023-12-28,C5289,P1077,S215,East,Online,1,5894,0,UPI,Completed
O109138,2025-03-09,C5653,P1216,S218,North,Online,1,19992,433,Debit Card,Completed
O109139,2024-03-17,C6962,P1223,S248,West,Store,4,4729,0,Debit Card,Cancelled
O109140,2025-10-13,C6028,P1210,S238,East,Online,2,6616,0,UPI,Completed
O109141,2025-06-17,C5399,P1065,S228,South,Online,5,3007,0,Cash,Completed
O109142,2025-06-13,C6798,P1158,S205,South,Store,2,18699,0,Debit Card,Completed
O109143,2025-01-11,C5150,P1297,S236,West,Store,3,20307,0,Credit Card,Cancelled
O109144,2025-03-05,C6908,P1235,S203,East,Store,5,21005,0,Cash,Completed
O109145,2024-04-26,C6103,P1223,S217,West,Store,5,4729,0,UPI,Completed
O109146,2024-07-07,C5969,P1138,S218,North,Online,1,8919,0,Credit Card,Completed
O109147,2024-12-19,C6273,P1124,S224,East,Store,5,18693,201,Credit Card,Completed
O109148,2025-07-03,C5145,P1052,S225,South,Store,3,13741,0,Debit Card,Completed
O109149,2025-07-04,C6764,P1035,S242,North,Store,2,21802,60,Credit Card,Completed
O109150,2025-02-12,C6827,P1057,S230,East,Store,4,12244,124,Debit Card,Completed
O109151,2024-03-21,C5929,P1209,S202,East,Online,3,14912,0,UPI,Cancelled
O109152,2024-10-15,C6071,P1027,S230,East,Store,5,5053,0,Cash,Completed
O109153,2024-09-14,C6232,P1051,S205,South,Store,5,16446,419,Debit Card,Completed
O109154,2025-12-19,C5103,P1261,S217,West,Online,2,22756,0,Cash,Completed
O109155,2025-10-11,C5873,P1067,S221,North,Store,2,18554,0,UPI,Completed
O109156,2024-05-14,C5146,P1097,S207,North,Online,4,8915,0,Debit Card,Cancelled
O109157,2024-02-05,C5231,P1159,S245,East,Store,5,18152,0,UPI,Cancelled
O109158,2025-08-11,C5284,P1026,S231,North,Store,1,5942,0,Credit Card,Completed
O109159,2024-01-07,C5646,P1272,S207,North,Online,5,21727,218,UPI,Cancelled
O109160,2024-05-01,C5877,P1000,S212,West,Store,4,5850,0,Debit Card,Cancelled
O109161,2024-04-18,C6058,P1166,S211,West,Online,4,1640,0,Debit Card,Completed
O109162,2024-08-13,C6291,P1085,S226,North,Store,4,5647,0,Credit Card,Completed
O109163,2025-10-20,C5037,P1053,S243,South,Store,4,3129,396,Debit Card,Completed
O109164,2025-11-05,C6783,P1119,S227,North,Store,1,20033,178,UPI,Completed
O109165,2024-12-10,C5754,P1292,S238,East,Online,3,23214,0,Debit Card,Completed
O109166,2025-11-01,C5205,P1188,S244,East,Online,3,15328,416,Debit Card,Cancelled
O109167,2024-11-08,C5406,P1196,S226,North,Store,4,13692,0,Debit Card,Completed
O109168,2024-07-16,C6486,P1003,S235,North,Store,4,1494,0,UPI,Completed
O109169,2025-08-02,C5281,P1008,S202,East,Online,3,11489,0,Credit Card,Cancelled
O109170,2025-12-11,C6673,P1163,S227,North,Store,4,11924,0,UPI,Completed
O109171,2025-10-22,C6507,P1131,S217,West,Store,5,20406,0,UPI,Completed
O109172,2024-11-21,C6228,P1065,S218,North,Online,2,3007,352,UPI,Completed
O109173,2025-10-12,C5607,P1127,S210,North,Store,5,11658,252,Cash,Completed
O109174,2025-06-15,C6585,P1005,S208,East,Online,1,15987,0,Debit Card,Completed
O109175,2024-10-16,C6973,P1221,S209,West,Online,1,17898,0,Cash,Completed
O109176,2025-10-20,C5750,P1137,S208,East,Store,5,8938,0,Debit Card,Completed
O109177,2025-09-24,C6215,P1151,S235,North,Online,3,12508,0,UPI,Completed
O109178,2024-05-10,C5489,P1129,S226,North,Online,1,5589,270,Debit Card,Completed
O109179,2025-03-22,C5628,P1189,S209,West,Online,1,23820,0,UPI,Completed
O109180,2024-02-17,C6218,P1266,S221,North,Store,2,15728,307,UPI,Completed
O109181,2024-07-15,C6646,P1077,S241,South,Online,1,5894,221,Cash,Completed
O109182,2025-02-25,C5381,P1177,S245,East,Online,3,4568,0,Credit Card,Completed
O109183,2024-12-18,C6987,P1023,S242,North,Store,4,11148,0,UPI,Completed
O109184,2024-05-20,C6920,P1197,S206,South,Store,2,16495,0,Debit Card,Completed
O109185,2025-09-23,C5054,P1284,S240,North,Store,4,13277,0,Credit Card,Completed
O109186,2024-05-24,C6764,P1210,S246,North,Online,1,6616,101,Cash,Completed
O109187,2024-09-04,C5533,P1106,S209,West,Store,2,16729,0,Cash,Completed
O109188,2024-05-14,C5307,P1024,S203,East,Online,1,15591,0,Credit Card,Completed
O109189,2025-05-23,C5985,P1150,S221,North,Online,1,7422,0,Credit Card,Completed
O109190,2024-08-28,C5113,P1087,S222,East,Store,5,5062,213,Debit Card,Cancelled
O109191,2025-05-15,C5459,P1028,S239,West,Online,3,7958,270,Cash,Completed
O109192,2025-08-15,C6354,P1281,S228,South,Online,1,12731,0,Credit Card,Completed
O109193,2024-09-24,C5562,P1287,S211,West,Online,4,21054,0,Cash,Cancelled
O109194,2025-01-21,C5766,P1245,S240,North,Store,2,3373,0,Debit Card,Completed
O109195,2025-08-21,C6232,P1187,S239,West,Store,5,10875,0,Credit Card,Completed
O109196,2025-12-27,C6246,P1156,S241,South,Online,1,14997,0,Cash,Completed
O109197,2025-12-19,C5540,P1240,S243,South,Store,4,9126,0,Cash,Cancelled
O109198,2025-02-07,C5124,P1138,S224,East,Online,5,8919,0,Credit Card,Completed
O109199,2024-01-16,C6008,P1242,S237,North,Online,1,13862,0,Credit Card,Completed
O109200,2024-05-23,C6231,P1098,S244,East,Store,3,22065,439,Cash,Completed
O109201,2024-12-23,C5506,P1195,S241,South,Online,1,2809,0,Debit Card,Completed
O109202,2025-03-07,C6149,P1079,S246,North,Online,3,9159,178,Credit Card,Completed
O109203,2024-03-10,C6548,P1019,S231,North,Store,4,11005,0,Debit Card,Completed
O109204,2025-01-14,C6474,P1122,S233,North,Online,1,4929,111,Credit Card,Completed
O109205,2024-11-05,C6184,P1074,S228,South,Online,3,5321,0,Cash,Completed
O109206,2025-11-27,C6807,P1059,S227,North,Store,2,10909,0,Debit Card,Completed
O109207,2025-03-12,C6515,P1119,S228,South,Online,3,20033,0,Cash,Completed
O109208,2025-02-15,C5531,P1009,S226,North,Store,4,15817,0,UPI,Completed
O109209,2025-12-18,C6176,P1209,S215,East,Store,1,14912,0,Cash,Completed
O109210,2025-11-02,C6986,P1045,S246,North,Store,4,18465,0,UPI,Completed
O109211,2024-10-19,C6683,P1110,S204,North,Store,2,5745,0,UPI,Completed
O109212,2024-06-22,C5425,P1139,S209,West,Online,1,21395,167,UPI,Cancelled
O109213,2024-12-08,C6061,P1009,S241,South,Online,5,15817,0,Debit Card,Completed
O109214,2024-11-03,C5020,P1175,S232,North,Store,3,20666,76,UPI,Completed
O109215,2024-03-09,C5117,P1168,S237,North,Store,5,11993,445,Cash,Completed
O109216,2025-02-06,C6469,P1185,S232,North,Store,1,7628,0,UPI,Cancelled
O109217,2025-03-28,C6509,P1292,S245,East,Online,5,23214,97,UPI,Completed
O109218,2025-08-29,C6432,P1003,S217,West,Store,3,1494,0,Debit Card,Completed
O109219,2024-12-01,C6504,P1291,S219,North,Online,2,12542,283,Debit Card,Completed
O109220,2024-08-29,C6990,P1205,S221,North,Store,1,3522,0,Credit Card,Completed
O109221,2024-02-06,C5857,P1053,S231,North,Store,2,3129,0,UPI,Completed
O109222,2024-12-16,C5932,P1232,S247,North,Store,3,4324,371,UPI,Completed
O109223,2025-07-11,C5119,P1073,S240,North,Online,4,5249,124,Cash,Completed
O109224,2025-06-25,C6757,P1086,S244,East,Online,4,9673,0,Credit Card,Completed
O109225,2024-09-14,C6298,P1038,S201,South,Store,4,22462,0,Cash,Completed
O109226,2025-01-15,C6254,P1237,S224,East,Online,2,21100,0,Debit Card,Completed
O109227,2024-09-18,C5096,P1150,S207,North,Store,3,7422,0,Debit Card,Completed
O109228,2025-11-19,C5115,P1006,S204,North,Store,4,17945,0,Cash,Completed
O109229,2024-12-28,C5228,P1197,S227,North,Online,5,16495,0,UPI,Completed
O109230,2025-08-12,C5846,P1009,S242,North,Store,5,15817,474,Cash,Cancelled
O109231,2024-03-08,C5179,P1013,S207,North,Online,2,18762,0,Credit Card,Completed
O109232,2024-08-02,C5664,P1035,S215,East,Online,5,21802,0,Debit Card,Cancelled
O109233,2025-04-19,C6378,P1053,S225,South,Online,5,3129,0,Credit Card,Completed
O109234,2024-09-01,C5245,P1282,S229,South,Store,3,19507,0,UPI,Completed
O109235,2024-09-21,C5256,P1090,S235,North,Store,5,6496,289,Debit Card,Completed
O109236,2024-05-26,C6745,P1152,S235,North,Store,2,11737,0,Credit Card,Completed
O109237,2024-01-04,C5993,P1238,S212,West,Online,4,18960,401,Credit Card,Completed
O109238,2025-05-04,C6639,P1162,S226,North,Store,2,8893,0,UPI,Completed
O109239,2024-04-29,C5600,P1290,S216,East,Online,4,5987,0,UPI,Completed
O109240,2024-09-26,C5646,P1229,S245,East,Store,1,23069,315,UPI,Cancelled
O109241,2025-11-15,C5222,P1076,S225,South,Store,5,16951,191,UPI,Completed
O109242,2025-11-21,C5666,P1265,S232,North,Online,4,11992,0,Cash,Cancelled
O109243,2025-06-17,C5850,P1221,S211,West,Store,3,17898,0,Cash,Cancelled
O109244,2023-12-30,C5577,P1235,S232,North,Store,1,21005,238,Debit Card,Completed
O109245,2025-11-18,C5451,P1298,S214,West,Online,3,14176,460,Credit Card,Completed
O109246,2024-12-17,C5710,P1055,S204,North,Online,3,21841,102,Credit Card,Cancelled
O109247,2024-09-07,C6805,P1141,S223,West,Store,1,5607,0,Cash,Cancelled
O109248,2024-03-22,C6759,P1128,S209,West,Store,2,10078,334,Credit Card,Completed
O109249,2025-04-12,C6061,P1229,S219,North,Store,2,23069,0,UPI,Completed
O109250,2025-08-09,C6265,P1118,S218,North,Store,2,23140,426,Cash,Completed
O109251,2025-01-27,C6102,P1293,S229,South,Store,2,19741,0,Cash,Completed
O109252,2025-05-06,C6147,P1146,S220,South,Store,5,13303,97,Cash,Completed
O109253,2025-06-13,C6875,P1067,S246,North,Online,2,18554,457,Credit Card,Cancelled
O109254,2025-10-09,C5348,P1245,S246,North,Online,1,3373,0,Credit Card,Cancelled
O109255,2025-08-02,C5055,P1179,S245,East,Online,5,19591,0,UPI,Completed
O109256,2024-11-22,C6905,P1075,S217,West,Online,2,19286,0,UPI,Cancelled
O109257,2025-10-26,C6442,P1003,S214,West,Store,4,1494,0,UPI,Completed
O109258,2024-11-29,C6565,P1067,S218,North,Online,2,18554,0,Cash,Completed
O109259,2024-08-16,C5480,P1034,S230,East,Store,2,9778,397,Credit Card,Completed
O109260,2024-02-23,C6315,P1183,S243,South,Store,5,3139,0,Credit Card,Completed
O109261,2024-05-29,C5388,P1131,S209,West,Online,3,20406,0,UPI,Completed
O109262,2025-05-19,C6086,P1286,S247,North,Store,1,1267,0,Credit Card,Cancelled
O109263,2024-07-03,C6492,P1279,S206,South,Online,4,5899,136,Cash,Cancelled
O109264,2024-08-26,C5647,P1248,S219,North,Online,2,13480,0,Cash,Cancelled
O109265,2025-01-21,C6178,P1144,S221,North,Store,2,21604,0,Debit Card,Cancelled
O109266,2024-12-06,C5869,P1273,S243,South,Online,4,17610,0,Credit Card,Completed
O109267,2025-03-29,C5874,P1247,S201,South,Store,3,15686,0,Credit Card,Completed
O109268,2024-03-05,C6808,P1125,S209,West,Online,4,8150,0,UPI,Completed
O109269,2025-03-29,C5315,P1178,S246,North,Online,1,8635,0,UPI,Completed
O109270,2024-12-02,C6130,P1247,S207,North,Online,2,15686,0,Credit Card,Cancelled
O109271,2024-03-30,C5886,P1128,S227,North,Online,4,10078,0,Debit Card,Completed
O109272,2025-12-11,C6395,P1075,S232,North,Online,1,19286,0,UPI,Completed
O109273,2024-06-15,C5069,P1259,S207,North,Online,2,13997,0,Cash,Cancelled
O109274,2025-07-05,C6648,P1019,S228,South,Store,4,11005,0,Debit Card,Cancelled
O109275,2024-03-05,C6819,P1266,S247,North,Online,3,15728,0,Cash,Completed
O109276,2025-09-15,C6685,P1298,S220,South,Online,4,14176,0,Credit Card,Completed
O109277,2024-04-06,C6072,P1139,S236,West,Store,2,21395,0,Credit Card,Completed
O109278,2025-07-05,C6754,P1264,S225,South,Store,3,5155,52,UPI,Completed
O109279,2024-02-28,C6450,P1105,S206,South,Online,2,10648,0,UPI,Completed
O109280,2025-05-29,C6180,P1048,S206,South,Store,2,16836,0,Debit Card,Cancelled
O109281,2024-08-05,C5505,P1297,S210,North,Online,4,20307,0,Debit Card,Completed
O109282,2024-11-07,C6793,P1288,S232,North,Store,5,10267,0,UPI,Completed
O109283,2025-09-17,C6712,P1260,S211,West,Online,4,1933,0,UPI,Cancelled
O109284,2025-04-06,C5436,P1091,S201,South,Store,5,12784,0,Credit Card,Cancelled
O109285,2025-12-22,C6315,P1010,S204,North,Online,2,8826,0,UPI,Completed
O109286,2024-08-01,C5777,P1115,S225,South,Store,1,20308,0,Debit Card,Completed
O109287,2024-12-22,C5748,P1068,S208,East,Store,4,11524,0,Debit Card,Completed
O109288,2025-05-21,C5388,P1264,S238,East,Store,1,5155,0,Credit Card,Cancelled
O109289,2025-11-01,C6750,P1150,S205,South,Store,3,7422,0,Debit Card,Completed
O109290,2024-02-09,C5224,P1054,S201,South,Store,5,17956,0,Credit Card,Cancelled
O109291,2024-09-03,C5111,P1197,S235,North,Store,3,16495,0,Debit Card,Completed
O109292,2025-08-05,C5416,P1150,S237,North,Online,4,7422,0,UPI,Completed
O109293,2024-03-05,C5364,P1022,S246,North,Store,5,14533,0,Credit Card,Completed
O109294,2024-08-28,C5537,P1166,S240,North,Online,1,1640,370,Debit Card,Completed
O109295,2025-03-17,C5860,P1006,S247,North,Online,4,17945,0,UPI,Completed
O109296,2025-08-30,C6083,P1021,S237,North,Online,4,11470,0,UPI,Completed
O109297,2024-08-14,C6994,P1266,S236,West,Store,5,15728,0,Credit Card,Completed
O109298,2025-01-24,C6109,P1216,S210,North,Online,5,19992,0,Cash,Completed
O109299,2025-04-08,C5682,P1158,S235,North,Online,4,18699,0,Cash,Cancelled
O109300,2024-10-29,C6498,P1284,S208,East,Store,5,13277,0,Debit Card,Cancelled
O109301,2024-03-26,C6250,P1033,S218,North,Online,3,16111,422,Cash,Cancelled
O109302,2024-07-19,C5745,P1002,S237,North,Store,3,21479,0,Credit Card,Cancelled
O109303,2024-10-02,C6458,P1257,S227,North,Store,5,18316,0,Credit Card,Cancelled
O109304,2025-07-09,C5264,P1132,S235,North,Store,3,19210,0,Debit Card,Completed
O109305,2024-06-24,C5265,P1270,S218,North,Online,2,19833,0,Debit Card,Completed
O109306,2025-03-25,C5043,P1182,S211,West,Store,3,18616,226,Credit Card,Completed
O109307,2024-09-07,C5102,P1148,S248,West,Online,3,10231,0,Debit Card,Completed
O109308,2025-01-30,C6961,P1179,S244,East,Store,1,19591,0,Credit Card,Completed
O109309,2025-11-25,C6399,P1288,S215,East,Online,3,10267,196,UPI,Completed
O109310,2025-01-18,C6676,P1024,S228,South,Online,3,15591,0,Debit Card,Completed
O109311,2025-03-01,C5997,P1223,S221,North,Store,4,4729,57,Debit Card,Completed
O109312,2025-10-04,C6618,P1055,S221,North,Store,4,21841,0,Cash,Cancelled
O109313,2025-01-02,C6934,P1167,S200,West,Online,5,14354,0,Debit Card,Cancelled
O109314,2024-03-05,C6193,P1192,S222,East,Store,3,20500,0,UPI,Completed
O109315,2024-04-07,C5412,P1084,S211,West,Online,2,18967,163,Credit Card,Completed
O109316,2025-12-06,C5904,P1035,S249,East,Store,2,21802,0,Debit Card,Completed
O109317,2024-06-10,C5629,P1034,S228,South,Store,4,9778,0,Credit Card,Cancelled
O109318,2025-02-01,C6461,P1140,S216,East,Online,4,18510,0,UPI,Cancelled
O109319,2025-04-25,C5509,P1082,S230,East,Online,4,8487,0,Debit Card,Completed
O109320,2024-03-06,C5067,P1151,S210,North,Store,3,12508,0,Debit Card,Cancelled
O109321,2025-10-23,C5084,P1293,S227,North,Online,4,19741,0,Debit Card,Completed
O109322,2025-10-30,C6446,P1065,S211,West,Online,1,3007,0,Debit Card,Completed
O109323,2024-05-31,C5209,P1056,S246,North,Online,3,17229,140,Cash,Completed
O109324,2025-03-13,C6587,P1162,S204,North,Online,4,8893,0,Credit Card,Completed
O109325,2025-11-13,C5112,P1023,S202,East,Store,5,11148,0,Debit Card,Completed
O109326,2024-04-15,C5946,P1221,S246,North,Store,5,17898,0,UPI,Cancelled
O109327,2024-03-11,C5024,P1120,S213,North,Store,1,20523,0,Debit Card,Cancelled
O109328,2025-02-06,C6665,P1013,S230,East,Online,1,18762,0,Credit Card,Completed
O109329,2025-11-21,C6730,P1038,S235,North,Store,5,22462,0,UPI,Completed
O109330,2025-02-16,C6478,P1247,S212,West,Online,1,15686,0,Credit Card,Cancelled
O109331,2025-09-06,C6806,P1199,S210,North,Store,2,17589,85,UPI,Cancelled
O109332,2025-01-23,C6934,P1153,S233,North,Store,3,14011,0,UPI,Cancelled
O109333,2024-08-12,C5489,P1061,S226,North,Store,4,22570,0,UPI,Completed
O109334,2024-05-02,C6537,P1058,S218,North,Online,3,16157,0,Credit Card,Completed
O109335,2024-05-30,C5874,P1096,S223,West,Store,3,16951,0,Credit Card,Completed
O109336,2024-02-03,C6764,P1283,S239,West,Store,3,17954,0,UPI,Completed
O109337,2025-12-26,C5386,P1291,S212,West,Store,4,12542,0,Debit Card,Completed
O109338,2025-11-03,C5626,P1040,S249,East,Store,4,4205,0,Debit Card,Completed
O109339,2024-04-06,C6773,P1204,S235,North,Store,3,3675,0,Cash,Completed
O109340,2025-08-30,C5922,P1238,S246,North,Store,4,18960,0,Cash,Cancelled
O109341,2025-02-28,C5356,P1083,S231,North,Online,5,7188,0,Credit Card,Completed
O109342,2025-04-22,C5292,P1298,S242,North,Online,1,14176,414,Cash,Cancelled
O109343,2025-05-25,C5636,P1205,S202,East,Online,1,3522,0,Credit Card,Completed
O109344,2024-02-14,C6494,P1125,S200,West,Store,4,8150,0,Credit Card,Cancelled
O109345,2024-01-03,C6883,P1043,S219,North,Online,5,10110,0,Cash,Completed
O109346,2024-09-26,C5759,P1131,S216,East,Online,3,20406,0,Debit Card,Cancelled
O109347,2025-05-02,C6473,P1016,S231,North,Online,5,11602,442,UPI,Completed
O109348,2025-06-05,C6987,P1263,S201,South,Store,2,7564,0,Debit Card,Completed
O109349,2025-05-21,C6871,P1046,S233,North,Store,1,11020,436,Debit Card,Completed
O109350,2024-03-07,C6635,P1295,S243,South,Store,4,3337,0,UPI,Completed
O109351,2024-02-16,C5462,P1129,S240,North,Store,1,5589,248,Cash,Completed
O109352,2025-08-03,C6220,P1130,S248,West,Store,5,9394,368,Cash,Completed
O109353,2024-11-05,C5181,P1009,S248,West,Store,3,15817,0,Cash,Completed
O109354,2024-04-18,C6967,P1244,S203,East,Store,3,5773,0,Debit Card,Cancelled
O109355,2024-12-03,C6489,P1299,S238,East,Online,3,17937,0,UPI,Completed
O109356,2025-04-09,C6011,P1058,S215,East,Store,3,16157,329,Credit Card,Completed
O109357,2024-09-08,C6983,P1109,S232,North,Store,3,5046,0,UPI,Completed
O109358,2025-12-19,C6572,P1042,S205,South,Store,3,20007,0,Debit Card,Completed
O109359,2025-05-09,C5124,P1099,S200,West,Online,3,17578,0,Cash,Completed
O109360,2025-11-10,C5688,P1090,S222,East,Store,3,6496,0,Cash,Completed
O109361,2025-08-22,C6978,P1281,S203,East,Store,5,12731,0,Credit Card,Cancelled
O109362,2024-03-01,C5033,P1162,S233,North,Store,5,8893,0,UPI,Cancelled
O109363,2024-03-05,C6984,P1178,S213,North,Store,4,8635,0,Cash,Completed
O109364,2024-02-08,C6101,P1004,S212,West,Online,1,6831,0,Credit Card,Cancelled
O109365,2024-01-23,C6405,P1032,S214,West,Store,2,2864,0,Cash,Completed
O109366,2025-10-18,C6301,P1218,S205,South,Store,5,15354,0,Debit Card,Completed
O109367,2025-09-03,C5177,P1118,S231,North,Store,2,23140,0,Cash,Completed
O109368,2024-02-10,C5566,P1140,S222,East,Online,3,18510,0,Debit Card,Completed
O109369,2024-07-11,C6633,P1127,S213,North,Online,5,11658,0,Cash,Completed
O109370,2025-08-06,C5039,P1212,S206,South,Store,4,21743,0,Credit Card,Completed
O109371,2024-04-09,C6579,P1262,S228,South,Online,2,11478,398,Debit Card,Completed
O109372,2024-07-17,C5725,P1164,S236,West,Online,4,5775,0,UPI,Cancelled
O109373,2024-06-30,C6968,P1218,S208,East,Store,4,15354,215,UPI,Completed
O109374,2025-01-10,C6011,P1295,S243,South,Online,3,3337,196,Debit Card,Completed
O109375,2024-05-22,C6127,P1274,S203,East,Store,1,20728,0,UPI,Completed
O109376,2024-03-14,C5248,P1193,S221,North,Online,4,18061,0,UPI,Cancelled
O109377,2024-03-03,C5569,P1191,S200,West,Online,2,13093,0,Credit Card,Completed
O109378,2024-04-26,C5733,P1257,S209,West,Store,4,18316,0,Debit Card,Cancelled
O109379,2024-02-06,C6521,P1189,S243,South,Online,5,23820,0,Cash,Cancelled
O109380,2025-10-17,C5425,P1117,S221,North,Store,2,10710,0,Cash,Completed
O109381,2024-02-04,C5101,P1211,S228,South,Online,4,17552,476,Debit Card,Completed
O109382,2024-06-30,C5044,P1203,S239,West,Store,2,17152,136,UPI,Completed
O109383,2025-03-02,C5204,P1009,S222,East,Store,3,15817,0,UPI,Completed
O109384,2024-10-15,C5266,P1069,S202,East,Store,4,10947,0,Debit Card,Completed
O109385,2025-06-18,C6736,P1231,S234,East,Store,3,11775,0,Cash,Completed
O109386,2025-05-30,C6531,P1114,S217,West,Online,5,15114,471,Credit Card,Completed
O109387,2025-06-12,C5279,P1236,S234,East,Online,4,1650,174,Credit Card,Cancelled
O109388,2024-08-17,C6168,P1274,S212,West,Store,4,20728,307,Debit Card,Cancelled
O109389,2024-01-21,C5590,P1205,S200,West,Online,1,3522,0,Credit Card,Completed
O109390,2024-01-30,C6389,P1142,S217,West,Store,1,11011,302,Cash,Completed
O109391,2025-10-18,C6356,P1179,S217,West,Online,1,19591,167,Debit Card,Completed
O109392,2025-04-03,C5460,P1264,S243,South,Online,4,5155,0,Cash,Completed
O109393,2024-06-11,C5457,P1122,S208,East,Online,5,4929,0,Credit Card,Cancelled
O109394,2025-08-31,C6913,P1292,S247,North,Store,5,23214,0,Cash,Cancelled
O109395,2025-10-22,C6821,P1228,S225,South,Online,3,13342,476,Credit Card,Completed
O109396,2024-09-20,C5267,P1135,S238,East,Store,5,18707,408,Credit Card,Cancelled
O109397,2025-01-22,C6871,P1008,S212,West,Store,2,11489,0,Credit Card,Cancelled
O109398,2024-12-30,C5954,P1007,S215,East,Store,1,15969,0,Credit Card,Cancelled
O109399,2025-11-25,C6613,P1117,S225,South,Online,3,10710,326,Cash,Completed
O109400,2025-05-04,C6291,P1189,S249,East,Store,2,23820,0,UPI,Completed
O109401,2025-06-24,C5404,P1259,S247,North,Store,5,13997,0,Cash,Completed
O109402,2025-09-27,C5439,P1296,S210,North,Store,5,10596,0,Credit Card,Completed
O109403,2025-05-10,C5866,P1267,S204,North,Store,4,14604,0,Credit Card,Completed
O109404,2024-05-06,C5115,P1007,S218,North,Online,5,15969,305,Credit Card,Completed
O109405,2025-03-10,C5963,P1164,S209,West,Store,4,5775,0,UPI,Completed
O109406,2024-01-08,C5154,P1096,S220,South,Online,3,16951,0,Debit Card,Cancelled
O109407,2025-06-28,C5202,P1276,S222,East,Store,3,17692,0,UPI,Completed
O109408,2025-02-28,C5423,P1136,S243,South,Store,4,3271,240,UPI,Cancelled
O109409,2025-05-28,C5356,P1178,S205,South,Online,4,8635,0,Credit Card,Completed
O109410,2025-09-16,C5679,P1008,S211,West,Store,3,11489,0,UPI,Completed
O109411,2024-07-20,C5373,P1041,S223,West,Online,3,15445,473,Debit Card,Completed
O109412,2025-05-17,C6924,P1271,S221,North,Online,1,14975,121,Cash,Completed
O109413,2025-04-21,C5205,P1002,S247,North,Online,5,21479,0,Debit Card,Completed
O109414,2024-01-10,C6526,P1206,S223,West,Store,2,21502,356,Debit Card,Completed
O109415,2025-05-16,C6274,P1170,S237,North,Store,1,13196,0,UPI,Completed
O109416,2024-02-17,C6770,P1159,S224,East,Store,2,18152,0,UPI,Cancelled
O109417,2024-02-25,C6730,P1045,S204,North,Store,5,18465,270,Cash,Cancelled
O109418,2024-01-03,C6431,P1127,S235,North,Store,2,11658,0,Credit Card,Cancelled
O109419,2024-12-19,C6056,P1135,S220,South,Store,4,18707,0,Credit Card,Cancelled
O109420,2024-08-24,C5158,P1298,S248,West,Store,1,14176,0,UPI,Completed
O109421,2024-01-01,C6245,P1161,S240,North,Store,1,23914,0,Cash,Completed
O109422,2025-01-30,C5220,P1147,S213,North,Store,1,10106,0,Credit Card,Completed
O109423,2025-02-23,C5650,P1027,S246,North,Store,1,5053,0,Cash,Completed
O109424,2024-05-02,C5775,P1252,S235,North,Store,1,17202,0,Credit Card,Cancelled
O109425,2024-09-17,C5664,P1221,S248,West,Store,3,17898,0,Cash,Completed
O109426,2024-08-26,C5969,P1100,S229,South,Online,3,9778,0,Debit Card,Cancelled
O109427,2025-09-18,C6692,P1061,S247,North,Store,1,22570,0,Debit Card,Cancelled
O109428,2025-04-01,C6069,P1183,S200,West,Store,3,3139,286,Credit Card,Completed
O109429,2024-03-04,C6247,P1246,S247,North,Online,2,22713,303,Cash,Completed
O109430,2025-05-14,C6049,P1150,S218,North,Store,5,7422,0,Debit Card,Completed
O109431,2025-02-05,C5760,P1296,S208,East,Store,3,10596,343,UPI,Completed
O109432,2025-07-08,C5944,P1058,S235,North,Online,4,16157,0,Cash,Cancelled
O109433,2025-08-27,C6317,P1187,S205,South,Online,5,10875,0,UPI,Cancelled
O109434,2025-03-11,C5785,P1267,S207,North,Online,3,14604,437,Credit Card,Completed
O109435,2024-01-29,C6939,P1101,S216,East,Online,2,17061,0,Cash,Cancelled
O109436,2024-01-30,C6454,P1257,S225,South,Online,1,18316,194,Debit Card,Cancelled
O109437,2024-08-26,C5792,P1184,S216,East,Store,2,23546,0,Debit Card,Completed
O109438,2025-07-30,C6625,P1135,S212,West,Online,5,18707,171,UPI,Cancelled
O109439,2024-10-01,C6017,P1117,S239,West,Store,3,10710,0,Credit Card,Completed
O109440,2024-05-19,C5917,P1111,S204,North,Store,5,6965,0,Debit Card,Completed
O109441,2025-11-25,C5322,P1285,S246,North,Online,2,20596,0,Credit Card,Cancelled
O109442,2024-04-07,C5727,P1062,S226,North,Online,2,17006,0,Cash,Cancelled
O109443,2024-05-18,C5100,P1278,S210,North,Online,2,19013,0,UPI,Completed
O109444,2024-07-29,C6280,P1162,S232,North,Online,1,8893,0,Credit Card,Completed
O109445,2025-04-27,C5451,P1083,S221,North,Online,2,7188,0,Credit Card,Completed
O109446,2025-10-20,C5650,P1250,S205,South,Online,3,4746,0,Credit Card,Cancelled
O109447,2024-03-11,C5335,P1116,S248,West,Store,4,5919,54,Credit Card,Completed
O109448,2025-02-09,C6595,P1265,S222,East,Online,1,11992,437,UPI,Cancelled
O109449,2025-08-21,C5980,P1178,S209,West,Store,2,8635,0,Debit Card,Completed
O109450,2024-06-27,C5401,P1145,S204,North,Online,1,13495,0,Credit Card,Cancelled
O109451,2024-08-19,C5467,P1073,S222,East,Store,3,5249,0,Credit Card,Cancelled
O109452,2024-03-24,C5658,P1287,S236,West,Online,3,21054,451,Debit Card,Completed
O109453,2024-05-31,C6090,P1043,S248,West,Online,2,10110,0,Cash,Completed
O109454,2025-08-01,C5097,P1160,S223,West,Online,5,17020,0,Cash,Completed
O109455,2024-05-03,C6183,P1155,S227,North,Online,2,15032,129,UPI,Cancelled
O109456,2025-03-18,C6068,P1112,S217,West,Store,2,14915,0,UPI,Completed
O109457,2024-07-07,C5230,P1223,S240,North,Online,2,4729,209,Credit Card,Completed
O109458,2024-10-29,C5521,P1047,S202,East,Store,3,6278,0,UPI,Completed
O109459,2025-04-27,C5583,P1082,S231,North,Store,5,8487,0,UPI,Completed
O109460,2025-04-15,C5151,P1177,S233,North,Store,1,4568,0,UPI,Cancelled
O109461,2024-12-16,C6902,P1204,S232,North,Online,5,3675,68,UPI,Completed
O109462,2025-08-05,C5798,P1130,S206,South,Online,1,9394,0,Cash,Completed
O109463,2025-03-05,C5064,P1137,S225,South,Store,1,8938,382,Debit Card,Completed
O109464,2025-09-11,C6610,P1054,S206,South,Online,4,17956,0,Credit Card,Completed
O109465,2024-01-26,C6586,P1063,S226,North,Store,3,17739,0,Debit Card,Completed
O109466,2025-04-13,C6377,P1236,S206,South,Online,5,1650,0,Cash,Completed
O109467,2025-09-30,C6723,P1092,S209,West,Online,2,9784,0,Cash,Completed
O109468,2024-03-24,C5830,P1020,S206,South,Online,1,10169,0,Debit Card,Completed
O109469,2024-05-29,C5797,P1137,S222,East,Store,5,8938,0,Credit Card,Cancelled
O109470,2024-01-26,C6527,P1240,S200,West,Online,1,9126,0,UPI,Completed
O109471,2024-09-19,C6426,P1067,S248,West,Store,4,18554,0,Cash,Cancelled
O109472,2024-11-06,C6603,P1159,S249,East,Online,3,18152,0,Credit Card,Completed
O109473,2024-03-13,C5926,P1171,S213,North,Store,3,20278,77,Credit Card,Completed
O109474,2024-09-10,C5266,P1184,S215,East,Online,1,23546,0,Cash,Cancelled
O109475,2024-11-03,C6135,P1039,S213,North,Store,1,3162,448,Credit Card,Completed
O109476,2025-07-05,C5620,P1113,S245,East,Store,3,2267,0,Debit Card,Completed
O109477,2025-02-07,C5677,P1050,S231,North,Online,2,11986,0,Credit Card,Completed
O109478,2025-01-11,C6723,P1008,S240,North,Store,2,11489,0,Debit Card,Completed
O109479,2024-08-08,C6554,P1219,S214,West,Store,3,11028,0,Cash,Completed
O109480,2024-08-22,C5760,P1107,S234,East,Store,1,7054,0,Credit Card,Completed
O109481,2024-12-09,C6794,P1278,S247,North,Online,3,19013,0,Credit Card,Completed
O109482,2024-03-12,C5543,P1117,S210,North,Store,2,10710,494,Credit Card,Completed
O109483,2025-07-29,C5356,P1046,S247,North,Online,3,11020,0,UPI,Completed
O109484,2025-01-31,C6865,P1232,S217,West,Store,5,4324,0,Debit Card,Cancelled
O109485,2024-04-06,C6448,P1156,S221,North,Online,1,14997,0,Cash,Completed
O109486,2025-05-12,C5890,P1012,S233,North,Online,2,20263,0,Credit Card,Cancelled
O109487,2024-07-17,C6865,P1296,S231,North,Store,3,10596,0,UPI,Completed
O109488,2024-10-31,C6145,P1070,S227,North,Store,2,3836,0,Cash,Cancelled
O109489,2025-11-20,C5136,P1040,S203,East,Store,4,4205,473,Cash,Cancelled
O109490,2025-04-15,C5274,P1132,S210,North,Online,4,19210,500,UPI,Cancelled
O109491,2025-11-01,C6978,P1210,S231,North,Online,4,6616,217,Credit Card,Completed
O109492,2025-05-22,C6678,P1037,S237,North,Online,3,17516,0,UPI,Completed
O109493,2024-06-14,C6601,P1134,S237,North,Store,3,8636,389,Debit Card,Completed
O109494,2024-10-13,C5764,P1203,S249,East,Store,2,17152,0,Debit Card,Completed
O109495,2025-08-22,C6003,P1210,S223,West,Store,4,6616,0,Debit Card,Completed
O109496,2024-06-24,C6937,P1171,S237,North,Online,4,20278,0,UPI,Cancelled
O109497,2025-07-12,C6861,P1209,S238,East,Store,5,14912,0,Credit Card,Cancelled
O109498,2024-05-20,C5786,P1047,S222,East,Online,5,6278,389,UPI,Completed
O109499,2025-05-10,C6679,P1006,S221,North,Online,2,17945,0,UPI,Completed
O109500,2024-08-22,C6553,P1296,S222,East,Store,5,10596,340,Debit Card,Completed
O109501,2024-06-22,C6050,P1093,S217,West,Store,4,7635,0,Cash,Completed
O109502,2024-06-28,C5261,P1234,S222,East,Online,4,5302,0,Credit Card,Completed
O109503,2025-04-03,C6241,P1105,S245,East,Online,1,10648,0,Credit Card,Cancelled
O109504,2024-05-13,C6432,P1284,S244,East,Online,5,13277,0,UPI,Completed
O109505,2025-11-13,C5154,P1275,S203,East,Online,1,22022,0,UPI,Completed
O109506,2025-06-22,C5319,P1062,S204,North,Store,3,17006,163,Debit Card,Completed
O109507,2025-05-08,C6111,P1273,S200,West,Online,4,17610,0,Credit Card,Cancelled
O109508,2024-03-25,C5818,P1222,S242,North,Store,4,15054,0,Cash,Completed
O109509,2024-10-07,C5499,P1116,S219,North,Online,3,5919,0,UPI,Completed
O109510,2024-02-02,C5158,P1093,S230,East,Online,5,7635,0,UPI,Completed
O109511,2024-12-04,C5448,P1254,S204,North,Online,1,18521,0,UPI,Cancelled
O109512,2025-01-27,C6642,P1117,S230,East,Store,4,10710,0,Debit Card,Completed
O109513,2024-07-15,C5987,P1033,S207,North,Online,3,16111,385,Cash,Completed
O109514,2025-01-14,C5716,P1262,S241,South,Store,4,11478,0,Credit Card,Completed
O109515,2024-03-01,C5479,P1014,S244,East,Store,5,6858,290,Debit Card,Completed
O109516,2024-01-12,C5367,P1107,S222,East,Online,2,7054,0,UPI,Cancelled
O109517,2025-09-21,C5953,P1097,S235,North,Online,4,8915,0,UPI,Completed
O109518,2025-08-02,C5313,P1248,S231,North,Store,1,13480,0,Cash,Cancelled
O109519,2024-07-16,C5930,P1268,S201,South,Online,3,5770,0,Debit Card,Cancelled
O109520,2025-03-14,C6130,P1113,S228,South,Store,3,2267,0,Cash,Cancelled
O109521,2024-06-26,C6187,P1255,S213,North,Store,3,14851,0,Cash,Cancelled
O109522,2025-09-01,C5445,P1154,S200,West,Store,1,16309,0,Cash,Completed
O109523,2025-11-09,C6042,P1184,S244,East,Store,2,23546,0,Cash,Completed
O109524,2024-04-16,C5706,P1220,S215,East,Online,2,15484,0,Debit Card,Completed
O109525,2024-10-16,C5565,P1157,S224,East,Online,1,20469,457,Credit Card,Cancelled
O109526,2024-02-03,C6450,P1043,S217,West,Online,5,10110,481,UPI,Completed
O109527,2025-08-29,C5549,P1224,S242,North,Online,3,21622,0,Credit Card,Cancelled
O109528,2024-11-07,C6893,P1090,S230,East,Online,3,6496,63,Cash,Completed
O109529,2025-07-21,C5388,P1190,S227,North,Store,1,22649,0,UPI,Completed
O109530,2024-03-11,C6133,P1291,S222,East,Store,2,12542,230,Debit Card,Cancelled
O109531,2024-09-30,C5038,P1059,S210,North,Online,3,10909,0,Credit Card,Completed
O109532,2024-02-03,C5772,P1091,S239,West,Store,3,12784,0,UPI,Completed
O109533,2025-02-21,C6325,P1012,S238,East,Online,5,20263,420,Credit Card,Cancelled
O109534,2024-01-11,C6217,P1103,S239,West,Store,5,19689,0,Debit Card,Completed
O109535,2024-01-29,C6511,P1019,S249,East,Online,3,11005,0,Credit Card,Completed
O109536,2025-09-15,C5146,P1045,S233,North,Online,2,18465,0,Debit Card,Completed
O109537,2025-02-19,C5992,P1182,S213,North,Store,5,18616,0,Credit Card,Completed
O109538,2024-02-28,C5402,P1256,S240,North,Store,4,8546,150,Cash,Cancelled
O109539,2024-10-10,C6726,P1109,S233,North,Online,2,5046,0,Cash,Cancelled
O109540,2025-03-04,C5236,P1235,S205,South,Store,3,21005,0,Cash,Completed
O109541,2024-01-07,C5926,P1182,S226,North,Online,2,18616,0,Debit Card,Completed
O109542,2025-03-16,C5841,P1107,S228,South,Store,5,7054,0,UPI,Cancelled
O109543,2025-11-15,C5463,P1201,S246,North,Online,5,6002,175,Cash,Cancelled
O109544,2025-04-01,C6899,P1013,S224,East,Online,3,18762,0,Credit Card,Completed
O109545,2025-04-27,C6298,P1184,S225,South,Online,1,23546,0,Credit Card,Cancelled
O109546,2024-01-11,C6187,P1121,S206,South,Online,3,12001,383,Debit Card,Cancelled
O109547,2025-04-12,C5823,P1103,S205,South,Online,1,19689,475,Cash,Completed
O109548,2025-04-01,C5164,P1262,S220,South,Store,3,11478,0,Credit Card,Cancelled
O109549,2024-03-16,C6987,P1156,S202,East,Store,1,14997,0,UPI,Cancelled
O109550,2024-12-24,C5225,P1224,S244,East,Online,2,21622,0,Credit Card,Cancelled
O109551,2025-03-01,C6494,P1039,S229,South,Online,2,3162,0,UPI,Completed
O109552,2024-03-18,C6085,P1148,S207,North,Online,5,10231,0,Debit Card,Cancelled
O109553,2025-11-05,C5050,P1205,S215,East,Store,2,3522,0,UPI,Completed
O109554,2025-04-04,C6354,P1105,S207,North,Online,4,10648,0,Debit Card,Completed
O109555,2024-01-28,C6664,P1155,S214,West,Store,2,15032,0,Debit Card,Cancelled
O109556,2024-08-09,C5784,P1210,S218,North,Online,4,6616,0,Cash,Completed
O109557,2024-02-22,C6180,P1250,S233,North,Store,4,4746,0,UPI,Completed
O109558,2025-02-11,C5067,P1139,S249,East,Store,5,21395,0,Debit Card,Cancelled
O109559,2025-09-06,C5096,P1124,S214,West,Store,5,18693,0,UPI,Cancelled
O109560,2025-12-25,C5992,P1291,S249,East,Online,2,12542,0,Cash,Completed
O109561,2025-10-27,C5737,P1061,S207,North,Store,1,22570,0,Debit Card,Completed
O109562,2024-10-12,C6749,P1016,S246,North,Online,5,11602,0,UPI,Cancelled
O109563,2024-10-16,C6866,P1133,S211,West,Online,2,14458,0,Credit Card,Cancelled
O109564,2024-04-14,C5892,P1085,S238,East,Store,3,5647,0,Cash,Completed
O109565,2024-09-18,C6224,P1209,S239,West,Store,1,14912,0,Debit Card,Completed
O109566,2024-10-28,C5715,P1205,S236,West,Store,4,3522,103,Debit Card,Completed
O109567,2025-07-15,C6505,P1021,S207,North,Online,1,11470,0,Cash,Cancelled
O109568,2024-07-12,C6665,P1199,S213,North,Online,2,17589,0,Debit Card,Cancelled
O109569,2024-08-28,C6116,P1066,S200,West,Store,3,17713,0,Credit Card,Cancelled
O109570,2025-01-03,C5172,P1288,S216,East,Online,2,10267,0,Debit Card,Completed
O109571,2024-10-17,C6220,P1121,S202,East,Online,3,12001,0,Cash,Completed
O109572,2025-03-03,C5248,P1285,S246,North,Online,3,20596,0,Cash,Completed
O109573,2024-10-23,C6100,P1129,S200,West,Store,2,5589,0,Debit Card,Completed
O109574,2024-01-04,C5413,P1139,S204,North,Online,3,21395,0,Credit Card,Completed
O109575,2025-05-05,C6601,P1188,S230,East,Store,1,15328,0,Credit Card,Cancelled
O109576,2024-04-02,C5809,P1085,S220,South,Store,3,5647,0,Cash,Completed
O109577,2025-12-03,C6918,P1119,S200,West,Store,3,20033,0,Cash,Completed
O109578,2025-01-04,C6850,P1246,S247,North,Online,3,22713,0,Cash,Completed
O109579,2025-03-10,C5197,P1065,S207,North,Online,2,3007,0,Debit Card,Completed
O109580,2025-02-14,C6370,P1284,S227,North,Store,4,13277,479,UPI,Completed
O109581,2024-10-27,C6273,P1267,S240,North,Online,2,14604,0,UPI,Completed
O109582,2025-04-07,C6154,P1254,S243,South,Online,3,18521,0,Cash,Completed
O109583,2025-03-16,C6130,P1285,S203,East,Store,1,20596,0,Credit Card,Cancelled
O109584,2024-09-14,C5225,P1157,S214,West,Store,5,20469,206,Cash,Cancelled
O109585,2024-04-01,C5337,P1253,S235,North,Online,1,20605,0,Cash,Completed
O109586,2024-03-02,C5371,P1000,S235,North,Online,2,5850,0,Cash,Completed
O109587,2024-07-18,C5823,P1163,S212,West,Online,5,11924,0,Credit Card,Completed
O109588,2024-08-08,C6164,P1238,S226,North,Store,1,18960,0,Debit Card,Completed
O109589,2025-08-14,C6195,P1245,S247,North,Store,2,3373,296,Debit Card,Completed
O109590,2025-03-12,C5094,P1069,S213,North,Store,5,10947,197,Debit Card,Completed
O109591,2025-07-09,C5223,P1087,S244,East,Online,3,5062,0,Debit Card,Cancelled
O109592,2024-06-29,C5755,P1168,S209,West,Store,4,11993,153,Debit Card,Completed
O109593,2025-06-25,C5732,P1137,S222,East,Online,1,8938,0,UPI,Cancelled
O109594,2024-01-20,C6544,P1274,S223,West,Online,4,20728,381,Cash,Completed
O109595,2024-05-13,C5556,P1143,S202,East,Online,1,8850,0,Cash,Cancelled
O109596,2025-04-27,C6073,P1206,S214,West,Store,4,21502,0,UPI,Completed
O109597,2025-01-17,C5208,P1164,S202,East,Online,3,5775,0,UPI,Cancelled
O109598,2024-01-03,C5274,P1157,S238,East,Online,1,20469,0,Cash,Completed
O109599,2025-07-05,C6212,P1017,S201,South,Store,4,16288,0,Debit Card,Completed
O109600,2024-09-05,C6566,P1265,S234,East,Store,3,11992,340,Debit Card,Completed
O109601,2025-12-03,C6199,P1263,S227,North,Store,2,7564,197,UPI,Completed
O109602,2025-12-04,C5254,P1239,S249,East,Store,5,20434,0,Credit Card,Completed
O109603,2025-11-02,C5908,P1085,S243,South,Store,1,5647,0,Credit Card,Cancelled
O109604,2024-03-04,C5334,P1115,S245,East,Online,3,20308,252,UPI,Completed
O109605,2024-08-03,C5870,P1161,S202,East,Online,2,23914,0,Debit Card,Completed
O109606,2025-12-23,C6776,P1131,S218,North,Online,4,20406,0,Cash,Completed
O109607,2025-03-15,C5986,P1138,S228,South,Store,5,8919,0,UPI,Cancelled
O109608,2024-03-30,C5425,P1205,S210,North,Online,3,3522,0,Cash,Completed
O109609,2024-02-18,C6747,P1028,S244,East,Store,1,7958,0,UPI,Completed
O109610,2024-12-17,C5635,P1022,S229,South,Store,5,14533,0,Credit Card,Completed
O109611,2025-05-05,C5440,P1035,S244,East,Online,5,21802,0,UPI,Completed
O109612,2025-10-13,C5614,P1044,S226,North,Store,5,11357,0,Debit Card,Cancelled
O109613,2024-04-12,C6204,P1184,S201,South,Store,1,23546,480,UPI,Completed
O109614,2025-11-15,C5199,P1104,S244,East,Online,3,18741,439,Debit Card,Completed
O109615,2024-06-26,C5036,P1116,S246,North,Store,3,5919,0,Credit Card,Completed
O109616,2024-10-26,C5818,P1287,S203,East,Online,4,21054,0,Debit Card,Completed
O109617,2024-10-12,C5360,P1189,S204,North,Online,4,23820,0,Cash,Completed
O109618,2025-09-10,C6552,P1041,S215,East,Store,1,15445,0,Cash,Completed
O109619,2024-04-01,C6512,P1058,S228,South,Online,5,16157,0,Credit Card,Cancelled
O109620,2025-06-01,C6838,P1202,S208,East,Store,2,15754,369,Debit Card,Completed
O109621,2024-11-18,C6158,P1246,S209,West,Store,4,22713,0,Credit Card,Completed
O109622,2024-10-17,C5540,P1198,S237,North,Online,3,834,0,Cash,Cancelled
O109623,2024-05-30,C6908,P1091,S240,North,Store,1,12784,320,Credit Card,Cancelled
O109624,2025-10-26,C6937,P1104,S207,North,Store,3,18741,0,Credit Card,Completed
O109625,2024-09-21,C5357,P1095,S204,North,Online,2,13952,0,Debit Card,Completed
O109626,2024-11-20,C5214,P1290,S206,South,Store,1,5987,0,Cash,Cancelled
O109627,2025-12-27,C6223,P1248,S219,North,Online,1,13480,362,Credit Card,Cancelled
O109628,2024-09-29,C5562,P1229,S202,East,Store,1,23069,0,Debit Card,Completed
O109629,2025-11-29,C6539,P1270,S216,East,Store,2,19833,143,UPI,Completed
O109630,2025-05-16,C6918,P1184,S237,North,Store,1,23546,0,Credit Card,Completed
O109631,2024-04-01,C5080,P1080,S225,South,Online,1,5303,0,Credit Card,Completed
O109632,2025-01-14,C5149,P1184,S212,West,Store,3,23546,0,Credit Card,Completed
O109633,2025-05-01,C6140,P1049,S230,East,Online,3,4384,0,Credit Card,Completed
O109634,2025-05-11,C6218,P1146,S203,East,Online,1,13303,0,Debit Card,Completed
O109635,2024-11-27,C5975,P1233,S234,East,Store,5,12833,350,Credit Card,Completed
O109636,2024-06-20,C5859,P1091,S231,North,Store,2,12784,0,Debit Card,Completed
O109637,2024-01-12,C6019,P1239,S204,North,Online,3,20434,0,Debit Card,Completed
O109638,2025-06-25,C5243,P1282,S215,East,Store,1,19507,0,Credit Card,Completed
O109639,2025-06-06,C5817,P1123,S221,North,Store,3,15348,0,Credit Card,Completed
O109640,2024-05-29,C6488,P1084,S202,East,Store,1,18967,0,Credit Card,Cancelled
O109641,2025-03-16,C5073,P1283,S244,East,Online,5,17954,0,Debit Card,Cancelled
O109642,2024-10-17,C5609,P1236,S217,West,Online,3,1650,307,Cash,Cancelled
O109643,2025-02-22,C6937,P1285,S233,North,Online,3,20596,0,Debit Card,Completed
O109644,2025-04-27,C5331,P1060,S246,North,Online,3,10490,0,Debit Card,Cancelled
O109645,2024-09-30,C6959,P1160,S207,North,Online,5,17020,0,Credit Card,Completed
O109646,2025-09-20,C5034,P1244,S215,East,Online,3,5773,0,Debit Card,Completed
O109647,2025-09-28,C5137,P1116,S230,East,Online,1,5919,156,Credit Card,Cancelled
O109648,2025-05-31,C5615,P1246,S209,West,Store,1,22713,0,Cash,Completed
O109649,2025-05-23,C5733,P1140,S217,West,Store,1,18510,0,UPI,Completed
O109650,2025-07-16,C5798,P1255,S244,East,Online,1,14851,0,Credit Card,Completed
O109651,2025-04-19,C5758,P1056,S217,West,Store,4,17229,0,Cash,Cancelled
O109652,2024-07-06,C6662,P1075,S203,East,Online,2,19286,350,Cash,Completed
O109653,2024-10-05,C6524,P1041,S249,East,Online,3,15445,0,Debit Card,Cancelled
O109654,2024-09-06,C5757,P1015,S235,North,Online,3,19492,0,Credit Card,Completed
O109655,2024-03-14,C6015,P1263,S235,North,Online,2,7564,0,UPI,Completed
O109656,2025-05-26,C5394,P1180,S206,South,Store,1,6796,422,Credit Card,Completed
O109657,2025-12-17,C5539,P1274,S246,North,Online,4,20728,204,Cash,Cancelled
O109658,2024-12-04,C6207,P1216,S245,East,Store,1,19992,0,Cash,Cancelled
O109659,2024-06-13,C6731,P1150,S220,South,Online,2,7422,61,UPI,Completed
O109660,2025-08-12,C6651,P1291,S218,North,Online,3,12542,0,Cash,Completed
O109661,2024-12-03,C5843,P1111,S245,East,Online,2,6965,398,UPI,Completed
O109662,2024-05-06,C6603,P1211,S237,North,Store,5,17552,0,Cash,Cancelled
O109663,2024-02-15,C6333,P1086,S206,South,Online,3,9673,0,UPI,Completed
O109664,2025-06-28,C6221,P1159,S248,West,Store,3,18152,0,Credit Card,Completed
O109665,2025-03-17,C5785,P1035,S238,East,Store,2,21802,0,Cash,Completed
O109666,2024-10-14,C5290,P1292,S239,West,Store,2,23214,0,Cash,Completed
O109667,2025-01-08,C6721,P1072,S203,East,Store,4,11213,0,UPI,Completed
O109668,2025-09-26,C6902,P1194,S234,East,Store,3,10696,0,Debit Card,Cancelled
O109669,2024-05-13,C6969,P1170,S220,South,Store,4,13196,398,Cash,Completed
O109670,2024-12-24,C5838,P1201,S211,West,Online,5,6002,0,UPI,Cancelled
O109671,2024-01-12,C6611,P1219,S206,South,Store,2,11028,0,UPI,Completed
O109672,2025-04-18,C5064,P1280,S247,North,Online,1,17740,0,Credit Card,Completed
O109673,2025-10-01,C6535,P1234,S208,East,Online,1,5302,0,Debit Card,Cancelled
O109674,2025-09-15,C5577,P1240,S204,North,Online,2,9126,0,Cash,Cancelled
O109675,2025-10-30,C6444,P1218,S219,North,Online,4,15354,0,Cash,Completed
O109676,2025-11-21,C6043,P1174,S244,East,Store,1,21347,0,Credit Card,Completed
O109677,2024-05-31,C6859,P1099,S235,North,Store,5,17578,0,Debit Card,Completed
O109678,2024-06-15,C5720,P1241,S245,East,Store,3,19467,0,Credit Card,Completed
O109679,2024-10-24,C6183,P1020,S226,North,Online,3,10169,0,UPI,Cancelled
O109680,2025-10-12,C6898,P1044,S232,North,Online,3,11357,0,Cash,Cancelled
O109681,2024-01-29,C5224,P1070,S200,West,Store,4,3836,0,UPI,Cancelled
O109682,2025-05-29,C5853,P1169,S235,North,Store,4,5160,0,Cash,Completed
O109683,2024-12-09,C6532,P1106,S233,North,Store,4,16729,0,UPI,Completed
O109684,2024-07-04,C5392,P1254,S217,West,Store,5,18521,0,Debit Card,Completed
O109685,2024-08-29,C5535,P1080,S245,East,Store,2,5303,306,Cash,Cancelled
O109686,2024-10-30,C6147,P1170,S214,West,Store,1,13196,0,Credit Card,Cancelled
O109687,2025-08-02,C6900,P1248,S229,South,Online,4,13480,229,Credit Card,Completed
O109688,2025-08-08,C6500,P1238,S227,North,Online,5,18960,0,Cash,Completed
O109689,2024-05-12,C6325,P1160,S228,South,Online,4,17020,0,UPI,Completed
O109690,2024-11-30,C5471,P1037,S242,North,Online,3,17516,252,Credit Card,Cancelled
O109691,2025-04-25,C5865,P1043,S232,North,Store,2,10110,0,UPI,Completed
O109692,2024-11-11,C5980,P1265,S209,West,Online,3,11992,0,Cash,Cancelled
O109693,2025-09-05,C5084,P1156,S240,North,Online,4,14997,0,Credit Card,Completed
O109694,2025-04-01,C5252,P1160,S240,North,Online,4,17020,0,Cash,Completed
O109695,2025-06-17,C6794,P1031,S244,East,Store,4,6951,394,UPI,Completed
O109696,2025-02-03,C5454,P1230,S235,North,Store,3,12075,0,Debit Card,Completed
O109697,2025-07-11,C5090,P1281,S207,North,Online,4,12731,257,Debit Card,Completed
O109698,2024-07-10,C6091,P1214,S212,West,Online,3,10921,0,Credit Card,Completed
O109699,2025-10-11,C5976,P1048,S239,West,Online,4,16836,0,UPI,Completed
O109700,2025-08-24,C6873,P1165,S243,South,Store,2,21855,0,Credit Card,Cancelled
O109701,2024-10-20,C6795,P1100,S242,North,Store,3,9778,0,Credit Card,Completed
O109702,2024-11-18,C6727,P1214,S227,North,Store,4,10921,287,UPI,Completed
O109703,2025-02-17,C6353,P1248,S205,South,Store,1,13480,494,Debit Card,Completed
O109704,2025-01-17,C6744,P1218,S228,South,Store,5,15354,0,Debit Card,Completed
O109705,2024-12-28,C5949,P1220,S227,North,Store,2,15484,0,Cash,Completed
O109706,2024-08-23,C5906,P1172,S233,North,Online,1,15856,0,UPI,Completed
O109707,2025-07-30,C6393,P1260,S217,West,Store,3,1933,0,Debit Card,Cancelled
O109708,2024-09-02,C6561,P1235,S232,North,Online,3,21005,0,UPI,Cancelled
O109709,2024-09-06,C6507,P1017,S234,East,Store,3,16288,261,UPI,Completed
O109710,2024-02-05,C6934,P1061,S231,North,Store,4,22570,0,UPI,Completed
O109711,2024-07-02,C6983,P1131,S208,East,Store,3,20406,279,UPI,Completed
O109712,2024-07-18,C6556,P1164,S247,North,Online,4,5775,0,UPI,Completed
O109713,2024-08-13,C6071,P1056,S206,South,Online,4,17229,241,Cash,Completed
O109714,2024-04-10,C5671,P1085,S242,North,Store,1,5647,0,Debit Card,Completed
O109715,2024-04-29,C5260,P1019,S215,East,Online,2,11005,0,UPI,Cancelled
O109716,2024-09-06,C5318,P1075,S230,East,Online,1,19286,0,UPI,Cancelled
O109717,2024-06-01,C5587,P1230,S221,North,Store,5,12075,0,Cash,Cancelled
O109718,2024-02-06,C6367,P1142,S238,East,Store,4,11011,0,Credit Card,Cancelled
O109719,2024-06-06,C6680,P1220,S205,South,Store,5,15484,0,Credit Card,Cancelled
O109720,2025-07-28,C6455,P1128,S242,North,Store,5,10078,0,Cash,Cancelled
O109721,2024-06-08,C6392,P1281,S248,West,Store,2,12731,325,Cash,Completed
O109722,2024-04-28,C6708,P1072,S239,West,Online,1,11213,0,Credit Card,Completed
O109723,2025-02-10,C6448,P1067,S242,North,Store,1,18554,0,Debit Card,Completed
O109724,2025-02-07,C5275,P1129,S201,South,Online,1,5589,0,Debit Card,Cancelled
O109725,2024-08-08,C5790,P1052,S226,North,Store,5,13741,0,Debit Card,Completed
O109726,2025-08-13,C5363,P1154,S236,West,Store,2,16309,0,UPI,Completed
O109727,2024-06-09,C5837,P1201,S225,South,Online,5,6002,0,Debit Card,Completed
O109728,2025-08-07,C6592,P1036,S233,North,Online,4,11836,209,UPI,Completed
O109729,2025-06-17,C6699,P1074,S235,North,Online,4,5321,446,Cash,Completed
O109730,2025-02-02,C6506,P1022,S229,South,Online,4,14533,0,Credit Card,Completed
O109731,2024-03-15,C5528,P1205,S223,West,Online,4,3522,0,Credit Card,Cancelled
O109732,2025-06-24,C6781,P1027,S211,West,Store,4,5053,0,UPI,Completed
O109733,2024-01-22,C5259,P1193,S241,South,Online,3,18061,258,UPI,Cancelled
O109734,2025-08-24,C5399,P1036,S247,North,Store,1,11836,0,UPI,Completed
O109735,2025-09-24,C5135,P1128,S217,West,Store,5,10078,0,Credit Card,Completed
O109736,2025-09-10,C5558,P1072,S215,East,Store,5,11213,0,Credit Card,Cancelled
O109737,2025-03-29,C5838,P1117,S230,East,Online,3,10710,0,Cash,Completed
O109738,2025-07-12,C5867,P1079,S200,West,Online,3,9159,0,Credit Card,Completed
O109739,2025-12-09,C6188,P1285,S249,East,Online,3,20596,0,UPI,Cancelled
O109740,2024-08-14,C6064,P1007,S204,North,Online,5,15969,0,Credit Card,Completed
O109741,2025-07-11,C6020,P1068,S241,South,Online,5,11524,68,Credit Card,Completed
O109742,2025-04-29,C6125,P1063,S224,East,Store,2,17739,0,Debit Card,Cancelled
O109743,2025-05-07,C5306,P1223,S233,North,Store,4,4729,235,Debit Card,Cancelled
O109744,2024-03-29,C5827,P1168,S248,West,Store,2,11993,0,Debit Card,Completed
O109745,2025-08-14,C6968,P1044,S249,East,Store,5,11357,0,Cash,Cancelled
O109746,2025-04-16,C6153,P1085,S213,North,Online,4,5647,0,Debit Card,Completed
O109747,2024-04-07,C5928,P1228,S243,South,Store,2,13342,0,Debit Card,Cancelled
O109748,2025-02-08,C5184,P1123,S229,South,Store,4,15348,0,Cash,Completed
O109749,2025-08-22,C5054,P1276,S233,North,Online,2,17692,493,Credit Card,Cancelled
O109750,2025-12-10,C5546,P1291,S201,South,Online,3,12542,0,Cash,Completed
O109751,2025-11-29,C6787,P1035,S234,East,Store,4,21802,0,UPI,Completed
O109752,2024-01-05,C5307,P1129,S243,South,Store,3,5589,0,Credit Card,Completed
O109753,2024-03-07,C5950,P1148,S219,North,Online,1,10231,0,UPI,Completed
O109754,2025-06-30,C6895,P1115,S236,West,Store,4,20308,0,Cash,Completed
O109755,2024-08-07,C5234,P1233,S212,West,Online,1,12833,0,Credit Card,Completed
O109756,2025-03-06,C5069,P1277,S238,East,Online,4,2790,0,Debit Card,Completed
O109757,2024-09-02,C6662,P1086,S229,South,Online,4,9673,0,UPI,Completed
O109758,2024-06-14,C5824,P1018,S241,South,Store,5,14106,87,UPI,Cancelled
O109759,2025-07-15,C6005,P1088,S233,North,Store,4,21299,0,Debit Card,Cancelled
O109760,2024-06-16,C6472,P1043,S226,North,Store,4,10110,0,Cash,Completed
O109761,2025-10-02,C6517,P1181,S206,South,Store,1,4623,379,UPI,Completed
O109762,2025-06-07,C6607,P1241,S236,West,Online,3,19467,0,UPI,Completed
O109763,2025-03-08,C6926,P1256,S214,West,Store,1,8546,0,Cash,Cancelled
O109764,2024-03-13,C5368,P1291,S241,South,Store,2,12542,233,Credit Card,Completed
O109765,2025-02-21,C6269,P1245,S233,North,Store,3,3373,0,Credit Card,Cancelled
O109766,2024-09-07,C6830,P1006,S210,North,Store,2,17945,0,Credit Card,Completed
O109767,2024-03-05,C6642,P1151,S218,North,Store,5,12508,0,Debit Card,Completed
O109768,2024-12-12,C5704,P1083,S228,South,Online,3,7188,380,UPI,Completed
O109769,2025-08-31,C5825,P1093,S215,East,Online,1,7635,0,Credit Card,Completed
O109770,2024-08-04,C5337,P1084,S217,West,Store,2,18967,0,Debit Card,Completed
O109771,2024-05-21,C5975,P1285,S208,East,Online,4,20596,0,Debit Card,Completed
O109772,2025-09-18,C6536,P1036,S232,North,Online,4,11836,164,Debit Card,Completed
O109773,2025-03-05,C6737,P1029,S238,East,Store,3,21239,0,Cash,Completed
O109774,2025-10-15,C5691,P1159,S218,North,Store,2,18152,0,UPI,Cancelled
O109775,2025-05-30,C6252,P1211,S246,North,Store,2,17552,205,Debit Card,Cancelled
O109776,2025-01-30,C6870,P1259,S216,East,Online,5,13997,0,Credit Card,Completed
O109777,2024-12-18,C5448,P1084,S210,North,Online,1,18967,0,Debit Card,Cancelled
O109778,2024-02-20,C5659,P1266,S247,North,Online,1,15728,0,Cash,Completed
O109779,2025-06-13,C6399,P1238,S223,West,Store,1,18960,0,Credit Card,Completed
O109780,2024-04-09,C6546,P1179,S208,East,Online,4,19591,0,Cash,Completed
O109781,2024-07-07,C6897,P1253,S205,South,Store,5,20605,0,Credit Card,Completed
O109782,2025-06-19,C6255,P1271,S242,North,Store,5,14975,0,Debit Card,Completed
O109783,2024-01-01,C5235,P1083,S229,South,Store,5,7188,0,Credit Card,Completed
O109784,2025-08-15,C6629,P1014,S217,West,Store,5,6858,0,Debit Card,Completed
O109785,2024-12-25,C6964,P1245,S237,North,Store,1,3373,0,Cash,Completed
O109786,2024-06-12,C6815,P1177,S224,East,Store,4,4568,0,Debit Card,Completed
O109787,2024-02-28,C5072,P1274,S210,North,Online,3,20728,321,Cash,Completed
O109788,2025-08-05,C5575,P1193,S228,South,Store,1,18061,0,Debit Card,Completed
O109789,2025-04-13,C6442,P1169,S229,South,Online,4,5160,0,Cash,Completed
O109790,2025-05-07,C5020,P1283,S223,West,Store,1,17954,0,Debit Card,Completed
O109791,2025-08-27,C6951,P1059,S223,West,Online,3,10909,0,Cash,Cancelled
O109792,2024-01-22,C6293,P1036,S241,South,Store,2,11836,0,Debit Card,Completed
O109793,2025-05-31,C5389,P1259,S248,West,Online,3,13997,330,Cash,Completed
O109794,2024-11-20,C5506,P1289,S229,South,Store,5,16378,0,Cash,Completed
O109795,2024-09-05,C5649,P1057,S209,West,Store,5,12244,0,Credit Card,Completed
O109796,2024-07-07,C5415,P1053,S220,South,Store,5,3129,0,UPI,Completed
O109797,2024-01-19,C5694,P1086,S232,North,Online,3,9673,362,Credit Card,Completed
O109798,2024-11-28,C5062,P1176,S218,North,Store,5,14974,0,Credit Card,Completed
O109799,2024-09-28,C5885,P1028,S228,South,Store,2,7958,0,UPI,Cancelled
O109800,2024-05-31,C5886,P1029,S214,West,Store,1,21239,0,Credit Card,Completed
O109801,2025-03-11,C5712,P1169,S202,East,Online,1,5160,378,Credit Card,Completed
O109802,2025-07-26,C5878,P1138,S244,East,Store,4,8919,0,Credit Card,Completed
O109803,2025-10-03,C5076,P1209,S225,South,Store,2,14912,262,UPI,Cancelled
O109804,2024-12-14,C5072,P1125,S217,West,Store,1,8150,0,UPI,Completed
O109805,2025-04-15,C5126,P1249,S205,South,Store,2,17145,0,Cash,Completed
O109806,2025-04-08,C6002,P1039,S202,East,Online,2,3162,127,Debit Card,Completed
O109807,2025-08-20,C5312,P1292,S222,East,Store,2,23214,162,Cash,Completed
O109808,2025-09-10,C6463,P1062,S235,North,Online,2,17006,348,Debit Card,Completed
O109809,2024-06-13,C6973,P1236,S220,South,Store,2,1650,0,Credit Card,Cancelled
O109810,2025-06-14,C6433,P1076,S220,South,Store,5,16951,310,UPI,Completed
O109811,2024-03-18,C5222,P1159,S208,East,Store,2,18152,165,Cash,Completed
O109812,2024-03-18,C6043,P1189,S238,East,Online,2,23820,0,Debit Card,Completed
O109813,2025-09-14,C5803,P1037,S239,West,Online,4,17516,0,UPI,Completed
O109814,2024-01-02,C5057,P1291,S221,North,Online,4,12542,0,Debit Card,Completed
O109815,2024-01-30,C6761,P1014,S220,South,Store,3,6858,0,Cash,Completed
O109816,2024-10-21,C5056,P1128,S229,South,Online,3,10078,0,Credit Card,Completed
O109817,2025-04-03,C6180,P1095,S244,East,Store,4,13952,0,Cash,Completed
O109818,2024-02-20,C5482,P1092,S210,North,Online,3,9784,0,Debit Card,Completed
O109819,2024-08-23,C5952,P1010,S207,North,Online,4,8826,367,UPI,Completed
O109820,2024-12-15,C5864,P1114,S235,North,Store,5,15114,0,Debit Card,Completed
O109821,2024-11-23,C6694,P1147,S237,North,Store,1,10106,0,Cash,Completed
O109822,2025-07-07,C5554,P1297,S249,East,Online,5,20307,0,Debit Card,Completed
O109823,2024-06-07,C5878,P1156,S246,North,Store,4,14997,0,UPI,Completed
O109824,2025-12-25,C6815,P1027,S229,South,Store,1,5053,277,Debit Card,Cancelled
O109825,2024-11-26,C5831,P1202,S226,North,Online,5,15754,0,UPI,Completed
O109826,2025-04-06,C6673,P1255,S209,West,Store,1,14851,0,Debit Card,Completed
O109827,2024-08-12,C5480,P1190,S230,East,Store,4,22649,248,Cash,Completed
O109828,2024-04-05,C5056,P1228,S200,West,Online,2,13342,0,Credit Card,Completed
O109829,2025-08-23,C6805,P1244,S241,South,Store,5,5773,0,UPI,Completed
O109830,2024-09-29,C6988,P1084,S217,West,Online,3,18967,158,Cash,Cancelled
O109831,2025-11-27,C6999,P1218,S246,North,Online,3,15354,182,Credit Card,Completed
O109832,2025-04-27,C5494,P1146,S207,North,Online,3,13303,467,UPI,Completed
O109833,2024-02-03,C6536,P1220,S230,East,Online,1,15484,173,Credit Card,Completed
O109834,2025-01-11,C6576,P1078,S215,East,Store,3,23389,0,UPI,Completed
O109835,2025-05-11,C5249,P1157,S242,North,Store,1,20469,0,Credit Card,Completed
O109836,2024-07-02,C6427,P1089,S210,North,Store,3,18424,0,Debit Card,Cancelled
O109837,2025-09-21,C6036,P1117,S206,South,Store,1,10710,230,Cash,Cancelled
O109838,2025-09-22,C5608,P1268,S226,North,Online,3,5770,0,Credit Card,Completed
O109839,2025-06-01,C6820,P1031,S210,North,Online,4,6951,0,Cash,Completed
O109840,2024-02-28,C5325,P1120,S205,South,Online,2,20523,0,UPI,Cancelled
O109841,2025-03-25,C5759,P1164,S237,North,Store,5,5775,451,Credit Card,Completed
O109842,2025-11-24,C5287,P1102,S208,East,Store,3,11805,322,Cash,Cancelled
O109843,2024-05-03,C6444,P1247,S216,East,Online,1,15686,0,Debit Card,Cancelled
O109844,2025-08-12,C5555,P1159,S242,North,Online,3,18152,146,UPI,Completed
O109845,2025-06-10,C6128,P1191,S222,East,Online,4,13093,0,Credit Card,Completed
O109846,2025-11-18,C6239,P1170,S242,North,Store,4,13196,190,Debit Card,Completed
O109847,2025-02-27,C6934,P1172,S203,East,Store,2,15856,0,Cash,Cancelled
O109848,2024-01-27,C6162,P1233,S209,West,Store,2,12833,0,Cash,Completed
O109849,2025-12-06,C5324,P1263,S203,East,Online,1,7564,0,UPI,Completed
O109850,2024-05-02,C5610,P1218,S241,South,Store,5,15354,0,Credit Card,Completed
O109851,2025-05-20,C5423,P1296,S216,East,Store,2,10596,0,Debit Card,Completed
O109852,2024-12-15,C5165,P1232,S240,North,Store,2,4324,58,Cash,Completed
O109853,2024-03-06,C5263,P1179,S216,East,Online,3,19591,88,Debit Card,Cancelled
O109854,2025-12-24,C5118,P1146,S209,West,Online,3,13303,0,Credit Card,Completed
O109855,2025-11-14,C5560,P1053,S249,East,Online,3,3129,0,Debit Card,Cancelled
O109856,2024-09-07,C6303,P1292,S207,North,Store,2,23214,0,Debit Card,Completed
O109857,2024-12-14,C5287,P1068,S232,North,Store,1,11524,0,Credit Card,Completed
O109858,2025-06-15,C5902,P1151,S220,South,Online,4,12508,0,Debit Card,Cancelled
O109859,2024-10-02,C6121,P1194,S215,East,Online,1,10696,0,Credit Card,Cancelled
O109860,2025-02-05,C6472,P1019,S243,South,Online,1,11005,0,Debit Card,Cancelled
O109861,2024-07-24,C5131,P1179,S237,North,Store,5,19591,0,Credit Card,Completed
O109862,2025-03-29,C5223,P1233,S228,South,Store,4,12833,116,Debit Card,Completed
O109863,2024-09-11,C5276,P1266,S226,North,Online,5,15728,0,Debit Card,Completed
O109864,2024-10-17,C6884,P1007,S219,North,Online,5,15969,0,Cash,Completed
O109865,2024-02-22,C5857,P1292,S249,East,Online,2,23214,0,UPI,Completed
O109866,2024-06-07,C5671,P1118,S234,East,Store,5,23140,0,Credit Card,Completed
O109867,2024-01-31,C6394,P1226,S205,South,Online,5,19224,0,Debit Card,Completed
O109868,2024-12-21,C6539,P1180,S213,North,Online,3,6796,0,Credit Card,Completed
O109869,2025-08-11,C5942,P1204,S246,North,Store,1,3675,0,UPI,Cancelled
O109870,2025-02-11,C5923,P1054,S245,East,Online,5,17956,0,UPI,Completed
O109871,2024-05-24,C5056,P1167,S232,North,Store,1,14354,490,Debit Card,Completed
O109872,2024-03-13,C5391,P1100,S228,South,Store,3,9778,123,Debit Card,Completed
O109873,2025-10-05,C5720,P1222,S230,East,Online,1,15054,229,Debit Card,Cancelled
O109874,2024-04-09,C6477,P1085,S237,North,Online,3,5647,0,Credit Card,Cancelled
O109875,2024-11-23,C5051,P1242,S218,North,Store,5,13862,0,Cash,Completed
O109876,2024-03-11,C5329,P1013,S207,North,Store,2,18762,0,Debit Card,Cancelled
O109877,2024-03-15,C6111,P1070,S242,North,Online,4,3836,0,Credit Card,Cancelled
O109878,2025-10-21,C6747,P1253,S249,East,Store,5,20605,139,Debit Card,Completed
O109879,2024-01-09,C6108,P1156,S234,East,Store,1,14997,92,Debit Card,Completed
O109880,2024-07-19,C5194,P1170,S230,East,Online,2,13196,0,Debit Card,Completed
O109881,2025-01-21,C6747,P1187,S214,West,Store,4,10875,0,Cash,Completed
O109882,2023-12-30,C6903,P1185,S210,North,Online,3,7628,0,Credit Card,Completed
O109883,2025-07-15,C5550,P1268,S249,East,Store,1,5770,0,Credit Card,Completed
O109884,2024-08-29,C6673,P1171,S226,North,Online,4,20278,307,Debit Card,Completed
O109885,2024-10-29,C6234,P1298,S212,West,Online,5,14176,0,UPI,Cancelled
O109886,2024-03-25,C6814,P1234,S225,South,Store,2,5302,0,UPI,Completed
O109887,2025-08-01,C5488,P1260,S220,South,Online,4,1933,0,Debit Card,Completed
O109888,2024-08-29,C5478,P1012,S235,North,Store,2,20263,0,Debit Card,Completed
O109889,2025-07-07,C5949,P1103,S226,North,Online,3,19689,0,Debit Card,Cancelled
O109890,2024-04-27,C5570,P1145,S242,North,Store,5,13495,0,UPI,Completed
O109891,2024-04-09,C5867,P1205,S249,East,Online,5,3522,0,Credit Card,Completed
O109892,2025-07-22,C5948,P1103,S223,West,Online,5,19689,0,Credit Card,Completed
O109893,2024-07-08,C6103,P1174,S245,East,Store,2,21347,283,Credit Card,Cancelled
O109894,2024-11-13,C6585,P1110,S243,South,Store,3,5745,0,UPI,Cancelled
O109895,2024-02-15,C6483,P1098,S224,East,Store,1,22065,155,UPI,Completed
O109896,2024-02-26,C5587,P1079,S204,North,Online,3,9159,0,UPI,Cancelled
O109897,2024-10-29,C5211,P1093,S203,East,Online,4,7635,0,UPI,Completed
O109898,2025-09-18,C5819,P1174,S204,North,Store,3,21347,0,UPI,Completed
O109899,2025-05-15,C6214,P1235,S241,South,Online,1,21005,329,Credit Card,Completed
O109900,2024-04-24,C6547,P1184,S241,South,Online,5,23546,378,Cash,Completed
O109901,2024-01-19,C6068,P1005,S237,North,Online,2,15987,0,Cash,Completed
O109902,2025-12-13,C6830,P1159,S202,East,Online,1,18152,55,Credit Card,Completed
O109903,2025-03-24,C5214,P1136,S206,South,Store,4,3271,363,Debit Card,Cancelled
O109904,2024-07-11,C6931,P1280,S245,East,Online,2,17740,366,UPI,Completed
O109905,2025-11-12,C5009,P1288,S245,East,Store,3,10267,0,Cash,Completed
O109906,2024-09-09,C6442,P1280,S238,East,Store,1,17740,363,UPI,Completed
O109907,2025-12-22,C6754,P1208,S248,West,Store,5,11265,444,Debit Card,Cancelled
O109908,2025-06-22,C6050,P1102,S242,North,Store,4,11805,0,Debit Card,Completed
O109909,2025-03-30,C6858,P1034,S242,North,Store,5,9778,0,Cash,Cancelled
O109910,2024-05-18,C5135,P1076,S244,East,Online,2,16951,0,Cash,Completed
O109911,2025-02-13,C5365,P1089,S230,East,Online,2,18424,0,UPI,Completed
O109912,2025-03-17,C5622,P1125,S224,East,Online,4,8150,0,UPI,Completed
O109913,2024-04-12,C5602,P1241,S229,South,Online,4,19467,0,Cash,Completed
O109914,2024-10-22,C5331,P1272,S208,East,Store,4,21727,117,Cash,Completed
O109915,2025-05-08,C6374,P1104,S204,North,Store,4,18741,0,UPI,Completed
O109916,2025-12-08,C6130,P1130,S241,South,Online,1,9394,0,Debit Card,Completed
O109917,2024-03-24,C6149,P1105,S217,West,Store,5,10648,0,Credit Card,Completed
O109918,2025-10-24,C5649,P1029,S236,West,Online,4,21239,0,Credit Card,Completed
O109919,2024-12-31,C5435,P1022,S242,North,Store,3,14533,0,UPI,Completed
O109920,2024-09-26,C6533,P1088,S218,North,Store,5,21299,174,UPI,Completed
O109921,2024-04-10,C5155,P1217,S232,North,Online,3,9870,498,UPI,Completed
O109922,2025-09-05,C5039,P1112,S243,South,Online,2,14915,0,Credit Card,Completed
O109923,2024-03-28,C6037,P1132,S232,North,Online,5,19210,0,Debit Card,Completed
O109924,2025-10-10,C6869,P1108,S229,South,Store,3,14233,0,Debit Card,Cancelled
O109925,2025-08-13,C6676,P1065,S235,North,Online,4,3007,0,Cash,Completed
O109926,2024-07-04,C5592,P1178,S215,East,Store,4,8635,482,Cash,Completed
O109927,2025-04-14,C5848,P1191,S216,East,Store,3,13093,342,Debit Card,Completed
O109928,2024-03-28,C6095,P1099,S222,East,Online,1,17578,0,Credit Card,Completed
O109929,2025-04-18,C6552,P1174,S239,West,Store,3,21347,0,Credit Card,Completed
O109930,2025-06-26,C5849,P1013,S238,East,Online,3,18762,0,UPI,Completed
O109931,2024-02-20,C5212,P1205,S237,North,Online,3,3522,165,Cash,Completed
O109932,2025-02-09,C6336,P1076,S229,South,Online,2,16951,0,Credit Card,Cancelled
O109933,2024-04-04,C6739,P1154,S230,East,Online,4,16309,0,UPI,Cancelled
O109934,2025-07-20,C5470,P1071,S236,West,Online,5,5086,0,Cash,Cancelled
O109935,2025-04-02,C5294,P1007,S238,East,Store,4,15969,52,Debit Card,Completed
O109936,2024-12-08,C5181,P1258,S234,East,Store,3,21780,0,UPI,Completed
O109937,2024-07-25,C6871,P1078,S204,North,Store,3,23389,0,Cash,Cancelled
O109938,2025-10-23,C5307,P1019,S230,East,Store,3,11005,0,Debit Card,Completed
O109939,2025-05-23,C5566,P1167,S210,North,Online,5,14354,0,Debit Card,Completed
O109940,2024-09-28,C6016,P1173,S219,North,Online,5,7396,0,Debit Card,Cancelled
O109941,2024-04-12,C5434,P1089,S219,North,Online,2,18424,393,Credit Card,Completed
O109942,2024-08-07,C5814,P1027,S232,North,Online,1,5053,0,Cash,Cancelled
O109943,2024-06-13,C6570,P1244,S223,West,Store,4,5773,421,Cash,Completed
O109944,2025-08-09,C5059,P1294,S213,North,Store,4,16364,0,Debit Card,Cancelled
O109945,2024-09-12,C6063,P1159,S244,East,Online,4,18152,0,Cash,Completed
O109946,2025-10-11,C6469,P1089,S244,East,Online,3,18424,131,Credit Card,Completed
O109947,2025-03-03,C5282,P1013,S214,West,Online,1,18762,0,UPI,Cancelled
O109948,2025-10-29,C6680,P1299,S231,North,Store,5,17937,0,UPI,Completed
O109949,2024-04-28,C6889,P1181,S243,South,Online,3,4623,0,Credit Card,Cancelled
O109950,2025-08-07,C5447,P1230,S244,East,Store,5,12075,0,UPI,Completed
O109951,2024-11-04,C5073,P1036,S211,West,Online,1,11836,0,Cash,Completed
O109952,2024-02-02,C5065,P1197,S243,South,Store,5,16495,316,Debit Card,Cancelled
O109953,2024-06-21,C6902,P1129,S200,West,Online,1,5589,0,UPI,Completed
O109954,2025-10-28,C5064,P1273,S204,North,Store,4,17610,85,Cash,Completed
O109955,2024-08-31,C6913,P1273,S236,West,Online,1,17610,0,UPI,Completed
O109956,2025-07-05,C5400,P1086,S229,South,Store,1,9673,0,UPI,Completed
O109957,2024-02-22,C6241,P1147,S241,South,Online,4,10106,0,Cash,Completed
O109958,2024-10-25,C6941,P1117,S214,West,Store,4,10710,0,UPI,Completed
O109959,2025-08-15,C5924,P1198,S236,West,Store,5,834,0,UPI,Cancelled
O109960,2025-10-05,C6789,P1090,S234,East,Online,3,6496,263,UPI,Completed
O109961,2024-07-29,C6911,P1003,S216,East,Store,3,1494,353,UPI,Completed
O109962,2025-08-21,C6330,P1142,S205,South,Online,1,11011,110,Credit Card,Completed
O109963,2025-11-13,C6653,P1004,S218,North,Online,2,6831,0,Debit Card,Completed
O109964,2024-08-21,C5181,P1240,S235,North,Store,5,9126,0,UPI,Completed
O109965,2025-07-21,C5494,P1192,S224,East,Online,4,20500,0,UPI,Completed
O109966,2024-08-01,C6055,P1058,S224,East,Store,4,16157,0,Debit Card,Completed
O109967,2024-05-16,C5897,P1269,S242,North,Store,2,4684,309,Credit Card,Completed
O109968,2024-12-15,C6545,P1129,S230,East,Online,3,5589,0,UPI,Completed
O109969,2024-11-28,C5867,P1131,S239,West,Online,4,20406,426,Debit Card,Completed
O109970,2025-05-14,C5832,P1275,S227,North,Online,3,22022,0,Debit Card,Completed
O109971,2024-11-20,C5738,P1152,S238,East,Online,2,11737,107,Credit Card,Completed
O109972,2024-05-30,C6408,P1010,S210,North,Online,5,8826,0,Cash,Completed
O109973,2025-03-22,C5760,P1081,S201,South,Online,4,11888,0,UPI,Completed
O109974,2024-07-29,C5190,P1299,S246,North,Store,1,17937,0,Credit Card,Cancelled
O109975,2025-07-20,C5028,P1177,S212,West,Online,3,4568,0,Debit Card,Completed
O109976,2025-11-24,C5717,P1290,S211,West,Online,5,5987,191,UPI,Completed
O109977,2024-12-03,C6181,P1102,S247,North,Online,2,11805,179,Debit Card,Completed
O109978,2025-04-02,C6074,P1234,S200,West,Online,2,5302,0,Debit Card,Completed
O109979,2025-10-09,C6514,P1142,S238,East,Online,3,11011,0,UPI,Cancelled
O109980,2024-03-10,C6061,P1159,S201,South,Store,3,18152,0,Credit Card,Completed
O109981,2025-04-25,C5862,P1059,S247,North,Online,1,10909,0,Cash,Cancelled
O109982,2025-01-13,C5808,P1237,S230,East,Online,4,21100,0,Credit Card,Cancelled
O109983,2025-02-11,C5477,P1039,S241,South,Online,4,3162,0,Credit Card,Completed
O109984,2025-09-20,C5614,P1192,S201,South,Online,2,20500,0,Debit Card,Completed
O109985,2025-04-11,C5750,P1025,S231,North,Online,1,8362,98,UPI,Cancelled
O109986,2025-03-15,C6369,P1250,S238,East,Online,5,4746,176,Credit Card,Cancelled
O109987,2024-07-04,C5552,P1161,S241,South,Online,4,23914,83,Credit Card,Completed
O109988,2024-06-10,C5779,P1248,S210,North,Store,3,13480,0,UPI,Completed
O109989,2024-02-16,C6412,P1034,S245,East,Online,4,9778,0,Debit Card,Completed
O109990,2024-07-30,C6572,P1164,S235,North,Online,3,5775,93,Debit Card,Completed
O109991,2024-02-03,C6505,P1217,S214,West,Store,3,9870,71,UPI,Completed
O109992,2025-07-09,C5055,P1109,S234,East,Online,4,5046,212,Debit Card,Completed
O109993,2024-06-24,C6991,P1232,S235,North,Online,2,4324,0,Credit Card,Cancelled
O109994,2025-12-06,C5381,P1244,S243,South,Store,2,5773,363,Credit Card,Cancelled
O109995,2025-12-24,C6336,P1212,S203,East,Online,1,21743,0,UPI,Completed
O109996,2024-10-27,C5192,P1207,S239,West,Online,3,17879,82,Cash,Completed
O109997,2024-03-02,C6238,P1066,S204,North,Online,3,17713,0,Credit Card,Completed
O109998,2024-12-06,C6562,P1074,S233,North,Store,2,5321,417,Credit Card,Completed
O109999,2024-11-03,C6590,P1128,S207,North,Store,1,10078,104,Cash,Cancelled
