transaction_id,transaction_date,store_id,product_id,quantity,unit_price,discount,currency,last_updated_ts,total_amount
T000000,2024-04-25,S042,P0065,-1,1937.81,215.04,INR,2024-05-03 17:03:32.371525764,-2152.85
T000001,2024-03-02,S034,P0018,2,1023.84,219.47,INR,2024-01-19 03:28:51.836675644,1828.21
T000002,2024-07-22,S009,P0039,-2,1664.41,170.68,INR,2024-08-10 04:44:31.759688616,-3499.5
T000003,2024-12-07,S002,P0044,0,1562.2,263.39,INR,2024-08-19 16:13:54.862202406,-263.39
T000004,2024-09-11,S030,P0097,7,1359.23,47.48,INR,2024-06-24 01:01:50.344134808,9467.130000000001
T000005,2024-07-27,S022,P0100,2,1803.94,17.26,INR,2024-05-24 20:29:23.979604006,3590.62
T000006,2024-02-05,S046,P0018,4,578.04,91.22,INR,2024-11-21 19:44:30.844214916,2220.94
T000007,2024-08-12,S011,P0047,5,1659.47,26.48,INR,2024-12-08 12:42:35.011418343,8270.87
T000008,2024-12-27,S043,P0031,4,817.8,18.09,INR,2024-09-02 16:53:43.671999693,3253.1099999999997
T000009,2024-02-21,S017,P0099,4,1643.73,125.73,INR,2024-07-01 22:43:50.796877384,6449.1900000000005
T000010,2024-07-08,S036,P0039,8,1038.2,60.15,INR,2024-01-25 15:43:04.333431482,8245.45
T000011,2024-11-16,S013,P0038,-1,1729.65,,INR,2024-04-19 21:05:39.209058762,
T000012,2024-09-27,S007,P0079,3,1800.2,173.94,INR,2024-04-14 01:24:13.259514809,5226.660000000001
T000013,2024-09-11,S016,P0047,2,1235.52,108.18,INR,2024-01-22 06:12:15.360865593,2362.86
T000014,2024-09-13,S033,P0070,8,1064.49,85.96,INR,2024-11-03 19:51:38.616468906,8429.960000000001
T000015,2024-05-11,S045,P0008,6,1588.23,168.94,INR,2024-11-12 11:20:13.314188242,9360.44
T000016,2024-04-17,S001,P0086,9,607.27,130.2,INR,2024-11-29 00:22:08.180421352,5335.2300000000005
T000017,2024-10-22,S011,P0065,7,129.16,,INR,2024-09-27 18:14:58.417773962,
T000018,2024-10-22,S006,P0013,8,873.48,199.56,INR,2024-09-16 08:06:08.558992386,6788.28
T000019,2024-11-12,S020,P0055,1,1064.77,149.93,INR,2024-06-23 09:45:36.803030014,914.8399999999999
T000020,2024-11-29,S035,P0088,9,664.8,83.07,INR,2024-11-08 22:48:21.361476183,5900.13
T000021,2024-07-05,S044,P0085,4,828.39,87.12,INR,2024-07-05 04:46:43.666192770,3226.44
T000022,2024-07-02,S037,P0043,8,352.81,135.84,INR,2024-01-11 19:39:22.005119085,2686.64
T000023,2024-10-18,S041,P0004,5,626.85,248.28,INR,2024-08-01 11:48:53.453135252,2885.97
T000024,2024-08-25,S026,P0071,3,556.18,126.92,INR,2024-05-22 12:24:30.594300032,1541.62
T000025,2024-09-13,S012,P0060,0,671.88,251.87,INR,2024-07-09 06:34:12.111640930,-251.87
T000026,2024-10-17,S030,P0012,8,668.2,127.46,INR,2024-06-09 20:35:07.449156523,5218.14
T000027,2024-11-20,S028,P0059,2,1162.04,248.97,INR,2024-06-30 07:57:07.849494696,2075.11
T000028,2024-05-03,S027,P0077,-2,576.13,279.46,INR,2024-02-09 15:05:49.512932539,-1431.72
T000029,2024-05-17,S042,P0054,5,1887.83,6.17,INR,2024-01-06 07:18:39.052075863,9432.98
T000030,2024-02-04,S019,P0044,9,1071.42,18.68,INR,2024-05-04 04:02:29.930444956,9624.1
T000031,2024-07-30,S005,P0016,9,345.04,40.21,INR,2024-04-02 21:45:37.958498001,3065.15
T000032,2024-01-14,S005,P0006,9,631.25,36.64,INR,2024-04-01 06:30:20.095172167,5644.61
T000033,2024-06-18,S041,P0014,8,1486.54,136.34,INR,2024-12-08 00:57:14.987876892,11755.98
T000034,2024-07-17,S027,P0058,-1,125.95,229.21,INR,2024-10-25 22:18:32.171793938,-355.16
T000035,2024-04-14,S028,P0031,7,1881.85,288.4,INR,2024-01-05 21:07:43.505306959,12884.55
T000036,2024-08-03,S026,P0100,4,945.84,125.33,INR,2024-01-04 04:22:49.019422293,3658.03
T000037,2024-01-12,S027,P9999,6,1090.05,206.54,INR,2024-10-10 13:38:36.032316684,6333.759999999999
T000038,2024-01-14,S049,P0041,-2,1977.98,190.65,INR,2024-12-25 11:22:43.273935556,-4146.61
T000039,2024-10-27,S042,P0035,1,1056.47,117.96,INR,2024-06-18 19:12:27.754672050,938.51
T000040,2024-05-11,S021,P0010,4,1900.71,216.34,INR,2024-06-07 02:13:00.263228654,7386.5
T000041,2024-02-16,S001,P0081,6,1838.94,177.59,INR,2024-04-10 16:13:22.225048065,10856.05
T000042,2024-07-09,S028,P0030,-1,1888.5,227.98,INR,2024-08-31 07:42:41.651407480,-2116.48
T000043,2024-10-08,S048,P0044,-1,1643.51,58.09,INR,2024-06-21 03:38:55.833907127,-1701.6
T000044,2024-03-19,S015,P0055,3,663.16,108.08,INR,2024-03-02 03:27:49.996041775,1881.4
T000045,2024-08-15,S017,P0071,0,758.13,201.37,INR,2024-06-24 16:50:31.047004223,-201.37
T000046,2024-02-01,S026,P0018,1,793.47,37.44,INR,2024-05-17 09:00:36.226670504,756.03
T000047,2024-01-19,S020,P0083,0,1960.44,231.12,INR,2024-11-20 18:41:59.276679754,-231.12
T000048,2024-07-12,S025,P0079,-2,785.44,40.03,INR,2024-10-08 15:05:55.336524487,-1610.91
T000049,2024-07-16,S013,P0086,3,306.51,,INR,2024-09-12 22:55:39.343601227,
T000050,2024-08-20,S033,P0039,8,1578.82,71.26,INR,2024-04-29 09:55:24.797314167,12559.3
T000051,2024-09-22,S025,P0042,8,795.52,18.3,INR,2024-02-20 23:01:50.685564280,6345.86
T000052,2024-12-22,S008,P0054,-1,1279.78,81.2,INR,2024-11-11 14:35:16.444503307,-1360.98
T000053,2024-07-07,S005,P0030,-1,1856.28,273.45,INR,2024-05-05 02:28:01.579384089,-2129.73
T000054,2024-04-27,S006,P0020,4,1193.46,8.08,INR,2024-08-04 10:17:59.092644453,4765.76
T000055,2024-10-17,S023,P0096,2,1311.63,5.05,INR,2024-08-03 15:37:55.109846354,2618.21
T000056,2024-04-08,S030,P0042,5,1321.44,211.28,INR,2024-12-04 17:44:41.982610941,6395.920000000001
T000057,2024-06-09,S014,P0089,-1,1263.56,,INR,2024-03-03 16:17:56.509603739,
T000058,2024-01-29,S023,P0087,7,403.56,68.92,INR,2024-10-08 15:36:51.314288855,2756.0
T000059,2024-01-10,S011,P0005,5,967.19,152.66,INR,2024-06-17 20:17:36.453363657,4683.290000000001
T000060,2024-12-17,S031,P0050,4,114.56,80.0,INR,2024-03-04 18:49:39.437423229,378.24
T000061,2024-11-01,S006,P0041,7,1289.9,117.61,INR,2024-11-01 00:11:39.119718552,8911.69
T000062,2024-09-11,S011,P0094,5,1193.18,214.6,INR,2024-10-26 08:25:06.844870329,5751.3
T000063,2024-05-29,S013,P0039,8,704.46,35.07,INR,2024-01-15 15:59:52.476912975,5600.610000000001
T000064,2024-03-04,S012,P0057,0,1095.4,287.9,INR,2024-09-15 22:41:40.393730164,-287.9
T000065,2024-02-27,S002,P0091,5,1036.81,,INR,2024-02-26 00:50:03.130245924,
T000066,2024-04-01,S035,P0057,3,576.74,241.96,INR,2024-08-10 18:45:23.990973473,1488.26
T000067,2024-07-19,S036,P0037,-1,657.25,217.38,INR,2024-08-22 23:42:39.784173489,-874.63
T000068,2024-09-17,S017,P0007,3,1548.83,84.63,INR,2024-08-30 19:32:32.142482758,4561.86
T000069,2024-08-28,S028,P0005,2,1535.89,35.5,INR,2024-02-13 20:02:54.654111385,3036.28
T000070,2024-04-12,S028,P0079,0,992.59,,INR,2024-08-06 09:14:50.503151178,
T000071,2024-12-14,S022,P0051,-2,1463.27,203.88,INR,2024-02-06 10:48:06.236659765,-3130.42
T000072,2024-09-26,S038,P0008,4,956.52,87.26,INR,2024-09-29 03:03:16.846321583,3738.8199999999997
T000073,2024-07-21,S007,P0056,-1,1717.61,,INR,2024-01-24 06:24:10.733533621,
T000074,2024-08-11,S015,P0073,-2,732.33,281.55,INR,2024-10-03 14:25:28.781910419,-1746.21
T000075,2024-06-02,S032,P0011,-2,1861.86,121.28,INR,2024-11-18 11:23:36.455252171,-3845.0
T000076,2024-03-31,S011,P0022,4,1130.34,52.88,INR,2024-04-18 23:13:29.236205339,4468.48
T000077,2024-05-09,S024,P0098,9,1117.81,273.55,INR,2024-10-11 01:50:16.032670736,9786.74
T000078,2024-10-03,S003,P0099,-2,1374.54,107.71,INR,2024-06-01 09:29:08.856881380,-2856.79
T000079,2024-01-06,S030,P0077,6,747.63,138.98,INR,2024-10-18 03:58:16.304022312,4346.8
T000080,2024-02-12,S006,P0011,3,1476.23,,INR,2024-09-07 11:34:14.729712009,
T000081,2024-01-17,S002,P0060,1,708.81,245.83,INR,2024-04-15 12:52:15.196060181,462.9799999999999
T000082,2024-01-15,S014,P0096,9,855.32,30.05,INR,2024-03-11 17:06:24.665908098,7667.83
T000083,2024-11-08,S041,P0015,1,1381.94,269.6,INR,2024-11-29 21:08:28.005043507,1112.3400000000001
T000084,2024-09-13,S018,P0038,9,819.05,279.76,INR,2024-11-02 05:27:27.125011444,7091.69
T000085,2024-06-22,S999,P0001,2,479.95,77.78,INR,2024-08-28 20:44:30.050877810,882.12
T000086,2024-02-05,S044,P0046,-1,1756.61,149.22,INR,2024-05-07 12:29:43.351430655,-1905.83
T000087,2024-06-28,S031,P0088,2,1852.1,257.36,INR,2024-07-05 07:37:27.117819548,3446.8399999999997
T000088,2024-06-21,S013,P0043,-1,1290.79,146.2,INR,2024-07-22 14:53:23.231758833,-1436.99
T000089,2024-03-04,S026,P0022,9,1641.19,144.59,INR,2024-02-01 09:58:21.978901148,14626.12
T000090,2024-06-07,S044,P0003,1,1974.64,185.56,INR,2024-12-20 20:46:07.190479040,1789.0800000000002
T000091,2024-05-25,S012,P0014,7,1268.07,230.23,INR,2024-02-03 12:20:10.576493740,8646.26
T000092,2024-08-12,S018,P0002,8,1826.71,199.69,INR,2024-09-20 09:56:55.876461267,14413.99
T000093,2024-08-19,S009,P0061,2,782.58,,INR,2024-06-28 20:56:33.021523476,
T000094,2024-01-17,S049,P0032,3,1430.9,111.5,INR,2024-10-04 08:32:15.638724089,4181.200000000001
T000095,2024-05-16,S021,P0038,3,206.03,189.02,INR,2024-04-05 05:44:58.445732117,429.07000000000005
T000096,2024-08-16,S048,P0097,6,1599.05,30.98,INR,2024-05-24 05:10:00.176155329,9563.32
T000097,2024-07-02,S049,P0046,1,1676.63,,INR,2024-07-10 19:23:33.863287687,
T000098,2024-11-08,S040,P0042,2,862.23,56.51,INR,2024-02-14 01:37:52.303553343,1667.95
T000099,2024-08-28,S043,P0006,3,1314.01,161.27,INR,2024-11-06 22:05:43.295649052,3780.7599999999998
T000100,2024-02-29,S024,P0041,1,1730.89,78.61,INR,2024-12-27 21:52:07.317518711,1652.2800000000002
T000101,2024-01-26,S034,P0025,3,1778.86,151.78,INR,2024-06-01 10:04:01.569426537,5184.8
T000102,2024-08-22,S008,P0098,-1,302.41,233.2,INR,2024-05-17 12:54:42.763498783,-535.61
T000103,2024-01-10,S044,P0011,9,1672.23,130.2,INR,2024-08-04 20:08:46.441794634,14919.869999999999
T000104,2024-08-01,S033,P9999,4,621.06,65.62,INR,2024-09-08 08:44:15.511268139,2418.62
T000105,2024-12-09,S023,P0041,0,1481.88,,INR,2024-11-13 00:43:45.741576672,
T000106,2024-07-29,S013,P0071,7,717.81,271.88,INR,2024-05-16 02:31:30.681474209,4752.79
T000107,2024-05-21,S049,P0057,1,207.03,234.27,INR,2024-10-06 03:53:12.914394855,-27.24000000000001
T000108,2024-08-22,S014,P0046,6,498.75,,INR,2024-03-28 15:06:25.090233326,
T000109,2024-06-16,S014,P0086,9,876.48,282.82,INR,2024-09-05 08:43:27.686573505,7605.5
T000110,2024-07-18,S016,P0048,2,1508.33,33.77,INR,2024-06-19 08:41:17.267977476,2982.89
T000111,2024-12-09,S049,P0063,6,291.34,195.88,INR,2024-08-29 12:19:17.968218803,1552.1599999999999
T000112,2024-05-20,S038,P0039,7,1644.57,165.45,INR,2024-05-18 15:06:53.599017620,11346.539999999999
T000113,2024-12-16,S039,P0010,7,1994.21,14.0,INR,2024-04-17 10:24:45.121486902,13945.470000000001
T000114,2024-11-26,S026,P0085,7,1597.69,88.55,INR,2024-06-26 09:16:25.313526392,11095.28
T000115,2024-03-12,S026,P0070,9,1000.1,232.76,INR,2024-11-22 17:05:59.211509943,8768.14
T000116,2024-01-26,S001,P0065,7,1179.5,92.06,INR,2024-09-03 07:42:14.094415426,8164.44
T000117,2024-02-06,S032,P0098,3,111.7,144.1,INR,2024-08-11 06:07:04.291122198,191.00000000000003
T000118,2024-01-07,S015,P0059,5,497.62,,INR,2024-09-19 18:01:09.712662935,
T000119,2024-02-04,S021,P0078,2,1808.08,21.47,INR,2024-09-23 03:01:05.862164497,3594.69
T000120,2024-09-06,S018,P0036,2,141.29,249.78,INR,2024-04-17 13:57:28.954402208,32.79999999999998
T000121,2024-01-26,S030,P0027,0,1819.11,12.47,INR,2024-03-25 22:46:53.872779608,-12.47
T000122,2024-04-26,S013,P0073,4,315.18,78.72,INR,2024-07-04 19:59:42.551181316,1182.0
T000123,2024-11-04,S024,P0055,-1,352.84,228.92,INR,2024-02-23 23:02:57.061581612,-581.76
T000124,2024-01-09,S030,P0070,8,433.16,273.56,INR,2024-06-22 06:43:40.841344833,3191.7200000000003
T000125,2024-10-24,S002,P0095,9,1618.83,228.1,INR,2024-09-09 23:04:35.486326456,14341.369999999999
T000126,2024-04-12,S019,P0081,0,1008.55,68.1,INR,2024-01-03 16:54:46.943819046,-68.1
T000127,2024-02-13,S047,P0053,-1,375.87,295.72,INR,2024-02-10 13:39:06.136803150,-671.59
T000128,2024-09-11,S044,P0060,5,1404.92,124.0,INR,2024-12-17 04:27:59.684408188,6900.6
T000129,2024-08-17,S047,P0061,1,1887.31,112.94,INR,2024-12-04 16:46:17.927797318,1774.37
T000130,2024-11-16,S025,P0036,7,1187.66,259.57,INR,2024-06-01 12:56:54.975742817,8054.050000000001
T000131,2024-09-25,S050,P0085,5,287.53,19.86,INR,2024-08-03 08:41:14.887397289,1417.79
T000132,2024-10-20,S014,P0027,5,204.03,166.82,INR,2024-02-26 16:21:42.275686502,853.3299999999999
T000133,2024-04-12,S006,P0041,5,1612.16,289.69,INR,2024-04-30 19:39:54.077866316,7771.110000000001
T000134,2024-03-05,S012,P0028,5,1289.56,30.04,INR,2024-10-16 10:05:09.182393074,6417.759999999999
T000135,2024-09-30,S020,P0016,5,1853.05,162.25,INR,2024-11-08 10:16:01.894619226,9103.0
T000136,2024-10-21,S023,P0035,9,1139.78,39.74,INR,2024-05-27 22:21:33.775796652,10218.28
T000137,2024-12-27,S030,P0036,6,218.55,266.99,INR,2024-04-23 12:49:17.662640572,1044.3100000000002
T000138,2024-05-30,S030,P0056,-1,867.01,176.32,INR,2024-09-05 19:32:00.345328093,-1043.33
T000139,2024-05-15,S038,P0099,6,1350.18,70.38,INR,2024-09-19 00:49:53.952840567,8030.7
T000140,2024-10-10,S030,P0019,5,831.28,92.11,INR,2024-12-25 02:08:58.439996958,4064.2899999999995
T000141,2024-05-04,S041,P0057,8,1999.22,154.99,INR,2024-09-11 12:36:01.290543795,15838.77
T000142,2024-12-05,S030,P0085,7,870.22,217.6,INR,2024-03-28 15:50:43.359141111,5873.94
T000143,2024-11-09,S036,P0033,-2,1137.85,146.25,INR,2024-01-22 21:27:53.793708086,-2421.95
T000144,2024-06-05,S049,P0023,2,528.24,56.78,INR,2024-04-04 00:37:17.730275631,999.7
T000145,2024-10-01,S034,P0063,8,389.06,212.44,INR,2024-03-23 17:28:37.153513908,2900.04
T000146,2024-10-02,S016,P0070,-1,1326.08,35.51,INR,2024-02-03 21:13:41.904049158,-1361.59
T000147,2024-02-07,S024,P0096,7,1218.36,242.82,INR,2024-06-11 04:50:06.732327461,8285.699999999999
T000148,2024-11-25,S014,P0022,2,108.24,118.68,INR,2024-04-15 04:05:55.394735098,97.79999999999998
T000149,2024-07-03,S026,P0067,5,641.08,195.81,INR,2024-12-03 15:47:36.138901472,3009.59
T000150,2024-10-28,S008,P0099,6,1322.8,103.41,INR,2024-05-27 10:14:57.835184574,7833.389999999999
T000151,2024-04-26,S014,P0080,6,1643.27,200.72,INR,2024-11-15 23:09:41.445714951,9658.9
T000152,2024-11-22,S031,P0059,-2,693.5,266.76,INR,2024-04-21 22:58:22.255956173,-1653.76
T000153,2024-05-22,S002,P0025,4,1330.13,210.42,INR,2024-10-30 11:51:27.312057734,5110.1
T000154,2024-01-04,S048,P0017,9,603.99,201.42,INR,2024-06-14 21:32:50.961198330,5234.49
T000155,2024-11-26,S004,P0039,8,1411.72,227.22,INR,2024-01-12 19:27:28.157154083,11066.54
T000156,2024-02-03,S001,P0077,5,1426.1,150.06,INR,2024-06-26 17:42:43.372883558,6980.44
T000157,2024-04-26,S020,P0092,7,347.42,66.09,INR,2024-03-23 18:29:21.585790396,2365.85
T000158,2024-12-12,S014,P0075,0,1363.67,244.66,INR,2024-04-22 05:11:36.187273502,-244.66
T000159,2024-12-12,S040,P0074,3,733.78,194.54,INR,2024-09-06 18:58:15.040837049,2006.8000000000002
T000160,2024-07-28,S025,P0039,8,427.93,,INR,2024-07-12 06:27:38.848307610,
T000161,2024-08-18,S025,P0024,0,1050.69,,INR,2024-11-20 08:14:43.783078194,
T000162,2024-06-12,S003,P0038,6,959.36,149.98,INR,2024-12-07 14:57:46.063028336,5606.18
T000163,2024-04-17,S005,P0088,0,1570.36,,INR,2024-09-09 04:47:11.938526869,
T000164,2024-04-29,S038,P0097,-1,260.58,263.47,INR,2024-11-11 04:34:12.796185732,-524.05
T000165,2024-09-02,S026,P0081,6,1600.53,236.57,INR,2024-03-12 04:51:06.026894569,9366.61
T000166,2024-10-01,S040,P0057,8,301.56,92.49,INR,2024-01-29 22:26:39.937244415,2319.9900000000002
T000167,2024-10-15,S038,P0044,5,494.17,14.82,INR,2024-05-01 12:48:33.802217722,2456.0299999999997
T000168,2024-10-15,S038,P0036,5,1080.18,15.56,INR,2024-04-28 21:16:29.114147663,5385.34
T000169,2024-02-03,S004,P0099,-1,980.03,89.14,INR,2024-08-30 18:12:37.645775080,-1069.17
T000170,2024-06-29,S007,P0070,3,1978.83,,INR,2024-11-02 17:33:05.409546137,
T000171,2024-01-22,S030,P0080,2,1220.0,262.0,INR,2024-04-18 08:41:21.573788166,2178.0
T000172,2024-07-19,S030,P0045,9,722.13,126.23,INR,2024-06-04 01:00:41.348702669,6372.9400000000005
T000173,2024-06-10,S019,P0092,-1,1810.28,104.41,INR,2024-02-08 07:24:32.251142979,-1914.69
T000174,2024-11-20,S039,P0096,2,693.21,65.37,INR,2024-05-30 15:36:38.283318996,1321.0500000000002
T000175,2024-05-08,S035,P0026,1,620.17,252.36,INR,2024-03-19 06:13:12.929795980,367.80999999999995
T000176,2024-02-12,S040,P0011,6,1039.31,237.74,INR,2024-05-19 14:18:32.920033932,5998.12
T000177,2024-02-22,S033,P0052,9,1835.03,115.3,INR,2024-04-07 05:12:07.186614513,16399.97
T000178,2024-10-04,S033,P0025,-2,1446.18,50.81,INR,2024-10-22 04:28:14.608937263,-2943.17
T000179,2024-08-13,S014,P0031,3,1387.22,285.6,INR,2024-01-02 11:35:20.919032335,3876.06
T000180,2024-02-06,S038,P0085,4,1479.55,94.76,INR,2024-05-03 15:05:03.742492437,5823.44
T000181,2024-01-31,S010,P0045,9,1353.32,231.33,INR,2024-12-19 18:30:15.158447981,11948.55
T000182,2024-09-12,S028,P0067,3,1543.61,138.91,INR,2024-09-04 19:58:33.688123941,4491.92
T000183,2024-01-27,S014,P0076,2,466.25,234.49,INR,2024-10-08 20:11:05.804886341,698.01
T000184,2024-10-26,S036,P0040,9,436.79,144.48,INR,2024-11-09 20:29:38.994877338,3786.63
T000185,2024-09-14,S038,P0046,1,788.11,277.67,INR,2024-05-12 01:45:15.224729300,510.44
T000186,2024-01-30,S016,P0054,2,1716.82,240.13,INR,2024-01-25 01:40:29.544243097,3193.5099999999998
T000187,2024-01-31,S021,P0041,6,1457.46,78.09,INR,2024-05-29 21:38:38.462011337,8666.67
T000188,2024-12-26,S028,P0089,2,1176.3,129.11,INR,2024-08-26 05:42:30.351268291,2223.49
T000189,2024-05-16,S033,P0081,7,136.95,,INR,2024-05-15 08:08:03.272501707,
T000190,2024-05-15,S006,P0038,5,548.02,271.04,INR,2024-06-12 15:13:03.354343414,2469.06
T000191,2024-10-23,S041,P0100,4,1626.68,20.79,INR,2024-10-28 07:24:53.635991573,6485.93
T000192,2024-12-11,S015,P0036,1,560.72,5.47,INR,2024-01-14 05:26:13.965478897,555.25
T000193,2024-12-25,S044,P0083,7,1487.55,148.93,INR,2024-05-02 04:09:22.274615049,10263.92
T000194,2024-10-01,S003,P0044,2,450.81,180.94,INR,2024-06-27 06:29:53.247245073,720.6800000000001
T000195,2024-05-17,S043,P0057,4,1252.1,,INR,2024-04-19 04:52:42.331562519,
T000196,2024-01-31,S047,P0066,3,1293.6,171.16,INR,2024-06-11 17:27:54.367987633,3709.64
T000197,2024-10-10,S035,P0081,0,1528.74,268.67,INR,2024-05-26 15:27:20.233428717,-268.67
T000198,2024-07-22,S014,P0030,7,932.85,187.83,INR,2024-12-03 05:26:32.428534269,6342.12
T000199,2024-06-03,S002,P0010,0,1302.08,136.72,INR,2024-06-28 23:45:12.625577211,-136.72
T000200,2024-11-26,S029,P0099,-1,1025.24,43.33,INR,2024-06-22 20:34:49.268036366,-1068.57
T000201,2024-02-10,S004,P0061,0,1899.94,50.68,INR,2024-04-02 21:18:56.590220690,-50.68
T000202,2024-06-28,S026,P0063,8,1091.57,145.31,INR,2024-01-17 21:47:16.609571457,8587.25
T000203,2024-01-05,S999,P0036,7,498.24,,INR,2024-04-19 07:25:41.502752304,
T000204,2024-06-20,S012,P0054,-2,1369.0,,INR,2024-01-10 22:20:37.164839029,
T000205,2024-01-21,S002,P0097,6,1142.09,152.37,INR,2024-10-28 18:32:32.743053913,6700.169999999999
T000206,2024-02-13,S017,P0065,-1,1627.28,102.38,INR,2024-03-15 13:33:35.774479389,-1729.6599999999999
T000207,2024-02-12,S035,P0082,9,436.13,,INR,2024-11-28 14:03:19.128878355,
T000208,2024-08-24,S010,P0004,0,595.79,63.66,INR,2024-11-19 07:55:25.553322077,-63.66
T000209,2024-09-29,S048,P0055,2,1851.1,255.7,INR,2024-08-30 14:44:09.152925253,3446.5
T000210,2024-07-31,S022,P0054,7,1867.05,,INR,2024-11-10 19:52:57.535138130,
T000211,2024-12-17,S041,P0091,9,940.29,124.77,INR,2024-11-16 10:32:08.548166990,8337.84
T000212,2024-05-16,S043,P0089,1,190.73,63.22,INR,2024-10-10 08:47:39.542224407,127.50999999999999
T000213,2024-04-14,S021,P0064,2,682.45,185.54,INR,2024-07-04 09:26:55.286728621,1179.3600000000001
T000214,2024-11-13,S015,P0092,3,569.53,143.29,INR,2024-12-12 18:24:25.661606789,1565.3
T000215,2024-03-22,S035,P0022,2,887.89,112.29,INR,2024-10-25 11:24:42.093819618,1663.49
T000216,2024-12-17,S048,P0025,7,703.82,142.54,INR,2024-02-16 08:23:19.239261389,4784.200000000001
T000217,2024-01-05,S021,P0081,-2,1675.09,126.37,INR,2024-06-02 06:23:47.873240232,-3476.5499999999997
T000218,2024-12-20,S021,P0059,3,105.77,256.55,INR,2024-07-15 23:41:41.270639658,60.75999999999999
T000219,2024-01-16,S021,P0057,6,1324.8,37.28,INR,2024-07-12 05:40:15.879405737,7911.5199999999995
T000220,2024-11-21,S044,P0054,0,1362.11,,INR,2024-05-18 12:43:29.235939026,
T000221,2024-07-11,S032,P0044,-1,1355.19,196.6,INR,2024-07-13 01:10:06.972948313,-1551.79
T000222,2024-12-28,S005,P0052,3,1089.13,104.5,INR,2024-02-03 22:36:37.093646526,3162.8900000000003
T000223,2024-01-27,S039,P0076,9,1261.1,275.73,INR,2024-08-27 03:50:10.108090878,11074.17
T000224,2024-07-21,S009,P0016,0,1639.94,53.08,INR,2024-06-30 16:13:17.843982220,-53.08
T000225,2024-12-19,S018,P9999,1,1589.97,93.09,INR,2024-10-14 11:50:24.272615433,1496.88
T000226,2024-07-09,S021,P0016,3,165.79,112.45,INR,2024-09-10 02:04:34.331844330,384.92
T000227,2024-08-17,S008,P0081,9,157.83,194.34,INR,2024-02-11 03:51:48.216243744,1226.13
T000228,2024-09-10,S044,P0055,9,1694.0,283.92,INR,2024-05-08 00:12:56.263802767,14962.08
T000229,2024-06-14,S034,P0061,3,1191.99,,INR,2024-09-25 17:31:16.012555838,
T000230,2024-08-17,S010,P0095,9,1919.11,256.89,INR,2024-05-02 23:07:22.971824646,17015.1
T000231,2024-08-01,S999,P0079,-1,920.02,271.49,INR,2024-07-25 22:03:10.979491234,-1191.51
T000232,2024-11-24,S041,P0077,0,435.81,139.94,INR,2024-12-16 20:43:16.415478706,-139.94
T000233,2024-01-17,S024,P0040,6,999.15,141.73,INR,2024-01-30 04:06:16.202088118,5853.17
T000234,2024-04-12,S040,P0091,-1,929.43,75.0,INR,2024-03-10 10:56:00.391131401,-1004.43
T000235,2024-12-12,S024,P0021,0,1082.64,180.48,INR,2024-06-24 10:08:18.089387178,-180.48
T000236,2024-11-20,S032,P0066,6,1635.1,36.01,INR,2024-09-26 12:40:37.299883127,9774.589999999998
T000237,2024-06-15,S033,P0008,1,1345.61,190.3,INR,2024-04-30 11:46:31.158895016,1155.31
T000238,2024-08-14,S038,P0071,-2,452.02,267.87,INR,2024-02-12 20:57:45.330247641,-1171.9099999999999
T000239,2024-04-11,S044,P0010,8,1495.51,228.24,INR,2024-04-25 06:11:46.604418755,11735.84
T000240,2024-03-09,S999,P0057,-1,1224.6,194.76,INR,2024-08-23 05:13:45.082360506,-1419.36
T000241,2024-06-18,S049,P0004,0,1198.79,,INR,2024-10-16 06:43:07.069277048,
T000242,2024-05-08,S034,P0043,6,1388.69,218.94,INR,2024-12-22 14:37:58.539611340,8113.2
T000243,2024-08-01,S011,P0100,6,1171.53,158.9,INR,2024-10-04 21:23:17.942757845,6870.280000000001
T000244,2024-01-29,S031,P0099,8,969.28,,INR,2024-06-28 16:11:09.277976990,
T000245,2024-12-21,S018,P0063,3,1316.72,32.1,INR,2024-04-16 19:19:31.473849773,3918.06
T000246,2024-12-25,S023,P0043,8,1475.08,130.32,INR,2024-12-04 13:02:36.672974586,11670.32
T000247,2024-09-11,S022,P0067,3,528.96,156.73,INR,2024-07-13 23:40:56.778515577,1430.15
T000248,2024-07-14,S043,P0082,0,1044.39,,INR,2024-09-08 09:49:55.210991859,
T000249,2024-04-22,S018,P0051,2,970.53,232.8,INR,2024-06-21 10:34:39.111519575,1708.26
T000250,2024-10-24,S040,P0056,8,175.82,48.29,INR,2024-03-29 08:51:28.325102806,1358.27
T000251,2024-09-06,S047,P0043,1,1685.43,238.47,INR,2024-07-18 15:10:50.870904684,1446.96
T000252,2024-02-29,S041,P0024,7,817.03,222.5,INR,2024-11-02 13:33:38.727438927,5496.71
T000253,2024-11-28,S047,P0096,7,238.11,270.25,INR,2024-05-19 21:53:28.782776117,1396.52
T000254,2024-10-27,S039,P0034,9,970.01,112.04,INR,2024-09-01 02:02:38.993140459,8618.05
T000255,2024-12-12,S020,P0059,6,406.81,52.96,INR,2024-01-16 11:02:23.680791378,2387.9
T000256,2024-09-21,S013,P0002,6,1438.39,227.59,INR,2024-12-07 20:04:09.038486719,8402.75
T000257,2024-08-11,S045,P0002,-2,1186.37,176.53,INR,2024-12-20 00:36:01.041427135,-2549.27
T000258,2024-06-01,S001,P0010,5,613.22,213.75,INR,2024-05-20 23:56:26.623373985,2852.3500000000004
T000259,2024-12-06,S004,P0023,6,1905.9,299.02,INR,2024-06-30 21:50:35.095527887,11136.380000000001
T000260,2024-11-12,S024,P0015,2,654.32,58.36,INR,2024-02-28 14:42:16.087736845,1250.2800000000002
T000261,2024-01-17,S036,P0076,1,1154.49,123.32,INR,2024-03-12 14:40:59.650921822,1031.17
T000262,2024-01-10,S036,P0017,7,1622.98,57.81,INR,2024-08-07 18:07:16.109295368,11303.050000000001
T000263,2024-05-17,S045,P0082,1,1076.4,258.19,INR,2024-08-16 20:33:32.774829626,818.21
T000264,2024-10-22,S002,P0014,-1,1925.63,5.09,INR,2024-05-04 16:28:36.210012674,-1930.72
T000265,2024-12-26,S028,P0081,6,1703.32,40.57,INR,2024-05-16 12:29:12.936342716,10179.35
T000266,2024-02-24,S026,P0079,2,1849.94,74.36,INR,2024-07-03 18:33:42.907455683,3625.52
T000267,2024-08-04,S023,P0076,8,808.13,231.4,INR,2024-12-09 00:34:53.428489685,6233.64
T000268,2024-05-19,S015,P0016,0,1141.88,188.54,INR,2024-02-24 14:59:31.611215115,-188.54
T000269,2024-12-20,S036,P0032,3,1696.32,116.58,INR,2024-07-20 07:23:01.056143522,4972.38
T000270,2024-11-03,S027,P0023,6,1816.65,47.61,INR,2024-01-22 05:42:38.184052944,10852.29
T000271,2024-11-01,S006,P0034,6,1894.29,96.48,INR,2024-06-16 07:08:17.151104689,11269.26
T000272,2024-06-20,S035,P0098,9,1770.39,223.03,INR,2024-05-24 23:34:44.138946772,15710.48
T000273,2024-05-31,S039,P0016,2,1488.43,114.59,INR,2024-02-29 22:22:59.759404421,2862.27
T000274,2024-04-09,S038,P0034,5,146.01,138.78,INR,2024-02-29 20:36:03.392478466,591.27
T000275,2024-01-21,S035,P0071,1,698.41,182.59,INR,2024-06-13 06:50:40.007613897,515.8199999999999
T000276,2024-11-11,S036,P0033,2,344.98,273.87,INR,2024-02-16 04:58:16.941411018,416.09000000000003
T000277,2024-10-23,S010,P0068,4,394.04,75.03,INR,2024-04-17 14:15:30.905120611,1501.13
T000278,2024-12-30,S030,P0043,4,652.72,134.4,INR,2024-01-26 23:52:21.962031603,2476.48
T000279,2024-12-29,S041,P0064,4,242.01,93.1,INR,2024-04-18 12:17:34.878967524,874.9399999999999
T000280,2024-07-21,S038,P0071,5,561.76,139.86,INR,2024-07-13 19:08:45.464728594,2668.94
T000281,2024-10-07,S029,P0018,8,1918.26,208.94,INR,2024-09-28 12:18:36.007521391,15137.14
T000282,2024-12-10,S043,P0068,2,692.69,144.62,INR,2024-10-30 02:21:50.834935188,1240.7600000000002
T000283,2024-11-06,S039,P0061,-2,403.45,250.36,INR,2024-05-03 07:30:00.946961641,-1057.26
T000284,2024-03-31,S050,P0075,8,1464.77,165.98,INR,2024-12-08 15:51:38.617913246,11552.18
T000285,2024-06-13,S004,P0020,6,1674.16,115.73,INR,2024-03-28 19:52:23.291361094,9929.230000000001
T000286,2024-02-17,S005,P0011,6,696.67,234.7,INR,2024-01-30 09:50:56.102936983,3945.3199999999997
T000287,2024-12-14,S004,P0079,4,629.14,129.4,INR,2024-12-03 15:05:04.819352865,2387.16
T000288,2024-08-09,S036,P0046,9,559.34,154.67,INR,2024-07-16 00:44:25.912527800,4879.39
T000289,2024-03-24,S045,P0064,3,847.2,298.4,INR,2024-05-08 06:04:57.695466280,2243.2000000000003
T000290,2024-09-02,S016,P0081,2,265.74,235.93,INR,2024-11-23 19:27:03.971033812,295.55
T000291,2024-08-13,S025,P0098,2,1371.35,256.54,INR,2024-10-10 03:31:58.440855503,2486.16
T000292,2024-05-10,S014,P0076,0,1662.23,177.86,INR,2024-10-30 20:12:25.042493343,-177.86
T000293,2024-02-11,S011,P0028,7,1361.0,104.46,INR,2024-04-16 16:55:43.018565416,9422.54
T000294,2024-09-02,S029,P0048,-2,900.28,297.38,INR,2024-11-14 19:43:50.191250801,-2097.94
T000295,2024-07-08,S034,P0035,3,649.03,73.21,INR,2024-08-25 04:00:25.027680635,1873.8799999999999
T000296,2024-10-08,S022,P0008,5,877.95,261.85,INR,2024-09-26 09:01:08.054669380,4127.9
T000297,2024-07-08,S014,P0091,-1,905.29,273.39,INR,2024-04-24 00:49:05.768328190,-1178.6799999999998
T000298,2024-11-07,S024,P0022,5,1365.44,245.27,INR,2024-03-30 10:20:09.294020653,6581.93
T000299,2024-07-20,S039,P0024,5,1863.31,34.23,INR,2024-05-28 23:40:12.343609810,9282.32
T000300,2024-07-23,S026,P0066,7,234.11,256.23,INR,2024-07-28 22:51:48.596868515,1382.54
T000301,2024-11-15,S043,P0095,5,1911.37,199.13,INR,2024-08-31 02:02:43.253885984,9357.72
T000302,2024-05-27,S036,P0086,7,1829.38,204.25,INR,2024-06-30 18:10:10.104927301,12601.41
T000303,2024-02-18,S039,P0064,0,323.69,235.96,INR,2024-09-12 02:03:02.355988979,-235.96
T000304,2024-01-11,S016,P0065,7,448.81,147.16,INR,2024-09-15 12:59:04.490736961,2994.51
T000305,2024-10-02,S038,P0014,5,692.03,80.15,INR,2024-08-31 02:48:46.033378601,3379.9999999999995
T000306,2024-08-14,S032,P0025,8,1163.37,172.48,INR,2024-04-01 15:32:05.924473763,9134.48
T000307,2024-09-13,S006,P0100,9,355.5,32.6,INR,2024-06-11 21:50:15.228581190,3166.9
T000308,2024-03-18,S034,P0100,9,480.64,202.44,INR,2024-10-06 11:57:15.603958607,4123.320000000001
T000309,2024-02-19,S008,P0003,1,1815.08,144.88,INR,2024-11-19 17:46:56.131905317,1670.1999999999998
T000310,2024-01-06,S030,P0005,0,307.67,150.7,INR,2024-07-01 22:15:32.701785803,-150.7
T000311,2024-05-07,S027,P0065,8,857.87,55.75,INR,2024-12-26 04:17:12.767672539,6807.21
T000312,2024-08-03,S007,P0054,6,1549.7,12.38,INR,2024-03-04 18:28:58.301496983,9285.820000000002
T000313,2024-05-23,S027,P0019,5,1788.31,,INR,2024-03-22 21:33:39.508434534,
T000314,2024-06-08,S025,P0097,7,738.48,,INR,2024-06-17 04:10:53.208344698,
T000315,2024-11-26,S046,P0054,-1,412.43,149.49,INR,2024-07-04 16:34:02.885410309,-561.9200000000001
T000316,2024-05-07,S041,P0094,5,1500.32,229.72,INR,2024-06-03 22:25:10.198826075,7271.879999999999
T000317,2024-07-06,S015,P0076,8,1567.86,169.11,INR,2024-06-06 02:16:39.454767227,12373.769999999999
T000318,2024-10-13,S025,P0010,8,1962.06,254.46,INR,2024-06-26 20:18:55.669406176,15442.02
T000319,2024-05-24,S022,P0098,0,365.13,86.44,INR,2024-04-26 20:39:27.019034624,-86.44
T000320,2024-08-15,S018,P0016,7,1447.9,72.93,INR,2024-02-17 19:03:41.967293501,10062.37
T000321,2024-11-10,S012,P0046,9,892.86,78.34,INR,2024-12-14 23:30:42.965026379,7957.4
T000322,2024-12-12,S023,P0029,3,1837.8,9.16,INR,2024-10-17 04:05:07.769926786,5504.24
T000323,2024-02-23,S999,P0015,2,874.88,270.19,INR,2024-10-24 10:33:05.073884487,1479.57
T000324,2024-12-04,S045,P0048,5,947.32,299.76,INR,2024-05-13 05:02:23.895300150,4436.84
T000325,2024-06-28,S039,P0011,6,340.91,244.96,INR,2024-05-27 10:01:35.585417747,1800.5
T000326,2024-04-04,S025,P0034,8,709.78,123.78,INR,2024-12-07 13:59:13.092728615,5554.46
T000327,2024-06-16,S010,P0036,4,861.6,,INR,2024-12-21 02:43:16.996128798,
T000328,2024-12-23,S030,P0030,3,133.27,232.4,INR,2024-12-10 01:21:31.588119984,167.41000000000005
T000329,2024-06-28,S010,P0099,3,931.39,,INR,2024-08-22 13:10:39.341512442,
T000330,2024-04-29,S034,P0073,-2,739.01,281.84,INR,2024-03-29 14:11:29.779698610,-1759.86
T000331,2024-08-19,S046,P0082,2,1627.3,83.87,INR,2024-08-08 19:33:59.567715645,3170.73
T000332,2024-03-28,S013,P0019,5,303.51,97.15,INR,2024-08-03 00:23:55.141716957,1420.3999999999999
T000333,2024-01-28,S029,P0068,3,1544.4,299.65,INR,2024-11-27 12:08:24.015140533,4333.550000000001
T000334,2024-02-17,S038,P0070,9,1456.62,,INR,2024-04-23 18:13:01.027973890,
T000335,2024-02-16,S041,P0033,-2,559.39,265.56,INR,2024-03-14 05:57:22.275793791,-1384.34
T000336,2024-02-25,S045,P0096,2,258.22,121.39,INR,2024-04-07 00:28:09.769859552,395.05000000000007
T000337,2024-02-20,S009,P0080,8,1699.48,251.28,INR,2024-03-29 17:57:02.075716734,13344.56
T000338,2024-08-21,S013,P0075,9,573.92,85.02,INR,2024-08-24 15:50:51.037597179,5080.259999999999
T000339,2024-03-07,S037,P0022,2,376.56,76.43,INR,2024-10-23 12:54:46.622708321,676.69
T000340,2024-05-06,S014,P0036,9,782.17,163.93,INR,2024-05-14 08:40:19.211804152,6875.599999999999
T000341,2024-11-23,S037,P0023,0,861.68,,INR,2024-03-05 09:22:38.179174185,
T000342,2024-06-21,S009,P0063,5,719.57,29.24,INR,2024-05-05 05:28:57.220808029,3568.6100000000006
T000343,2024-08-31,S008,P0026,6,1955.31,169.59,INR,2024-07-18 11:51:04.821970940,11562.27
T000344,2024-03-03,S039,P0060,3,1773.56,182.92,INR,2024-08-30 12:53:51.687900782,5137.76
T000345,2024-03-11,S040,P0095,3,1758.65,173.94,INR,2024-07-19 16:14:10.775306702,5102.010000000001
T000346,2024-01-15,S003,P0093,-1,857.66,65.55,INR,2024-04-03 16:57:26.479568005,-923.2099999999999
T000347,2024-03-02,S047,P0005,7,1929.45,19.24,INR,2024-12-01 01:50:40.272742271,13486.91
T000348,2024-04-11,S040,P0054,-1,1399.63,268.5,INR,2024-06-08 19:14:18.297982931,-1668.13
T000349,2024-03-05,S033,P0038,3,1680.79,172.35,INR,2024-06-16 12:34:37.088689327,4870.0199999999995
T000350,2024-02-02,S032,P0062,9,1051.66,230.37,INR,2024-12-19 02:17:40.468744993,9234.57
T000351,2024-02-14,S007,P0025,5,405.17,109.33,INR,2024-11-12 22:53:55.917212009,1916.5200000000002
T000352,2024-06-17,S019,P0098,-1,1785.08,12.75,INR,2024-10-21 06:55:04.585237980,-1797.83
T000353,2024-03-16,S034,P0012,6,1024.21,77.87,INR,2024-03-07 16:22:23.884747505,6067.39
T000354,2024-05-12,S014,P0022,9,1940.25,22.01,INR,2024-11-01 21:38:41.366877317,17440.24
T000355,2024-07-02,S050,P0009,6,584.24,23.47,INR,2024-06-15 04:30:13.309992075,3481.9700000000003
T000356,2024-09-08,S047,P0084,1,1985.52,64.34,INR,2024-03-17 10:17:22.299508333,1921.18
T000357,2024-01-15,S046,P0029,1,522.61,190.07,INR,2024-12-27 16:07:33.680521250,332.54
T000358,2024-10-18,S019,P0044,1,799.52,245.33,INR,2024-03-03 19:11:43.153713465,554.1899999999999
T000359,2024-08-17,S999,P0093,8,1228.63,246.41,INR,2024-12-02 12:10:24.972727060,9582.630000000001
T000360,2024-01-30,S026,P0027,2,1417.31,281.33,INR,2024-01-01 04:37:47.846128702,2553.29
T000361,2024-11-14,S017,P0055,5,1468.54,196.91,INR,2024-06-08 20:09:43.934556723,7145.79
T000362,2024-12-02,S028,P0081,-1,1004.88,5.96,INR,2024-01-11 21:53:19.871321201,-1010.84
T000363,2024-01-23,S019,P0005,8,245.97,113.22,INR,2024-11-29 01:04:50.740743399,1854.54
T000364,2024-04-11,S027,P0052,2,1042.49,33.44,INR,2024-02-15 22:47:16.529367447,2051.54
T000365,2024-10-21,S048,P0013,-1,735.91,233.24,INR,2024-09-02 16:20:33.472562075,-969.15
T000366,2024-09-30,S019,P0042,8,1349.55,35.91,INR,2024-08-18 09:29:25.754891157,10760.49
T000367,2024-03-08,S033,P0015,8,446.32,31.78,INR,2024-10-11 08:38:21.335720539,3538.7799999999997
T000368,2024-03-17,S999,P0079,5,848.43,8.46,INR,2024-09-29 14:38:53.421813726,4233.69
T000369,2024-05-15,S007,P0018,-2,1935.63,286.65,INR,2024-01-12 20:15:07.190590382,-4157.91
T000370,2024-06-25,S029,P0050,4,268.85,235.71,INR,2024-05-21 18:23:22.171523809,839.69
T000371,2024-08-13,S043,P0002,0,1244.43,99.99,INR,2024-04-27 17:18:07.416654348,-99.99
T000372,2024-05-14,S005,P0087,1,272.23,112.93,INR,2024-12-21 02:28:29.672301769,159.3
T000373,2024-06-17,S030,P0013,5,398.29,17.83,INR,2024-10-09 20:03:52.017196178,1973.6200000000001
T000374,2024-09-29,S049,P0068,0,1249.38,47.38,INR,2024-09-15 09:43:39.181275129,-47.38
T000375,2024-01-14,S043,P0047,9,943.59,93.44,INR,2024-06-10 09:19:29.955547571,8398.869999999999
T000376,2024-04-02,S008,P0089,4,1142.15,116.36,INR,2024-11-21 04:52:57.339611053,4452.240000000001
T000377,2024-09-17,S042,P0075,9,1771.76,185.99,INR,2024-01-07 03:20:24.596410751,15759.85
T000378,2024-11-22,S012,P0050,-2,1652.76,,INR,2024-03-24 09:07:22.660267353,
T000379,2024-07-05,S042,P0012,6,1787.16,286.38,INR,2024-09-10 16:18:43.663795471,10436.580000000002
T000380,2024-07-13,S013,P0013,3,1270.88,,INR,2024-07-04 13:28:39.281774521,
T000381,2024-02-09,S026,P0009,0,1030.32,282.48,INR,2024-07-13 20:09:06.243546486,-282.48
T000382,2024-06-12,S018,P0059,4,972.48,,INR,2024-05-31 23:10:54.010158062,
T000383,2024-07-13,S042,P0045,2,1505.64,269.97,INR,2024-03-01 18:10:28.342804909,2741.3100000000004
T000384,2024-03-29,S999,P0070,5,1090.47,210.95,INR,2024-03-01 16:06:00.678743601,5241.400000000001
T000385,2024-04-08,S049,P0043,5,300.96,170.58,INR,2024-04-17 11:39:19.778883696,1334.22
T000386,2024-05-17,S020,P0074,9,369.68,152.72,INR,2024-06-19 22:23:32.865176439,3174.4
T000387,2024-01-08,S016,P0023,6,778.46,87.4,INR,2024-10-27 19:20:32.295869350,4583.360000000001
T000388,2024-04-27,S037,P0079,3,228.86,89.45,INR,2024-06-12 02:14:54.634812593,597.13
T000389,2024-03-18,S003,P0045,1,554.54,66.96,INR,2024-11-23 16:41:13.241315842,487.58
T000390,2024-04-29,S027,P0023,-1,1347.16,115.66,INR,2024-02-13 23:43:34.743101835,-1462.8200000000002
T000391,2024-02-13,S015,P9999,0,123.62,38.09,INR,2024-04-09 04:43:52.600903511,-38.09
T000392,2024-11-21,S034,P0034,2,1247.78,116.28,INR,2024-01-26 17:47:17.415068388,2379.2799999999997
T000393,2024-08-04,S045,P0016,5,1567.48,250.12,INR,2024-07-05 03:49:26.249698639,7587.28
T000394,2024-09-04,S022,P0063,9,423.29,261.09,INR,2024-02-02 20:40:58.461191177,3548.52
T000395,2024-10-15,S040,P0051,7,443.84,192.85,INR,2024-10-17 10:11:35.193226337,2914.0299999999997
T000396,2024-06-30,S023,P0032,-1,154.83,77.04,INR,2024-01-15 12:19:48.262474060,-231.87
T000397,2024-02-01,S049,P0038,2,1073.66,72.1,INR,2024-06-22 12:26:47.076826572,2075.2200000000003
T000398,2024-07-15,S004,P0056,6,1343.72,83.38,INR,2024-06-02 12:34:59.170480490,7978.94
T000399,2024-08-02,S999,P0069,-1,968.13,,INR,2024-03-14 19:33:35.376504421,
T000400,2024-09-29,S041,P0017,5,839.95,292.93,INR,2024-08-02 04:50:20.778539181,3906.82
T000401,2024-06-06,S023,P0086,0,963.38,32.76,INR,2024-05-20 22:13:17.306253910,-32.76
T000402,2024-02-16,S047,P0039,5,1584.9,150.15,INR,2024-03-13 06:11:21.352728367,7774.35
T000403,2024-04-13,S009,P0041,1,163.68,204.67,INR,2024-10-28 16:41:24.364446878,-40.98999999999998
T000404,2024-05-12,S024,P0048,1,1589.26,73.7,INR,2024-08-29 03:41:33.009801149,1515.56
T000405,2024-08-23,S021,P0082,9,1366.05,290.73,INR,2024-01-05 10:27:32.294734716,12003.72
T000406,2024-07-27,S041,P0028,4,558.71,104.71,INR,2024-07-02 04:20:04.631888151,2130.13
T000407,2024-05-09,S046,P0077,2,1097.01,279.71,INR,2024-04-09 00:38:48.209653854,1914.31
T000408,2024-12-26,S016,P0050,1,193.65,179.21,INR,2024-11-30 00:23:00.337107182,14.439999999999998
T000409,2024-08-09,S025,P0001,4,821.22,1.22,INR,2024-09-21 20:05:17.687827826,3283.6600000000003
T000410,2024-03-27,S026,P0050,9,430.68,93.33,INR,2024-08-11 05:44:41.083247900,3782.79
T000411,2024-02-07,S049,P0019,0,142.37,6.46,INR,2024-02-02 12:06:49.503735781,-6.46
T000412,2024-02-25,S045,P0098,6,778.47,114.44,INR,2024-12-05 16:27:29.566846132,4556.38
T000413,2024-03-30,S009,P0059,2,1479.61,279.76,INR,2024-02-22 15:12:10.443018913,2679.46
T000414,2024-02-28,S015,P0068,9,1849.94,233.71,INR,2024-06-13 12:32:26.053525209,16415.75
T000415,2024-03-09,S039,P0067,0,1358.3,,INR,2024-09-05 13:55:26.986654997,
T000416,2024-04-14,S033,P0041,-1,863.74,161.57,INR,2024-06-29 14:10:35.570073128,-1025.31
T000417,2024-03-04,S001,P0010,4,1999.04,111.77,INR,2024-11-18 02:26:15.053041220,7884.389999999999
T000418,2024-11-23,S005,P0028,9,637.59,63.46,INR,2024-10-31 21:35:22.041517019,5674.85
T000419,2024-01-30,S009,P0034,4,455.55,18.76,INR,2024-02-19 09:49:20.510999918,1803.44
T000420,2024-07-10,S044,P0039,9,981.0,57.04,INR,2024-08-13 10:29:37.101126909,8771.96
T000421,2024-05-29,S006,P0083,2,1059.33,105.46,INR,2024-01-20 01:17:58.547484875,2013.1999999999998
T000422,2024-12-24,S028,P0056,1,774.16,156.0,INR,2024-09-20 00:15:32.232772827,618.16
T000423,2024-02-10,S045,P0052,8,1421.45,61.32,INR,2024-09-25 15:32:35.741908550,11310.28
T000424,2024-05-25,S026,P0100,-1,449.34,292.3,INR,2024-05-05 17:44:32.895159960,-741.64
T000425,2024-12-19,S028,P0003,-1,1069.65,23.06,INR,2024-10-14 02:33:42.624422550,-1092.71
T000426,2024-11-11,S040,P0023,4,1050.24,28.44,INR,2024-08-26 05:40:24.492245436,4172.52
T000427,2024-10-25,S015,P0017,7,1665.19,204.78,INR,2024-07-02 23:29:03.763823748,11451.55
T000428,2024-04-04,S006,P0071,4,1861.24,226.52,INR,2024-06-15 04:11:15.267775058,7218.44
T000429,2024-03-03,S027,P0026,1,1360.21,291.74,INR,2024-02-09 20:04:14.962155819,1068.47
T000430,2024-09-01,S038,P0018,1,680.21,159.13,INR,2024-07-12 20:28:15.091732502,521.08
T000431,2024-12-05,S004,P0046,1,1410.26,49.78,INR,2024-02-26 23:26:08.082458496,1360.48
T000432,2024-07-22,S011,P0070,8,577.61,281.38,INR,2024-08-27 10:49:36.670441389,4339.5
T000433,2024-07-27,S021,P0031,-1,1936.43,294.07,INR,2024-08-05 01:41:39.639538050,-2230.5
T000434,2024-04-12,S030,P0093,6,1662.49,277.05,INR,2024-04-16 01:03:02.052042961,9697.890000000001
T000435,2024-10-07,S018,P0009,-2,919.26,261.5,INR,2024-03-31 03:42:42.976536751,-2100.02
T000436,2024-03-09,S035,P0035,5,1590.25,23.27,INR,2024-06-22 18:18:26.732546329,7927.98
T000437,2024-04-28,S003,P0081,3,876.45,256.46,INR,2024-07-06 01:23:38.857732296,2372.8900000000003
T000438,2024-06-04,S012,P0060,7,241.76,285.97,INR,2024-10-18 05:49:32.771137238,1406.35
T000439,2024-07-04,S027,P0076,4,1442.86,165.69,INR,2024-04-20 22:40:19.490034580,5605.75
T000440,2024-03-29,S030,P0063,9,868.77,231.78,INR,2024-05-27 05:58:56.226525307,7587.150000000001
T000441,2024-02-11,S021,P0100,2,1867.61,198.27,INR,2024-05-05 07:16:01.838073730,3536.95
T000442,2024-08-10,S038,P0052,3,682.47,86.42,INR,2024-05-23 20:27:47.527335644,1960.99
T000443,2024-04-15,S021,P0048,3,1702.33,176.26,INR,2024-07-25 23:46:05.988342047,4930.73
T000444,2024-07-31,S038,P0061,6,1392.83,266.81,INR,2024-07-22 11:26:49.361233950,8090.169999999999
T000445,2024-02-26,S040,P0024,7,1721.32,148.92,INR,2024-05-11 21:21:31.871815681,11900.32
T000446,2024-06-24,S015,P0074,1,654.58,177.04,INR,2024-08-07 21:19:59.121240377,477.5400000000001
T000447,2024-07-13,S018,P0058,9,976.56,159.44,INR,2024-08-12 20:33:05.100360155,8629.599999999999
T000448,2024-01-19,S029,P0064,8,1663.95,84.72,INR,2024-07-11 07:37:30.021896124,13226.880000000001
T000449,2024-05-02,S048,P0030,9,1323.26,193.1,INR,2024-06-14 02:41:18.801263809,11716.24
T000450,2024-02-19,S038,P0029,2,783.85,152.84,INR,2024-01-29 10:43:29.102264166,1414.8600000000001
T000451,2024-01-24,S021,P0010,1,1072.79,69.76,INR,2024-07-16 13:30:29.146843672,1003.03
T000452,2024-12-27,S017,P0039,-2,1992.59,268.61,INR,2024-09-17 03:15:06.899994373,-4253.79
T000453,2024-04-27,S041,P0055,7,1509.51,285.01,INR,2024-03-19 14:15:56.836086273,10281.56
T000454,2024-10-22,S999,P0028,3,1267.59,16.61,INR,2024-10-10 21:50:09.795483828,3786.1599999999994
T000455,2024-04-02,S018,P0018,2,1673.03,186.7,INR,2024-08-02 01:07:45.479495287,3159.36
T000456,2024-09-05,S037,P0041,1,939.86,124.51,INR,2024-03-27 16:41:00.946567774,815.35
T000457,2024-10-04,S038,P0081,3,1905.12,,INR,2024-02-29 11:27:11.327205658,
T000458,2024-08-05,S012,P0075,9,1148.84,112.15,INR,2024-03-30 13:43:00.168158770,10227.41
T000459,2024-06-21,S011,P0065,2,721.06,142.31,INR,2024-10-04 01:35:39.186060905,1299.81
T000460,2024-05-30,S048,P0081,0,263.44,97.03,INR,2024-04-01 10:29:02.471890450,-97.03
T000461,2024-05-07,S049,P0100,-1,813.82,35.28,INR,2024-09-06 09:02:23.189767361,-849.1
T000462,2024-12-05,S020,P0100,3,1180.41,,INR,2024-07-18 05:21:09.899185896,
T000463,2024-10-30,S009,P0046,1,1436.17,201.1,INR,2024-07-18 14:22:01.554531097,1235.0700000000002
T000464,2024-12-18,S001,P0060,8,1762.72,15.11,INR,2024-11-07 04:46:12.211196899,14086.65
T000465,2024-02-15,S003,P0009,7,1893.53,114.82,INR,2024-11-15 06:36:34.498813629,13139.89
T000466,2024-09-23,S021,P0045,0,294.66,12.69,INR,2024-07-14 23:19:20.666620016,-12.69
T000467,2024-12-08,S023,P0060,5,1241.72,106.88,INR,2024-01-24 19:56:43.469617605,6101.72
T000468,2024-03-07,S009,P0028,9,1366.52,26.28,INR,2024-02-28 19:58:38.705382347,12272.4
T000469,2024-01-25,S019,P0097,6,426.92,101.89,INR,2024-12-12 06:19:36.856424093,2459.63
T000470,2024-09-27,S045,P0003,4,1136.64,251.43,INR,2024-02-19 03:51:50.957361460,4295.13
T000471,2024-07-28,S046,P0051,-1,736.18,184.02,INR,2024-10-31 21:40:53.526117802,-920.1999999999999
T000472,2024-11-03,S019,P0008,5,247.09,204.69,INR,2024-07-16 05:57:49.018632412,1030.76
T000473,2024-02-21,S023,P0070,8,225.15,151.14,INR,2024-02-11 14:44:52.246063709,1650.06
T000474,2024-10-17,S027,P0059,8,1542.5,276.71,INR,2024-12-01 14:51:08.878828049,12063.29
T000475,2024-03-14,S027,P0061,2,1269.37,162.35,INR,2024-12-04 18:11:58.700696707,2376.39
T000476,2024-02-29,S039,P0058,8,1458.73,31.29,INR,2024-08-12 14:34:00.499844551,11638.55
T000477,2024-02-29,S036,P0070,7,1402.03,279.93,INR,2024-05-21 22:24:50.362240553,9534.279999999999
T000478,2024-10-24,S012,P0093,4,355.19,39.92,INR,2024-08-09 17:41:21.435233355,1380.84
T000479,2024-08-30,S027,P9999,2,387.97,299.75,INR,2024-08-17 03:10:43.630430937,476.19000000000005
T000480,2024-07-09,S046,P0012,-1,579.72,130.62,INR,2024-08-15 01:55:52.164741278,-710.34
T000481,2024-05-10,S034,P0009,9,858.29,22.05,INR,2024-09-24 16:39:24.289968729,7702.5599999999995
T000482,2024-11-16,S033,P0049,9,1884.43,259.23,INR,2024-01-25 12:11:07.439140081,16700.64
T000483,2024-05-23,S028,P0083,9,1380.4,27.86,INR,2024-02-07 10:09:46.539537907,12395.74
T000484,2024-10-25,S031,P0017,1,584.83,52.33,INR,2024-04-13 05:08:24.072950840,532.5
T000485,2024-06-09,S032,P0054,8,206.37,125.2,INR,2024-05-07 15:18:13.165857077,1525.76
T000486,2024-05-17,S050,P0044,2,1400.03,202.86,INR,2024-08-20 21:08:49.055428505,2597.2
T000487,2024-06-17,S020,P0032,3,1288.11,36.34,INR,2024-03-03 17:37:31.773973227,3827.99
T000488,2024-04-20,S040,P0035,2,1383.95,186.79,INR,2024-07-16 11:24:58.651638031,2581.11
T000489,2024-09-29,S035,P0078,7,596.24,234.12,INR,2024-03-08 15:34:27.308383703,3939.5600000000004
T000490,2024-07-02,S031,P0049,8,1082.23,37.05,INR,2024-05-09 18:03:36.019264698,8620.79
T000491,2024-03-25,S031,P0054,-2,787.24,,INR,2024-12-07 10:58:17.872387409,
T000492,2024-11-24,S038,P0016,-2,1653.63,287.66,INR,2024-11-22 22:19:35.850980997,-3594.92
T000493,2024-05-20,S022,P0085,0,231.85,290.22,INR,2024-12-13 21:11:25.555795908,-290.22
T000494,2024-07-17,S045,P0012,6,623.34,48.5,INR,2024-08-03 20:50:04.115285873,3691.54
T000495,2024-11-26,S041,P0088,8,1245.61,227.91,INR,2024-07-01 23:23:23.520478964,9736.97
T000496,2024-08-15,S009,P0098,-1,489.93,253.99,INR,2024-11-05 20:29:37.967531681,-743.9200000000001
T000497,2024-02-12,S009,P0008,7,1378.16,266.69,INR,2024-01-30 01:51:51.581742287,9380.43
T000498,2024-12-09,S015,P0021,2,359.87,97.1,INR,2024-12-23 03:13:01.742272615,622.64
T000499,2024-08-17,S013,P0048,6,143.34,81.04,INR,2024-06-17 18:22:54.561943769,779.0
T000500,2024-05-02,S022,P0008,4,1740.64,14.36,INR,2024-09-03 15:53:18.306574345,6948.200000000001
T000501,2024-02-20,S016,P0028,8,733.54,119.84,INR,2024-09-22 21:23:47.269123077,5748.48
T000502,2024-10-16,S032,P0080,5,398.01,37.19,INR,2024-08-17 12:38:13.423434734,1952.86
T000503,2024-08-14,S002,P0010,-1,428.15,235.88,INR,2024-11-21 09:45:37.424415350,-664.03
T000504,2024-07-13,S026,P0052,2,1783.2,42.89,INR,2024-04-15 04:17:34.396054745,3523.51
T000505,2024-11-22,S014,P0015,6,1343.42,245.67,INR,2024-07-13 07:01:10.568450451,7814.85
T000506,2024-10-14,S038,P0004,-2,1917.06,,INR,2024-06-06 01:28:28.877898455,
T000507,2024-02-25,S034,P0090,-2,1620.08,144.18,INR,2024-09-14 00:10:06.605638742,-3384.3399999999997
T000508,2024-04-23,S008,P0079,7,1558.33,115.39,INR,2024-05-24 05:12:32.084195137,10792.92
T000509,2024-03-31,S036,P0100,5,1049.66,180.46,INR,2024-11-21 21:27:20.448561430,5067.84
T000510,2024-09-28,S021,P0096,-1,1659.53,155.63,INR,2024-06-28 00:10:04.759508848,-1815.1599999999999
T000511,2024-01-13,S046,P0062,6,884.04,179.59,INR,2024-07-14 15:25:51.659267664,5124.65
T000512,2024-07-27,S043,P0004,7,1671.3,0.29,INR,2024-06-29 02:07:30.094802856,11698.81
T000513,2024-10-05,S028,P0041,6,1539.71,38.25,INR,2024-08-15 06:17:35.103534460,9200.01
T000514,2024-11-16,S046,P0073,1,1389.03,155.14,INR,2024-07-05 07:07:02.192466497,1233.8899999999999
T000515,2024-05-04,S044,P0099,-1,726.46,68.9,INR,2024-12-08 03:46:57.159078836,-795.36
T000516,2024-10-26,S048,P0055,0,1298.35,22.9,INR,2024-02-17 20:37:56.258563042,-22.9
T000517,2024-02-10,S006,P0028,7,1062.9,,INR,2024-01-05 21:37:24.873881817,
T000518,2024-11-04,S020,P9999,-2,976.93,233.96,INR,2024-07-09 10:50:53.730597019,-2187.8199999999997
T000519,2024-02-16,S031,P0047,0,1981.47,162.51,INR,2024-10-06 02:09:57.349350929,-162.51
T000520,2024-05-25,S033,P0009,2,1058.36,,INR,2024-08-24 14:11:42.090918064,
T000521,2024-10-18,S044,P0002,0,160.77,4.79,INR,2024-12-17 09:33:04.200486183,-4.79
T000522,2024-02-24,S007,P0067,0,1290.29,107.28,INR,2024-03-07 12:44:47.806221724,-107.28
T000523,2024-03-24,S008,P0048,7,1483.22,107.24,INR,2024-09-10 07:17:14.236408949,10275.300000000001
T000524,2024-09-20,S009,P0069,3,1781.85,220.54,INR,2024-10-24 19:00:08.566058636,5125.009999999999
T000525,2024-09-19,S002,P0074,0,1302.1,275.83,INR,2024-11-28 21:40:49.002812386,-275.83
T000526,2024-08-22,S017,P0028,0,136.97,111.6,INR,2024-07-11 22:06:38.870729685,-111.6
T000527,2024-09-10,S045,P0079,6,327.51,206.44,INR,2024-05-12 12:48:42.426857710,1758.62
T000528,2024-07-17,S037,P0014,-1,406.36,190.47,INR,2024-12-14 16:57:51.837735176,-596.83
T000529,2024-04-01,S042,P0046,-2,501.4,126.62,INR,2024-10-15 21:17:13.330438375,-1129.42
T000530,2024-05-06,S044,P0087,7,1619.58,19.77,INR,2024-06-20 20:35:34.328696012,11317.289999999999
T000531,2024-03-07,S017,P0013,5,688.54,142.04,INR,2024-08-25 16:12:52.834316492,3300.66
T000532,2024-11-27,S038,P0016,0,693.49,106.24,INR,2024-04-11 16:20:00.506838560,-106.24
T000533,2024-07-31,S035,P0094,4,1535.62,165.06,INR,2024-08-12 10:00:53.336312771,5977.419999999999
T000534,2024-05-26,S047,P0040,-1,883.63,37.62,INR,2024-07-16 02:39:36.760482311,-921.25
T000535,2024-06-17,S039,P0072,8,222.82,217.27,INR,2024-01-15 07:36:49.818069220,1565.29
T000536,2024-12-11,S030,P0081,8,1211.74,236.33,INR,2024-11-11 23:57:03.641809225,9457.59
T000537,2024-02-25,S006,P0030,9,347.13,116.54,INR,2024-06-27 22:05:02.765248299,3007.63
T000538,2024-08-01,S004,P0081,5,1186.16,52.58,INR,2024-06-24 02:29:32.607469082,5878.22
T000539,2024-07-03,S999,P0099,6,1581.31,187.07,INR,2024-04-13 10:50:44.141406298,9300.79
T000540,2024-08-11,S037,P0065,5,1866.03,,INR,2024-03-12 16:21:19.378323317,
T000541,2024-01-07,S035,P0058,5,227.4,210.15,INR,2024-04-16 08:25:01.808825970,926.85
T000542,2024-11-14,S009,P0088,5,677.54,37.04,INR,2024-08-25 05:49:45.096736670,3350.66
T000543,2024-12-06,S006,P0048,4,1339.68,119.17,INR,2024-02-05 15:24:26.155330181,5239.55
T000544,2024-07-25,S013,P0049,-1,699.36,274.61,INR,2024-05-01 11:53:30.894767046,-973.97
T000545,2024-09-11,S022,P0089,5,956.95,190.33,INR,2024-12-23 05:45:54.201856613,4594.42
T000546,2024-12-02,S028,P0002,2,138.17,44.15,INR,2024-04-09 02:35:25.162729979,232.18999999999997
T000547,2024-09-15,S030,P0089,3,1417.65,217.38,INR,2024-12-18 19:53:52.559429884,4035.5700000000006
T000548,2024-02-25,S036,P0014,1,1778.23,106.06,INR,2024-02-08 06:08:32.370485306,1672.17
T000549,2024-07-29,S002,P0097,-2,1956.03,146.86,INR,2024-10-16 19:18:35.700774193,-4058.92
T000550,2024-08-09,S036,P0017,2,1678.01,124.51,INR,2024-06-09 12:06:22.990039587,3231.5099999999998
T000551,2024-06-03,S008,P0031,0,160.37,217.71,INR,2024-03-12 02:35:46.972560406,-217.71
T000552,2024-09-25,S045,P0010,6,1338.52,65.37,INR,2024-10-14 09:49:15.664487362,7965.75
T000553,2024-12-07,S042,P0070,1,1041.75,116.51,INR,2024-01-03 13:09:06.237337589,925.24
T000554,2024-12-03,S050,P0089,7,1882.0,223.36,INR,2024-05-06 16:56:53.564119339,12950.64
T000555,2024-06-13,S009,P0037,-1,1814.06,211.43,INR,2024-08-08 18:33:00.827289343,-2025.49
T000556,2024-02-11,S001,P0064,1,1977.29,,INR,2024-03-25 07:17:57.672694683,
T000557,2024-12-25,S013,P0030,0,1737.68,105.2,INR,2024-05-01 08:59:33.161668301,-105.2
T000558,2024-11-02,S050,P0034,0,1139.1,,INR,2024-02-03 09:07:53.292530298,
T000559,2024-02-15,S015,P0018,2,1458.31,159.05,INR,2024-11-07 10:08:23.974838257,2757.5699999999997
T000560,2024-12-02,S032,P0088,-2,1932.89,84.28,INR,2024-06-03 02:10:37.852309227,-3950.0600000000004
T000561,2024-11-13,S034,P0063,2,1198.42,3.56,INR,2024-02-23 00:47:07.433521032,2393.28
T000562,2024-07-08,S043,P0049,5,1695.96,127.41,INR,2024-03-13 16:03:48.743731737,8352.39
T000563,2024-08-03,S031,P0056,7,1890.2,278.06,INR,2024-04-10 10:27:43.341282368,12953.34
T000564,2024-05-25,S014,P0091,9,1184.02,277.02,INR,2024-03-24 18:07:34.769786358,10379.16
T000565,2024-01-20,S047,P0058,6,402.39,111.63,INR,2024-07-02 16:58:01.181292057,2302.71
T000566,2024-05-02,S014,P0027,9,395.57,134.75,INR,2024-11-26 09:42:40.220612288,3425.38
T000567,2024-10-20,S048,P0055,-2,319.1,72.8,INR,2024-03-08 03:05:46.374799728,-711.0
T000568,2024-01-02,S029,P0085,-1,1005.01,20.49,INR,2024-06-14 12:11:27.659970999,-1025.5
T000569,2024-05-01,S047,P0019,-1,1012.27,208.18,INR,2024-08-30 08:01:20.342623949,-1220.45
T000570,2024-05-25,S019,P0023,3,1273.01,240.02,INR,2024-03-08 02:02:12.910623312,3579.0099999999998
T000571,2024-07-15,S027,P0047,-2,1017.46,264.03,INR,2024-02-26 04:58:15.223869801,-2298.95
T000572,2024-12-01,S009,P0079,8,1948.8,280.59,INR,2024-02-26 16:58:39.027988195,15309.81
T000573,2024-05-06,S037,P0066,-2,653.49,274.79,INR,2024-11-17 22:10:46.269883394,-1581.77
T000574,2024-05-06,S037,P0099,-1,1760.25,8.22,INR,2024-09-16 14:41:06.819566011,-1768.47
T000575,2024-09-26,S043,P0051,9,290.63,293.43,INR,2024-05-02 18:35:25.771120310,2322.2400000000002
T000576,2024-06-14,S028,P0084,1,1243.64,113.85,INR,2024-11-25 10:26:10.593487501,1129.7900000000002
T000577,2024-03-22,S024,P0028,-1,1331.82,265.83,INR,2024-12-14 01:03:37.221210480,-1597.6499999999999
T000578,2024-06-14,S028,P0057,1,1567.24,132.23,INR,2024-05-25 08:52:42.289072752,1435.01
T000579,2024-02-21,S036,P0058,0,1055.74,126.66,INR,2024-07-05 07:31:14.403581619,-126.66
T000580,2024-03-05,S018,P0015,0,474.73,3.36,INR,2024-05-10 16:49:17.320870399,-3.36
T000581,2024-06-30,S025,P0016,6,801.1,15.73,INR,2024-03-24 01:23:20.435174704,4790.870000000001
T000582,2024-06-01,S035,P0097,5,617.11,201.38,INR,2024-10-11 16:53:11.804094553,2884.17
T000583,2024-11-29,S004,P0047,9,896.3,281.29,INR,2024-08-24 21:47:20.423128843,7785.41
T000584,2024-05-12,S014,P0063,9,1106.94,67.32,INR,2024-05-13 21:57:35.255500078,9895.140000000001
T000585,2024-07-30,S039,P0012,7,1287.63,28.18,INR,2024-01-06 05:58:07.149500132,8985.23
T000586,2024-08-18,S026,P0043,6,1705.73,,INR,2024-10-05 17:46:44.195352316,
T000587,2024-01-05,S008,P0084,-2,1829.02,63.7,INR,2024-06-23 05:46:25.399340391,-3721.74
T000588,2024-08-30,S024,P0029,9,978.9,87.94,INR,2024-01-27 16:13:38.819259882,8722.16
T000589,2024-03-05,S016,P0049,2,268.48,28.42,INR,2024-02-15 10:38:27.004848719,508.54
T000590,2024-12-16,S020,P0003,9,1614.42,70.66,INR,2024-08-17 08:35:24.594943285,14459.12
T000591,2024-02-24,S015,P0069,9,1006.6,276.38,INR,2024-07-18 09:52:17.130503416,8783.02
T000592,2024-05-31,S007,P0060,1,1138.25,267.07,INR,2024-03-28 18:35:22.677710533,871.1800000000001
T000593,2024-02-01,S017,P0066,8,1232.01,94.89,INR,2024-02-21 01:20:33.159744740,9761.19
T000594,2024-12-29,S022,P0087,6,1368.95,299.07,INR,2024-11-18 22:16:20.160728693,7914.630000000001
T000595,2024-07-02,S022,P0090,0,1791.19,89.51,INR,2024-02-19 05:26:02.718520403,-89.51
T000596,2024-08-05,S012,P0026,2,1909.08,216.55,INR,2024-02-01 06:31:25.151376963,3601.6099999999997
T000597,2024-01-25,S018,P0071,5,1886.32,193.2,INR,2024-08-14 06:41:26.913287878,9238.4
T000598,2024-09-30,S046,P0074,7,1637.98,19.37,INR,2024-04-02 04:21:28.786966562,11446.49
T000599,2024-03-17,S047,P0069,2,1789.56,102.69,INR,2024-08-27 15:48:57.328759193,3476.43
T000600,2024-11-23,S015,P0047,6,194.34,285.45,INR,2024-06-27 12:29:55.672046661,880.5899999999999
T000601,2024-03-15,S037,P0076,-1,1713.31,15.26,INR,2024-03-18 02:32:10.461171865,-1728.57
T000602,2024-03-10,S016,P0096,3,237.3,52.47,INR,2024-01-26 10:02:04.181387186,659.4300000000001
T000603,2024-01-14,S005,P0042,2,1517.77,291.28,INR,2024-01-26 18:54:05.931719780,2744.26
T000604,2024-06-21,S002,P0031,6,421.79,11.94,INR,2024-08-01 20:08:08.667291880,2518.8
T000605,2024-07-25,S028,P0022,4,784.21,133.98,INR,2024-10-03 18:13:41.508791923,3002.86
T000606,2024-01-24,S041,P0017,5,449.95,275.51,INR,2024-09-08 17:25:10.989559174,1974.24
T000607,2024-10-10,S027,P0084,4,942.58,283.1,INR,2024-08-04 09:23:33.313744783,3487.2200000000003
T000608,2024-06-14,S031,P0020,7,882.32,293.8,INR,2024-03-17 23:43:50.214107990,5882.4400000000005
T000609,2024-07-10,S041,P0008,7,191.32,144.4,INR,2024-11-10 13:16:05.217454195,1194.84
T000610,2024-06-09,S036,P0098,2,1677.95,25.94,INR,2024-08-17 12:41:19.696944237,3329.96
T000611,2024-05-26,S047,P0049,8,1722.95,231.81,INR,2024-09-10 09:10:45.722852468,13551.79
T000612,2024-07-23,S043,P0087,2,1596.26,212.7,INR,2024-03-22 16:45:36.842418194,2979.82
T000613,2024-02-26,S001,P0038,8,1710.45,173.88,INR,2024-04-05 10:39:40.288372040,13509.720000000001
T000614,2024-03-07,S050,P0053,1,1526.67,266.47,INR,2024-11-27 06:08:02.929687500,1260.2
T000615,2024-11-10,S029,P0028,-1,1881.22,,INR,2024-06-22 18:24:16.126072168,
T000616,2024-12-11,S001,P0077,6,1195.15,204.97,INR,2024-07-21 03:39:35.964942455,6965.93
T000617,2024-05-16,S008,P0029,7,1207.02,33.63,INR,2024-02-10 10:18:20.517032622,8415.51
T000618,2024-04-08,S016,P0072,7,1733.83,28.66,INR,2024-05-24 00:28:05.087490797,12108.15
T000619,2024-08-23,S028,P0011,9,763.89,122.59,INR,2024-11-19 18:26:08.341542721,6752.42
T000620,2024-05-29,S022,P0047,7,195.16,87.81,INR,2024-11-24 13:19:21.970356941,1278.31
T000621,2024-01-10,S018,P0045,7,1524.73,39.89,INR,2024-09-23 12:08:15.220451593,10633.220000000001
T000622,2024-02-26,S022,P0018,0,583.72,183.36,INR,2024-07-18 03:47:09.695052385,-183.36
T000623,2024-09-18,S041,P0050,8,1001.05,205.06,INR,2024-12-05 18:00:10.181355000,7803.339999999999
T000624,2024-08-28,S012,P0089,8,556.84,209.39,INR,2024-11-14 05:19:37.733123779,4245.33
T000625,2024-01-10,S019,P0049,0,1671.47,52.58,INR,2024-11-04 22:02:11.562205553,-52.58
T000626,2024-03-22,S025,P0022,0,1920.76,,INR,2024-11-17 20:37:53.577803850,
T000627,2024-03-25,S050,P0045,5,204.54,59.72,INR,2024-06-14 10:22:05.777415991,962.9799999999999
T000628,2024-09-02,S005,P0061,3,543.41,180.4,INR,2024-07-10 19:17:31.057305336,1449.83
T000629,2024-01-08,S034,P0099,-2,460.17,170.12,INR,2024-06-03 18:21:01.393224001,-1090.46
T000630,2024-02-07,S039,P0093,9,1379.09,150.99,INR,2024-09-27 02:59:13.537580967,12260.82
T000631,2024-10-18,S010,P0021,0,914.49,88.82,INR,2024-08-04 01:16:54.001243591,-88.82
T000632,2024-03-06,S047,P0071,1,966.9,71.12,INR,2024-01-26 10:33:10.606653214,895.78
T000633,2024-08-26,S007,P0061,-1,398.45,267.12,INR,2024-02-19 20:37:04.362445831,-665.5699999999999
T000634,2024-03-27,S037,P0076,3,888.0,,INR,2024-03-11 04:45:43.677646637,
T000635,2024-02-06,S047,P0036,7,676.13,196.92,INR,2024-09-01 18:03:05.784815550,4535.99
T000636,2024-03-29,S015,P0024,9,1261.26,5.87,INR,2024-02-10 01:53:33.914298058,11345.47
T000637,2024-09-20,S042,P0032,-2,512.75,58.15,INR,2024-07-16 09:34:51.404057980,-1083.65
T000638,2024-11-08,S024,P0091,-2,1268.14,86.85,INR,2024-11-02 21:42:51.828152418,-2623.13
T000639,2024-10-30,S026,P0096,5,817.72,265.95,INR,2024-12-11 20:13:38.008641243,3822.6500000000005
T000640,2024-05-24,S026,P0059,1,757.96,41.32,INR,2024-06-05 07:18:49.321012020,716.64
T000641,2024-08-31,S046,P0096,-2,680.56,281.34,INR,2024-07-13 16:50:35.088887930,-1642.4599999999998
T000642,2024-03-15,S026,P0096,4,1380.28,,INR,2024-10-30 12:11:08.054471731,
T000643,2024-04-16,S010,P0090,6,1168.59,203.71,INR,2024-12-07 13:05:53.051474810,6807.829999999999
T000644,2024-11-23,S017,P0075,7,1718.27,123.52,INR,2024-05-22 07:11:09.865937233,11904.369999999999
T000645,2024-01-05,S014,P0082,4,559.06,271.58,INR,2024-05-08 20:48:36.507429123,1964.6599999999999
T000646,2024-02-01,S002,P0005,-2,176.23,158.39,INR,2024-06-13 13:23:56.636302471,-510.84999999999997
T000647,2024-03-16,S048,P0016,-2,445.84,111.36,INR,2024-04-02 15:19:45.652620316,-1003.04
T000648,2024-01-10,S013,P0011,9,752.38,175.69,INR,2024-11-09 18:39:33.570322990,6595.7300000000005
T000649,2024-03-07,S027,P0035,-2,441.34,69.68,INR,2024-04-26 03:24:43.540909767,-952.3599999999999
T000650,2024-07-31,S009,P0075,5,258.67,81.86,INR,2024-06-13 01:14:45.897461176,1211.4900000000002
T000651,2024-06-02,S007,P0042,4,946.14,275.79,INR,2024-04-26 18:52:41.594635963,3508.77
T000652,2024-11-21,S048,P0087,0,1386.17,238.18,INR,2024-02-13 09:44:54.301224232,-238.18
T000653,2024-10-25,S010,P0098,0,1527.98,154.05,INR,2024-08-09 10:13:52.083844423,-154.05
T000654,2024-05-04,S009,P0081,9,857.58,124.97,INR,2024-08-02 11:28:05.907272100,7593.25
T000655,2024-04-04,S022,P0010,0,1008.28,242.27,INR,2024-04-17 15:19:30.922349930,-242.27
T000656,2024-05-18,S023,P0082,-1,1535.39,171.19,INR,2024-01-12 11:02:52.658857107,-1706.5800000000002
T000657,2024-08-03,S007,P0008,1,770.14,124.51,INR,2024-12-07 21:54:02.406215668,645.63
T000658,2024-04-07,S048,P0026,4,1591.06,154.63,INR,2024-05-09 18:35:37.736816883,6209.61
T000659,2024-08-15,S009,P0003,6,1938.01,69.81,INR,2024-07-15 15:29:29.629855633,11558.25
T000660,2024-05-29,S027,P0059,0,1772.91,60.59,INR,2024-02-22 11:14:19.967720032,-60.59
T000661,2024-07-20,S024,P0088,7,961.83,296.73,INR,2024-04-01 16:13:56.333604574,6436.08
T000662,2024-06-08,S029,P0003,4,1201.09,290.88,INR,2024-06-07 20:48:51.457640409,4513.48
T000663,2024-04-17,S017,P0038,9,1461.21,,INR,2024-07-24 05:15:38.869100571,
T000664,2024-12-12,S020,P0002,1,763.67,154.58,INR,2024-11-07 17:09:50.790776491,609.0899999999999
T000665,2024-10-05,S007,P0099,-2,1618.55,,INR,2024-04-16 00:01:12.582211971,
T000666,2024-02-21,S043,P0017,2,930.14,217.75,INR,2024-11-14 04:47:58.368513584,1642.53
T000667,2024-11-12,S040,P0073,5,1709.0,29.86,INR,2024-06-16 07:58:05.988455772,8515.14
T000668,2024-06-26,S007,P0036,0,583.99,112.38,INR,2024-06-06 22:14:57.718246460,-112.38
T000669,2024-11-22,S028,P0086,7,121.62,75.05,INR,2024-05-24 16:35:39.372362852,776.2900000000001
T000670,2024-10-18,S019,P0095,1,1302.11,,INR,2024-11-19 10:55:13.722944498,
T000671,2024-06-04,S020,P0098,0,958.59,224.61,INR,2024-04-01 14:54:37.111273289,-224.61
T000672,2024-01-09,S044,P0088,7,213.66,,INR,2024-11-08 22:30:36.533238648,
T000673,2024-04-08,S039,P0073,5,1026.46,270.01,INR,2024-02-02 12:32:47.584612131,4862.29
T000674,2024-07-16,S040,P0002,7,420.28,278.39,INR,2024-12-14 16:40:24.969708204,2663.57
T000675,2024-08-19,S007,P0085,5,1296.52,99.98,INR,2024-07-02 14:25:04.876404762,6382.620000000001
T000676,2024-04-04,S006,P0034,1,945.59,192.59,INR,2024-12-30 14:24:34.541463375,753.0
T000677,2024-02-20,S025,P0027,8,425.14,,INR,2024-08-09 21:30:04.735063553,
T000678,2024-10-31,S041,P0037,-1,882.68,218.86,INR,2024-02-12 22:11:38.931606531,-1101.54
T000679,2024-12-25,S013,P0071,9,542.15,208.05,INR,2024-01-23 05:24:40.226876974,4671.299999999999
T000680,2024-07-10,S039,P0022,0,1340.88,167.92,INR,2024-03-11 14:20:56.522946358,-167.92
T000681,2024-03-03,S040,P0068,0,660.77,286.15,INR,2024-06-02 17:15:52.556270123,-286.15
T000682,2024-04-09,S022,P0014,1,1661.83,,INR,2024-09-29 17:22:52.719723225,
T000683,2024-01-07,S049,P0098,8,126.91,33.27,INR,2024-01-01 06:15:41.779173613,982.01
T000684,2024-11-29,S017,P0023,-1,866.49,24.13,INR,2024-04-03 22:21:27.995667219,-890.62
T000685,2024-02-12,S048,P0044,-1,1272.45,5.51,INR,2024-08-02 11:06:45.997485876,-1277.96
T000686,2024-07-29,S022,P0089,0,142.96,128.38,INR,2024-04-18 17:27:29.742604494,-128.38
T000687,2024-04-10,S034,P0065,9,510.1,81.97,INR,2024-05-10 06:49:34.738073826,4508.93
T000688,2024-07-21,S008,P0079,-2,722.1,268.57,INR,2024-04-19 18:41:20.035921574,-1712.77
T000689,2024-08-25,S049,P0096,5,141.5,260.14,INR,2024-12-13 21:52:56.541147470,447.36
T000690,2024-10-29,S045,P0078,3,1138.71,251.35,INR,2024-01-25 00:41:55.061280251,3164.78
T000691,2024-03-16,S018,P0061,0,1298.65,260.18,INR,2024-11-27 05:47:54.535864592,-260.18
T000692,2024-01-05,S024,P0085,-2,532.29,89.28,INR,2024-04-27 23:34:30.633044481,-1153.86
T000693,2024-02-19,S042,P0055,0,1132.62,127.84,INR,2024-03-30 23:44:54.905735016,-127.84
T000694,2024-11-24,S002,P0071,-2,1998.34,93.52,INR,2024-11-18 09:25:56.506939649,-4090.2
T000695,2024-11-14,S002,P0100,0,1785.15,25.82,INR,2024-04-14 18:51:34.462058306,-25.82
T000696,2024-08-06,S027,P0085,1,211.46,277.21,INR,2024-12-26 10:21:19.955461264,-65.74999999999997
T000697,2024-08-07,S014,P0050,3,342.98,,INR,2024-07-19 01:14:54.268695593,
T000698,2024-08-30,S048,P0012,4,1039.37,39.77,INR,2024-06-22 21:01:06.531970739,4117.709999999999
T000699,2024-03-05,S039,P0079,4,565.88,61.82,INR,2024-12-22 10:01:36.795041561,2201.7
T000700,2024-11-29,S012,P0015,6,253.84,135.23,INR,2024-03-23 18:28:39.960453749,1387.81
T000701,2024-06-01,S032,P0017,5,583.65,15.57,INR,2024-11-27 18:34:16.762215853,2902.68
T000702,2024-05-19,S028,P0034,1,216.24,81.6,INR,2024-08-03 21:45:19.926602602,134.64000000000001
T000703,2024-07-08,S028,P0035,3,1106.83,211.03,INR,2024-10-02 13:31:01.732798815,3109.4599999999996
T000704,2024-01-18,S046,P0039,8,1031.48,276.12,INR,2024-07-31 10:37:13.610630751,7975.72
T000705,2024-03-01,S025,P0078,-2,112.02,278.62,INR,2024-08-13 19:21:37.969046831,-502.65999999999997
T000706,2024-09-26,S004,P0055,5,1016.78,156.01,INR,2024-02-26 13:06:41.172485113,4927.889999999999
T000707,2024-01-31,S026,P0059,3,1087.63,93.65,INR,2024-02-25 08:33:52.693905115,3169.2400000000002
T000708,2024-08-08,S036,P0005,-1,1250.84,276.22,INR,2024-05-24 23:05:43.273460150,-1527.06
T000709,2024-03-30,S050,P0030,5,1943.19,235.99,INR,2024-05-06 10:22:11.083373547,9479.960000000001
T000710,2024-05-22,S003,P0004,1,1967.12,176.13,INR,2024-09-16 21:38:58.286806107,1790.9899999999998
T000711,2024-04-15,S001,P0015,6,1101.17,250.37,INR,2024-09-20 19:22:51.285726547,6356.650000000001
T000712,2024-05-09,S017,P0035,1,1705.85,137.65,INR,2024-07-24 18:49:05.765328884,1568.1999999999998
T000713,2024-09-19,S007,P0074,-2,261.81,33.66,INR,2024-05-26 17:36:02.184431314,-557.28
T000714,2024-04-18,S048,P0055,4,1109.19,,INR,2024-09-04 00:51:07.158445835,
T000715,2024-07-25,S005,P0066,7,1389.91,160.2,INR,2024-09-07 21:08:49.233575583,9569.17
T000716,2024-06-22,S019,P0060,2,1172.98,208.59,INR,2024-10-22 07:43:58.941703081,2137.37
T000717,2024-08-30,S039,P0024,7,538.37,117.69,INR,2024-10-23 06:45:23.601582050,3650.9
T000718,2024-12-07,S046,P0092,8,219.05,40.72,INR,2024-01-26 09:24:30.056768656,1711.68
T000719,2024-09-24,S034,P0022,9,834.67,81.56,INR,2024-05-16 12:41:23.849193335,7430.469999999999
T000720,2024-03-19,S035,P0044,2,1330.52,,INR,2024-06-02 06:34:47.137371540,
T000721,2024-01-12,S049,P0032,1,1984.25,26.27,INR,2024-11-05 03:03:48.375968456,1957.98
T000722,2024-04-05,S016,P0095,3,549.41,61.48,INR,2024-07-02 03:50:10.366578817,1586.75
T000723,2024-08-05,S040,P0083,-2,1843.8,168.3,INR,2024-06-27 09:56:18.309205055,-3855.9
T000724,2024-01-19,S050,P0051,0,229.7,297.87,INR,2024-07-21 03:02:41.640272617,-297.87
T000725,2024-06-30,S047,P0085,8,1868.88,253.12,INR,2024-02-16 10:23:44.324985504,14697.92
T000726,2024-08-05,S039,P0003,9,1681.5,25.76,INR,2024-07-25 07:59:53.385867834,15107.74
T000727,2024-05-01,S027,P0070,4,139.8,252.7,INR,2024-07-20 07:33:13.955952644,306.50000000000006
T000728,2024-10-08,S041,P0032,8,666.55,160.89,INR,2024-10-02 08:46:01.160917759,5171.509999999999
T000729,2024-02-08,S038,P0002,5,196.82,198.1,INR,2024-08-19 11:10:55.109851837,785.9999999999999
T000730,2024-01-28,S050,P0088,9,1991.46,38.93,INR,2024-12-14 14:03:47.142524719,17884.21
T000731,2024-09-22,S050,P0059,6,912.9,118.63,INR,2024-01-30 05:41:16.846452713,5358.7699999999995
T000732,2024-06-29,S025,P0091,-2,1358.13,265.24,INR,2024-10-08 15:40:04.169801712,-2981.5
T000733,2024-09-08,S026,P0073,1,544.96,127.61,INR,2024-10-01 07:09:39.225217104,417.35
T000734,2024-06-07,S014,P0077,-1,1874.1,,INR,2024-04-08 07:27:41.806841373,
T000735,2024-03-30,S014,P0014,-1,620.93,93.32,INR,2024-09-11 23:18:01.320908546,-714.25
T000736,2024-10-25,S014,P0051,-2,594.41,66.46,INR,2024-08-28 15:39:14.870507717,-1255.28
T000737,2024-10-18,S025,P0011,2,697.74,,INR,2024-04-19 00:39:48.144906282,
T000738,2024-09-10,S036,P0078,-1,978.73,273.31,INR,2024-09-21 04:20:05.042085648,-1252.04
T000739,2024-04-09,S004,P0080,1,135.21,220.05,INR,2024-12-05 16:30:52.271792650,-84.84
T000740,2024-08-03,S047,P0010,6,1235.89,253.09,INR,2024-04-21 09:43:06.505239487,7162.25
T000741,2024-05-11,S015,P0084,8,160.17,241.75,INR,2024-12-23 17:31:25.792090654,1039.61
T000742,2024-02-03,S032,P0080,0,1124.48,4.38,INR,2024-03-22 20:45:08.305932522,-4.38
T000743,2024-11-30,S018,P0058,5,969.98,37.31,INR,2024-02-19 03:27:40.971326113,4812.589999999999
T000744,2024-02-19,S014,P0034,7,560.84,127.01,INR,2024-01-29 02:57:39.783883095,3798.87
T000745,2024-12-12,S001,P0080,3,726.56,33.63,INR,2024-03-18 23:51:58.319219589,2146.0499999999997
T000746,2024-06-11,S042,P0078,7,1440.75,220.48,INR,2024-05-05 00:24:06.387707710,9864.77
T000747,2024-03-08,S020,P0053,2,118.24,21.06,INR,2024-09-24 14:28:39.027774334,215.42
T000748,2024-07-16,S010,P0028,-1,701.63,124.87,INR,2024-01-27 06:48:58.218607903,-826.5
T000749,2024-11-14,S010,P0018,8,1392.56,,INR,2024-07-04 03:38:34.137423754,
T000750,2024-09-24,S024,P0026,0,389.32,163.03,INR,2024-07-08 08:11:09.172476053,-163.03
T000751,2024-10-21,S034,P0007,5,1164.73,188.81,INR,2024-03-24 04:46:51.588611603,5634.839999999999
T000752,2024-08-28,S028,P0045,9,420.97,284.09,INR,2024-01-17 14:12:01.195001602,3504.6400000000003
T000753,2024-09-09,S027,P0098,9,394.05,81.36,INR,2024-03-23 04:02:33.480488300,3465.09
T000754,2024-11-05,S040,P0045,6,1567.33,,INR,2024-03-25 02:12:43.727993011,
T000755,2024-04-01,S001,P0071,8,606.4,10.53,INR,2024-09-08 03:05:17.066208839,4840.67
T000756,2024-06-27,S033,P0097,8,813.96,0.3,INR,2024-03-26 07:54:29.009912968,6511.38
T000757,2024-03-21,S004,P0035,4,1487.03,7.61,INR,2024-05-04 04:42:51.582977057,5940.51
T000758,2024-12-26,S007,P0052,-2,441.09,134.67,INR,2024-01-18 07:29:11.251273155,-1016.8499999999999
T000759,2024-12-10,S009,P0021,9,1110.3,166.5,INR,2024-08-15 17:46:00.907753468,9826.199999999999
T000760,2024-01-15,S016,P0028,9,1843.86,1.86,INR,2024-06-22 01:29:57.490218401,16592.879999999997
T000761,2024-09-14,S005,P0096,3,1152.27,118.92,INR,2024-05-05 21:55:57.210336447,3337.89
T000762,2024-12-03,S034,P0044,4,192.81,12.26,INR,2024-09-13 13:13:54.552879333,758.98
T000763,2024-03-06,S023,P0080,9,1220.42,195.99,INR,2024-09-05 23:23:16.192036629,10787.79
T000764,2024-07-26,S043,P0056,3,271.29,189.37,INR,2024-04-29 16:28:00.078032494,624.5000000000001
T000765,2024-11-30,S050,P0010,7,636.04,235.26,INR,2024-09-15 22:24:39.688163996,4217.0199999999995
T000766,2024-01-13,S025,P0023,8,1714.38,163.88,INR,2024-05-07 02:19:07.712449551,13551.160000000002
T000767,2024-09-11,S999,P0048,-1,121.03,186.88,INR,2024-03-22 00:42:49.115936279,-307.90999999999997
T000768,2024-04-18,S013,P0052,6,246.33,83.83,INR,2024-09-19 17:42:34.193733931,1394.15
T000769,2024-12-03,S024,P0015,0,790.39,25.64,INR,2024-09-22 17:30:19.584590673,-25.64
T000770,2024-12-20,S011,P0055,3,1998.85,221.19,INR,2024-11-12 00:07:06.170274258,5775.36
T000771,2024-12-10,S999,P0043,3,654.54,183.56,INR,2024-07-01 20:16:17.911221266,1780.06
T000772,2024-06-22,S017,P0050,5,398.82,281.5,INR,2024-03-25 19:38:23.280720711,1712.6
T000773,2024-11-10,S037,P0006,1,1143.9,296.77,INR,2024-11-01 11:13:06.000052214,847.1300000000001
T000774,2024-11-04,S013,P0033,3,1086.58,,INR,2024-03-04 18:04:56.825961828,
T000775,2024-04-26,S027,P0062,-2,954.28,,INR,2024-12-08 14:15:18.098168373,
T000776,2024-10-29,S020,P0055,6,1898.64,194.23,INR,2024-04-21 22:17:05.757367849,11197.61
T000777,2024-01-14,S033,P0039,9,632.28,,INR,2024-01-07 20:21:48.928462267,
T000778,2024-08-05,S042,P0012,6,657.32,,INR,2024-03-09 04:04:22.722447634,
T000779,2024-03-24,S032,P0100,4,366.49,242.14,INR,2024-05-31 09:34:35.408447504,1223.8200000000002
T000780,2024-02-14,S008,P0031,8,1424.85,71.06,INR,2024-01-21 03:27:29.883571386,11327.74
T000781,2024-01-29,S029,P0074,-2,710.6,18.3,INR,2024-05-29 11:24:13.548555374,-1439.5
T000782,2024-09-11,S040,P0053,0,1625.21,141.68,INR,2024-03-15 01:14:49.350228071,-141.68
T000783,2024-05-04,S019,P0034,9,1946.34,94.39,INR,2024-01-07 22:02:23.809625149,17422.67
T000784,2024-09-21,S006,P0041,2,183.0,176.44,INR,2024-04-19 03:17:48.281089544,189.56
T000785,2024-01-24,S044,P0010,1,1986.93,180.05,INR,2024-03-23 14:25:40.434136391,1806.88
T000786,2024-04-25,S039,P0052,2,582.8,204.45,INR,2024-06-02 05:05:42.746584654,961.1499999999999
T000787,2024-07-15,S048,P0075,4,898.21,172.93,INR,2024-10-04 00:58:27.226424217,3419.9100000000003
T000788,2024-10-15,S041,P0057,6,1577.71,114.28,INR,2024-07-05 01:38:01.744911909,9351.98
T000789,2024-04-26,S021,P0078,-2,1364.13,7.1,INR,2024-10-07 08:15:06.210183620,-2735.36
T000790,2024-08-16,S022,P0003,2,1579.03,271.53,INR,2024-05-02 21:18:35.992489100,2886.5299999999997
T000791,2024-11-19,S042,P0057,0,986.03,98.08,INR,2024-01-05 19:29:49.334269524,-98.08
T000792,2024-08-12,S010,P0033,0,1840.53,152.15,INR,2024-12-02 14:14:12.121444941,-152.15
T000793,2024-03-26,S010,P0007,8,1600.89,167.08,INR,2024-04-24 20:53:56.679435730,12640.04
T000794,2024-01-09,S029,P0004,-1,687.53,94.46,INR,2024-07-11 07:26:53.173409939,-781.99
T000795,2024-11-13,S016,P0039,3,1902.11,92.54,INR,2024-06-20 06:19:14.688061237,5613.79
T000796,2024-01-08,S001,P0048,3,1926.0,78.26,INR,2024-07-31 19:49:31.150742054,5699.74
T000797,2024-11-15,S017,P0074,0,888.6,73.01,INR,2024-11-19 00:17:07.966363668,-73.01
T000798,2024-07-12,S030,P0079,-2,1338.72,9.12,INR,2024-11-12 13:03:42.635306835,-2686.56
T000799,2024-12-08,S026,P0016,4,1648.06,287.37,INR,2024-12-24 01:49:29.230550766,6304.87
T000800,2024-10-18,S046,P0038,-1,1652.87,178.59,INR,2024-07-11 20:30:53.173993826,-1831.4599999999998
T000801,2024-12-30,S019,P0004,5,126.83,32.42,INR,2024-12-02 16:47:10.808615446,601.73
T000802,2024-05-08,S021,P0004,0,1295.13,177.59,INR,2024-06-25 02:15:50.629216909,-177.59
T000803,2024-10-07,S017,P0100,-2,1950.03,69.67,INR,2024-01-17 04:58:39.474263668,-3969.73
T000804,2024-05-26,S046,P0027,7,539.56,93.2,INR,2024-02-23 08:40:01.345867634,3683.72
T000805,2024-06-24,S040,P0086,6,1611.66,240.35,INR,2024-05-01 21:43:04.801839352,9429.61
T000806,2024-08-17,S021,P0086,2,1115.07,265.74,INR,2024-09-21 19:00:32.694521904,1964.3999999999999
T000807,2024-11-14,S041,P0017,-2,520.79,209.95,INR,2024-01-30 16:48:51.699788570,-1251.53
T000808,2024-12-25,S040,P0098,7,196.97,279.77,INR,2024-05-11 23:11:43.064460992,1099.02
T000809,2024-10-07,S045,P0096,8,1543.85,271.51,INR,2024-12-24 13:28:57.975382090,12079.289999999999
T000810,2024-06-01,S049,P0070,3,701.29,165.35,INR,2024-10-13 18:33:36.346258163,1938.52
T000811,2024-06-02,S019,P0054,7,813.61,272.35,INR,2024-07-27 18:40:57.136329651,5422.92
T000812,2024-09-26,S007,P0097,0,1021.94,163.5,INR,2024-01-23 13:06:26.704952478,-163.5
T000813,2024-03-28,S017,P0008,8,1063.67,31.28,INR,2024-01-06 08:03:42.029857874,8478.08
T000814,2024-02-10,S001,P0053,1,491.75,248.84,INR,2024-02-08 09:58:28.365840673,242.91
T000815,2024-05-09,S037,P0100,5,1374.22,39.36,INR,2024-04-29 09:39:33.230731487,6831.740000000001
T000816,2024-04-14,S006,P0005,2,1415.83,94.79,INR,2024-08-09 08:00:20.558138132,2736.87
T000817,2024-04-18,S026,P0069,9,370.37,,INR,2024-03-13 01:55:34.501940489,
T000818,2024-03-26,S002,P0047,3,1112.53,242.19,INR,2024-01-19 16:05:00.277891159,3095.4
T000819,2024-01-16,S032,P0074,7,1257.59,,INR,2024-02-03 03:49:52.716547489,
T000820,2024-01-07,S048,P0040,1,453.88,,INR,2024-06-04 18:43:25.601261616,
T000821,2024-12-26,S005,P0007,3,1799.48,131.01,INR,2024-10-09 04:35:33.525912523,5267.43
T000822,2024-06-05,S037,P0012,0,1017.37,174.65,INR,2024-10-26 16:43:36.996248722,-174.65
T000823,2024-05-20,S031,P0094,7,318.55,106.16,INR,2024-04-16 05:37:08.991545200,2123.69
T000824,2024-09-05,S012,P0025,9,735.35,,INR,2024-08-30 03:43:06.026427984,
T000825,2024-03-20,S035,P0028,-2,1006.22,,INR,2024-05-23 08:08:16.590147257,
T000826,2024-12-12,S030,P0043,3,119.27,21.46,INR,2024-12-20 23:12:40.617459059,336.35
T000827,2024-10-14,S048,P0077,-2,160.63,262.39,INR,2024-05-27 19:27:27.524865865,-583.65
T000828,2024-02-02,S006,P0047,7,205.49,92.59,INR,2024-05-24 12:06:56.890331030,1345.8400000000001
T000829,2024-06-01,S015,P0049,9,1122.46,139.71,INR,2024-07-02 01:43:56.254469632,9962.43
T000830,2024-11-16,S015,P0086,0,738.57,222.34,INR,2024-01-10 07:24:07.786378145,-222.34
T000831,2024-12-10,S016,P0054,9,1796.9,273.01,INR,2024-06-01 13:03:06.232458115,15899.09
T000832,2024-06-19,S020,P0018,5,1162.54,2.72,INR,2024-10-29 11:28:55.940553665,5809.98
T000833,2024-08-11,S013,P0027,4,1543.8,198.66,INR,2024-08-11 09:50:18.415611982,5976.54
T000834,2024-03-01,S044,P0072,5,1405.55,20.87,INR,2024-12-19 20:07:43.096454859,7006.88
T000835,2024-12-27,S042,P0006,7,1088.61,157.7,INR,2024-04-28 20:27:23.428871155,7462.57
T000836,2024-03-25,S046,P0075,7,1514.97,,INR,2024-02-28 22:57:09.932206869,
T000837,2024-12-10,S031,P0093,-1,1134.94,50.86,INR,2024-09-30 23:02:56.599068403,-1185.8
T000838,2024-08-25,S034,P0069,7,832.37,229.14,INR,2024-01-16 22:26:06.887195587,5597.45
T000839,2024-08-09,S029,P0071,4,928.03,,INR,2024-02-28 05:42:34.008483887,
T000840,2024-07-06,S003,P0022,1,1693.15,,INR,2024-07-04 00:52:46.716311455,
T000841,2024-03-25,S009,P0059,-2,1170.22,,INR,2024-10-02 00:59:55.211009502,
T000842,2024-03-05,S011,P0047,8,816.86,194.69,INR,2024-08-07 08:29:49.412582874,6340.1900000000005
T000843,2024-03-21,S011,P0068,0,441.51,5.56,INR,2024-12-29 03:15:32.036227226,-5.56
T000844,2024-03-09,S025,P0032,2,1041.18,45.68,INR,2024-08-27 01:16:40.616845608,2036.68
T000845,2024-10-11,S022,P0083,7,579.57,256.86,INR,2024-09-21 14:42:50.118258715,3800.13
T000846,2024-05-07,S042,P0097,5,1915.6,281.95,INR,2024-12-28 18:42:14.852391481,9296.05
T000847,2024-01-22,S046,P0001,-1,1032.87,169.1,INR,2024-08-04 05:58:18.225749016,-1201.9699999999998
T000848,2024-12-19,S009,P0054,-1,117.0,179.09,INR,2024-09-17 20:03:24.706200600,-296.09000000000003
T000849,2024-11-18,S020,P0046,5,276.47,226.51,INR,2024-04-18 21:20:58.818984270,1155.8400000000001
T000850,2024-12-04,S021,P0041,6,640.22,121.83,INR,2024-07-14 21:58:41.993896008,3719.4900000000002
T000851,2024-12-29,S010,P0041,7,275.11,98.4,INR,2024-11-28 20:42:11.108281612,1827.37
T000852,2024-03-04,S022,P0008,-2,1798.53,,INR,2024-11-07 11:06:01.147051573,
T000853,2024-05-24,S029,P0032,-1,1723.27,8.49,INR,2024-04-21 19:04:55.694518328,-1731.76
T000854,2024-10-03,S009,P0030,1,1944.64,265.6,INR,2024-05-10 09:13:43.379229069,1679.04
T000855,2024-09-11,S005,P0046,9,1442.28,132.27,INR,2024-11-04 22:13:58.152649879,12848.25
T000856,2024-02-26,S040,P0092,0,1326.38,151.27,INR,2024-04-13 21:44:36.474336863,-151.27
T000857,2024-10-24,S011,P0052,-2,1854.64,190.28,INR,2024-11-19 23:32:00.247261763,-3899.5600000000004
T000858,2024-03-22,S001,P0096,1,1898.15,82.32,INR,2024-10-09 10:13:13.145314693,1815.8300000000002
T000859,2024-03-22,S042,P0089,8,1767.23,179.22,INR,2024-02-25 14:38:34.026444197,13958.62
T000860,2024-07-14,S001,P0098,8,1736.8,207.91,INR,2024-09-19 17:08:28.412333012,13686.49
T000861,2024-08-04,S039,P0061,-1,1376.24,35.38,INR,2024-10-31 12:42:12.974214554,-1411.6200000000001
T000862,2024-07-30,S046,P0097,7,103.05,,INR,2024-02-22 16:26:33.032277821,
T000863,2024-02-03,S005,P0013,2,916.08,98.83,INR,2024-06-15 22:22:31.913288593,1733.3300000000002
T000864,2024-11-16,S049,P0089,-2,1307.76,167.21,INR,2024-11-10 20:37:21.769812822,-2782.73
T000865,2024-04-06,S022,P0040,5,1139.54,,INR,2024-03-13 12:10:26.648257732,
T000866,2024-02-17,S026,P0061,7,1660.14,222.8,INR,2024-06-12 22:01:15.261094808,11398.180000000002
T000867,2024-11-20,S006,P0044,-1,1655.91,50.52,INR,2024-08-11 15:52:01.349254131,-1706.43
T000868,2024-12-14,S032,P0062,8,1237.5,206.82,INR,2024-02-05 11:55:50.406331539,9693.18
T000869,2024-11-10,S048,P0044,0,141.79,230.64,INR,2024-03-18 09:36:31.335980415,-230.64
T000870,2024-10-22,S011,P0048,0,801.73,225.78,INR,2024-06-19 08:33:29.159674644,-225.78
T000871,2024-08-27,S010,P0074,1,534.75,245.25,INR,2024-05-16 09:26:55.243903637,289.5
T000872,2024-07-20,S047,P0059,4,743.7,92.32,INR,2024-04-28 13:02:15.654317617,2882.48
T000873,2024-02-01,S039,P0057,6,1272.86,290.13,INR,2024-01-10 14:58:29.766155720,7347.03
T000874,2024-05-29,S034,P0095,0,226.28,7.15,INR,2024-12-04 16:42:37.263963699,-7.15
T000875,2024-05-16,S031,P0011,-2,142.26,144.36,INR,2024-11-14 01:39:49.456214190,-428.88
T000876,2024-04-04,S012,P0025,8,930.06,81.09,INR,2024-05-23 07:20:47.900537729,7359.389999999999
T000877,2024-09-21,S999,P0061,7,1607.79,221.96,INR,2024-03-07 04:50:40.333148718,11032.57
T000878,2024-06-29,S044,P0046,-2,158.33,241.57,INR,2024-01-26 04:50:27.315831900,-558.23
T000879,2024-01-30,S016,P0054,9,1713.19,,INR,2024-02-14 23:07:32.995874643,
T000880,2024-03-21,S038,P0034,8,829.37,89.07,INR,2024-08-07 17:43:01.852770567,6545.89
T000881,2024-09-06,S003,P0084,3,324.65,82.24,INR,2024-09-24 21:06:52.654417753,891.7099999999999
T000882,2024-01-28,S002,P0007,2,1178.25,203.08,INR,2024-02-27 02:15:23.525362015,2153.42
T000883,2024-11-06,S005,P0097,7,1909.49,278.46,INR,2024-02-11 04:02:40.185899258,13087.970000000001
T000884,2024-06-29,S011,P0062,4,1130.77,76.26,INR,2024-09-09 05:51:03.354558229,4446.82
T000885,2024-06-24,S025,P0057,4,1404.61,273.18,INR,2024-07-07 17:06:56.443219900,5345.259999999999
T000886,2024-08-04,S035,P0099,0,1651.2,177.44,INR,2024-05-15 17:17:22.530996561,-177.44
T000887,2024-10-28,S035,P0093,4,1618.75,221.38,INR,2024-09-21 14:48:59.703488827,6253.62
T000888,2024-05-06,S022,P0076,6,238.93,131.97,INR,2024-06-15 07:43:51.808032513,1301.61
T000889,2024-09-04,S037,P0005,5,1507.89,242.06,INR,2024-06-18 18:27:55.805185080,7297.39
T000890,2024-07-25,S022,P0076,0,1903.95,,INR,2024-01-06 17:53:36.351660013,
T000891,2024-04-07,S011,P0093,7,1431.24,51.17,INR,2024-04-25 08:14:27.238427401,9967.51
T000892,2024-11-16,S032,P0035,2,1689.24,,INR,2024-01-02 20:06:12.283853531,
T000893,2024-10-18,S035,P0084,5,1022.54,258.74,INR,2024-12-03 04:54:08.860720634,4853.96
T000894,2024-08-28,S031,P0037,-1,706.23,,INR,2024-04-17 06:54:23.172246456,
T000895,2024-11-06,S045,P0060,4,1384.85,123.89,INR,2024-03-06 21:21:21.586115837,5415.509999999999
T000896,2024-11-12,S008,P0065,8,1035.18,49.83,INR,2024-02-03 04:15:37.166357756,8231.61
T000897,2024-09-15,S020,P0016,7,1801.05,194.51,INR,2024-01-18 00:31:52.896958351,12412.84
T000898,2024-11-01,S042,P0030,7,1951.33,71.5,INR,2024-11-19 09:26:23.391525984,13587.81
T000899,2024-09-11,S034,P0073,4,1657.62,114.24,INR,2024-03-02 12:10:21.047001839,6516.24
T000900,2024-09-05,S004,P0042,8,1986.09,147.34,INR,2024-08-13 09:10:02.387541056,15741.38
T000901,2024-08-13,S018,P0061,9,761.9,89.14,INR,2024-08-25 16:40:14.290595055,6767.959999999999
T000902,2024-10-01,S999,P0074,5,1801.94,203.97,INR,2024-04-25 21:41:21.657426834,8805.730000000001
T000903,2024-02-27,S004,P0077,-2,726.87,33.37,INR,2024-10-31 03:14:11.026709080,-1487.11
T000904,2024-11-17,S020,P0048,5,324.27,263.94,INR,2024-03-19 02:54:18.218206406,1357.4099999999999
T000905,2024-11-14,S009,P0062,-2,1280.61,144.4,INR,2024-01-27 01:58:18.379890680,-2705.62
T000906,2024-01-11,S016,P0084,0,964.48,171.84,INR,2024-01-26 00:25:38.688795328,-171.84
T000907,2024-10-28,S026,P0093,6,1851.23,186.64,INR,2024-04-19 15:44:20.413993597,10920.740000000002
T000908,2024-02-17,S038,P0064,1,1035.17,17.9,INR,2024-06-18 02:02:21.356445551,1017.2700000000001
T000909,2024-05-02,S025,P0057,7,1862.5,227.1,INR,2024-08-17 17:13:18.195594311,12810.4
T000910,2024-09-28,S004,P0068,6,249.4,283.78,INR,2024-09-22 23:29:04.943547249,1212.6200000000001
T000911,2024-02-28,S041,P0046,-2,1677.97,155.97,INR,2024-03-06 05:19:57.804412365,-3511.91
T000912,2024-10-25,S045,P0028,5,1542.32,117.26,INR,2024-09-06 15:09:56.768178463,7594.339999999999
T000913,2024-10-30,S041,P9999,0,1467.96,235.44,INR,2024-03-07 15:03:03.087214947,-235.44
T000914,2024-07-04,S038,P0077,8,774.76,216.11,INR,2024-12-29 23:24:39.685297489,5981.97
T000915,2024-01-03,S019,P0003,4,1589.14,195.29,INR,2024-12-16 01:26:10.011064529,6161.27
T000916,2024-04-14,S014,P0037,-1,1018.26,289.61,INR,2024-02-07 09:05:22.604201794,-1307.87
T000917,2024-08-13,S021,P0048,4,1458.89,174.53,INR,2024-08-27 02:51:07.227066517,5661.030000000001
T000918,2024-12-24,S015,P0019,4,1149.23,74.51,INR,2024-11-25 16:37:04.735484362,4522.41
T000919,2024-08-18,S003,P0092,6,399.14,7.43,INR,2024-01-30 10:57:11.853015900,2387.4100000000003
T000920,2024-04-04,S037,P0083,-1,222.66,136.04,INR,2024-02-15 06:04:41.243987322,-358.7
T000921,2024-08-19,S050,P0017,5,795.75,195.7,INR,2024-05-06 15:41:56.366213322,3783.05
T000922,2024-07-16,S046,P0082,2,1872.3,51.64,INR,2024-02-04 22:34:54.061807156,3692.96
T000923,2024-10-11,S016,P0082,7,1106.5,7.73,INR,2024-11-19 05:47:14.119875908,7737.77
T000924,2024-02-09,S014,P0087,6,1624.16,272.73,INR,2024-11-15 13:46:22.186253786,9472.230000000001
T000925,2024-10-04,S009,P0040,5,1194.31,90.58,INR,2024-12-12 06:43:23.163384914,5880.969999999999
T000926,2024-07-16,S047,P0050,0,1920.02,139.81,INR,2024-03-15 19:43:50.272340059,-139.81
T000927,2024-12-17,S007,P0073,0,801.97,,INR,2024-01-17 13:16:35.207233429,
T000928,2024-05-04,S014,P0029,8,208.4,114.48,INR,2024-06-11 06:56:27.866899729,1552.72
T000929,2024-08-18,S006,P0051,9,1583.27,127.13,INR,2024-11-17 09:38:48.430635691,14122.300000000001
T000930,2024-12-06,S021,P0042,7,1440.37,270.82,INR,2024-08-21 00:47:38.261825323,9811.77
T000931,2024-02-07,S015,P0029,5,1102.32,259.64,INR,2024-12-30 09:15:29.426129580,5251.959999999999
T000932,2024-12-08,S008,P0066,6,720.14,56.7,INR,2024-11-26 13:48:55.852141619,4264.14
T000933,2024-09-08,S034,P0017,-1,457.7,166.82,INR,2024-05-23 08:29:37.704693794,-624.52
T000934,2024-01-25,S040,P0031,0,1016.32,219.37,INR,2024-01-15 10:18:35.042561293,-219.37
T000935,2024-04-19,S001,P0092,5,1365.78,87.56,INR,2024-01-02 21:18:02.248307467,6741.339999999999
T000936,2024-09-15,S032,P0052,-1,1199.88,118.33,INR,2024-08-23 03:14:45.111902237,-1318.21
T000937,2024-01-25,S049,P0039,5,931.23,295.46,INR,2024-11-30 06:06:34.371689558,4360.69
T000938,2024-07-31,S999,P0060,2,1125.42,227.92,INR,2024-06-11 03:27:23.218866110,2022.92
T000939,2024-05-06,S005,P0094,3,305.11,131.15,INR,2024-11-15 02:47:54.849874735,784.1800000000001
T000940,2024-08-14,S030,P0099,7,1422.1,160.22,INR,2024-07-25 20:39:00.225630999,9794.48
T000941,2024-01-17,S022,P0051,9,1495.09,187.73,INR,2024-02-05 18:39:08.558287859,13268.08
T000942,2024-11-14,S020,P0084,1,121.76,149.65,INR,2024-10-18 09:14:33.384542942,-27.89
T000943,2024-12-21,S016,P0016,0,613.99,123.49,INR,2024-06-28 19:07:25.448158741,-123.49
T000944,2024-12-19,S007,P0098,5,275.02,107.8,INR,2024-01-19 15:19:11.260450124,1267.3
T000945,2024-09-30,S007,P0014,6,1996.64,50.69,INR,2024-10-24 07:55:38.122274399,11929.15
T000946,2024-02-17,S050,P0090,5,1227.35,292.09,INR,2024-10-03 13:03:05.222457409,5844.66
T000947,2024-10-03,S050,P0084,6,984.9,27.42,INR,2024-06-15 21:50:10.982306957,5881.98
T000948,2024-01-09,S002,P0042,-2,979.7,180.31,INR,2024-01-08 02:30:24.172369719,-2139.71
T000949,2024-01-09,S047,P0051,2,1933.07,287.88,INR,2024-05-06 15:09:56.555689812,3578.2599999999998
T000950,2024-04-28,S014,P0024,9,1353.73,112.48,INR,2024-06-07 18:10:08.633723736,12071.09
T000951,2024-06-27,S031,P0082,4,420.45,75.73,INR,2024-03-01 08:09:30.084771633,1606.07
T000952,2024-10-08,S050,P0043,5,951.5,,INR,2024-02-28 17:31:34.861589909,
T000953,2024-09-06,S041,P0073,8,1570.97,240.52,INR,2024-03-01 22:45:06.844245911,12327.24
T000954,2024-06-11,S014,P0019,-1,904.37,196.51,INR,2024-05-15 06:15:18.818247557,-1100.88
T000955,2024-04-09,S005,P0084,9,688.11,,INR,2024-10-25 09:41:08.745335102,
T000956,2024-12-29,S011,P0061,8,1983.31,108.04,INR,2024-10-04 03:58:17.138874769,15758.439999999999
T000957,2024-06-04,S040,P0094,1,1877.71,192.4,INR,2024-01-04 16:36:07.613227129,1685.31
T000958,2024-06-13,S005,P0063,4,1888.96,217.51,INR,2024-01-04 12:28:09.485746861,7338.33
T000959,2024-02-29,S029,P0026,2,350.18,9.52,INR,2024-01-29 08:37:14.690793514,690.84
T000960,2024-10-17,S011,P0095,-2,545.08,35.31,INR,2024-06-19 07:15:23.208408594,-1125.47
T000961,2024-09-10,S005,P0035,-1,939.93,94.53,INR,2024-11-20 10:36:29.253007412,-1034.46
T000962,2024-03-21,S049,P0067,2,1681.05,96.94,INR,2024-03-07 12:34:20.430898666,3265.16
T000963,2024-01-31,S032,P0056,3,1499.97,270.15,INR,2024-06-23 00:43:54.264646530,4229.76
T000964,2024-09-05,S036,P0040,-2,1714.37,205.35,INR,2024-01-15 20:56:52.454284906,-3634.0899999999997
T000965,2024-08-26,S015,P0029,9,1849.45,112.05,INR,2024-01-08 10:03:34.923764229,16533.0
T000966,2024-04-09,S019,P0006,0,1583.46,242.76,INR,2024-01-03 17:32:41.968284130,-242.76
T000967,2024-12-13,S022,P0052,3,597.36,96.96,INR,2024-09-25 21:19:29.608575821,1695.12
T000968,2024-02-25,S034,P0001,3,642.35,297.23,INR,2024-01-09 16:42:22.502122641,1629.8200000000002
T000969,2024-06-06,S017,P0052,4,769.73,234.49,INR,2024-04-09 22:37:27.843639851,2844.4300000000003
T000970,2024-12-10,S012,P0024,7,675.84,242.52,INR,2024-08-23 10:37:12.070842743,4488.36
T000971,2024-06-02,S025,P0034,9,573.29,78.29,INR,2024-08-13 19:22:54.693701029,5081.32
T000972,2024-08-21,S017,P0007,0,1529.72,43.51,INR,2024-01-21 03:04:05.166326523,-43.51
T000973,2024-05-25,S010,P0075,-2,164.58,116.86,INR,2024-04-03 16:24:02.460028410,-446.02000000000004
T000974,2024-04-10,S028,P0011,4,1483.95,100.27,INR,2024-08-21 08:27:44.532718896,5835.53
T000975,2024-12-25,S018,P0036,9,1664.77,230.95,INR,2024-05-23 04:04:22.494913340,14751.98
T000976,2024-05-29,S999,P0020,8,225.48,,INR,2024-06-19 00:36:27.987226963,
T000977,2024-11-22,S018,P0063,0,217.51,158.24,INR,2024-03-16 14:04:15.234689474,-158.24
T000978,2024-03-24,S045,P0080,2,642.38,188.46,INR,2024-01-14 18:45:18.131385088,1096.3
T000979,2024-03-18,S032,P0063,1,495.78,115.55,INR,2024-05-05 23:58:36.340072155,380.22999999999996
T000980,2024-01-12,S014,P0069,9,1204.15,60.18,INR,2024-09-06 06:56:22.377286434,10777.17
T000981,2024-08-25,S016,P0088,-2,1383.36,268.7,INR,2024-10-06 18:47:54.066437960,-3035.4199999999996
T000982,2024-05-14,S050,P0030,9,1304.87,41.65,INR,2024-08-04 06:33:43.546690941,11702.179999999998
T000983,2024-11-11,S018,P0030,4,778.96,91.14,INR,2024-05-23 12:26:24.964671373,3024.7000000000003
T000984,2024-06-21,S016,P9999,1,1046.96,,INR,2024-07-31 20:16:10.508677244,
T000985,2024-12-19,S017,P0097,-2,1315.98,181.59,INR,2024-09-14 07:42:02.625668287,-2813.55
T000986,2024-03-08,S007,P0084,8,326.91,219.19,INR,2024-10-02 16:10:50.166837215,2396.09
T000987,2024-11-13,S012,P0022,3,536.07,,INR,2024-02-04 11:41:44.863607645,
T000988,2024-10-10,S034,P0061,1,1791.94,268.62,INR,2024-10-20 02:08:15.146540403,1523.3200000000002
T000989,2024-10-08,S010,P0021,1,750.42,91.37,INR,2024-01-24 04:03:10.702158928,659.05
T000990,2024-11-04,S005,P0037,-1,1622.2,142.29,INR,2024-11-13 17:12:26.425283432,-1764.49
T000991,2024-10-04,S021,P0027,-2,576.88,206.49,INR,2024-05-23 04:01:47.261510372,-1360.25
T000992,2024-08-16,S003,P0035,0,179.12,238.42,INR,2024-07-18 15:02:21.518615960,-238.42
T000993,2024-02-17,S019,P0038,7,1050.76,173.35,INR,2024-04-15 20:14:47.979437828,7181.969999999999
T000994,2024-01-12,S045,P0060,2,1795.72,,INR,2024-06-04 17:34:35.479331017,
T000995,2024-12-02,S044,P0070,9,1656.64,207.53,INR,2024-11-04 11:53:50.540457249,14702.23
T000996,2024-08-13,S035,P0032,6,580.58,114.61,INR,2024-04-17 22:17:59.236770391,3368.8700000000003
T000997,2024-10-17,S006,P0080,4,1828.88,268.11,INR,2024-07-24 22:13:08.148613453,7047.410000000001
T000998,2024-06-24,S014,P0092,1,1011.46,63.67,INR,2024-08-24 04:24:46.881805420,947.7900000000001
T000999,2024-02-12,S004,P0080,5,193.1,265.2,INR,2024-02-23 10:32:09.017683029,700.3
T001000,2024-02-15,S045,P0027,9,153.06,193.09,INR,2024-10-10 21:40:08.073081255,1184.45
T001001,2024-09-07,S999,P0003,1,1021.72,180.2,INR,2024-12-30 15:49:54.595764160,841.52
T001002,2024-06-06,S018,P0049,3,1138.01,140.99,INR,2024-02-26 14:20:19.741272688,3273.04
T001003,2024-03-14,S029,P0085,9,251.83,46.42,INR,2024-10-07 06:40:04.482563019,2220.05
T001004,2024-06-28,S035,P0030,-2,1852.26,259.48,INR,2024-02-23 16:21:37.075470448,-3964.0
T001005,2024-01-24,S038,P0022,3,1464.61,15.76,INR,2024-12-12 20:14:41.199197054,4378.07
T001006,2024-07-31,S016,P0019,7,1622.44,80.99,INR,2024-05-30 00:14:01.495552778,11276.09
T001007,2024-04-08,S020,P0031,2,1209.64,,INR,2024-12-23 16:04:21.245464087,
T001008,2024-10-18,S024,P0020,-1,1360.73,32.05,INR,2024-01-25 18:57:35.302548885,-1392.78
T001009,2024-04-23,S035,P0019,-2,836.93,117.13,INR,2024-10-15 16:59:41.259404658,-1790.9899999999998
T001010,2024-06-15,S044,P0002,3,1390.66,48.13,INR,2024-06-21 18:47:31.740998507,4123.85
T001011,2024-01-05,S999,P0040,8,1958.55,174.42,INR,2024-04-15 15:58:03.829834938,15493.98
T001012,2024-01-27,S019,P0039,-1,1330.66,,INR,2024-09-29 23:29:58.638108015,
T001013,2024-05-23,S004,P0091,6,749.1,264.63,INR,2024-08-19 21:28:47.436214924,4229.97
T001014,2024-06-24,S033,P0072,6,641.95,89.9,INR,2024-11-25 13:16:18.670325756,3761.8
T001015,2024-08-07,S002,P0054,-2,1930.36,92.75,INR,2024-03-31 19:34:22.356472731,-3953.47
T001016,2024-04-16,S013,P0027,2,451.5,73.91,INR,2024-12-09 00:10:10.258659124,829.09
T001017,2024-09-10,S045,P0079,5,1631.77,234.54,INR,2024-08-22 06:45:56.100311756,7924.31
T001018,2024-11-09,S030,P0012,1,984.0,128.42,INR,2024-06-13 09:48:08.621512651,855.58
T001019,2024-10-11,S034,P0078,0,943.14,165.73,INR,2024-01-20 09:25:49.077900171,-165.73
T001020,2024-01-15,S030,P0071,2,1520.32,112.39,INR,2024-10-06 06:56:34.417591333,2928.25
T001021,2024-06-24,S999,P0017,2,381.27,47.04,INR,2024-11-09 07:35:53.868760347,715.5
T001022,2024-02-08,S024,P0090,5,985.96,30.76,INR,2024-10-22 11:57:40.310269594,4899.04
T001023,2024-03-29,S048,P9999,3,168.08,260.48,INR,2024-09-25 12:26:05.948287725,243.76
T001024,2024-12-26,S044,P0084,-1,1373.77,79.64,INR,2024-12-19 20:02:30.690803051,-1453.41
T001025,2024-02-22,S033,P0010,8,210.92,282.49,INR,2024-11-05 22:08:25.743850470,1404.87
T001026,2024-07-01,S041,P0019,-2,265.85,284.19,INR,2024-12-04 16:13:12.889097452,-815.8900000000001
T001027,2024-08-13,S049,P0082,0,1705.17,143.68,INR,2024-09-23 14:59:39.938911915,-143.68
T001028,2024-09-13,S010,P0030,-1,941.61,287.58,INR,2024-10-26 09:00:52.977681637,-1229.19
T001029,2024-07-23,S018,P0030,1,481.85,8.55,INR,2024-04-15 13:01:33.470681906,473.3
T001030,2024-01-04,S019,P0025,0,1225.91,27.5,INR,2024-09-01 03:33:24.232845306,-27.5
T001031,2024-04-29,S007,P0088,6,1086.64,72.99,INR,2024-03-16 00:31:11.170640707,6446.85
T001032,2024-07-07,S019,P0074,2,880.73,62.76,INR,2024-01-26 06:48:33.731929541,1698.7
T001033,2024-02-02,S024,P0066,1,1820.29,75.79,INR,2024-07-30 10:17:09.764728308,1744.5
T001034,2024-05-07,S015,P0096,7,1523.97,135.69,INR,2024-10-12 18:16:57.395001888,10532.1
T001035,2024-01-13,S041,P0035,6,388.03,18.88,INR,2024-01-31 04:57:29.302255869,2309.2999999999997
T001036,2024-01-29,S042,P0051,1,1184.47,166.62,INR,2024-03-07 04:01:39.799694300,1017.85
T001037,2024-05-24,S023,P9999,3,268.61,92.84,INR,2024-02-03 22:23:39.386173964,712.99
T001038,2024-02-18,S004,P0071,7,564.84,21.46,INR,2024-08-19 11:23:56.322955608,3932.42
T001039,2024-07-26,S038,P0071,-2,1828.73,225.96,INR,2024-01-30 00:26:17.575859070,-3883.42
T001040,2024-09-08,S004,P0027,-1,977.95,196.03,INR,2024-02-04 01:16:09.252095461,-1173.98
T001041,2024-10-19,S005,P0010,1,1795.0,238.03,INR,2024-04-06 10:06:20.543385744,1556.97
T001042,2024-03-14,S041,P0097,6,415.4,281.77,INR,2024-04-08 15:15:26.690477371,2210.6299999999997
T001043,2024-03-02,S044,P0043,3,490.15,,INR,2024-07-22 11:43:54.317585945,
T001044,2024-02-08,S023,P0055,3,770.37,236.01,INR,2024-01-12 17:57:09.045205832,2075.1000000000004
T001045,2024-08-20,S040,P0071,8,796.02,,INR,2024-08-12 14:25:10.361200809,
T001046,2024-09-14,S037,P0006,6,1516.03,123.11,INR,2024-05-30 06:33:48.726603270,8973.07
T001047,2024-01-12,S011,P0006,9,1238.88,159.02,INR,2024-03-06 05:41:28.200994730,10990.900000000001
T001048,2024-12-07,S011,P0077,1,1151.17,162.36,INR,2024-08-26 11:18:48.725658178,988.8100000000001
T001049,2024-01-19,S013,P0048,0,1244.51,215.5,INR,2024-04-30 07:56:38.069870234,-215.5
T001050,2024-07-16,S014,P0077,4,1491.16,238.78,INR,2024-10-29 00:48:26.489198208,5725.860000000001
T001051,2024-09-15,S008,P0002,9,1796.35,200.06,INR,2024-12-27 03:25:42.949790955,15967.09
T001052,2024-11-13,S025,P0083,4,888.01,14.17,INR,2024-10-11 08:17:34.896983147,3537.87
T001053,2024-09-17,S018,P0051,6,1625.56,,INR,2024-09-28 04:35:32.828696966,
T001054,2024-10-19,S999,P0061,3,1040.68,171.73,INR,2024-05-09 15:08:39.326293468,2950.31
T001055,2024-05-03,S044,P0019,-1,1471.95,152.36,INR,2024-07-14 03:08:45.061694622,-1624.31
T001056,2024-10-24,S044,P0002,3,1762.17,13.44,INR,2024-01-20 05:29:18.491686583,5273.070000000001
T001057,2024-01-30,S018,P0051,5,161.21,294.19,INR,2024-09-22 11:27:23.950435638,511.86000000000007
T001058,2024-11-22,S010,P0026,3,1138.6,286.83,INR,2024-09-03 09:21:10.863615751,3128.97
T001059,2024-07-18,S007,P0070,6,1979.82,232.13,INR,2024-04-08 07:31:24.953277349,11646.79
T001060,2024-10-25,S050,P0020,1,1042.83,16.61,INR,2024-07-13 23:02:06.488167048,1026.22
T001061,2024-06-14,S044,P0023,0,1742.18,129.06,INR,2024-09-04 22:47:21.819756269,-129.06
T001062,2024-08-22,S014,P0054,8,453.21,122.93,INR,2024-05-14 06:45:07.731926680,3502.75
T001063,2024-07-11,S015,P0015,2,1248.15,167.41,INR,2024-09-21 20:19:36.358556032,2328.8900000000003
T001064,2024-09-24,S016,P0006,0,1753.58,16.78,INR,2024-10-17 19:12:08.287692547,-16.78
T001065,2024-01-30,S002,P0092,8,919.91,127.1,INR,2024-03-22 14:10:54.064153194,7232.179999999999
T001066,2024-01-23,S030,P0035,9,1024.77,227.35,INR,2024-04-19 22:59:09.992501736,8995.58
T001067,2024-03-31,S030,P0075,-1,255.83,299.4,INR,2024-05-26 13:41:28.270331860,-555.23
T001068,2024-02-28,S018,P0008,-1,180.13,178.63,INR,2024-03-27 00:32:25.947396517,-358.76
T001069,2024-11-14,S031,P0057,1,990.55,,INR,2024-10-10 02:19:19.739567995,
T001070,2024-03-21,S044,P0050,0,1702.6,299.56,INR,2024-07-27 17:20:32.344042301,-299.56
T001071,2024-12-22,S048,P0049,6,1869.52,,INR,2024-05-18 17:42:03.076173067,
T001072,2024-05-02,S013,P0088,4,1351.44,200.61,INR,2024-01-06 20:42:07.057811975,5205.150000000001
T001073,2024-03-07,S020,P0021,3,1670.16,63.96,INR,2024-04-28 22:37:52.232507706,4946.52
T001074,2024-10-15,S049,P0036,7,1496.22,142.69,INR,2024-11-01 07:45:26.274140835,10330.85
T001075,2024-08-28,S050,P0071,9,1432.82,23.52,INR,2024-09-28 09:09:40.162347078,12871.859999999999
T001076,2024-06-30,S035,P0069,5,1561.16,8.74,INR,2024-01-25 14:14:26.744531393,7797.06
T001077,2024-07-21,S023,P0058,6,1060.08,267.88,INR,2024-10-19 12:39:40.700868130,6092.599999999999
T001078,2024-09-19,S042,P0063,0,970.08,257.52,INR,2024-03-06 08:31:09.910600424,-257.52
T001079,2024-03-24,S033,P0093,9,402.37,93.62,INR,2024-12-26 06:35:25.077479601,3527.71
T001080,2024-12-29,S038,P0016,7,1703.25,137.09,INR,2024-11-13 00:28:14.886336088,11785.66
T001081,2024-12-21,S035,P0006,4,184.77,148.08,INR,2024-11-29 08:09:43.323292732,591.0
T001082,2024-08-25,S999,P0078,6,608.14,,INR,2024-10-07 20:23:07.678735495,
T001083,2024-03-13,S036,P0052,-2,1087.84,40.37,INR,2024-09-16 10:24:17.356807470,-2216.0499999999997
T001084,2024-09-05,S020,P0002,7,1946.04,232.52,INR,2024-03-30 05:16:15.279803753,13389.759999999998
T001085,2024-01-27,S003,P0089,6,1593.35,,INR,2024-08-02 00:51:00.420391083,
T001086,2024-01-12,S008,P0095,4,800.48,9.51,INR,2024-09-11 04:40:54.191788912,3192.41
T001087,2024-04-04,S040,P0077,7,1456.5,202.97,INR,2024-04-15 03:38:10.003446579,9992.53
T001088,2024-06-17,S032,P0018,1,1869.6,248.96,INR,2024-05-25 09:10:41.059392452,1620.6399999999999
T001089,2024-11-12,S029,P0081,8,1123.88,275.44,INR,2024-12-11 16:09:38.195382833,8715.6
T001090,2024-09-22,S007,P0092,9,977.69,202.32,INR,2024-05-28 21:42:27.786577702,8596.890000000001
T001091,2024-09-28,S002,P0076,3,1150.69,57.38,INR,2024-04-25 02:43:58.528257369,3394.69
T001092,2024-06-04,S021,P0035,8,691.91,176.93,INR,2024-02-09 03:10:53.403065681,5358.349999999999
T001093,2024-05-06,S006,P0086,8,1823.96,273.53,INR,2024-05-04 14:09:01.155261278,14318.15
T001094,2024-05-15,S028,P0039,3,1614.84,105.17,INR,2024-08-11 10:22:22.395449638,4739.349999999999
T001095,2024-12-26,S048,P0001,3,1440.42,286.01,INR,2024-02-23 22:07:59.388834715,4035.25
T001096,2024-01-15,S042,P0037,-1,1219.27,29.3,INR,2024-08-08 22:18:34.598070621,-1248.57
T001097,2024-11-12,S036,P0021,2,1942.0,218.42,INR,2024-09-27 12:52:23.684120655,3665.58
T001098,2024-07-30,S032,P0001,4,665.64,35.97,INR,2024-10-07 09:49:01.837092638,2626.59
T001099,2024-06-09,S045,P0004,3,637.96,239.66,INR,2024-12-25 10:55:23.295475483,1674.22
T001100,2024-09-21,S042,P0096,0,560.06,29.3,INR,2024-06-07 14:45:35.721657276,-29.3
T001101,2024-06-26,S046,P0058,8,1509.37,97.72,INR,2024-01-12 20:06:35.690620661,11977.24
T001102,2024-11-14,S009,P0001,9,1614.84,233.06,INR,2024-11-07 23:04:59.323021650,14300.5
T001103,2024-11-24,S011,P0013,2,1234.52,138.06,INR,2024-01-31 11:35:06.351101875,2330.98
T001104,2024-06-02,S023,P0046,5,1338.77,264.81,INR,2024-11-10 12:07:01.662943602,6429.04
T001105,2024-04-11,S050,P0047,8,763.03,,INR,2024-12-24 16:27:21.052876472,
T001106,2024-08-04,S011,P0081,2,175.54,298.49,INR,2024-11-26 23:46:10.742368460,52.589999999999975
T001107,2024-11-29,S049,P0076,9,581.91,5.6,INR,2024-12-17 20:43:55.027085304,5231.589999999999
T001108,2024-03-17,S002,P0007,7,1210.18,208.82,INR,2024-01-09 12:25:21.934535503,8262.44
T001109,2024-08-15,S003,P0051,0,1644.57,274.77,INR,2024-01-05 03:35:58.755869865,-274.77
T001110,2024-08-18,S011,P0003,6,1576.67,160.8,INR,2024-03-17 18:12:30.713433504,9299.220000000001
T001111,2024-09-24,S050,P0050,8,441.03,296.55,INR,2024-10-18 12:43:11.005775928,3231.6899999999996
T001112,2024-02-18,S035,P0026,0,197.75,212.41,INR,2024-02-02 15:16:20.514142035,-212.41
T001113,2024-09-18,S015,P0031,-1,1716.06,128.86,INR,2024-09-29 11:29:58.832828999,-1844.92
T001114,2024-11-27,S043,P0100,3,243.62,154.61,INR,2024-01-05 14:01:34.043363571,576.25
T001115,2024-03-06,S011,P0062,5,847.29,263.24,INR,2024-09-23 20:25:47.684144974,3973.21
T001116,2024-03-27,S031,P0026,3,279.03,287.28,INR,2024-04-01 06:36:23.548527241,549.81
T001117,2024-12-20,S028,P0067,-2,1171.69,166.77,INR,2024-06-09 18:14:39.746912479,-2510.15
T001118,2024-03-07,S028,P0055,5,790.34,92.15,INR,2024-12-22 10:11:14.773835182,3859.55
T001119,2024-11-07,S032,P0028,-2,484.74,71.8,INR,2024-07-20 09:11:59.128462315,-1041.28
T001120,2024-06-28,S025,P0044,6,1230.82,,INR,2024-01-28 05:42:11.794157267,
T001121,2024-03-31,S020,P0081,5,790.44,88.9,INR,2024-11-14 16:38:00.301224470,3863.3
T001122,2024-11-13,S028,P0038,3,416.9,126.25,INR,2024-04-28 03:19:32.617377520,1124.4499999999998
T001123,2024-06-11,S025,P0030,-1,1430.16,250.34,INR,2024-08-01 15:41:43.257241726,-1680.5
T001124,2024-07-06,S011,P0066,6,1689.94,141.6,INR,2024-09-16 19:07:21.680838823,9998.039999999999
T001125,2024-05-11,S019,P0008,5,620.11,192.26,INR,2024-10-10 19:00:56.409065485,2908.29
T001126,2024-08-04,S028,P0014,1,454.21,27.03,INR,2024-06-06 20:39:34.046499491,427.17999999999995
T001127,2024-02-29,S001,P9999,-1,242.98,228.64,INR,2024-10-09 04:14:50.382981539,-471.62
T001128,2024-05-22,S005,P0099,3,1103.01,144.87,INR,2024-02-12 15:59:38.586406469,3164.16
T001129,2024-12-19,S010,P0062,-2,1679.46,108.28,INR,2024-07-10 20:51:32.571769714,-3467.2000000000003
T001130,2024-04-04,S042,P0075,4,576.5,183.3,INR,2024-01-08 23:42:59.890826702,2122.7
T001131,2024-08-27,S046,P0063,-2,975.21,30.6,INR,2024-05-28 06:56:04.648674011,-1981.02
T001132,2024-04-28,S034,P0079,3,405.53,124.2,INR,2024-05-13 03:21:10.744915009,1092.3899999999999
T001133,2024-10-09,S036,P0066,2,867.98,243.29,INR,2024-12-23 00:26:30.199313402,1492.67
T001134,2024-02-17,S002,P9999,9,129.35,78.62,INR,2024-05-25 05:09:13.842513084,1085.5299999999997
T001135,2024-12-19,S018,P0096,7,1830.39,,INR,2024-11-27 02:07:38.792037249,
T001136,2024-06-14,S013,P0040,0,1385.49,181.09,INR,2024-06-07 21:13:34.235363722,-181.09
T001137,2024-03-27,S999,P0013,3,732.35,162.24,INR,2024-07-13 16:28:37.817451954,2034.8100000000002
T001138,2024-01-27,S005,P0017,1,1774.28,119.87,INR,2024-05-08 00:16:23.738235474,1654.4099999999999
T001139,2024-03-02,S020,P0015,9,447.57,222.6,INR,2024-08-21 14:32:10.189072609,3805.53
T001140,2024-07-08,S002,P0033,3,249.59,,INR,2024-09-26 18:41:38.085600376,
T001141,2024-05-03,S011,P0016,1,1890.98,238.96,INR,2024-10-15 17:41:09.269762278,1652.02
T001142,2024-10-29,S030,P0013,-2,687.13,99.5,INR,2024-09-10 06:54:37.515365839,-1473.76
T001143,2024-06-06,S032,P0086,2,1878.35,,INR,2024-04-30 10:20:26.178864717,
T001144,2024-03-31,S032,P0023,5,1311.46,283.03,INR,2024-04-30 16:01:11.650993586,6274.27
T001145,2024-08-13,S050,P0036,3,1962.08,83.98,INR,2024-05-06 23:40:21.063445090,5802.26
T001146,2024-09-14,S038,P0043,7,1531.52,294.3,INR,2024-01-14 19:24:11.192976236,10426.34
T001147,2024-03-01,S028,P0050,6,300.42,123.16,INR,2024-12-10 05:08:06.902869463,1679.36
T001148,2024-03-02,S010,P0074,1,1719.23,11.56,INR,2024-03-12 10:33:10.944427967,1707.67
T001149,2024-01-14,S022,P0081,7,380.97,107.31,INR,2024-02-28 02:40:06.465649605,2559.48
T001150,2024-09-25,S017,P0094,6,1415.18,44.89,INR,2024-07-20 14:37:30.549335241,8446.19
T001151,2024-08-30,S022,P0013,5,1050.77,91.29,INR,2024-01-18 07:21:35.979332447,5162.56
T001152,2024-06-22,S043,P0030,0,1444.68,28.79,INR,2024-11-01 19:30:26.846043348,-28.79
T001153,2024-11-04,S019,P0057,3,1553.48,,INR,2024-11-15 19:31:00.669294834,
T001154,2024-10-21,S017,P0030,1,1626.96,38.01,INR,2024-05-25 04:48:51.338985682,1588.95
T001155,2024-08-01,S024,P0071,-2,1686.46,13.04,INR,2024-12-20 13:37:39.270926476,-3385.96
T001156,2024-11-12,S036,P0010,6,1709.73,88.86,INR,2024-04-28 08:29:37.257514238,10169.52
T001157,2024-03-16,S032,P0099,1,883.89,282.29,INR,2024-04-04 23:40:06.424734592,601.5999999999999
T001158,2024-02-10,S046,P0066,8,1789.53,284.82,INR,2024-12-27 05:40:38.384282112,14031.42
T001159,2024-04-08,S036,P0094,2,1467.2,253.99,INR,2024-04-01 08:40:24.142109871,2680.41
T001160,2024-01-21,S028,P0083,0,1694.04,3.64,INR,2024-06-11 03:39:05.035941839,-3.64
T001161,2024-07-12,S014,P0039,1,1979.46,8.44,INR,2024-08-11 07:57:49.223463058,1971.02
T001162,2024-12-07,S036,P0037,6,321.19,3.11,INR,2024-04-27 17:21:50.018584013,1924.03
T001163,2024-01-15,S006,P0003,4,804.1,109.99,INR,2024-05-20 05:44:24.317533255,3106.4100000000003
T001164,2024-02-14,S009,P0089,5,1632.44,294.08,INR,2024-09-20 01:50:55.623180389,7868.120000000001
T001165,2024-06-14,S021,P0034,0,263.98,269.05,INR,2024-09-20 21:41:59.656744719,-269.05
T001166,2024-12-06,S012,P0086,0,1127.48,75.16,INR,2024-10-20 07:41:52.638376474,-75.16
T001167,2024-04-25,S030,P0038,4,1730.96,123.06,INR,2024-08-04 16:49:38.090472937,6800.78
T001168,2024-07-04,S031,P0014,5,136.08,247.33,INR,2024-03-26 05:40:08.354254007,433.07000000000005
T001169,2024-01-16,S040,P0064,2,1885.09,227.58,INR,2024-05-01 14:02:17.111856461,3542.6
T001170,2024-02-24,S004,P0039,-2,1958.48,39.79,INR,2024-11-24 18:11:27.571055651,-3956.75
T001171,2024-12-26,S031,P0054,0,712.33,32.33,INR,2024-09-24 19:27:38.517211199,-32.33
T001172,2024-12-18,S027,P0002,2,1556.9,163.12,INR,2024-02-02 03:07:42.901733160,2950.6800000000003
T001173,2024-01-02,S025,P0096,0,341.63,30.63,INR,2024-10-02 01:40:48.867858171,-30.63
T001174,2024-12-13,S005,P0043,-2,1568.44,247.51,INR,2024-04-30 16:33:38.973603249,-3384.3900000000003
T001175,2024-08-21,S006,P0053,4,1014.89,76.0,INR,2024-01-09 11:28:06.192236185,3983.56
T001176,2024-11-12,S005,P0003,-2,1734.52,56.5,INR,2024-06-25 13:29:26.790709257,-3525.54
T001177,2024-06-14,S999,P0041,7,503.95,55.7,INR,2024-11-18 10:33:02.594290495,3471.9500000000003
T001178,2024-07-07,S027,P0008,3,1378.05,13.57,INR,2024-06-11 04:30:02.534905910,4120.58
T001179,2024-06-27,S008,P0090,3,1593.63,192.55,INR,2024-12-26 21:53:22.938097954,4588.34
T001180,2024-08-31,S009,P0096,4,484.74,49.35,INR,2024-03-05 23:57:00.401800871,1889.6100000000001
T001181,2024-02-20,S015,P0075,9,1654.75,70.0,INR,2024-05-08 01:51:40.358595371,14822.75
T001182,2024-01-11,S036,P0063,8,1920.17,225.39,INR,2024-01-07 01:34:50.820268631,15135.970000000001
T001183,2024-04-22,S041,P0065,-2,1270.55,17.24,INR,2024-01-19 09:06:00.638606310,-2558.3399999999997
T001184,2024-09-14,S007,P0079,8,1591.22,60.82,INR,2024-05-09 07:48:58.291306496,12668.94
T001185,2024-03-14,S032,P0004,0,1111.91,44.8,INR,2024-07-11 20:40:48.396221876,-44.8
T001186,2024-09-02,S008,P0068,9,1236.4,1.45,INR,2024-03-27 12:56:39.641511440,11126.15
T001187,2024-12-20,S047,P0092,6,125.37,161.8,INR,2024-03-01 18:11:34.534758091,590.4200000000001
T001188,2024-02-04,S999,P0010,-1,1096.15,57.01,INR,2024-06-02 13:05:59.611596107,-1153.16
T001189,2024-09-02,S015,P0075,2,1193.57,189.87,INR,2024-03-03 07:07:05.771010399,2197.27
T001190,2024-06-10,S037,P0050,0,1373.09,150.53,INR,2024-08-18 06:39:16.702971220,-150.53
T001191,2024-11-12,S019,P0023,9,421.84,200.36,INR,2024-12-14 16:19:55.331892967,3596.2
T001192,2024-03-05,S039,P0061,9,558.61,294.47,INR,2024-10-21 09:19:12.987219095,4733.0199999999995
T001193,2024-09-09,S006,P0047,2,1536.41,65.96,INR,2024-03-19 13:16:21.876318455,3006.86
T001194,2024-11-01,S019,P0003,4,418.51,199.76,INR,2024-12-13 03:56:43.115607977,1474.28
T001195,2024-12-10,S028,P0017,-2,890.45,250.08,INR,2024-10-01 03:52:44.252852678,-2030.98
T001196,2024-09-06,S017,P0022,0,575.93,287.22,INR,2024-02-26 13:33:18.191867590,-287.22
T001197,2024-06-30,S042,P0091,8,1135.85,186.7,INR,2024-07-30 11:48:45.944880724,8900.099999999999
T001198,2024-08-13,S019,P0016,3,1975.05,39.25,INR,2024-12-18 18:21:10.529566288,5885.9
T001199,2024-11-13,S031,P0080,4,1718.87,16.15,INR,2024-02-05 07:36:04.050691128,6859.33
T001200,2024-07-27,S011,P0003,7,612.0,83.55,INR,2024-04-08 22:00:12.885188103,4200.45
T001201,2024-01-12,S015,P0052,0,800.36,278.45,INR,2024-05-16 13:02:37.237356901,-278.45
T001202,2024-12-05,S010,P0033,1,1845.4,161.08,INR,2024-02-12 04:36:20.999128103,1684.3200000000002
T001203,2024-09-08,S043,P0042,3,1806.76,173.79,INR,2024-04-19 05:23:41.435158491,5246.49
T001204,2024-09-03,S023,P0002,2,405.0,183.18,INR,2024-09-09 16:46:08.028071880,626.8199999999999
T001205,2024-03-19,S003,P0039,8,1675.62,99.66,INR,2024-06-23 04:36:42.413119555,13305.3
T001206,2024-08-28,S003,P0046,6,665.46,54.48,INR,2024-06-02 16:36:33.258366584,3938.28
T001207,2024-05-23,S018,P0048,9,1133.23,286.27,INR,2024-06-06 15:47:16.467003822,9912.8
T001208,2024-08-25,S025,P0027,-2,109.69,226.62,INR,2024-10-04 06:33:13.512371063,-446.0
T001209,2024-02-08,S043,P0015,2,1997.32,153.32,INR,2024-12-27 19:37:15.010367393,3841.3199999999997
T001210,2024-08-28,S020,P0007,8,1546.08,113.01,INR,2024-08-02 20:32:17.495691776,12255.63
T001211,2024-12-30,S029,P0057,-2,559.29,144.83,INR,2024-10-01 07:34:46.786872149,-1263.4099999999999
T001212,2024-01-18,S022,P0042,5,1399.21,10.1,INR,2024-05-15 23:37:28.338086128,6985.95
T001213,2024-12-22,S050,P0009,4,657.28,74.25,INR,2024-11-10 03:12:25.206988573,2554.87
T001214,2024-05-28,S015,P0006,2,269.97,75.21,INR,2024-06-02 10:03:15.348318338,464.7300000000001
T001215,2024-11-13,S039,P0057,3,908.09,133.6,INR,2024-12-07 07:40:39.626431227,2590.67
T001216,2024-10-12,S010,P0076,1,1266.07,70.88,INR,2024-09-28 09:06:01.925518990,1195.19
T001217,2024-07-25,S021,P0030,6,270.58,55.64,INR,2024-09-15 05:12:08.783020735,1567.84
T001218,2024-09-26,S029,P0055,0,1084.97,229.66,INR,2024-04-15 21:34:55.707720518,-229.66
T001219,2024-11-16,S032,P0084,-1,1078.24,268.05,INR,2024-10-17 14:09:40.700281858,-1346.29
T001220,2024-05-27,S010,P0084,4,1294.43,20.14,INR,2024-02-08 10:15:48.209745884,5157.58
T001221,2024-04-29,S013,P0054,-1,564.83,62.9,INR,2024-07-15 09:05:32.436090708,-627.73
T001222,2024-08-31,S047,P0027,3,139.22,232.11,INR,2024-09-25 09:54:18.456305027,185.54999999999995
T001223,2024-10-21,S023,P0084,8,717.23,244.75,INR,2024-11-18 12:15:56.884750366,5493.09
T001224,2024-10-05,S050,P0059,5,857.3,150.05,INR,2024-07-26 22:09:57.894987345,4136.45
T001225,2024-10-18,S023,P0007,0,1307.91,208.46,INR,2024-04-04 06:54:33.229690075,-208.46
T001226,2024-06-07,S031,P0040,0,1867.33,23.28,INR,2024-11-05 20:01:34.351457834,-23.28
T001227,2024-10-25,S004,P0094,0,486.43,254.86,INR,2024-10-07 07:30:33.178780794,-254.86
T001228,2024-02-13,S049,P0072,-2,1405.93,249.82,INR,2024-02-26 01:13:38.187915325,-3061.6800000000003
T001229,2024-07-17,S003,P0002,6,285.06,208.02,INR,2024-11-14 10:06:54.130412816,1502.3400000000001
T001230,2024-01-03,S021,P0014,2,462.18,274.9,INR,2024-12-16 08:31:28.511150122,649.46
T001231,2024-04-28,S002,P0010,6,1067.36,14.29,INR,2024-07-15 06:33:07.595246553,6389.87
T001232,2024-05-13,S004,P0050,2,1445.92,69.29,INR,2024-01-15 00:04:36.948537588,2822.55
T001233,2024-05-24,S001,P0018,4,1731.28,108.76,INR,2024-11-30 04:46:53.330088139,6816.36
T001234,2024-09-10,S015,P0018,-2,1513.42,47.58,INR,2024-02-14 19:25:44.056995392,-3074.42
T001235,2024-05-21,S033,P0016,6,129.17,,INR,2024-08-19 02:08:47.775292873,
T001236,2024-06-12,S006,P0052,-2,1399.47,227.16,INR,2024-05-26 07:56:50.449488401,-3026.1
T001237,2024-03-27,S007,P0069,1,1666.85,231.98,INR,2024-12-28 02:12:53.226348162,1434.87
T001238,2024-05-16,S019,P0052,4,1098.51,87.39,INR,2024-11-30 18:21:45.053492785,4306.65
T001239,2024-03-23,S044,P0031,8,1934.64,228.81,INR,2024-10-13 08:15:11.575682163,15248.310000000001
T001240,2024-01-27,S001,P9999,9,108.19,36.92,INR,2024-03-13 17:40:02.557252645,936.7900000000001
T001241,2024-08-08,S039,P0084,6,1655.45,32.04,INR,2024-09-12 04:55:50.064158678,9900.66
T001242,2024-08-31,S019,P0023,-2,736.16,175.22,INR,2024-07-27 19:59:50.224761963,-1647.54
T001243,2024-08-14,S045,P0096,9,1335.85,14.6,INR,2024-02-19 09:38:15.509919643,12008.05
T001244,2024-06-18,S026,P0042,8,1417.62,281.6,INR,2024-10-17 01:24:23.284280539,11059.359999999999
T001245,2024-05-18,S044,P0081,3,681.87,98.65,INR,2024-02-01 13:21:27.071634054,1946.96
T001246,2024-11-11,S012,P0062,8,1991.31,,INR,2024-06-24 18:54:02.683030128,
T001247,2024-07-08,S022,P0077,7,296.18,243.97,INR,2024-06-04 16:41:44.650192976,1829.2900000000002
T001248,2024-06-23,S013,P0050,8,398.36,120.02,INR,2024-10-21 06:17:21.479654312,3066.86
T001249,2024-01-10,S028,P0077,2,1795.16,129.19,INR,2024-06-05 01:29:26.087934732,3461.13
T001250,2024-05-04,S014,P0081,0,326.44,104.38,INR,2024-09-10 10:09:47.912739515,-104.38
T001251,2024-05-18,S022,P0015,7,824.44,105.52,INR,2024-06-23 13:33:50.316728830,5665.5599999999995
T001252,2024-05-25,S030,P0090,-1,1492.97,140.39,INR,2024-07-31 10:30:07.471235037,-1633.3600000000001
T001253,2024-07-30,S044,P0044,-2,1603.83,283.78,INR,2024-03-28 23:31:08.905223131,-3491.4399999999996
T001254,2024-07-13,S020,P0092,-1,1913.87,280.81,INR,2024-03-14 21:29:26.133185862,-2194.68
T001255,2024-08-09,S044,P0042,9,1600.19,163.55,INR,2024-09-16 02:50:25.813233376,14238.160000000002
T001256,2024-10-06,S027,P0045,1,1704.61,136.79,INR,2024-02-14 15:36:50.788022041,1567.82
T001257,2024-10-23,S038,P0094,3,1903.81,242.45,INR,2024-03-05 05:37:11.395741940,5468.9800000000005
T001258,2024-09-19,S042,P0035,9,1152.01,204.28,INR,2024-12-09 10:41:25.675796032,10163.81
T001259,2024-12-14,S041,P0022,2,752.52,,INR,2024-04-02 11:09:44.841508389,
T001260,2024-01-07,S034,P0074,1,1547.06,219.18,INR,2024-04-28 00:04:14.569602728,1327.8799999999999
T001261,2024-03-12,S039,P0075,5,410.73,285.7,INR,2024-08-19 02:46:55.897053003,1767.95
T001262,2024-01-03,S041,P0038,9,229.64,265.87,INR,2024-06-09 17:30:12.383621454,1800.8899999999999
T001263,2024-08-24,S044,P0097,4,1592.13,256.57,INR,2024-07-23 00:50:38.154816389,6111.950000000001
T001264,2024-11-23,S037,P0070,1,1906.28,117.46,INR,2024-02-22 18:37:52.169283390,1788.82
T001265,2024-03-29,S001,P0064,7,940.65,115.86,INR,2024-09-02 10:17:28.477913618,6468.6900000000005
T001266,2024-12-04,S015,P9999,2,406.15,222.36,INR,2024-02-27 03:40:12.592109203,589.9399999999999
T001267,2024-01-22,S032,P0007,9,1044.34,25.12,INR,2024-09-29 22:04:32.317639112,9373.939999999999
T001268,2024-12-07,S008,P0044,7,847.3,96.66,INR,2024-07-10 02:53:14.778108358,5834.44
T001269,2024-05-08,S033,P0076,2,807.7,279.67,INR,2024-10-24 21:51:02.832062483,1335.73
T001270,2024-02-07,S018,P0007,0,1293.35,135.03,INR,2024-03-04 00:42:13.134058714,-135.03
T001271,2024-06-26,S045,P0066,6,432.0,80.97,INR,2024-05-17 19:14:57.826351643,2511.03
T001272,2024-04-03,S029,P0060,8,822.91,142.94,INR,2024-11-05 02:14:53.691369772,6440.34
T001273,2024-04-13,S032,P0001,2,1750.49,86.58,INR,2024-10-18 12:43:11.316972971,3414.4
T001274,2024-04-22,S033,P0062,9,1486.36,230.48,INR,2024-12-18 12:00:17.342268467,13146.76
T001275,2024-10-20,S005,P0087,7,205.62,255.18,INR,2024-03-22 00:22:24.936443806,1184.16
T001276,2024-07-15,S018,P0089,-1,1076.42,234.8,INR,2024-07-15 17:53:08.029833555,-1311.22
T001277,2024-04-23,S048,P0018,1,273.46,,INR,2024-01-07 12:40:13.226449013,
T001278,2024-08-10,S010,P0007,9,1919.24,100.82,INR,2024-12-18 07:27:17.619126320,17172.34
T001279,2024-09-18,S036,P0054,1,564.82,64.19,INR,2024-03-04 22:06:50.090829372,500.63000000000005
T001280,2024-04-09,S033,P0067,2,1871.98,12.84,INR,2024-11-26 05:14:19.077142715,3731.12
T001281,2024-05-30,S023,P0093,5,1684.62,221.75,INR,2024-09-04 14:11:54.037073851,8201.349999999999
T001282,2024-02-14,S040,P0010,2,1147.59,128.51,INR,2024-12-07 22:47:33.699734688,2166.67
T001283,2024-03-07,S005,P0061,-2,738.98,82.99,INR,2024-03-31 14:29:15.233267546,-1560.95
T001284,2024-09-05,S034,P0059,-1,1730.1,92.26,INR,2024-05-05 23:38:20.946235418,-1822.36
T001285,2024-03-07,S024,P0059,0,390.29,40.5,INR,2024-03-01 00:09:34.120409012,-40.5
T001286,2024-07-10,S017,P0069,0,441.95,248.03,INR,2024-06-03 04:31:05.817191601,-248.03
T001287,2024-09-15,S031,P0063,7,526.97,43.18,INR,2024-12-11 20:05:43.617084742,3645.61
T001288,2024-02-09,S007,P0098,3,1235.62,,INR,2024-07-27 11:23:21.623835325,
T001289,2024-07-26,S017,P0008,6,697.22,,INR,2024-05-31 21:15:58.607156038,
T001290,2024-04-03,S028,P0078,7,1979.44,130.92,INR,2024-04-28 13:49:44.625066519,13725.16
T001291,2024-12-17,S038,P0055,-2,470.71,,INR,2024-08-01 10:30:48.188244581,
T001292,2024-06-25,S022,P0006,3,1630.66,215.73,INR,2024-09-20 23:23:03.396921873,4676.250000000001
T001293,2024-10-21,S015,P0001,6,282.09,214.59,INR,2024-05-28 11:28:01.101721525,1477.95
T001294,2024-07-19,S037,P0056,1,771.55,11.59,INR,2024-03-25 06:40:26.593139887,759.9599999999999
T001295,2024-01-16,S015,P0097,7,563.15,34.76,INR,2024-08-01 12:38:14.538550138,3907.2899999999995
T001296,2024-08-19,S050,P0075,0,1955.99,271.39,INR,2024-05-13 10:19:43.423805952,-271.39
T001297,2024-12-13,S050,P0088,3,148.89,237.54,INR,2024-12-28 22:16:55.333289862,209.12999999999997
T001298,2024-08-07,S025,P0010,3,1471.17,116.85,INR,2024-06-09 23:33:03.322818756,4296.66
T001299,2024-10-26,S021,P0023,-1,570.67,49.91,INR,2024-06-07 14:07:19.453224659,-620.5799999999999
T001300,2024-11-18,S038,P0016,2,1641.37,78.23,INR,2024-11-02 09:43:50.949199438,3204.5099999999998
T001301,2024-03-24,S002,P9999,-2,691.33,197.41,INR,2024-04-01 14:55:34.661429644,-1580.0700000000002
T001302,2024-03-18,S027,P0016,6,455.84,283.65,INR,2024-01-25 02:02:47.777507305,2451.39
T001303,2024-08-11,S049,P0056,6,1416.78,184.72,INR,2024-11-07 15:27:10.126692772,8315.960000000001
T001304,2024-05-30,S032,P0095,0,589.4,7.93,INR,2024-08-02 23:59:36.609464884,-7.93
T001305,2024-11-02,S021,P0006,2,1022.54,195.22,INR,2024-04-04 22:58:23.932780266,1849.86
T001306,2024-11-24,S004,P0030,0,349.91,283.43,INR,2024-05-05 02:33:53.840193510,-283.43
T001307,2024-05-08,S044,P0063,4,1476.74,107.59,INR,2024-06-04 08:41:50.525640965,5799.37
T001308,2024-03-27,S019,P9999,-2,872.99,280.07,INR,2024-09-05 08:13:31.338360786,-2026.05
T001309,2024-10-11,S002,P0001,2,367.1,,INR,2024-06-19 21:16:29.950444937,
T001310,2024-04-10,S026,P0051,3,1509.03,56.95,INR,2024-05-24 11:22:45.575000525,4470.14
T001311,2024-10-27,S034,P0089,8,296.39,43.59,INR,2024-10-11 20:53:11.615116596,2327.5299999999997
T001312,2024-06-03,S014,P0046,9,1192.16,,INR,2024-01-27 05:23:35.289394140,
T001313,2024-08-31,S015,P0021,4,1254.22,209.77,INR,2024-08-26 04:13:23.384607315,4807.11
T001314,2024-02-04,S020,P0099,0,1867.67,176.86,INR,2024-06-12 20:34:06.184478998,-176.86
T001315,2024-08-15,S034,P0038,4,386.86,136.66,INR,2024-05-02 05:19:00.218400717,1410.78
T001316,2024-06-13,S036,P0069,1,1341.36,,INR,2024-12-04 13:33:46.950026035,
T001317,2024-08-02,S019,P0063,7,823.46,272.17,INR,2024-10-10 22:39:39.678744555,5492.05
T001318,2024-03-02,S009,P0050,8,861.55,64.12,INR,2024-03-21 00:42:23.893128872,6828.28
T001319,2024-09-25,S007,P0012,3,1053.47,85.08,INR,2024-08-26 02:28:01.868297577,3075.33
T001320,2024-11-10,S030,P0069,2,544.19,16.48,INR,2024-10-27 03:13:46.795209646,1071.9
T001321,2024-03-20,S013,P0073,1,976.25,82.6,INR,2024-12-27 02:36:52.538215160,893.65
T001322,2024-02-04,S027,P0044,3,1405.01,276.87,INR,2024-09-11 22:12:10.615472794,3938.16
T001323,2024-01-09,S044,P0052,9,968.51,56.28,INR,2024-09-09 02:27:09.748029947,8660.31
T001324,2024-08-22,S035,P0009,0,180.77,61.19,INR,2024-08-11 20:26:16.341882229,-61.19
T001325,2024-08-09,S013,P0099,0,589.87,179.99,INR,2024-01-15 14:25:22.351373911,-179.99
T001326,2024-07-18,S015,P0065,2,767.77,170.09,INR,2024-08-01 13:05:40.706665993,1365.45
T001327,2024-03-25,S046,P0010,8,773.97,52.79,INR,2024-10-20 20:13:02.875786781,6138.97
T001328,2024-05-22,S009,P0046,2,253.91,46.28,INR,2024-05-24 07:51:56.054948807,461.53999999999996
T001329,2024-08-04,S045,P0100,6,954.18,35.09,INR,2024-08-02 05:56:17.600125313,5689.99
T001330,2024-06-30,S023,P0058,1,1414.7,258.33,INR,2024-12-04 04:02:12.334488153,1156.3700000000001
T001331,2024-12-26,S036,P0037,2,192.48,196.33,INR,2024-03-03 19:01:07.557519197,188.62999999999997
T001332,2024-02-19,S040,P0052,9,1526.76,286.03,INR,2024-04-12 08:58:03.774624109,13454.81
T001333,2024-09-10,S003,P0099,6,1914.7,49.75,INR,2024-02-10 06:22:53.397984028,11438.45
T001334,2024-05-27,S034,P0081,1,117.74,138.18,INR,2024-07-01 14:08:33.837535381,-20.440000000000012
T001335,2024-06-05,S019,P0013,0,468.02,222.91,INR,2024-11-02 11:19:43.226590157,-222.91
T001336,2024-09-18,S028,P0006,4,1132.63,64.06,INR,2024-06-07 20:30:03.601336241,4466.46
T001337,2024-09-09,S023,P0058,4,514.29,205.4,INR,2024-01-26 11:47:49.752363205,1851.7599999999998
T001338,2024-12-27,S040,P9999,5,1552.79,142.14,INR,2024-04-06 04:35:25.386023283,7621.8099999999995
T001339,2024-02-16,S049,P0048,1,693.06,129.25,INR,2024-11-20 17:49:44.486691952,563.81
T001340,2024-02-08,S045,P0032,1,657.89,193.5,INR,2024-07-22 11:54:40.344304562,464.39
T001341,2024-09-21,S007,P0011,6,101.76,140.31,INR,2024-11-29 15:15:50.317045450,470.25000000000006
T001342,2024-07-30,S041,P0081,7,613.24,246.0,INR,2024-10-31 13:40:38.764116287,4046.6800000000003
T001343,2024-04-10,S012,P0005,4,513.57,279.16,INR,2024-05-31 05:11:40.310244799,1775.1200000000001
T001344,2024-01-29,S014,P0006,0,752.16,176.66,INR,2024-08-19 05:50:43.581089497,-176.66
T001345,2024-02-01,S046,P0074,6,380.55,90.18,INR,2024-08-30 12:21:51.020568609,2193.1200000000003
T001346,2024-11-22,S015,P0097,2,1229.83,233.17,INR,2024-09-29 13:56:43.949433088,2226.49
T001347,2024-03-11,S003,P0094,1,553.61,51.15,INR,2024-05-01 12:47:11.747694254,502.46000000000004
T001348,2024-04-28,S015,P0021,-2,1680.33,,INR,2024-04-15 11:32:51.156742573,
T001349,2024-03-23,S999,P0042,6,640.66,155.62,INR,2024-09-06 20:59:51.481834173,3688.34
T001350,2024-05-09,S024,P0081,3,500.65,194.02,INR,2024-10-25 20:17:13.445887089,1307.9299999999998
T001351,2024-01-26,S046,P0027,8,207.83,,INR,2024-05-31 04:48:06.659882545,
T001352,2024-07-08,S008,P0003,-1,1505.82,286.56,INR,2024-04-27 04:33:37.617222071,-1792.3799999999999
T001353,2024-01-25,S005,P0060,4,1065.6,262.0,INR,2024-10-28 07:42:03.568141699,4000.3999999999996
T001354,2024-10-19,S999,P0093,0,316.19,296.61,INR,2024-09-07 17:41:12.211006641,-296.61
T001355,2024-03-26,S004,P0066,3,520.54,142.71,INR,2024-05-05 09:29:53.412395239,1418.9099999999999
T001356,2024-07-16,S014,P0093,5,1997.57,94.96,INR,2024-07-12 07:52:27.797813177,9892.890000000001
T001357,2024-11-17,S016,P0049,0,1631.45,137.91,INR,2024-12-16 17:09:19.575975657,-137.91
T001358,2024-08-25,S020,P0100,9,764.75,193.24,INR,2024-09-30 16:52:22.522696972,6689.51
T001359,2024-07-13,S024,P0034,9,1130.85,152.18,INR,2024-03-21 21:47:01.401831865,10025.47
T001360,2024-04-28,S006,P0037,2,890.43,190.24,INR,2024-04-17 16:28:22.229440451,1590.62
T001361,2024-05-01,S031,P0042,3,169.14,266.02,INR,2024-04-06 19:19:58.617825747,241.39999999999998
T001362,2024-09-01,S006,P0065,-2,1579.49,49.74,INR,2024-11-05 15:32:12.970342875,-3208.72
T001363,2024-12-28,S035,P0060,7,1462.27,36.08,INR,2024-08-22 02:49:56.818061352,10199.81
T001364,2024-08-29,S015,P0090,4,876.72,,INR,2024-12-09 02:22:37.659153938,
T001365,2024-07-22,S029,P0001,1,1707.2,294.53,INR,2024-02-03 04:35:00.017254114,1412.67
T001366,2024-09-23,S003,P0059,7,1116.0,17.71,INR,2024-01-19 23:33:11.710406780,7794.29
T001367,2024-06-18,S011,P0004,8,223.9,295.97,INR,2024-09-03 19:31:40.773034573,1495.23
T001368,2024-01-22,S003,P0014,4,592.87,290.31,INR,2024-04-07 07:37:31.771418810,2081.17
T001369,2024-07-24,S028,P0018,4,977.37,87.78,INR,2024-09-04 21:32:36.609055996,3821.7
T001370,2024-12-15,S010,P0034,8,296.55,267.3,INR,2024-09-21 01:35:55.385584593,2105.1
T001371,2024-03-04,S050,P0001,2,1185.05,2.33,INR,2024-04-21 03:15:17.335466146,2367.77
T001372,2024-09-08,S033,P0053,5,329.08,136.22,INR,2024-12-13 17:22:21.467081547,1509.1799999999998
T001373,2024-03-14,S048,P0022,5,480.97,120.64,INR,2024-10-09 18:43:48.598592758,2284.2100000000005
T001374,2024-07-14,S016,P0080,2,1798.57,270.8,INR,2024-05-14 02:01:50.542595625,3326.3399999999997
T001375,2024-02-05,S010,P0061,2,1999.64,141.69,INR,2024-05-30 10:09:34.101252079,3857.59
T001376,2024-06-13,S033,P0022,4,1145.48,125.38,INR,2024-09-18 07:02:02.052696228,4456.54
T001377,2024-10-02,S036,P0050,3,1277.33,191.88,INR,2024-04-20 23:21:42.902907372,3640.1099999999997
T001378,2024-05-06,S003,P0016,1,1615.12,112.74,INR,2024-04-17 19:29:11.645965815,1502.3799999999999
T001379,2024-08-30,S005,P0028,-1,1422.67,160.97,INR,2024-08-16 02:12:27.216603756,-1583.64
T001380,2024-10-17,S012,P0092,5,446.69,,INR,2024-02-19 04:47:52.410381794,
T001381,2024-12-04,S044,P0086,0,882.18,60.79,INR,2024-12-28 13:40:55.302088022,-60.79
T001382,2024-03-26,S013,P0070,-1,1116.72,137.67,INR,2024-04-14 20:11:56.175236940,-1254.39
T001383,2024-05-25,S024,P0089,9,783.45,,INR,2024-05-19 16:34:43.414396763,
T001384,2024-02-25,S044,P0042,7,434.6,252.67,INR,2024-03-22 20:33:41.883521318,2789.53
T001385,2024-12-28,S032,P0066,4,1498.62,27.61,INR,2024-08-22 21:01:30.980525732,5966.87
T001386,2024-12-04,S016,P0071,7,477.81,28.43,INR,2024-01-23 01:52:49.420438766,3316.2400000000002
T001387,2024-07-16,S032,P0081,3,594.92,264.85,INR,2024-12-04 15:36:13.805764914,1519.9099999999999
T001388,2024-11-03,S045,P0035,5,644.39,122.79,INR,2024-04-20 22:54:42.811980486,3099.16
T001389,2024-07-09,S037,P0020,3,407.38,206.19,INR,2024-12-04 11:48:26.307714701,1015.9499999999998
T001390,2024-08-15,S036,P0002,4,1714.15,257.35,INR,2024-04-02 13:00:12.129537106,6599.25
T001391,2024-02-02,S021,P0007,-1,1260.17,112.34,INR,2024-07-06 12:47:03.631255150,-1372.51
T001392,2024-10-02,S047,P0096,7,1686.02,,INR,2024-09-10 17:42:14.157039642,
T001393,2024-02-16,S012,P0049,-1,1038.09,50.86,INR,2024-08-11 14:36:41.268468618,-1088.9499999999998
T001394,2024-10-28,S999,P0083,3,1087.17,182.14,INR,2024-07-06 01:26:05.510676621,3079.3700000000003
T001395,2024-10-12,S021,P0076,6,1270.67,75.68,INR,2024-10-14 19:32:47.632639408,7548.34
T001396,2024-09-15,S999,P0009,0,804.75,190.29,INR,2024-06-20 17:31:39.998319149,-190.29
T001397,2024-01-14,S021,P0027,8,1043.51,95.14,INR,2024-05-01 14:36:29.189261913,8252.94
T001398,2024-04-20,S043,P0078,7,1139.14,104.33,INR,2024-09-19 06:52:26.566832542,7869.650000000001
T001399,2024-04-06,S006,P0002,5,1911.73,74.73,INR,2024-12-08 02:29:55.484214067,9483.92
T001400,2024-05-11,S009,P0085,2,1777.53,125.54,INR,2024-08-07 12:08:09.189293146,3429.52
T001401,2024-02-01,S001,P0068,3,345.57,48.64,INR,2024-04-12 02:15:13.355225563,988.07
T001402,2024-12-07,S012,P0060,3,178.44,95.91,INR,2024-10-05 10:12:18.513318061,439.40999999999997
T001403,2024-07-21,S014,P0085,8,1392.63,233.36,INR,2024-10-05 02:27:39.990179777,10907.68
T001404,2024-04-21,S006,P0086,9,193.48,64.69,INR,2024-04-07 09:43:47.055691004,1676.6299999999999
T001405,2024-05-24,S001,P0049,7,214.67,284.13,INR,2024-05-20 09:21:40.253870009,1218.56
T001406,2024-06-12,S022,P0002,8,402.6,147.88,INR,2024-02-21 10:40:36.078227043,3072.92
T001407,2024-08-07,S034,P0017,0,768.24,32.08,INR,2024-01-30 01:53:16.718293667,-32.08
T001408,2024-07-07,S011,P0083,8,926.49,282.92,INR,2024-10-21 16:29:50.802507877,7129.0
T001409,2024-12-01,S003,P0088,8,1086.82,137.0,INR,2024-05-15 23:46:04.737044334,8557.56
T001410,2024-06-30,S042,P0020,2,1985.35,167.09,INR,2024-04-12 16:17:33.950299740,3803.6099999999997
T001411,2024-12-28,S006,P0076,9,831.94,55.56,INR,2024-04-03 11:21:35.875130177,7431.900000000001
T001412,2024-11-06,S006,P0089,-2,561.23,99.99,INR,2024-01-28 07:17:49.577981710,-1222.45
T001413,2024-03-17,S020,P0087,-1,1192.98,211.09,INR,2024-12-25 11:23:51.316103935,-1404.07
T001414,2024-12-05,S021,P0098,7,508.79,,INR,2024-05-13 23:19:09.014580488,
T001415,2024-02-12,S002,P0032,0,1887.03,171.14,INR,2024-02-29 22:49:29.471859217,-171.14
T001416,2024-10-25,S026,P0051,1,592.58,208.06,INR,2024-11-11 09:52:10.072189331,384.52000000000004
T001417,2024-05-18,S031,P0088,6,1980.87,0.55,INR,2024-09-20 22:31:47.369918585,11884.67
T001418,2024-11-16,S026,P0042,-2,895.47,,INR,2024-08-29 20:33:30.010779619,
T001419,2024-11-12,S032,P0063,0,1644.1,16.9,INR,2024-04-18 11:36:03.190440416,-16.9
T001420,2024-10-21,S010,P0089,0,1331.73,74.08,INR,2024-05-31 15:25:12.096124172,-74.08
T001421,2024-10-15,S023,P0061,3,1873.64,289.06,INR,2024-11-02 23:55:30.258803844,5331.86
T001422,2024-04-21,S006,P0062,2,1288.31,24.31,INR,2024-08-21 13:29:59.287223339,2552.31
T001423,2024-01-30,S023,P0003,0,1204.31,247.78,INR,2024-05-06 03:54:44.898154736,-247.78
T001424,2024-05-27,S028,P0089,1,1340.42,195.6,INR,2024-02-09 21:17:28.354912996,1144.8200000000002
T001425,2024-03-04,S049,P0092,8,1594.28,179.51,INR,2024-11-24 14:22:08.322218418,12574.73
T001426,2024-09-10,S030,P0076,4,1807.8,174.5,INR,2024-12-14 18:30:29.154944420,7056.7
T001427,2024-05-06,S014,P0026,0,606.95,49.94,INR,2024-09-19 08:38:36.736209393,-49.94
T001428,2024-12-22,S037,P0048,6,481.69,200.65,INR,2024-09-09 08:35:32.146250010,2689.49
T001429,2024-08-21,S032,P0008,5,165.26,285.49,INR,2024-07-15 06:20:23.760703087,540.81
T001430,2024-10-27,S049,P0005,-1,803.15,23.11,INR,2024-12-20 14:25:53.113489151,-826.26
T001431,2024-02-18,S034,P0011,2,1707.75,99.72,INR,2024-09-10 08:45:28.873608589,3315.78
T001432,2024-11-10,S041,P0042,1,232.73,141.68,INR,2024-01-29 00:11:34.572376966,91.04999999999998
T001433,2024-12-02,S044,P0099,9,1123.19,69.69,INR,2024-02-03 11:32:58.143140554,10039.02
T001434,2024-06-26,S999,P0091,2,1420.1,222.27,INR,2024-12-17 16:53:42.363801241,2617.93
T001435,2024-08-09,S022,P0041,0,1690.02,206.59,INR,2024-12-10 07:07:41.768182278,-206.59
T001436,2024-10-06,S031,P0019,7,1208.52,35.33,INR,2024-07-22 14:38:30.508588552,8424.31
T001437,2024-03-04,S007,P0048,8,454.01,170.84,INR,2024-03-19 03:52:23.136688232,3461.24
T001438,2024-07-02,S041,P0053,-2,1932.62,110.66,INR,2024-07-31 23:30:37.573596001,-3975.8999999999996
T001439,2024-05-25,S021,P0055,5,279.84,68.51,INR,2024-10-05 16:38:38.982258797,1330.6899999999998
T001440,2024-02-23,S016,P0061,6,1561.1,254.49,INR,2024-01-04 00:33:11.388983488,9112.109999999999
T001441,2024-05-14,S020,P0032,5,264.46,,INR,2024-10-27 07:50:17.860211611,
T001442,2024-01-25,S043,P0046,1,372.5,140.22,INR,2024-06-18 15:37:25.328644514,232.28
T001443,2024-01-10,S044,P0092,9,1806.61,142.59,INR,2024-06-18 01:18:58.900931358,16116.9
T001444,2024-02-19,S047,P0036,-1,1530.84,171.04,INR,2024-06-07 12:31:38.076400280,-1701.8799999999999
T001445,2024-12-17,S050,P0018,1,794.47,59.28,INR,2024-09-09 12:34:18.437733173,735.19
T001446,2024-07-19,S019,P0074,6,1313.58,261.36,INR,2024-03-17 10:52:57.781216860,7620.12
T001447,2024-12-18,S048,P0096,7,968.77,289.59,INR,2024-08-09 10:20:43.509337664,6491.799999999999
T001448,2024-06-06,S032,P0018,6,226.42,164.69,INR,2024-01-17 02:17:16.008880377,1193.83
T001449,2024-04-23,S015,P0012,2,1470.14,76.84,INR,2024-10-23 03:25:14.213655710,2863.44
T001450,2024-07-03,S005,P0072,2,1550.19,263.05,INR,2024-10-24 15:17:06.808504105,2837.33
T001451,2024-06-09,S011,P0097,7,1776.45,296.45,INR,2024-04-23 20:04:06.215298891,12138.699999999999
T001452,2024-02-08,S015,P0046,0,1127.21,,INR,2024-02-08 11:28:27.018832207,
T001453,2024-08-21,S029,P0055,3,1378.96,100.11,INR,2024-09-29 22:16:51.052318573,4036.77
T001454,2024-03-19,S050,P0038,4,932.3,70.81,INR,2024-06-20 15:04:41.688153267,3658.39
T001455,2024-08-14,S045,P0078,9,705.93,46.99,INR,2024-12-03 14:42:38.506981849,6306.38
T001456,2024-08-25,S004,P0002,7,882.23,70.48,INR,2024-05-09 00:31:31.663179398,6105.130000000001
T001457,2024-02-25,S049,P0009,9,1832.33,68.2,INR,2024-11-03 03:37:08.795473576,16422.77
T001458,2024-01-23,S036,P0005,6,411.93,290.23,INR,2024-01-10 05:49:42.597139597,2181.35
T001459,2024-10-11,S048,P0098,4,572.15,192.97,INR,2024-10-09 01:40:25.698737860,2095.63
T001460,2024-06-16,S023,P0019,0,1251.76,50.09,INR,2024-09-04 13:28:08.103926897,-50.09
T001461,2024-01-22,S015,P0071,9,320.93,146.41,INR,2024-07-11 02:06:17.711796522,2741.96
T001462,2024-12-29,S046,P0039,4,1794.54,55.39,INR,2024-11-28 07:19:50.666971445,7122.7699999999995
T001463,2024-01-22,S044,P0042,-2,189.75,181.81,INR,2024-12-09 20:01:04.844933033,-561.31
T001464,2024-09-10,S003,P0017,-1,1535.09,102.42,INR,2024-12-05 08:02:31.291373491,-1637.51
T001465,2024-12-25,S032,P0063,1,810.08,58.68,INR,2024-08-06 04:45:13.189838171,751.4000000000001
T001466,2024-03-28,S010,P0090,4,197.21,72.84,INR,2024-07-08 13:54:46.484860182,716.0
T001467,2024-02-21,S040,P0046,6,1701.56,202.53,INR,2024-04-08 04:11:42.364616871,10006.83
T001468,2024-02-14,S038,P0091,2,1316.87,122.41,INR,2024-02-29 03:44:10.643043756,2511.33
T001469,2024-04-20,S022,P0092,5,116.83,153.95,INR,2024-07-22 08:08:52.496549606,430.2
T001470,2024-02-06,S014,P0020,4,608.31,246.4,INR,2024-02-24 04:49:52.672274351,2186.8399999999997
T001471,2024-09-09,S017,P0070,2,768.89,196.63,INR,2024-03-03 19:43:59.566177130,1341.15
T001472,2024-01-23,S021,P0008,0,712.9,138.72,INR,2024-05-10 05:04:07.156447172,-138.72
T001473,2024-07-04,S999,P0096,0,1046.85,286.22,INR,2024-03-09 03:54:14.714629173,-286.22
T001474,2024-12-29,S048,P0019,3,1100.93,,INR,2024-07-02 03:08:18.666590929,
T001475,2024-10-24,S015,P0032,7,853.83,86.7,INR,2024-08-30 06:26:43.779389858,5890.110000000001
T001476,2024-08-12,S015,P0019,8,730.36,273.43,INR,2024-09-11 17:36:32.578013897,5569.45
T001477,2024-04-21,S001,P0024,1,1058.38,255.97,INR,2024-07-13 11:08:07.328701735,802.4100000000001
T001478,2024-08-15,S024,P0024,0,163.87,39.02,INR,2024-07-09 10:57:34.582706213,-39.02
T001479,2024-07-11,S012,P0056,1,1325.88,278.98,INR,2024-06-22 07:20:43.756243467,1046.9
T001480,2024-06-04,S010,P0081,0,1251.37,3.05,INR,2024-03-30 12:31:23.791795254,-3.05
T001481,2024-02-17,S046,P0018,9,630.52,246.73,INR,2024-08-26 19:10:01.939354897,5427.950000000001
T001482,2024-11-19,S042,P0012,7,441.08,83.64,INR,2024-08-27 19:34:32.508325100,3003.92
T001483,2024-06-13,S042,P0041,8,238.67,56.6,INR,2024-04-03 08:51:06.765101433,1852.76
T001484,2024-03-12,S031,P0087,8,1215.95,,INR,2024-09-12 16:59:04.700485468,
T001485,2024-05-14,S011,P0048,9,1180.91,269.12,INR,2024-11-09 04:07:36.125860214,10359.07
T001486,2024-05-31,S016,P0082,3,1113.3,235.77,INR,2024-08-05 01:39:15.626911640,3104.1299999999997
T001487,2024-10-29,S009,P0064,4,1972.67,290.12,INR,2024-02-12 21:38:49.498857737,7600.56
T001488,2024-09-24,S047,P0016,1,1109.93,162.3,INR,2024-04-29 10:48:13.711648941,947.6300000000001
T001489,2024-10-07,S014,P0080,0,1471.4,153.17,INR,2024-02-03 20:49:20.543857098,-153.17
T001490,2024-01-05,S019,P0100,0,314.54,,INR,2024-04-20 05:47:32.611356497,
T001491,2024-05-31,S031,P0023,8,668.04,54.18,INR,2024-03-18 08:37:53.688631773,5290.139999999999
T001492,2024-06-24,S009,P0086,0,623.35,,INR,2024-07-21 10:32:55.939445734,
T001493,2024-01-08,S036,P0039,6,1194.35,225.77,INR,2024-06-03 14:14:59.009679317,6940.329999999999
T001494,2024-04-04,S039,P0033,8,728.55,246.78,INR,2024-09-20 18:42:45.231097460,5581.62
T001495,2024-10-04,S026,P0024,8,1318.03,84.98,INR,2024-05-12 12:15:02.604553461,10459.26
T001496,2024-02-20,S008,P0061,9,1411.17,,INR,2024-02-26 11:21:10.426868439,
T001497,2024-07-14,S024,P0055,0,164.01,248.56,INR,2024-03-27 03:34:41.741048336,-248.56
T001498,2024-03-19,S008,P0061,0,1315.54,112.44,INR,2024-07-18 05:03:38.655133247,-112.44
T001499,2024-01-05,S019,P0084,5,321.9,208.67,INR,2024-06-13 04:43:42.089956284,1400.83
T001500,2024-03-29,S047,P0097,1,983.76,131.18,INR,2024-01-16 13:15:05.067521334,852.5799999999999
T001501,2024-12-22,S048,P0095,4,1480.5,295.7,INR,2024-03-17 15:07:21.299757481,5626.3
T001502,2024-10-19,S030,P0040,0,1436.36,2.0,INR,2024-04-18 07:24:41.837607861,-2.0
T001503,2024-12-16,S022,P0058,5,669.66,124.3,INR,2024-09-21 18:08:58.561201811,3223.9999999999995
T001504,2024-06-27,S009,P0072,0,617.5,79.11,INR,2024-09-23 14:32:24.375030041,-79.11
T001505,2024-02-10,S044,P0074,2,936.43,254.92,INR,2024-09-11 18:22:17.369717598,1617.9399999999998
T001506,2024-07-19,S048,P0001,-2,458.47,86.14,INR,2024-10-25 17:43:20.762618780,-1003.08
T001507,2024-06-14,S004,P0085,9,1951.93,163.15,INR,2024-11-14 23:11:10.879050970,17404.219999999998
T001508,2024-11-04,S037,P0025,2,755.34,222.08,INR,2024-01-26 22:54:29.191096783,1288.6000000000001
T001509,2024-02-05,S008,P0096,3,1853.69,149.17,INR,2024-06-28 23:10:55.120273113,5411.9
T001510,2024-06-27,S001,P0053,4,1825.7,123.12,INR,2024-02-24 08:52:59.996166468,7179.68
T001511,2024-02-24,S028,P0061,-1,793.21,12.76,INR,2024-05-09 05:34:00.280102491,-805.97
T001512,2024-04-28,S006,P0046,-1,582.76,,INR,2024-08-30 01:36:22.235410690,
T001513,2024-09-26,S047,P0074,6,1564.59,287.2,INR,2024-08-07 14:31:49.474765062,9100.339999999998
T001514,2024-06-22,S036,P0060,7,535.82,192.97,INR,2024-02-16 22:10:56.080897331,3557.7700000000004
T001515,2024-05-17,S011,P0051,-2,1090.37,247.58,INR,2024-10-03 08:02:04.887875795,-2428.3199999999997
T001516,2024-05-23,S005,P0073,-1,310.31,144.13,INR,2024-10-14 06:16:00.384221792,-454.44
T001517,2024-06-16,S050,P0084,-1,833.27,78.47,INR,2024-02-20 19:15:02.787484884,-911.74
T001518,2024-10-13,S024,P0048,7,248.49,88.36,INR,2024-08-12 17:10:23.964412212,1651.0700000000002
T001519,2024-11-21,S047,P0084,4,638.54,13.05,INR,2024-12-11 00:12:31.350117922,2541.1099999999997
T001520,2024-12-14,S018,P0040,3,1364.06,237.27,INR,2024-02-04 06:55:18.507564545,3854.91
T001521,2024-10-14,S020,P0007,6,1983.48,174.47,INR,2024-03-01 01:57:19.136507034,11726.410000000002
T001522,2024-04-25,S028,P0075,8,584.13,144.24,INR,2024-10-06 09:59:42.566500425,4528.8
T001523,2024-09-08,S013,P0085,4,999.31,255.69,INR,2024-05-02 23:28:08.882928133,3741.5499999999997
T001524,2024-06-08,S005,P0019,0,951.29,133.45,INR,2024-12-14 18:48:26.197345734,-133.45
T001525,2024-04-02,S030,P0015,0,449.89,284.38,INR,2024-08-15 21:25:12.902450562,-284.38
T001526,2024-11-02,S001,P0070,-2,1259.13,3.97,INR,2024-06-25 08:50:05.321295261,-2522.23
T001527,2024-01-15,S022,P0061,5,1476.94,295.38,INR,2024-05-03 05:55:56.521785497,7089.320000000001
T001528,2024-11-25,S018,P0056,-2,379.72,244.77,INR,2024-03-28 06:43:57.700146437,-1004.21
T001529,2024-06-17,S046,P0010,8,1538.54,106.48,INR,2024-08-25 06:10:56.022950649,12201.84
T001530,2024-08-20,S005,P0046,-1,1430.31,178.61,INR,2024-08-04 02:10:25.353842258,-1608.92
T001531,2024-08-28,S031,P0080,8,474.95,259.38,INR,2024-05-10 15:18:58.719864845,3540.22
T001532,2024-11-22,S006,P0075,9,1333.0,144.48,INR,2024-11-30 23:43:27.472687006,11852.52
T001533,2024-08-20,S027,P0057,4,847.98,15.31,INR,2024-10-05 01:24:07.641888142,3376.61
T001534,2024-08-12,S025,P0035,-2,1394.16,271.11,INR,2024-04-04 22:11:24.796980143,-3059.4300000000003
T001535,2024-01-25,S029,P0072,9,1042.58,155.1,INR,2024-12-10 07:53:09.305857897,9228.119999999999
T001536,2024-07-08,S028,P0092,1,191.46,,INR,2024-10-02 18:31:20.788491726,
T001537,2024-02-24,S016,P0003,6,1595.24,4.12,INR,2024-11-23 10:39:24.057181120,9567.32
T001538,2024-09-26,S012,P0066,5,1155.64,30.02,INR,2024-02-19 17:17:12.803091049,5748.18
T001539,2024-07-05,S020,P0053,8,1477.11,233.22,INR,2024-01-13 01:03:05.862139225,11583.66
T001540,2024-09-05,S018,P0078,5,339.54,130.48,INR,2024-06-28 21:57:50.427417040,1567.22
T001541,2024-01-16,S034,P0052,9,1470.42,299.42,INR,2024-06-12 13:49:08.876766443,12934.36
T001542,2024-01-31,S023,P0093,0,885.97,208.7,INR,2024-11-13 11:28:57.511690377,-208.7
T001543,2024-09-18,S045,P0053,2,1618.61,284.88,INR,2024-03-03 19:59:38.415503263,2952.3399999999997
T001544,2024-01-27,S027,P0054,1,1238.42,83.81,INR,2024-01-09 14:34:48.816882133,1154.6100000000001
T001545,2024-01-27,S049,P0047,8,774.31,52.85,INR,2024-07-12 04:12:38.534475088,6141.629999999999
T001546,2024-01-05,S017,P0003,9,483.64,112.98,INR,2024-03-05 19:28:44.762797594,4239.780000000001
T001547,2024-12-15,S048,P0065,5,1650.26,79.43,INR,2024-01-19 01:41:55.353639841,8171.869999999999
T001548,2024-09-26,S021,P0015,8,1164.37,184.01,INR,2024-01-09 02:31:42.777657032,9130.949999999999
T001549,2024-05-08,S050,P0084,4,1976.19,223.33,INR,2024-02-21 23:43:07.760870695,7681.43
T001550,2024-04-18,S040,P0086,4,809.63,120.63,INR,2024-05-17 04:30:13.244233370,3117.89
T001551,2024-05-07,S031,P0034,7,1402.87,26.95,INR,2024-11-18 15:33:45.200824499,9793.14
T001552,2024-10-09,S003,P0050,7,1283.36,7.9,INR,2024-10-04 14:38:00.922630310,8975.619999999999
T001553,2024-08-29,S017,P0033,4,1311.41,65.41,INR,2024-07-12 12:16:25.535230398,5180.2300000000005
T001554,2024-03-08,S050,P0073,-2,1500.26,219.75,INR,2024-06-06 01:49:12.520955324,-3220.27
T001555,2024-03-04,S026,P0003,4,364.31,66.47,INR,2024-06-15 08:47:59.672684193,1390.77
T001556,2024-02-05,S023,P0002,1,1144.32,273.29,INR,2024-11-18 21:29:06.256204844,871.03
T001557,2024-08-29,S006,P0004,9,1067.35,195.49,INR,2024-09-21 11:46:07.342883587,9410.66
T001558,2024-10-05,S028,P0016,0,750.81,258.63,INR,2024-03-03 18:49:46.657415867,-258.63
T001559,2024-04-06,S008,P0054,9,928.69,115.74,INR,2024-12-09 00:03:04.807747126,8242.470000000001
T001560,2024-01-08,S045,P0033,2,1085.74,295.06,INR,2024-10-09 02:44:09.137326956,1876.42
T001561,2024-01-30,S008,P0009,-1,709.75,203.85,INR,2024-01-13 11:12:25.961660862,-913.6
T001562,2024-12-19,S019,P0057,5,657.0,107.09,INR,2024-07-02 07:46:17.636800051,3177.91
T001563,2024-04-17,S038,P0040,9,1502.72,63.76,INR,2024-08-26 06:22:06.710416317,13460.72
T001564,2024-10-07,S029,P0052,9,227.14,,INR,2024-01-23 06:15:49.204063892,
T001565,2024-08-16,S023,P0082,6,694.63,,INR,2024-05-08 20:48:25.707190752,
T001566,2024-05-19,S047,P0016,2,1342.05,,INR,2024-08-24 15:07:46.432985306,
T001567,2024-03-16,S032,P0008,0,496.67,83.6,INR,2024-10-24 20:55:40.897919416,-83.6
T001568,2024-02-14,S010,P0087,7,1187.32,53.84,INR,2024-12-22 15:43:40.676952600,8257.4
T001569,2024-08-12,S027,P0060,4,674.11,95.92,INR,2024-02-14 09:28:57.963729143,2600.52
T001570,2024-10-09,S049,P0036,-2,1702.27,183.98,INR,2024-08-18 19:50:41.759164095,-3588.52
T001571,2024-08-23,S001,P0003,7,764.98,150.13,INR,2024-11-21 20:50:15.484941959,5204.7300000000005
T001572,2024-07-12,S039,P0015,0,536.08,213.26,INR,2024-09-18 16:12:01.621094942,-213.26
T001573,2024-01-16,S029,P0097,6,1107.2,100.15,INR,2024-08-18 19:49:14.713110924,6543.050000000001
T001574,2024-12-19,S045,P0082,-1,357.75,35.94,INR,2024-03-19 06:20:11.403910160,-393.69
T001575,2024-10-18,S003,P0023,8,1615.22,48.08,INR,2024-10-24 14:00:16.428498030,12873.68
T001576,2024-04-16,S999,P0003,6,1392.05,239.18,INR,2024-07-24 07:25:28.257994652,8113.119999999999
T001577,2024-12-23,S047,P0030,8,1563.97,29.4,INR,2024-02-10 16:00:22.229879379,12482.36
T001578,2024-08-07,S037,P0045,-2,857.87,239.44,INR,2024-12-07 11:52:16.527238846,-1955.18
T001579,2024-07-31,S031,P0017,1,1686.51,63.79,INR,2024-12-26 18:18:10.291700602,1622.72
T001580,2024-09-30,S011,P0058,9,1037.74,203.52,INR,2024-07-15 06:00:38.815323830,9136.14
T001581,2024-10-23,S022,P0058,7,279.93,186.93,INR,2024-10-10 09:57:24.710678816,1772.58
T001582,2024-08-27,S018,P0096,3,525.66,29.48,INR,2024-07-31 21:49:09.493546486,1547.5
T001583,2024-02-16,S035,P0057,4,1451.0,199.76,INR,2024-06-03 02:31:20.335494757,5604.24
T001584,2024-05-03,S006,P0007,0,1803.2,134.25,INR,2024-05-29 07:47:10.951310635,-134.25
T001585,2024-12-04,S003,P0039,6,280.85,212.15,INR,2024-12-17 23:23:35.730228186,1472.95
T001586,2024-03-22,S005,P0078,1,1742.01,250.64,INR,2024-05-14 14:34:10.951492786,1491.37
T001587,2024-05-15,S009,P0058,2,1618.23,11.85,INR,2024-06-28 00:22:43.245797396,3224.61
T001588,2024-06-06,S028,P0056,5,777.47,194.39,INR,2024-03-31 16:46:45.423052311,3692.9600000000005
T001589,2024-06-09,S019,P0015,9,1409.63,31.49,INR,2024-04-02 10:45:02.868984222,12655.180000000002
T001590,2024-08-11,S028,P0044,0,455.21,113.66,INR,2024-05-10 00:32:57.680980444,-113.66
T001591,2024-12-10,S027,P0012,5,1645.45,3.8,INR,2024-12-03 13:03:07.537015915,8223.45
T001592,2024-03-28,S013,P0008,8,1348.94,98.59,INR,2024-05-24 17:40:24.040498495,10692.93
T001593,2024-02-14,S038,P0080,-2,933.78,50.81,INR,2024-07-20 14:03:21.947913408,-1918.37
T001594,2024-03-13,S043,P0041,5,1742.58,166.88,INR,2024-07-18 04:48:01.322402716,8546.02
T001595,2024-11-19,S021,P0034,8,364.55,153.68,INR,2024-07-31 20:24:18.061508656,2762.7200000000003
T001596,2024-08-23,S027,P0046,8,1706.99,237.98,INR,2024-10-26 07:34:49.725051641,13417.94
T001597,2024-04-14,S046,P0088,9,145.38,191.99,INR,2024-11-24 22:31:27.599049568,1116.43
T001598,2024-10-24,S006,P0029,7,1531.08,214.39,INR,2024-03-17 04:37:21.209419012,10503.17
T001599,2024-11-10,S038,P0016,5,1189.39,27.74,INR,2024-11-10 01:31:05.484343767,5919.210000000001
T001600,2024-11-04,S049,P0005,3,1423.77,8.33,INR,2024-07-18 21:54:51.966767550,4262.98
T001601,2024-12-01,S011,P0005,2,883.45,290.86,INR,2024-12-03 10:21:11.076323986,1476.04
T001602,2024-04-02,S047,P0030,6,1742.44,128.11,INR,2024-11-30 09:31:53.748321056,10326.529999999999
T001603,2024-10-02,S041,P0050,3,694.98,118.49,INR,2024-05-22 03:26:08.267141342,1966.45
T001604,2024-06-17,S017,P0005,-2,622.42,10.5,INR,2024-08-25 22:26:24.896368027,-1255.34
T001605,2024-11-03,S039,P0013,9,673.33,35.67,INR,2024-11-14 01:33:43.211586237,6024.3
T001606,2024-09-22,S007,P0099,3,1571.29,282.14,INR,2024-05-20 10:02:59.019293070,4431.73
T001607,2024-10-10,S030,P0049,-2,1041.05,208.45,INR,2024-01-16 23:54:36.948457956,-2290.5499999999997
T001608,2024-08-27,S021,P0089,3,1120.46,122.76,INR,2024-05-11 07:55:00.236644268,3238.62
T001609,2024-03-05,S001,P0050,0,1680.15,271.35,INR,2024-05-13 08:56:25.671980619,-271.35
T001610,2024-07-17,S025,P0014,3,1683.39,176.97,INR,2024-10-21 11:05:29.268510342,4873.2
T001611,2024-12-25,S032,P0046,3,407.3,223.94,INR,2024-04-23 00:18:06.063376188,997.96
T001612,2024-12-08,S008,P0090,-2,1144.56,129.48,INR,2024-11-22 07:17:49.862727165,-2418.6
T001613,2024-01-16,S005,P0082,6,339.43,129.46,INR,2024-07-19 06:05:59.540690660,1907.12
T001614,2024-03-01,S030,P0084,5,1750.2,20.51,INR,2024-08-01 22:42:38.320274591,8730.49
T001615,2024-02-18,S999,P0034,-1,1690.31,220.19,INR,2024-10-21 13:23:10.031768560,-1910.5
T001616,2024-09-21,S008,P0071,-1,1713.76,29.74,INR,2024-02-19 02:52:44.473103046,-1743.5
T001617,2024-10-25,S049,P0047,2,1439.23,229.28,INR,2024-01-07 13:10:06.967274904,2649.18
T001618,2024-03-18,S019,P0060,7,987.07,57.26,INR,2024-01-21 15:56:40.406206369,6852.2300000000005
T001619,2024-07-03,S044,P0074,-1,868.97,,INR,2024-01-12 04:36:45.215845108,
T001620,2024-11-02,S030,P0079,8,850.93,275.37,INR,2024-09-12 11:04:44.933399677,6532.07
T001621,2024-09-24,S015,P0081,-2,225.8,141.47,INR,2024-03-30 09:56:48.200798273,-593.07
T001622,2024-07-16,S036,P0011,-1,1902.85,37.57,INR,2024-11-08 23:01:03.614372253,-1940.4199999999998
T001623,2024-08-03,S044,P0098,2,955.52,,INR,2024-11-18 05:59:06.543052435,
T001624,2024-07-04,S027,P0091,8,1867.22,135.72,INR,2024-05-09 23:19:18.784324646,14802.04
T001625,2024-04-18,S013,P0085,7,1770.59,39.17,INR,2024-03-12 02:40:12.436189651,12354.96
T001626,2024-07-25,S014,P0095,4,1674.36,117.25,INR,2024-07-01 01:35:34.436196089,6580.19
T001627,2024-09-08,S037,P0050,2,1217.79,176.8,INR,2024-10-24 18:28:52.758975029,2258.7799999999997
T001628,2024-11-14,S048,P0004,-2,292.96,108.7,INR,2024-09-06 23:39:13.284799814,-694.62
T001629,2024-08-20,S030,P0041,4,715.43,277.3,INR,2024-01-10 09:30:07.797393322,2584.4199999999996
T001630,2024-10-04,S039,P0059,3,1246.81,80.91,INR,2024-01-03 14:38:19.833055735,3659.52
T001631,2024-02-28,S047,P0060,4,125.57,52.75,INR,2024-02-11 12:55:08.063141346,449.53
T001632,2024-06-17,S013,P0081,-1,181.0,66.29,INR,2024-05-02 22:08:18.748873949,-247.29000000000002
T001633,2024-01-04,S016,P0062,2,1387.56,25.12,INR,2024-07-14 23:05:17.379371643,2750.0
T001634,2024-03-31,S044,P0084,5,1787.59,135.69,INR,2024-10-25 10:02:38.774615765,8802.259999999998
T001635,2024-09-22,S007,P0025,9,1724.81,263.5,INR,2024-02-22 02:51:52.542807102,15259.789999999999
T001636,2024-12-28,S048,P0087,4,419.48,91.6,INR,2024-02-25 15:42:58.270776272,1586.3200000000002
T001637,2024-02-06,S027,P0079,3,1831.34,77.5,INR,2024-11-11 05:24:08.157646418,5416.5199999999995
T001638,2024-05-26,S045,P0033,3,1422.97,251.22,INR,2024-12-03 06:27:30.014644861,4017.69
T001639,2024-10-19,S035,P0019,9,1461.02,91.8,INR,2024-07-20 05:17:42.586380720,13057.380000000001
T001640,2024-03-15,S015,P0057,-2,677.68,143.07,INR,2024-10-13 11:39:33.131445169,-1498.4299999999998
T001641,2024-07-21,S028,P0015,-2,1460.39,9.37,INR,2024-05-05 01:47:56.374763966,-2930.15
T001642,2024-09-24,S035,P0041,4,1448.57,86.12,INR,2024-12-11 09:17:52.361028194,5708.16
T001643,2024-08-12,S007,P0069,0,1229.86,39.17,INR,2024-11-26 06:45:09.933918953,-39.17
T001644,2024-03-09,S050,P0080,3,778.85,31.75,INR,2024-11-06 02:32:21.563226461,2304.8
T001645,2024-05-09,S046,P0060,9,1640.93,129.43,INR,2024-01-05 17:43:07.395916700,14638.94
T001646,2024-10-13,S050,P0096,2,1881.28,83.2,INR,2024-07-10 00:05:28.387915134,3679.36
T001647,2024-07-21,S999,P0022,0,1752.79,49.93,INR,2024-01-10 17:33:26.595514059,-49.93
T001648,2024-01-02,S046,P0043,3,561.66,153.45,INR,2024-09-04 06:25:22.986017227,1531.53
T001649,2024-10-04,S020,P0032,0,946.78,,INR,2024-03-07 22:57:58.324934483,
T001650,2024-01-13,S032,P0013,5,750.59,220.46,INR,2024-08-21 09:50:40.048941135,3532.4900000000002
T001651,2024-09-29,S038,P0038,4,1444.21,75.23,INR,2024-02-05 18:07:02.227151155,5701.610000000001
T001652,2024-03-14,S040,P0026,6,1679.83,78.94,INR,2024-10-03 03:57:26.894145250,10000.039999999999
T001653,2024-12-15,S032,P0081,2,510.01,219.57,INR,2024-09-22 03:41:03.805146217,800.45
T001654,2024-05-14,S026,P0005,9,1899.82,167.15,INR,2024-01-02 16:22:57.285775185,16931.23
T001655,2024-04-29,S039,P0049,-2,1386.93,222.72,INR,2024-10-16 02:23:08.756132841,-2996.58
T001656,2024-02-24,S020,P0097,8,515.05,0.41,INR,2024-02-29 18:46:37.058248997,4119.99
T001657,2024-04-21,S018,P0091,7,805.08,26.14,INR,2024-02-09 21:22:53.769896269,5609.42
T001658,2024-11-15,S050,P0005,8,298.75,240.59,INR,2024-07-01 14:09:55.892600298,2149.41
T001659,2024-12-29,S015,P9999,5,1234.43,255.34,INR,2024-08-03 09:11:56.672081709,5916.81
T001660,2024-05-14,S022,P0071,-1,421.46,103.03,INR,2024-02-07 15:12:24.802787542,-524.49
T001661,2024-06-12,S999,P0048,3,1416.87,287.5,INR,2024-04-21 05:35:51.012990713,3963.1099999999997
T001662,2024-09-20,S022,P0018,-2,1500.77,90.47,INR,2024-05-28 20:17:00.037842989,-3092.0099999999998
T001663,2024-11-19,S021,P0095,3,1010.74,267.08,INR,2024-12-10 10:04:34.749966145,2765.1400000000003
T001664,2024-08-04,S002,P0006,1,278.25,126.51,INR,2024-04-01 17:34:58.722572803,151.74
T001665,2024-05-22,S040,P0066,2,1260.66,168.54,INR,2024-04-05 01:52:31.005512714,2352.78
T001666,2024-05-30,S043,P0077,7,807.19,192.98,INR,2024-08-28 16:18:07.883776903,5457.35
T001667,2024-09-10,S018,P0042,4,1904.33,39.93,INR,2024-09-22 09:51:21.012291193,7577.389999999999
T001668,2024-01-02,S023,P0052,3,1075.09,11.13,INR,2024-01-04 22:48:07.574724674,3214.1399999999994
T001669,2024-08-14,S013,P0011,-2,237.31,128.04,INR,2024-02-18 22:06:36.971246243,-602.66
T001670,2024-05-09,S041,P0026,6,1308.49,48.11,INR,2024-05-10 13:22:24.512869835,7802.830000000001
T001671,2024-10-16,S009,P0021,3,1580.77,164.68,INR,2024-08-18 16:24:59.141059160,4577.629999999999
T001672,2024-02-03,S049,P0066,3,404.96,136.09,INR,2024-02-18 22:52:57.231031656,1078.79
T001673,2024-08-02,S007,P0040,6,953.21,36.63,INR,2024-05-10 06:52:27.304533482,5682.63
T001674,2024-06-24,S041,P0056,9,1512.07,199.74,INR,2024-01-30 06:34:29.624587297,13408.89
T001675,2024-08-22,S001,P0051,7,138.94,,INR,2024-07-27 10:57:25.850036144,
T001676,2024-01-24,S002,P0020,2,155.04,37.91,INR,2024-06-04 14:57:37.049250364,272.16999999999996
T001677,2024-07-30,S004,P0081,8,1386.13,210.05,INR,2024-10-14 15:35:29.614018679,10878.990000000002
T001678,2024-07-23,S014,P0080,3,1477.74,158.36,INR,2024-07-28 11:15:45.871646643,4274.860000000001
T001679,2024-07-23,S032,P0057,3,1707.15,84.58,INR,2024-08-28 13:46:56.268815756,5036.870000000001
T001680,2024-08-08,S036,P0005,4,859.24,54.07,INR,2024-09-01 23:20:48.494584322,3382.89
T001681,2024-09-03,S002,P0014,6,840.58,192.69,INR,2024-08-03 04:58:16.551203966,4850.790000000001
T001682,2024-10-20,S040,P0024,2,1149.5,61.68,INR,2024-01-06 20:57:58.654164791,2237.32
T001683,2024-04-08,S050,P0068,2,1538.92,295.38,INR,2024-10-30 16:50:21.492691517,2782.46
T001684,2024-10-28,S999,P0052,1,1317.89,260.79,INR,2024-11-30 14:17:18.021209240,1057.1000000000001
T001685,2024-06-30,S014,P0048,7,721.91,39.65,INR,2024-07-13 23:56:40.913150787,5013.72
T001686,2024-01-29,S020,P0088,1,758.44,257.75,INR,2024-02-10 22:30:24.019732714,500.69000000000005
T001687,2024-01-22,S025,P0047,9,1549.71,103.51,INR,2024-08-26 23:11:07.922627687,13843.88
T001688,2024-05-01,S042,P0060,5,1115.83,146.99,INR,2024-05-12 18:16:38.250716686,5432.16
T001689,2024-10-13,S049,P0073,-1,286.15,42.85,INR,2024-01-27 17:56:00.432918549,-329.0
T001690,2024-09-15,S008,P0003,7,390.69,35.57,INR,2024-11-07 18:51:14.590878725,2699.2599999999998
T001691,2024-10-14,S028,P0009,5,1717.26,259.65,INR,2024-09-16 18:36:32.342262268,8326.65
T001692,2024-07-07,S046,P0082,-1,1997.73,188.97,INR,2024-10-20 18:16:03.618921041,-2186.7
T001693,2024-06-09,S021,P0100,-2,737.8,,INR,2024-10-17 14:04:11.716560841,
T001694,2024-02-23,S023,P0083,7,834.73,10.85,INR,2024-05-10 13:15:43.916908741,5832.26
T001695,2024-04-29,S032,P0024,6,393.53,276.59,INR,2024-06-25 00:11:09.495085955,2084.5899999999997
T001696,2024-06-07,S008,P0004,8,547.85,112.83,INR,2024-03-26 06:48:46.787461281,4269.97
T001697,2024-02-02,S031,P0009,5,906.8,124.99,INR,2024-10-02 12:53:37.153495789,4409.01
T001698,2024-03-21,S037,P0097,3,640.34,86.94,INR,2024-07-10 05:54:17.291197538,1834.08
T001699,2024-08-06,S016,P0001,1,1432.71,267.39,INR,2024-08-25 06:02:55.508010387,1165.3200000000002
T001700,2024-09-25,S040,P0035,-1,1121.91,103.38,INR,2024-05-10 04:00:40.827297211,-1225.29
T001701,2024-12-30,S042,P0074,5,1662.36,,INR,2024-09-04 21:38:20.291309118,
T001702,2024-12-06,S027,P0012,0,1476.6,,INR,2024-09-01 23:45:11.349106073,
T001703,2024-08-22,S040,P0018,7,343.39,234.45,INR,2024-10-08 02:35:21.982112169,2169.28
T001704,2024-06-02,S041,P0078,1,334.44,111.4,INR,2024-02-26 17:37:56.753601789,223.04
T001705,2024-08-20,S018,P0010,2,1801.73,195.61,INR,2024-08-15 15:20:05.908369780,3407.85
T001706,2024-10-13,S035,P0074,1,1657.07,91.27,INR,2024-11-17 00:12:46.309466600,1565.8
T001707,2024-02-13,S049,P0018,8,989.04,215.93,INR,2024-02-04 08:51:08.302659988,7696.389999999999
T001708,2024-05-29,S015,P0024,5,347.69,200.62,INR,2024-12-16 16:08:27.010464668,1537.83
T001709,2024-11-02,S027,P0001,6,1807.29,204.23,INR,2024-03-16 20:10:48.586575985,10639.51
T001710,2024-05-20,S017,P0094,-2,538.33,193.77,INR,2024-12-07 20:08:45.709809303,-1270.43
T001711,2024-07-27,S040,P0079,-1,167.52,46.89,INR,2024-11-12 19:51:15.955851793,-214.41000000000003
T001712,2024-08-02,S002,P0072,9,1856.06,266.4,INR,2024-10-08 02:50:53.063030958,16438.14
T001713,2024-03-08,S049,P0099,1,1636.98,175.73,INR,2024-03-17 10:38:36.629368544,1461.25
T001714,2024-05-12,S050,P0082,-2,1417.62,114.72,INR,2024-03-19 23:59:48.813120365,-2949.9599999999996
T001715,2024-05-02,S031,P0016,8,164.66,51.7,INR,2024-04-04 15:30:37.985833645,1265.58
T001716,2024-01-10,S037,P0085,3,1104.02,235.07,INR,2024-10-22 19:35:54.049613237,3076.99
T001717,2024-01-09,S041,P0015,9,1341.91,152.71,INR,2024-03-09 12:09:29.301488161,11924.480000000001
T001718,2024-10-30,S041,P0062,2,1542.76,44.19,INR,2024-07-31 00:09:54.732183218,3041.33
T001719,2024-04-09,S034,P0005,4,995.04,276.43,INR,2024-10-10 19:09:15.922729015,3703.73
T001720,2024-07-08,S034,P0045,9,1911.36,31.82,INR,2024-06-17 03:07:10.031849861,17170.42
T001721,2024-04-19,S999,P0052,3,565.08,157.27,INR,2024-11-02 20:56:07.992895842,1537.9700000000003
T001722,2024-12-09,S003,P0071,0,232.5,183.17,INR,2024-07-24 04:01:20.154665232,-183.17
T001723,2024-04-04,S017,P0007,2,732.26,299.7,INR,2024-08-05 05:17:54.301060915,1164.82
T001724,2024-06-05,S014,P0027,0,1357.43,42.27,INR,2024-09-04 00:37:18.440648556,-42.27
T001725,2024-11-14,S014,P0089,6,1500.6,184.07,INR,2024-11-04 18:46:34.993956327,8819.529999999999
T001726,2024-11-03,S046,P0086,-1,1503.14,143.01,INR,2024-01-02 16:35:37.663745165,-1646.15
T001727,2024-03-08,S038,P0013,3,310.28,77.13,INR,2024-05-23 06:47:03.276168108,853.7099999999999
T001728,2024-10-19,S035,P0017,6,1781.67,282.66,INR,2024-12-17 11:48:20.471174717,10407.36
T001729,2024-06-16,S001,P0044,7,633.58,237.25,INR,2024-02-06 00:21:52.780828953,4197.81
T001730,2024-06-25,S048,P0013,4,498.83,233.12,INR,2024-03-26 05:00:32.359408617,1762.1999999999998
T001731,2024-02-18,S029,P0090,2,1267.47,269.76,INR,2024-07-27 09:21:22.496006012,2265.1800000000003
T001732,2024-01-30,S004,P0073,-1,502.51,217.51,INR,2024-11-09 03:01:35.613288403,-720.02
T001733,2024-09-22,S033,P0005,-1,1065.27,152.02,INR,2024-02-05 11:30:04.299868107,-1217.29
T001734,2024-06-30,S017,P0033,1,873.36,117.46,INR,2024-01-02 11:18:22.887945890,755.9
T001735,2024-06-08,S028,P0004,7,540.87,211.24,INR,2024-09-07 18:18:41.029817104,3574.8500000000004
T001736,2024-09-23,S050,P0092,9,654.91,180.84,INR,2024-08-06 00:21:57.391295433,5713.349999999999
T001737,2024-10-06,S026,P0026,-1,912.07,,INR,2024-04-08 22:29:24.050306082,
T001738,2024-02-28,S008,P0068,9,757.7,176.72,INR,2024-12-15 12:42:24.041772842,6642.58
T001739,2024-08-10,S034,P0016,5,824.99,196.6,INR,2024-07-23 02:09:11.257829189,3928.35
T001740,2024-02-19,S018,P9999,7,1497.33,290.61,INR,2024-08-30 03:30:02.551736355,10190.699999999999
T001741,2024-10-01,S031,P0022,4,419.92,225.95,INR,2024-05-18 06:07:55.320136309,1453.73
T001742,2024-08-27,S027,P0036,4,1292.48,52.93,INR,2024-12-02 09:06:45.616959810,5116.99
T001743,2024-12-15,S016,P0058,0,1388.5,140.03,INR,2024-04-10 18:25:52.749011993,-140.03
T001744,2024-01-26,S010,P0055,4,1623.97,,INR,2024-09-30 07:22:43.485885859,
T001745,2024-01-21,S040,P0035,5,1709.92,52.7,INR,2024-02-12 13:59:40.958085537,8496.9
T001746,2024-04-12,S012,P0025,2,401.46,279.81,INR,2024-07-15 07:00:36.140165329,523.1099999999999
T001747,2024-04-05,S022,P0072,-2,362.7,23.11,INR,2024-07-29 21:26:11.695110083,-748.51
T001748,2024-03-31,S016,P0081,-2,1268.06,183.29,INR,2024-03-09 17:58:38.006319523,-2719.41
T001749,2024-11-26,S012,P0061,9,1538.14,292.78,INR,2024-04-28 04:17:03.366937160,13550.48
T001750,2024-04-01,S011,P0018,8,617.42,,INR,2024-03-06 05:23:14.802401543,
T001751,2024-04-09,S020,P0058,1,1099.11,203.18,INR,2024-11-04 10:25:42.648748875,895.9299999999998
T001752,2024-10-04,S999,P0076,-1,1567.25,299.23,INR,2024-08-27 20:58:34.195848942,-1866.48
T001753,2024-06-13,S001,P0057,4,1558.26,237.54,INR,2024-06-11 22:45:45.549984694,5995.5
T001754,2024-10-10,S027,P0097,0,1342.26,291.09,INR,2024-07-21 22:23:13.178214788,-291.09
T001755,2024-01-24,S003,P0087,9,249.7,209.67,INR,2024-05-05 13:48:14.337005377,2037.6299999999997
T001756,2024-06-26,S012,P0063,1,196.22,199.64,INR,2024-06-05 11:45:23.387142658,-3.4199999999999875
T001757,2024-01-13,S030,P0012,6,838.05,228.77,INR,2024-08-14 01:41:49.108287096,4799.529999999999
T001758,2024-01-23,S009,P0011,-1,150.71,56.63,INR,2024-03-18 04:33:09.157529116,-207.34
T001759,2024-11-26,S037,P0013,9,1817.87,241.74,INR,2024-02-18 22:41:00.640940428,16119.089999999998
T001760,2024-02-20,S001,P0035,5,138.27,291.04,INR,2024-12-10 17:27:35.655223846,400.31
T001761,2024-07-13,S042,P0027,-2,156.26,183.49,INR,2024-03-27 10:50:42.431909561,-496.01
T001762,2024-05-30,S049,P0089,0,414.12,3.71,INR,2024-06-29 18:09:58.159971952,-3.71
T001763,2024-05-06,S004,P0067,1,1291.33,21.63,INR,2024-10-04 22:56:14.071624041,1269.6999999999998
T001764,2024-11-24,S015,P0089,3,1128.95,70.41,INR,2024-07-21 23:17:26.379224062,3316.4400000000005
T001765,2024-01-08,S999,P0045,-2,1353.03,147.33,INR,2024-08-19 17:30:07.923218250,-2853.39
T001766,2024-08-30,S027,P0074,5,1797.75,124.13,INR,2024-02-29 15:40:21.414953709,8864.62
T001767,2024-12-17,S008,P0081,-1,964.4,293.76,INR,2024-05-24 03:34:24.422872782,-1258.1599999999999
T001768,2024-07-23,S023,P0067,2,183.36,283.68,INR,2024-09-08 22:28:26.258534670,83.04000000000002
T001769,2024-12-07,S015,P0022,3,1550.64,117.82,INR,2024-03-17 13:43:38.812419653,4534.1
T001770,2024-01-20,S027,P0078,5,1642.73,238.29,INR,2024-06-25 11:57:17.938827276,7975.36
T001771,2024-06-01,S031,P0091,0,194.79,190.91,INR,2024-08-03 01:49:40.121663809,-190.91
T001772,2024-04-04,S039,P0042,9,561.41,72.94,INR,2024-10-15 02:33:19.025440931,4979.75
T001773,2024-09-23,S047,P0020,6,1564.13,279.35,INR,2024-03-19 23:09:24.450850010,9105.43
T001774,2024-12-24,S008,P0048,9,814.69,77.86,INR,2024-12-23 00:05:07.225888014,7254.350000000001
T001775,2024-04-03,S030,P0018,2,998.04,261.1,INR,2024-12-19 02:39:17.348407507,1734.98
T001776,2024-08-26,S042,P0077,5,1664.03,,INR,2024-01-05 11:41:28.458854675,
T001777,2024-03-13,S018,P0070,1,279.78,186.34,INR,2024-05-14 07:28:59.144945621,93.43999999999997
T001778,2024-07-25,S004,P0074,9,1386.84,251.52,INR,2024-01-25 18:16:26.990841627,12230.039999999999
T001779,2024-06-18,S047,P9999,6,508.47,148.29,INR,2024-04-25 19:04:48.671627522,2902.53
T001780,2024-12-20,S043,P0093,5,219.04,256.01,INR,2024-08-09 13:52:15.173301697,839.19
T001781,2024-08-10,S022,P0006,2,1358.75,165.07,INR,2024-08-10 04:31:55.141075373,2552.43
T001782,2024-05-07,S003,P0039,0,330.68,,INR,2024-02-05 06:46:28.384225368,
T001783,2024-02-11,S015,P0011,-2,1519.31,197.98,INR,2024-09-04 03:33:23.855790138,-3236.6
T001784,2024-02-25,S035,P0025,2,485.14,112.22,INR,2024-11-04 21:55:41.139032125,858.06
T001785,2024-03-23,S047,P0094,2,192.17,229.01,INR,2024-08-18 09:00:04.570766449,155.32999999999998
T001786,2024-04-01,S038,P0055,1,288.67,152.97,INR,2024-04-23 03:18:05.962720633,135.70000000000002
T001787,2024-11-06,S033,P0084,7,1698.41,241.81,INR,2024-01-01 21:51:24.141151905,11647.060000000001
T001788,2024-07-23,S014,P0058,7,804.84,250.04,INR,2024-08-24 16:03:31.533643722,5383.84
T001789,2024-07-10,S048,P0037,5,674.31,,INR,2024-09-04 09:07:29.594185829,
T001790,2024-02-11,S001,P0016,0,1033.28,261.66,INR,2024-09-15 16:38:36.845073700,-261.66
T001791,2024-11-09,S049,P0095,9,1302.57,121.03,INR,2024-01-15 07:55:21.055014372,11602.099999999999
T001792,2024-09-20,S026,P0093,7,170.49,17.21,INR,2024-07-07 12:04:56.582899809,1176.22
T001793,2024-01-25,S008,P0070,6,1806.56,198.79,INR,2024-05-30 21:39:28.328004360,10640.57
T001794,2024-09-15,S050,P0093,0,1921.11,229.34,INR,2024-10-07 01:58:15.025404930,-229.34
T001795,2024-07-17,S016,P0096,1,892.88,21.84,INR,2024-09-20 18:45:27.493792772,871.04
T001796,2024-01-30,S038,P0073,3,883.99,231.27,INR,2024-12-12 23:47:19.941790104,2420.7000000000003
T001797,2024-06-16,S010,P0037,6,1769.26,191.75,INR,2024-11-23 14:11:16.098286629,10423.81
T001798,2024-06-25,S042,P0053,7,915.69,34.92,INR,2024-07-22 16:08:22.288720846,6374.91
T001799,2024-03-01,S037,P0087,-1,1726.76,161.98,INR,2024-12-23 20:57:05.587633610,-1888.74
T001800,2024-12-11,S026,P0016,-1,153.84,,INR,2024-02-24 19:51:51.149885654,
T001801,2024-11-06,S028,P0018,-1,1030.34,96.49,INR,2024-01-03 14:42:36.245862722,-1126.83
T001802,2024-09-01,S012,P0019,2,1909.62,241.2,INR,2024-02-09 08:36:56.725856304,3578.04
T001803,2024-06-17,S020,P0044,3,580.33,30.24,INR,2024-05-09 14:46:46.710265875,1710.7500000000002
T001804,2024-05-30,S049,P0002,0,605.69,137.82,INR,2024-10-02 16:04:19.334552765,-137.82
T001805,2024-08-25,S014,P0058,0,1297.23,181.71,INR,2024-05-19 19:39:55.856548786,-181.71
T001806,2024-07-18,S046,P0010,-1,1859.76,282.15,INR,2024-10-11 22:04:23.654090643,-2141.91
T001807,2024-01-23,S035,P0076,8,477.61,221.18,INR,2024-09-28 02:47:20.565303564,3599.7000000000003
T001808,2024-07-06,S029,P0046,3,1851.14,41.77,INR,2024-10-16 22:30:15.321015358,5511.65
T001809,2024-10-21,S012,P0082,-2,1359.71,290.66,INR,2024-03-09 08:30:19.637524128,-3010.08
T001810,2024-06-16,S018,P0019,6,1986.79,143.39,INR,2024-07-07 08:27:13.088721037,11777.35
T001811,2024-01-19,S044,P0038,8,1499.27,110.92,INR,2024-09-17 03:10:48.242075443,11883.24
T001812,2024-10-13,S002,P0037,7,1368.82,38.61,INR,2024-04-13 17:22:13.454591990,9543.13
T001813,2024-03-14,S002,P0091,1,1648.32,,INR,2024-11-01 21:06:41.137490988,
T001814,2024-04-04,S017,P0078,-1,432.77,175.86,INR,2024-10-11 10:46:22.155262947,-608.63
T001815,2024-03-01,S010,P0045,9,1897.37,296.4,INR,2024-02-13 18:07:06.179128647,16779.929999999997
T001816,2024-04-30,S018,P0034,3,414.63,52.16,INR,2024-03-20 12:41:55.495473623,1191.7299999999998
T001817,2024-10-03,S022,P0002,2,148.77,163.75,INR,2024-03-27 15:23:27.408609867,133.79000000000002
T001818,2024-07-08,S019,P0044,0,1425.93,32.97,INR,2024-11-16 15:27:16.654884577,-32.97
T001819,2024-03-15,S001,P0097,0,450.73,157.28,INR,2024-03-09 03:43:38.646100283,-157.28
T001820,2024-11-16,S024,P0083,2,1541.63,266.94,INR,2024-08-15 01:33:48.673493385,2816.32
T001821,2024-11-17,S036,P0027,1,1610.57,,INR,2024-01-24 16:37:47.062203169,
T001822,2024-11-13,S025,P0048,2,549.73,80.89,INR,2024-07-20 15:56:48.926920652,1018.57
T001823,2024-03-28,S036,P0094,-1,264.77,204.72,INR,2024-02-21 13:22:06.298753023,-469.49
T001824,2024-06-13,S031,P0007,8,1051.56,22.89,INR,2024-07-29 01:20:33.180094957,8389.59
T001825,2024-12-25,S031,P0027,-2,1791.42,136.2,INR,2024-05-14 05:53:25.940411806,-3719.04
T001826,2024-10-08,S002,P0085,2,1709.85,99.92,INR,2024-08-09 01:46:50.573657036,3319.7799999999997
T001827,2024-01-10,S019,P0071,8,322.46,251.44,INR,2024-05-23 23:19:21.460199594,2328.24
T001828,2024-01-24,S012,P0089,-2,1933.09,14.72,INR,2024-11-07 19:37:33.779721022,-3880.8999999999996
T001829,2024-06-18,S010,P0018,0,601.5,259.02,INR,2024-10-03 07:07:29.692998886,-259.02
T001830,2024-11-27,S031,P0033,5,763.84,211.09,INR,2024-11-04 07:35:28.875322580,3608.11
T001831,2024-07-15,S045,P0033,8,383.2,89.16,INR,2024-03-22 01:10:38.735347033,2976.44
T001832,2024-06-30,S022,P0096,5,817.83,59.33,INR,2024-02-24 07:37:41.008307695,4029.82
T001833,2024-02-08,S023,P0025,6,1307.72,285.05,INR,2024-07-22 10:15:06.101901531,7561.2699999999995
T001834,2024-08-27,S023,P0014,-2,1061.55,166.17,INR,2024-11-14 14:01:08.181113958,-2289.27
T001835,2024-10-27,S015,P0038,1,1672.33,103.43,INR,2024-02-10 09:03:57.092074394,1568.8999999999999
T001836,2024-05-18,S026,P0038,3,1318.47,13.34,INR,2024-03-26 08:51:37.695225954,3942.0699999999997
T001837,2024-10-10,S003,P0004,4,600.73,49.74,INR,2024-09-29 06:56:39.815179586,2353.1800000000003
T001838,2024-12-18,S023,P0062,2,1159.13,179.45,INR,2024-06-18 20:33:43.794990778,2138.8100000000004
T001839,2024-03-15,S020,P0082,4,221.96,,INR,2024-08-08 06:20:18.746070862,
T001840,2024-07-10,S045,P0010,8,1203.5,227.28,INR,2024-08-03 23:46:07.522242546,9400.72
T001841,2024-04-14,S040,P0035,7,840.36,250.45,INR,2024-05-30 12:13:46.051086187,5632.070000000001
T001842,2024-10-16,S039,P0099,5,286.96,119.15,INR,2024-09-14 13:57:07.952492476,1315.6499999999999
T001843,2024-07-29,S008,P0023,7,684.18,,INR,2024-11-07 01:52:39.700651169,
T001844,2024-08-19,S018,P0089,3,1806.37,237.46,INR,2024-11-27 07:57:06.299476862,5181.65
T001845,2024-10-18,S041,P0065,8,1213.47,166.12,INR,2024-01-17 22:33:56.175752163,9541.64
T001846,2024-05-24,S006,P0082,1,1816.2,,INR,2024-07-21 01:35:22.840987682,
T001847,2024-11-30,S027,P0079,-2,880.53,238.9,INR,2024-01-15 17:39:17.056959867,-1999.96
T001848,2024-07-13,S036,P0025,8,1959.93,98.72,INR,2024-11-24 20:08:51.965894461,15580.720000000001
T001849,2024-02-27,S015,P0096,2,784.04,128.55,INR,2024-06-05 16:22:06.501677275,1439.53
T001850,2024-09-11,S037,P0053,7,1537.93,70.67,INR,2024-11-24 16:36:09.329830170,10694.84
T001851,2024-10-16,S005,P0084,7,680.27,153.6,INR,2024-03-09 12:06:24.013056040,4608.289999999999
T001852,2024-04-25,S039,P0017,7,301.38,213.22,INR,2024-02-29 06:22:19.435778141,1896.4399999999998
T001853,2024-11-08,S009,P0057,1,1682.81,183.75,INR,2024-11-27 12:55:10.171797752,1499.06
T001854,2024-11-26,S007,P0075,2,1548.9,102.63,INR,2024-12-08 12:10:12.386879683,2995.17
T001855,2024-04-11,S041,P0077,1,1659.2,246.99,INR,2024-10-06 21:04:37.897707701,1412.21
T001856,2024-12-24,S020,P0089,6,669.42,31.52,INR,2024-03-22 00:56:32.157051086,3984.9999999999995
T001857,2024-02-21,S010,P0020,0,1436.96,42.77,INR,2024-03-03 18:35:31.346461058,-42.77
T001858,2024-03-14,S026,P0025,0,517.85,121.25,INR,2024-09-30 00:35:40.264353037,-121.25
T001859,2024-03-08,S004,P0042,7,121.49,210.67,INR,2024-08-19 16:37:35.460762739,639.76
T001860,2024-11-22,S038,P0045,4,1746.33,,INR,2024-11-14 07:23:29.493499517,
T001861,2024-08-26,S024,P0031,-1,1094.7,,INR,2024-04-11 00:52:04.889461040,
T001862,2024-02-25,S014,P0065,6,1968.94,208.98,INR,2024-04-17 19:19:42.775251389,11604.66
T001863,2024-06-09,S041,P0052,5,831.57,18.18,INR,2024-09-24 01:10:34.344875813,4139.67
T001864,2024-08-12,S001,P0080,9,1918.06,,INR,2024-04-07 18:31:44.415081978,
T001865,2024-01-31,S017,P0092,3,1268.61,208.13,INR,2024-06-17 18:25:28.385365725,3597.7
T001866,2024-11-18,S045,P0021,6,1073.19,55.21,INR,2024-07-08 20:26:42.623333931,6383.93
T001867,2024-10-20,S024,P0030,8,675.34,63.81,INR,2024-09-01 06:03:23.113088369,5338.91
T001868,2024-07-03,S027,P0003,0,1668.03,26.06,INR,2024-05-05 16:47:58.300387859,-26.06
T001869,2024-12-19,S007,P0098,1,1674.71,109.34,INR,2024-11-09 07:01:54.991816521,1565.3700000000001
T001870,2024-06-01,S009,P0070,4,892.17,247.48,INR,2024-05-26 20:24:08.189602375,3321.2
T001871,2024-12-25,S043,P0043,-2,1481.86,250.91,INR,2024-01-16 02:25:48.295286894,-3214.6299999999997
T001872,2024-08-31,S035,P0029,-2,949.75,258.71,INR,2024-01-25 10:56:18.010939121,-2158.21
T001873,2024-08-19,S012,P0003,-2,1505.35,11.01,INR,2024-12-20 14:58:57.679986715,-3021.71
T001874,2024-03-01,S021,P0058,9,1988.96,298.05,INR,2024-08-15 01:05:41.534761905,17602.59
T001875,2024-11-17,S003,P0033,5,598.74,150.79,INR,2024-06-28 04:31:46.617573023,2842.91
T001876,2024-06-05,S015,P0075,3,1304.7,261.82,INR,2024-11-13 10:24:08.229832172,3652.28
T001877,2024-02-29,S021,P0045,0,821.77,271.53,INR,2024-09-18 15:54:35.583125591,-271.53
T001878,2024-01-05,S010,P0069,7,1141.91,154.35,INR,2024-03-07 04:59:42.321938992,7839.02
T001879,2024-07-23,S033,P0032,4,1760.88,15.33,INR,2024-01-03 15:52:50.114455700,7028.1900000000005
T001880,2024-07-11,S046,P0082,3,760.39,179.24,INR,2024-12-24 11:27:41.228838205,2101.9300000000003
T001881,2024-09-19,S006,P0084,2,237.54,100.23,INR,2024-08-17 15:55:57.166835785,374.84999999999997
T001882,2024-11-20,S002,P0052,0,1617.98,62.03,INR,2024-06-23 03:10:13.057591677,-62.03
T001883,2024-01-29,S029,P0064,1,1154.55,54.75,INR,2024-12-10 19:11:16.116259813,1099.8
T001884,2024-09-23,S040,P0040,8,953.86,167.78,INR,2024-05-14 18:15:32.563869715,7463.1
T001885,2024-03-09,S033,P0092,8,448.33,31.34,INR,2024-09-20 17:33:39.329625368,3555.2999999999997
T001886,2024-11-09,S004,P0013,-2,276.42,246.49,INR,2024-09-01 14:12:03.817915201,-799.33
T001887,2024-10-25,S004,P0090,6,629.6,68.19,INR,2024-09-04 02:42:28.331673622,3709.4100000000003
T001888,2024-07-16,S029,P0080,2,1465.92,164.79,INR,2024-09-04 03:40:56.626105070,2767.05
T001889,2024-09-16,S037,P0089,-1,882.36,,INR,2024-01-04 19:20:36.290437937,
T001890,2024-04-24,S020,P0074,9,1183.43,257.89,INR,2024-10-27 20:53:09.267887354,10392.980000000001
T001891,2024-06-20,S041,P0029,8,255.89,207.63,INR,2024-12-02 21:04:35.636890173,1839.4899999999998
T001892,2024-10-26,S023,P0063,6,334.16,61.96,INR,2024-06-13 00:18:02.221917868,1943.0
T001893,2024-06-16,S045,P0084,9,121.48,,INR,2024-07-23 13:50:11.700953245,
T001894,2024-05-10,S018,P0026,4,1379.24,24.87,INR,2024-04-28 12:30:33.228382349,5492.09
T001895,2024-06-29,S049,P0096,5,602.46,231.67,INR,2024-10-13 13:13:54.136195421,2780.63
T001896,2024-10-29,S025,P0059,0,1937.16,147.1,INR,2024-09-25 20:37:39.258602618,-147.1
T001897,2024-05-02,S001,P0049,4,686.07,36.06,INR,2024-09-26 13:16:07.966150761,2708.2200000000003
T001898,2024-03-04,S015,P0053,8,790.87,,INR,2024-09-25 05:55:26.875110149,
T001899,2024-09-16,S034,P0088,-2,992.03,60.26,INR,2024-03-20 18:26:40.235246658,-2044.32
T001900,2024-10-28,S048,P0031,3,706.37,201.83,INR,2024-02-11 01:41:58.655555248,1917.2800000000002
T001901,2024-02-06,S020,P0012,7,1653.14,212.59,INR,2024-04-23 10:12:25.928924561,11359.390000000001
T001902,2024-03-28,S037,P0058,3,1764.79,228.25,INR,2024-07-29 00:19:20.346685886,5066.12
T001903,2024-02-21,S027,P0036,8,120.97,268.46,INR,2024-05-25 19:49:28.997979879,699.3
T001904,2024-05-06,S022,P0010,7,1343.86,,INR,2024-03-31 23:23:36.692596674,
T001905,2024-06-13,S999,P0006,9,1403.57,,INR,2024-01-09 03:14:58.565990448,
T001906,2024-09-30,S005,P0007,3,1926.71,256.27,INR,2024-02-14 05:07:34.061478615,5523.860000000001
T001907,2024-08-25,S034,P0031,0,803.76,269.95,INR,2024-02-08 10:42:26.712284565,-269.95
T001908,2024-08-14,S039,P0091,3,471.03,234.53,INR,2024-12-15 04:09:34.688122034,1178.56
T001909,2024-05-08,S003,P0072,0,1089.1,282.73,INR,2024-10-11 06:30:24.049027681,-282.73
T001910,2024-11-03,S017,P0003,7,950.36,293.83,INR,2024-02-14 19:18:22.681297302,6358.6900000000005
T001911,2024-06-21,S024,P0047,6,1604.29,75.39,INR,2024-06-19 12:45:54.715474129,9550.35
T001912,2024-12-23,S024,P0085,4,1817.55,55.11,INR,2024-08-26 21:17:52.692966700,7215.09
T001913,2024-08-19,S003,P0001,1,264.75,134.58,INR,2024-12-16 18:39:11.028174877,130.17
T001914,2024-02-16,S045,P0045,0,1708.5,299.08,INR,2024-04-08 04:07:26.059427023,-299.08
T001915,2024-09-03,S007,P0054,3,1827.04,26.54,INR,2024-04-06 09:02:57.779867649,5454.58
T001916,2024-04-28,S025,P0050,6,1855.86,213.6,INR,2024-07-26 09:56:13.296662569,10921.56
T001917,2024-09-07,S003,P0079,0,1552.19,,INR,2024-11-08 22:37:47.359922171,
T001918,2024-01-26,S015,P0007,5,1509.96,298.93,INR,2024-04-12 01:28:53.472920179,7250.87
T001919,2024-03-04,S029,P0063,3,128.3,185.91,INR,2024-02-15 22:13:44.778233767,198.99000000000004
T001920,2024-11-08,S050,P0015,1,1848.36,114.03,INR,2024-04-07 03:18:00.948165894,1734.33
T001921,2024-03-23,S029,P0089,2,767.86,49.95,INR,2024-06-12 21:49:45.833958149,1485.77
T001922,2024-11-01,S010,P0067,0,178.13,,INR,2024-05-11 09:11:27.470921040,
T001923,2024-04-11,S032,P0030,-1,884.66,277.26,INR,2024-11-10 08:13:32.833370209,-1161.92
T001924,2024-08-22,S023,P0078,6,1492.42,241.36,INR,2024-12-10 04:12:08.273826599,8713.16
T001925,2024-09-10,S039,P0068,0,939.71,,INR,2024-05-18 03:13:15.084960699,
T001926,2024-07-06,S009,P0036,3,1540.22,18.26,INR,2024-10-27 13:10:14.226413727,4602.4
T001927,2024-04-21,S037,P0067,2,1067.88,189.45,INR,2024-01-26 01:02:06.030924797,1946.3100000000002
T001928,2024-03-18,S040,P0005,7,668.91,82.44,INR,2024-07-21 02:26:27.733001709,4599.93
T001929,2024-01-13,S014,P0025,8,485.53,229.68,INR,2024-10-30 13:43:27.140413284,3654.56
T001930,2024-04-20,S004,P0095,5,900.1,28.71,INR,2024-06-01 19:08:22.641590595,4471.79
T001931,2024-08-26,S020,P0011,2,168.03,77.62,INR,2024-02-22 08:28:49.445730686,258.44
T001932,2024-12-08,S028,P0072,8,902.83,255.08,INR,2024-04-13 16:37:44.559849501,6967.56
T001933,2024-11-13,S014,P0090,5,230.38,224.83,INR,2024-06-28 13:06:39.113531113,927.07
T001934,2024-10-06,S044,P0066,8,1766.31,297.61,INR,2024-11-03 21:02:12.303177834,13832.869999999999
T001935,2024-10-14,S034,P0028,2,1193.41,193.2,INR,2024-09-30 05:42:43.566333294,2193.6200000000003
T001936,2024-08-30,S013,P0060,8,1327.48,90.92,INR,2024-01-31 12:07:18.202795506,10528.92
T001937,2024-04-05,S031,P0010,7,648.84,164.37,INR,2024-07-18 08:20:18.004839420,4377.51
T001938,2024-11-27,S033,P0050,3,529.06,,INR,2024-11-14 09:47:34.412377119,
T001939,2024-09-01,S039,P0039,2,1445.02,,INR,2024-07-29 15:29:08.480254889,
T001940,2024-07-23,S028,P0037,-1,1375.97,264.45,INR,2024-01-24 16:51:10.765903950,-1640.42
T001941,2024-02-10,S025,P0063,7,333.09,6.87,INR,2024-10-27 10:32:02.230838537,2324.7599999999998
T001942,2024-06-12,S032,P0061,7,553.42,110.87,INR,2024-11-26 23:18:09.182800770,3763.0699999999997
T001943,2024-06-17,S009,P0085,3,1898.49,280.59,INR,2024-05-22 01:17:42.745162487,5414.88
T001944,2024-11-11,S028,P0092,4,677.94,11.79,INR,2024-04-23 04:47:56.503334760,2699.9700000000003
T001945,2024-07-18,S031,P0038,0,149.08,155.73,INR,2024-07-17 07:45:05.582738876,-155.73
T001946,2024-05-18,S017,P0033,0,221.19,103.96,INR,2024-12-25 04:36:41.551477671,-103.96
T001947,2024-12-22,S023,P0075,9,1573.44,193.86,INR,2024-11-01 16:11:12.798295021,13967.1
T001948,2024-02-10,S013,P0045,4,1538.6,48.67,INR,2024-10-23 00:50:55.465055466,6105.73
T001949,2024-06-03,S010,P0044,8,825.47,195.99,INR,2024-03-11 11:56:13.934523582,6407.77
T001950,2024-01-16,S016,P0001,7,391.08,297.55,INR,2024-11-22 17:38:55.279599190,2440.0099999999998
T001951,2024-09-27,S006,P0053,1,1046.4,81.35,INR,2024-07-21 22:05:04.634667873,965.0500000000001
T001952,2024-12-01,S048,P0047,-1,730.59,,INR,2024-11-30 15:51:25.269160748,
T001953,2024-04-12,S011,P0033,6,810.54,8.91,INR,2024-08-25 20:59:07.398570776,4854.33
T001954,2024-11-09,S003,P0067,6,595.87,,INR,2024-10-31 11:18:14.148895741,
T001955,2024-04-16,S028,P0090,3,219.43,,INR,2024-03-01 10:00:19.020714760,
T001956,2024-11-28,S041,P0015,-1,1603.2,169.41,INR,2024-09-14 21:07:40.876067162,-1772.6100000000001
T001957,2024-10-02,S015,P0014,0,1274.62,77.03,INR,2024-04-03 21:31:43.386096954,-77.03
T001958,2024-10-20,S013,P0023,2,1685.81,,INR,2024-03-02 15:34:59.684018373,
T001959,2024-01-07,S042,P0054,8,1056.08,,INR,2024-07-28 12:05:06.731019974,
T001960,2024-12-17,S045,P0008,8,1971.47,272.54,INR,2024-08-08 00:00:43.764832020,15499.22
T001961,2024-09-22,S017,P0054,2,1928.8,70.56,INR,2024-06-28 01:48:43.175781012,3787.04
T001962,2024-04-21,S007,P0036,6,616.39,,INR,2024-02-02 11:59:50.829642773,
T001963,2024-10-29,S028,P0084,7,835.26,157.17,INR,2024-03-30 08:00:05.220943451,5689.65
T001964,2024-04-12,S038,P0052,0,1530.15,31.38,INR,2024-03-26 22:32:59.206884384,-31.38
T001965,2024-11-14,S013,P0006,-1,1575.55,169.63,INR,2024-04-24 12:01:48.164587021,-1745.1799999999998
T001966,2024-02-11,S017,P0097,7,1830.33,212.64,INR,2024-08-17 05:51:10.559440374,12599.67
T001967,2024-09-13,S015,P0028,5,1340.0,179.48,INR,2024-06-08 20:46:06.532723904,6520.52
T001968,2024-07-16,S036,P0050,4,1002.73,31.32,INR,2024-12-19 11:03:13.195439339,3979.6
T001969,2024-02-05,S028,P0038,9,817.54,,INR,2024-01-06 18:47:37.793185711,
T001970,2024-03-29,S015,P0030,6,896.44,12.3,INR,2024-03-19 19:18:50.157982111,5366.34
T001971,2024-01-05,S046,P0081,0,1715.77,,INR,2024-07-28 07:02:55.553846836,
T001972,2024-06-20,S011,P0073,3,1962.02,184.71,INR,2024-11-16 23:00:50.241997957,5701.349999999999
T001973,2024-04-19,S031,P0092,2,198.63,65.4,INR,2024-01-13 09:01:36.218625069,331.86
T001974,2024-08-06,S004,P0054,2,1202.46,,INR,2024-11-18 12:25:58.742341757,
T001975,2024-04-18,S035,P0071,7,1088.1,153.58,INR,2024-07-04 03:42:55.958928823,7463.119999999999
T001976,2024-04-19,S034,P0046,5,814.67,216.74,INR,2024-10-13 16:50:03.216841459,3856.6099999999997
T001977,2024-09-28,S027,P0028,-2,1718.0,123.23,INR,2024-12-12 06:11:22.111291885,-3559.23
T001978,2024-01-18,S010,P0017,-2,1193.91,209.54,INR,2024-03-19 14:56:33.425435305,-2597.36
T001979,2024-11-25,S030,P0048,0,694.92,258.2,INR,2024-08-02 14:05:26.714534521,-258.2
T001980,2024-11-07,S045,P0044,8,943.8,287.64,INR,2024-11-18 12:56:23.764750719,7262.759999999999
T001981,2024-08-31,S020,P0060,-1,777.93,69.98,INR,2024-11-04 05:02:15.012763739,-847.91
T001982,2024-08-04,S029,P0060,-1,917.16,181.61,INR,2024-07-09 03:38:52.956116199,-1098.77
T001983,2024-11-21,S029,P0005,-1,235.41,80.06,INR,2024-12-12 13:33:08.106281281,-315.47
T001984,2024-03-08,S023,P0069,1,312.64,261.28,INR,2024-09-15 13:58:26.843606710,51.360000000000014
T001985,2024-01-29,S050,P0078,-2,1285.01,267.09,INR,2024-07-10 07:14:28.224895477,-2837.11
T001986,2024-03-28,S021,P0070,7,1399.73,96.65,INR,2024-01-22 03:13:25.329822063,9701.460000000001
T001987,2024-10-17,S048,P0007,6,1309.58,193.6,INR,2024-06-26 20:47:57.406263351,7663.879999999999
T001988,2024-01-13,S043,P0053,2,1549.84,266.3,INR,2024-06-02 23:50:57.492468834,2833.3799999999997
T001989,2024-07-31,S010,P0017,2,1892.71,152.51,INR,2024-04-21 10:00:59.455001593,3632.91
T001990,2024-12-29,S041,P0059,6,1735.17,216.14,INR,2024-12-10 03:43:43.612043142,10194.880000000001
T001991,2024-11-08,S012,P0009,2,895.17,240.26,INR,2024-12-03 21:07:55.717920065,1550.08
T001992,2024-07-09,S030,P0095,8,513.33,,INR,2024-05-03 02:36:40.094975710,
T001993,2024-01-24,S999,P0022,5,692.52,154.56,INR,2024-06-08 01:16:55.413199425,3308.04
T001994,2024-10-30,S033,P0045,8,1216.71,282.55,INR,2024-10-01 09:56:14.968517542,9451.130000000001
T001995,2024-08-06,S018,P0073,-2,1726.8,188.69,INR,2024-10-31 19:06:01.859307289,-3642.29
T001996,2024-02-11,S014,P0059,-2,1433.28,45.52,INR,2024-02-10 04:17:18.819860458,-2912.08
T001997,2024-02-04,S022,P0080,1,1131.72,183.74,INR,2024-06-28 03:21:47.036217928,947.98
T001998,2024-11-28,S021,P0100,5,1243.57,89.54,INR,2024-11-29 19:03:35.624698877,6128.3099999999995
T001999,2024-09-01,S001,P0098,0,1103.7,111.63,INR,2024-08-30 13:47:28.012974024,-111.63
T002000,2024-10-29,S049,P0013,-2,1946.09,242.66,INR,2024-07-17 04:23:07.064656018,-4134.84
T002001,2024-11-16,S043,P0083,8,1650.57,292.0,INR,2024-09-19 02:04:10.221940994,12912.56
T002002,2024-07-27,S015,P0012,9,1584.43,260.96,INR,2024-08-29 10:08:28.303054094,13998.910000000002
T002003,2024-07-07,S036,P0036,6,1082.93,97.74,INR,2024-12-09 22:06:00.482410908,6399.84
T002004,2024-06-06,S047,P0010,6,730.44,136.1,INR,2024-11-29 02:41:40.162735939,4246.54
T002005,2024-04-25,S022,P0016,6,137.08,295.05,INR,2024-05-25 04:30:59.478937626,527.4300000000001
T002006,2024-06-07,S032,P0092,6,182.52,277.06,INR,2024-01-12 16:29:18.677275658,818.0600000000002
T002007,2024-10-09,S046,P0019,-1,157.45,293.08,INR,2024-05-01 10:14:49.619602919,-450.53
T002008,2024-08-07,S033,P0006,8,1962.91,,INR,2024-03-15 01:18:56.060769558,
T002009,2024-11-21,S041,P0004,8,317.52,240.17,INR,2024-02-18 00:23:52.798553228,2299.99
T002010,2024-06-10,S039,P0030,8,370.03,261.37,INR,2024-11-20 02:23:14.445350409,2698.87
T002011,2024-08-09,S023,P0095,1,1019.88,13.28,INR,2024-09-16 02:59:55.981793404,1006.6
T002012,2024-08-18,S043,P0046,-1,1014.66,,INR,2024-01-12 21:23:21.288090467,
T002013,2024-08-03,S002,P0027,4,1847.95,265.05,INR,2024-12-01 17:02:37.210589409,7126.75
T002014,2024-09-13,S002,P0045,8,239.71,,INR,2024-11-25 14:21:40.405426264,
T002015,2024-03-27,S038,P0085,0,1918.75,83.59,INR,2024-12-12 12:39:00.718210936,-83.59
T002016,2024-07-06,S999,P0037,6,511.14,81.81,INR,2024-10-29 21:42:49.467760801,2985.03
T002017,2024-02-08,S029,P0009,4,1943.29,112.62,INR,2024-01-29 18:57:53.593859434,7660.54
T002018,2024-05-20,S046,P0061,5,1128.52,73.19,INR,2024-08-15 07:41:07.947838068,5569.410000000001
T002019,2024-06-26,S003,P0035,6,1338.82,1.01,INR,2024-01-31 07:51:01.855922699,8031.91
T002020,2024-08-26,S039,P0047,5,699.88,51.78,INR,2024-09-17 09:21:06.718107700,3447.62
T002021,2024-12-12,S007,P0021,4,1262.47,264.77,INR,2024-03-12 21:47:56.166041374,4785.110000000001
T002022,2024-08-07,S036,P0017,6,1450.58,22.69,INR,2024-12-07 13:42:57.839571476,8680.789999999999
T002023,2024-09-28,S029,P0055,8,119.7,123.9,INR,2024-12-06 23:20:18.660083532,833.7
T002024,2024-07-03,S037,P0088,-2,165.03,136.95,INR,2024-08-05 00:43:08.949429750,-467.01
T002025,2024-08-19,S049,P0095,8,1974.31,233.45,INR,2024-10-01 17:26:27.622700453,15561.029999999999
T002026,2024-01-26,S036,P0006,1,969.36,75.78,INR,2024-11-09 05:25:29.398021221,893.58
T002027,2024-04-02,S023,P0035,1,1878.05,92.89,INR,2024-05-22 00:55:14.326258898,1785.1599999999999
T002028,2024-05-12,S045,P0050,2,1486.81,4.28,INR,2024-07-30 09:42:45.717833757,2969.3399999999997
T002029,2024-06-21,S016,P0037,5,808.64,,INR,2024-03-05 05:57:55.463592052,
T002030,2024-01-17,S048,P0013,7,386.6,205.67,INR,2024-12-25 16:56:49.903648615,2500.53
T002031,2024-02-21,S031,P0025,-2,1958.49,78.85,INR,2024-12-05 05:34:39.041311979,-3995.83
T002032,2024-04-11,S034,P0096,3,1210.54,266.25,INR,2024-06-25 10:45:57.957920074,3365.37
T002033,2024-12-20,S050,P0001,6,465.48,25.97,INR,2024-07-20 23:12:32.619648695,2766.9100000000003
T002034,2024-04-30,S001,P0049,7,1395.14,110.52,INR,2024-06-08 09:28:08.725484610,9655.460000000001
T002035,2024-06-24,S018,P0035,5,274.89,169.08,INR,2024-01-01 14:34:03.280543089,1205.37
T002036,2024-03-12,S040,P0083,-1,1749.27,151.65,INR,2024-03-24 22:46:51.493419409,-1900.92
T002037,2024-08-10,S043,P0053,4,271.26,196.47,INR,2024-02-07 02:26:16.877431870,888.5699999999999
T002038,2024-04-12,S015,P0052,2,548.77,89.28,INR,2024-04-27 20:35:42.288604021,1008.26
T002039,2024-03-16,S048,P0054,-1,273.72,227.35,INR,2024-03-27 05:25:20.650660038,-501.07000000000005
T002040,2024-07-07,S049,P0076,8,297.2,121.63,INR,2024-10-04 23:58:47.838202477,2255.97
T002041,2024-01-03,S017,P0047,-2,1095.28,,INR,2024-07-03 06:01:17.450211287,
T002042,2024-01-03,S044,P0043,-1,1405.28,222.12,INR,2024-10-25 04:52:10.308237076,-1627.4
T002043,2024-03-20,S010,P0020,8,1598.12,273.58,INR,2024-08-20 00:42:47.332269192,12511.38
T002044,2024-01-14,S020,P0033,7,1420.61,109.33,INR,2024-08-27 12:32:39.285921574,9834.939999999999
T002045,2024-02-09,S006,P0093,3,790.63,176.9,INR,2024-11-15 19:54:28.924248934,2194.99
T002046,2024-05-03,S008,P0016,8,1158.85,206.35,INR,2024-11-05 05:23:47.544825315,9064.449999999999
T002047,2024-10-19,S045,P0078,9,1862.56,,INR,2024-01-24 02:28:44.262727975,
T002048,2024-07-27,S034,P0007,5,836.4,59.4,INR,2024-07-30 02:20:12.234642029,4122.6
T002049,2024-07-06,S032,P0070,0,579.57,,INR,2024-05-30 18:40:05.694140911,
T002050,2024-04-17,S999,P0021,2,1086.71,222.11,INR,2024-08-06 20:49:26.242498398,1951.31
T002051,2024-12-06,S042,P0036,8,664.94,,INR,2024-11-10 20:43:19.346930981,
T002052,2024-05-24,S004,P0086,-1,597.45,141.74,INR,2024-01-05 09:31:53.422782660,-739.19
T002053,2024-02-01,S044,P0054,9,1579.73,139.31,INR,2024-01-05 00:04:47.507070303,14078.26
T002054,2024-08-13,S050,P0019,5,1792.59,251.8,INR,2024-01-23 19:58:48.481493950,8711.15
T002055,2024-02-11,S039,P0025,1,1054.4,233.19,INR,2024-11-15 07:59:41.413954258,821.21
T002056,2024-05-06,S020,P0067,8,1581.59,69.58,INR,2024-05-09 00:30:04.328032255,12583.14
T002057,2024-07-04,S024,P0100,7,455.47,69.89,INR,2024-05-15 11:58:47.226274967,3118.4
T002058,2024-11-15,S024,P0053,9,1140.52,217.01,INR,2024-05-06 01:43:56.360708237,10047.67
T002059,2024-06-29,S026,P0098,3,1308.78,,INR,2024-03-25 07:13:53.622353077,
T002060,2024-09-13,S025,P0075,0,1032.26,53.67,INR,2024-01-15 04:26:08.620884657,-53.67
T002061,2024-12-28,S036,P0048,8,322.07,123.35,INR,2024-11-26 21:03:34.199263334,2453.21
T002062,2024-02-17,S007,P0042,5,1494.79,247.73,INR,2024-03-25 23:58:37.723792791,7226.22
T002063,2024-04-10,S010,P0047,5,1694.25,23.83,INR,2024-11-22 06:55:04.495606899,8447.42
T002064,2024-05-24,S047,P0091,0,1306.93,112.17,INR,2024-12-14 20:01:56.962630033,-112.17
T002065,2024-06-02,S012,P0042,9,421.41,193.36,INR,2024-07-29 11:28:06.377046824,3599.33
T002066,2024-05-30,S001,P0002,6,241.65,231.33,INR,2024-05-15 21:07:00.979255438,1218.5700000000002
T002067,2024-11-27,S050,P0006,7,673.05,195.8,INR,2024-10-06 12:23:03.014546394,4515.549999999999
T002068,2024-09-17,S025,P0046,2,170.28,,INR,2024-01-10 06:21:16.587015390,
T002069,2024-08-09,S016,P0066,7,1694.52,297.59,INR,2024-12-05 00:52:26.279346228,11564.05
T002070,2024-04-22,S005,P0081,6,1435.81,12.46,INR,2024-05-28 21:20:48.687175989,8602.400000000001
T002071,2024-10-27,S019,P0040,4,1171.01,148.43,INR,2024-04-22 15:21:17.153526545,4535.61
T002072,2024-12-14,S004,P0058,7,1790.3,153.02,INR,2024-02-16 07:57:00.469468832,12379.08
T002073,2024-10-26,S006,P0078,0,309.18,71.94,INR,2024-12-14 15:17:31.176726103,-71.94
T002074,2024-01-01,S026,P0074,3,1457.47,,INR,2024-10-23 00:37:20.822709560,
T002075,2024-08-20,S049,P0033,7,378.6,66.02,INR,2024-09-21 05:43:07.533951283,2584.1800000000003
T002076,2024-01-19,S039,P0062,-1,215.76,133.02,INR,2024-12-05 19:14:58.684001446,-348.78
T002077,2024-04-04,S039,P0012,3,352.52,129.49,INR,2024-12-16 08:07:14.983701229,928.0699999999999
T002078,2024-01-22,S009,P0096,9,1906.79,231.94,INR,2024-04-07 23:35:43.850065231,16929.170000000002
T002079,2024-08-08,S045,P0049,2,936.82,282.78,INR,2024-10-14 01:57:31.277163029,1590.8600000000001
T002080,2024-09-07,S014,P0088,0,193.09,,INR,2024-10-06 22:45:21.538218975,
T002081,2024-02-11,S048,P0078,4,1208.91,297.46,INR,2024-07-22 10:05:23.430829048,4538.18
T002082,2024-05-20,S009,P0005,8,479.46,282.09,INR,2024-02-24 21:43:38.878676414,3553.5899999999997
T002083,2024-06-15,S015,P0051,1,112.99,33.8,INR,2024-12-09 05:25:34.885241032,79.19
T002084,2024-05-14,S037,P0069,8,1540.93,273.71,INR,2024-04-25 02:44:53.552674770,12053.730000000001
T002085,2024-02-14,S050,P0032,3,394.24,169.37,INR,2024-07-30 06:58:59.633218527,1013.35
T002086,2024-06-01,S020,P0049,6,1890.72,263.69,INR,2024-01-08 01:46:16.194498539,11080.63
T002087,2024-10-01,S008,P0097,9,1226.32,283.69,INR,2024-06-05 15:18:33.671478987,10753.189999999999
T002088,2024-01-26,S032,P0060,3,265.29,,INR,2024-08-13 03:59:34.153802872,
T002089,2024-01-30,S047,P0046,1,513.87,120.86,INR,2024-05-19 01:12:28.645226955,393.01
T002090,2024-05-09,S021,P0068,7,1260.6,,INR,2024-06-23 03:27:04.962553263,
T002091,2024-12-09,S041,P0094,-1,742.41,139.43,INR,2024-03-11 02:08:26.453971624,-881.8399999999999
T002092,2024-09-01,S019,P0041,6,1111.07,109.93,INR,2024-05-07 19:56:33.926708221,6556.49
T002093,2024-09-04,S029,P0081,1,1619.07,75.21,INR,2024-09-21 00:40:16.284155369,1543.86
T002094,2024-05-12,S031,P0067,1,1605.94,132.45,INR,2024-12-19 22:40:34.786951780,1473.49
T002095,2024-08-04,S006,P0013,-1,1426.17,241.79,INR,2024-06-20 02:34:18.478147984,-1667.96
T002096,2024-01-04,S004,P0100,2,1783.5,253.21,INR,2024-09-07 09:46:06.344258308,3313.79
T002097,2024-08-20,S043,P0018,3,478.79,287.4,INR,2024-12-22 07:24:25.402250051,1148.9700000000003
T002098,2024-11-29,S029,P0087,7,436.76,87.18,INR,2024-10-09 19:10:38.005193233,2970.14
T002099,2024-08-11,S042,P0099,3,1618.76,195.12,INR,2024-01-04 16:44:39.766065836,4661.16
T002100,2024-11-14,S003,P0097,0,709.69,208.13,INR,2024-12-07 11:20:09.652556896,-208.13
T002101,2024-09-21,S001,P0051,9,1073.15,57.4,INR,2024-11-12 07:07:23.000064134,9600.95
T002102,2024-02-14,S044,P0036,6,1513.51,110.06,INR,2024-04-08 22:56:55.752276182,8971.0
T002103,2024-11-25,S015,P0081,4,852.27,102.68,INR,2024-03-07 06:23:24.511322021,3306.4
T002104,2024-01-25,S047,P0034,0,347.31,295.77,INR,2024-11-24 05:12:16.230631351,-295.77
T002105,2024-07-13,S021,P0012,1,1390.97,287.51,INR,2024-09-08 08:55:53.222765446,1103.46
T002106,2024-02-21,S046,P0005,4,1652.6,246.53,INR,2024-03-27 12:02:22.834484100,6363.87
T002107,2024-01-05,S031,P0048,8,124.31,141.85,INR,2024-09-17 13:36:16.918291569,852.63
T002108,2024-06-03,S007,P0091,5,1168.85,79.22,INR,2024-08-07 01:58:10.459840775,5765.03
T002109,2024-04-17,S017,P0040,3,991.87,274.79,INR,2024-04-22 20:43:25.910817385,2700.82
T002110,2024-06-26,S019,P0013,1,593.23,80.41,INR,2024-07-22 05:19:48.648314714,512.82
T002111,2024-07-29,S039,P0026,9,405.95,156.58,INR,2024-07-11 10:51:47.175094843,3496.97
T002112,2024-01-16,S003,P0014,-1,457.27,73.52,INR,2024-07-05 01:37:21.687829733,-530.79
T002113,2024-02-14,S030,P0096,7,1477.45,291.38,INR,2024-07-07 20:07:51.461140633,10050.77
T002114,2024-07-22,S035,P0011,5,1118.77,12.53,INR,2024-01-01 03:33:03.281282425,5581.320000000001
T002115,2024-05-05,S029,P0038,-2,1964.19,52.3,INR,2024-04-08 01:13:43.323483944,-3980.6800000000003
T002116,2024-09-23,S050,P0080,6,562.14,229.51,INR,2024-06-06 06:23:42.869205952,3143.33
T002117,2024-08-26,S014,P0057,5,1918.12,45.43,INR,2024-02-16 10:44:20.741086483,9545.169999999998
T002118,2024-11-04,S035,P0022,0,1078.71,293.8,INR,2024-09-30 10:40:50.422770500,-293.8
T002119,2024-09-09,S028,P0016,7,377.45,96.41,INR,2024-11-05 02:43:49.054049492,2545.7400000000002
T002120,2024-06-05,S030,P0077,1,381.54,275.59,INR,2024-10-25 11:41:03.717268467,105.95000000000005
T002121,2024-09-02,S026,P0076,7,1256.28,198.68,INR,2024-06-16 18:25:04.313604116,8595.279999999999
T002122,2024-04-10,S007,P0082,1,1679.7,190.24,INR,2024-09-09 02:32:54.224756241,1489.46
T002123,2024-04-21,S039,P0029,-1,1520.65,274.61,INR,2024-01-29 01:31:21.592508793,-1795.2600000000002
T002124,2024-10-14,S031,P0082,9,1345.69,153.98,INR,2024-03-13 18:42:42.683585405,11957.230000000001
T002125,2024-06-11,S005,P0002,8,427.01,,INR,2024-01-18 03:11:15.922001123,
T002126,2024-10-18,S035,P0054,7,305.85,65.29,INR,2024-12-18 09:15:22.833859205,2075.6600000000003
T002127,2024-10-27,S050,P0002,2,100.47,,INR,2024-07-28 14:58:40.238056421,
T002128,2024-11-09,S047,P0003,9,293.41,237.53,INR,2024-03-04 23:06:09.258406162,2403.16
T002129,2024-11-30,S014,P0093,0,1556.1,38.38,INR,2024-09-15 06:05:53.477454185,-38.38
T002130,2024-06-06,S036,P0056,9,1800.97,118.21,INR,2024-06-27 12:46:05.752015829,16090.52
T002131,2024-04-26,S027,P0072,8,556.67,122.77,INR,2024-06-07 12:05:48.631510735,4330.589999999999
T002132,2024-07-31,S024,P0011,-2,1610.3,,INR,2024-11-29 09:50:59.530985832,
T002133,2024-05-15,S040,P0076,-1,477.81,83.55,INR,2024-09-15 11:53:07.035817862,-561.36
T002134,2024-08-07,S029,P0032,8,573.62,251.47,INR,2024-09-09 02:10:12.606393337,4337.49
T002135,2024-09-14,S045,P0004,9,525.9,62.25,INR,2024-02-05 12:25:27.171185732,4670.849999999999
T002136,2024-09-08,S022,P0009,4,198.29,236.74,INR,2024-02-03 14:10:16.628746033,556.42
T002137,2024-05-16,S008,P0088,-2,468.72,254.93,INR,2024-08-30 12:26:08.206686258,-1192.3700000000001
T002138,2024-03-01,S015,P0056,9,809.73,57.95,INR,2024-02-27 02:51:25.456785917,7229.62
T002139,2024-06-06,S049,P0016,-1,870.39,242.82,INR,2024-06-14 10:30:01.378731012,-1113.21
T002140,2024-02-22,S005,P0081,7,687.99,214.12,INR,2024-07-26 23:29:33.159094810,4601.81
T002141,2024-11-20,S004,P0086,4,1077.98,,INR,2024-05-21 15:40:25.546352148,
T002142,2024-05-06,S011,P0071,-2,818.2,152.99,INR,2024-02-01 01:57:16.179042578,-1789.39
T002143,2024-02-26,S018,P0010,4,1943.69,70.16,INR,2024-09-28 07:45:11.487184525,7704.6
T002144,2024-01-10,S042,P0093,5,1633.97,273.61,INR,2024-11-19 00:52:48.400800705,7896.240000000001
T002145,2024-08-23,S049,P0036,8,1868.86,237.01,INR,2024-02-29 00:20:45.327492952,14713.869999999999
T002146,2024-08-20,S030,P0024,-1,1159.11,6.3,INR,2024-11-07 17:56:50.763463736,-1165.4099999999999
T002147,2024-05-04,S015,P0064,1,1388.85,281.82,INR,2024-10-14 20:58:35.523727417,1107.03
T002148,2024-01-27,S006,P0056,4,416.69,284.56,INR,2024-07-24 19:24:57.604345798,1382.2
T002149,2024-05-29,S016,P0078,-2,1530.29,106.59,INR,2024-08-05 13:50:20.234485626,-3167.17
T002150,2024-04-23,S047,P0078,3,548.35,3.01,INR,2024-08-25 19:44:11.974662542,1642.0400000000002
T002151,2024-09-04,S040,P0089,2,377.08,165.76,INR,2024-07-10 12:54:37.551079750,588.4
T002152,2024-08-09,S009,P0022,8,179.53,274.1,INR,2024-11-04 04:26:32.361492872,1162.1399999999999
T002153,2024-05-13,S043,P0052,3,997.24,37.33,INR,2024-06-22 01:06:15.479537010,2954.3900000000003
T002154,2024-03-20,S034,P0050,5,644.9,177.15,INR,2024-07-18 16:10:53.345038891,3047.35
T002155,2024-12-26,S027,P0047,8,1974.78,219.53,INR,2024-01-14 10:03:53.762384415,15578.71
T002156,2024-06-14,S013,P0023,8,574.69,40.41,INR,2024-03-06 17:24:37.183703423,4557.110000000001
T002157,2024-09-08,S036,P0096,-2,1746.43,153.98,INR,2024-11-25 21:05:42.593849182,-3646.84
T002158,2024-02-21,S027,P0090,0,701.23,26.64,INR,2024-02-14 08:58:17.602033615,-26.64
T002159,2024-06-26,S009,P0091,8,1523.34,167.44,INR,2024-11-25 23:28:24.320497513,12019.279999999999
T002160,2024-01-11,S005,P0076,6,1353.7,132.63,INR,2024-08-20 02:41:49.220602512,7989.570000000001
T002161,2024-07-03,S999,P0083,9,1167.39,79.41,INR,2024-12-01 20:17:01.969059944,10427.1
T002162,2024-12-17,S022,P0019,5,891.97,255.92,INR,2024-10-24 05:19:10.007530928,4203.93
T002163,2024-05-20,S031,P0052,1,1375.1,114.54,INR,2024-11-11 19:52:59.201704979,1260.56
T002164,2024-01-15,S003,P0034,8,873.83,209.95,INR,2024-07-10 09:35:39.255318403,6780.6900000000005
T002165,2024-01-12,S030,P0096,7,1141.39,,INR,2024-10-28 05:36:47.346960783,
T002166,2024-05-21,S021,P0029,6,1220.62,53.59,INR,2024-06-17 02:13:23.444066763,7270.129999999999
T002167,2024-02-28,S035,P0061,4,607.97,35.73,INR,2024-01-17 02:57:17.427003145,2396.15
T002168,2024-01-09,S006,P0085,-1,745.5,2.35,INR,2024-08-25 17:53:54.815425873,-747.85
T002169,2024-10-03,S028,P0035,-2,134.3,91.74,INR,2024-09-22 21:15:00.610633612,-360.34000000000003
T002170,2024-06-16,S032,P0005,-2,1719.1,244.79,INR,2024-02-07 01:34:00.670807600,-3682.99
T002171,2024-04-15,S042,P0076,0,1536.37,231.83,INR,2024-10-24 19:20:41.727184772,-231.83
T002172,2024-11-24,S037,P0007,7,448.71,,INR,2024-01-28 10:31:20.418390274,
T002173,2024-02-12,S025,P0041,-1,787.89,228.18,INR,2024-06-10 04:32:22.838101864,-1016.0699999999999
T002174,2024-12-14,S032,P0002,1,900.03,7.2,INR,2024-06-27 02:12:42.407473803,892.8299999999999
T002175,2024-04-24,S035,P0089,5,735.32,115.66,INR,2024-01-14 09:59:25.884580612,3560.9400000000005
T002176,2024-11-20,S022,P0010,2,1616.66,1.78,INR,2024-01-25 00:26:52.477936983,3231.54
T002177,2024-08-08,S024,P0044,2,1478.3,10.82,INR,2024-06-13 11:38:34.385548353,2945.7799999999997
T002178,2024-10-28,S039,P0070,3,1557.6,143.57,INR,2024-04-23 14:37:02.602433205,4529.23
T002179,2024-12-25,S030,P0091,9,1817.85,,INR,2024-10-24 19:21:07.290019989,
T002180,2024-04-15,S050,P0035,2,1230.79,167.56,INR,2024-05-31 01:22:05.268457413,2294.02
T002181,2024-12-16,S032,P0062,2,1267.62,19.85,INR,2024-02-08 12:25:01.849888325,2515.39
T002182,2024-05-22,S031,P0074,4,1471.67,176.49,INR,2024-02-27 15:00:57.054404020,5710.1900000000005
T002183,2024-05-20,S023,P0073,3,1394.34,19.5,INR,2024-09-02 19:37:25.894944191,4163.5199999999995
T002184,2024-05-04,S040,P0020,7,1752.64,127.11,INR,2024-12-12 18:34:19.300857306,12141.37
T002185,2024-07-16,S033,P9999,8,1563.38,105.71,INR,2024-11-13 09:40:20.808259010,12401.330000000002
T002186,2024-02-26,S025,P0035,-1,328.87,67.18,INR,2024-02-17 06:22:13.142716408,-396.05
T002187,2024-07-21,S036,P0037,-2,1863.88,93.59,INR,2024-01-06 23:23:05.346499205,-3821.3500000000004
T002188,2024-07-16,S024,P0072,-2,1397.89,0.16,INR,2024-01-10 15:36:13.153624773,-2795.94
T002189,2024-10-05,S031,P0054,1,341.58,,INR,2024-07-21 12:28:19.590504169,
T002190,2024-10-31,S039,P0095,-1,1566.75,23.52,INR,2024-06-26 08:27:48.293753147,-1590.27
T002191,2024-06-09,S046,P0080,3,780.98,276.39,INR,2024-01-05 21:21:15.042750359,2066.55
T002192,2024-04-20,S013,P0028,9,1631.36,22.3,INR,2024-01-21 20:23:42.488192081,14659.94
T002193,2024-04-04,S010,P0070,9,1915.27,285.93,INR,2024-12-30 21:50:56.664257050,16951.5
T002194,2024-03-12,S023,P0032,6,584.96,,INR,2024-12-18 04:53:06.788175344,
T002195,2024-01-22,S018,P0092,7,1729.08,153.95,INR,2024-02-16 06:06:30.544518471,11949.609999999999
T002196,2024-05-04,S032,P0011,8,1569.77,236.44,INR,2024-02-29 21:30:54.315210581,12321.72
T002197,2024-04-08,S033,P0042,7,1375.25,208.61,INR,2024-11-24 13:25:35.934027672,9418.14
T002198,2024-12-18,S036,P0023,5,831.35,71.12,INR,2024-07-04 05:10:09.303118467,4085.63
T002199,2024-07-22,S028,P0030,1,308.74,7.64,INR,2024-12-15 15:52:07.340281487,301.1
T002200,2024-05-06,S016,P0009,9,1019.4,233.53,INR,2024-07-08 22:10:34.378070116,8941.07
T002201,2024-07-30,S016,P0092,-1,300.77,38.92,INR,2024-07-29 16:28:58.787948370,-339.69
T002202,2024-02-20,S018,P0088,-2,1050.28,179.51,INR,2024-03-21 08:23:25.738758802,-2280.0699999999997
T002203,2024-06-11,S008,P0059,4,1658.56,282.79,INR,2024-11-15 18:25:29.658593416,6351.45
T002204,2024-08-16,S042,P0028,7,1995.51,164.83,INR,2024-10-28 03:01:22.356581926,13803.74
T002205,2024-06-27,S016,P0088,0,476.22,85.67,INR,2024-05-03 03:49:34.665939569,-85.67
T002206,2024-05-26,S011,P0079,3,494.93,53.64,INR,2024-08-11 12:23:15.671114206,1431.1499999999999
T002207,2024-12-28,S006,P0033,2,1640.68,8.08,INR,2024-05-04 15:02:05.787927151,3273.28
T002208,2024-11-17,S001,P0047,2,991.21,186.97,INR,2024-06-18 08:21:43.641979218,1795.45
T002209,2024-08-15,S012,P0098,9,1840.03,167.4,INR,2024-11-07 13:06:31.707111359,16392.87
T002210,2024-07-26,S038,P0022,-1,1561.09,138.52,INR,2024-05-31 15:05:49.288008213,-1699.61
T002211,2024-08-14,S028,P0029,6,1499.21,58.13,INR,2024-11-02 19:21:17.049367189,8937.130000000001
T002212,2024-03-14,S045,P0034,8,293.71,70.99,INR,2024-12-16 10:41:49.855849504,2278.69
T002213,2024-05-24,S017,P0042,1,168.16,287.56,INR,2024-05-31 23:10:26.476297379,-119.4
T002214,2024-01-15,S001,P0052,7,701.85,6.12,INR,2024-11-16 07:10:47.561757088,4906.83
T002215,2024-06-22,S032,P0047,-2,512.87,109.03,INR,2024-04-20 22:53:38.884823799,-1134.77
T002216,2024-07-17,S008,P0074,-1,1453.39,11.64,INR,2024-01-02 01:05:31.034147739,-1465.0300000000002
T002217,2024-03-24,S040,P0051,6,956.39,57.47,INR,2024-01-31 20:08:41.268361330,5680.87
T002218,2024-12-17,S043,P0045,4,1093.98,279.94,INR,2024-09-26 01:00:26.819344521,4095.98
T002219,2024-11-27,S046,P0094,7,1646.11,,INR,2024-02-06 13:35:33.741338968,
T002220,2024-09-20,S024,P0075,-1,1009.16,180.24,INR,2024-12-08 19:02:24.578205109,-1189.4
T002221,2024-07-13,S010,P0034,4,1135.36,104.08,INR,2024-11-12 07:14:13.732845306,4437.36
T002222,2024-11-13,S047,P0021,1,1700.41,189.91,INR,2024-07-06 22:05:41.953472376,1510.5
T002223,2024-02-17,S039,P0013,7,919.54,255.64,INR,2024-07-31 06:01:40.929472208,6181.139999999999
T002224,2024-10-15,S039,P0054,-1,257.94,85.96,INR,2024-09-10 10:29:21.208101511,-343.9
T002225,2024-02-15,S010,P0025,9,1091.24,23.59,INR,2024-09-23 23:59:34.733407974,9797.57
T002226,2024-10-16,S036,P0021,1,1200.79,61.25,INR,2024-06-28 06:58:14.105140448,1139.54
T002227,2024-04-10,S025,P0001,2,1072.41,131.73,INR,2024-04-24 09:23:06.611092329,2013.0900000000001
T002228,2024-11-16,S050,P0058,1,590.29,154.52,INR,2024-11-28 05:42:07.225170374,435.77
T002229,2024-12-10,S010,P0069,0,525.01,282.57,INR,2024-01-17 23:56:26.448968887,-282.57
T002230,2024-02-24,S019,P0086,3,802.54,4.83,INR,2024-05-09 23:17:53.532023190,2402.79
T002231,2024-06-17,S046,P0071,-2,415.83,227.29,INR,2024-08-31 06:35:26.184460163,-1058.95
T002232,2024-12-24,S045,P0013,5,1365.44,21.75,INR,2024-11-21 05:47:10.182452917,6805.450000000001
T002233,2024-06-25,S015,P0052,9,1267.88,23.38,INR,2024-01-28 02:12:13.330290556,11387.540000000003
T002234,2024-11-11,S016,P0023,2,1301.55,196.24,INR,2024-08-28 12:26:24.789218903,2406.8599999999997
T002235,2024-08-02,S002,P0021,5,527.12,272.68,INR,2024-06-26 18:47:42.014326811,2362.92
T002236,2024-05-16,S029,P0006,7,568.41,86.31,INR,2024-09-07 13:38:34.177381277,3892.56
T002237,2024-04-14,S004,P0020,1,1596.04,80.79,INR,2024-04-25 18:41:39.716617346,1515.25
T002238,2024-03-15,S050,P0076,1,1411.21,185.31,INR,2024-09-16 09:44:35.632102489,1225.9
T002239,2024-10-05,S029,P0040,2,1762.84,232.88,INR,2024-03-06 19:05:33.029550552,3292.7999999999997
T002240,2024-05-21,S031,P0009,2,866.66,260.69,INR,2024-10-10 00:30:00.887221813,1472.6299999999999
T002241,2024-07-05,S017,P0050,8,1139.92,74.91,INR,2024-09-30 12:17:58.410932302,9044.45
T002242,2024-06-28,S010,P0028,3,1503.68,222.06,INR,2024-12-11 13:51:04.203855038,4288.98
T002243,2024-07-29,S027,P0011,2,1950.89,92.16,INR,2024-03-04 05:26:29.318534613,3809.6200000000003
T002244,2024-11-11,S041,P0096,2,1980.3,,INR,2024-09-20 12:42:25.340466738,
T002245,2024-12-23,S015,P0075,5,1998.43,57.26,INR,2024-04-27 18:24:51.801368952,9934.89
T002246,2024-05-28,S044,P0088,3,1792.0,43.8,INR,2024-04-12 21:03:57.174103260,5332.2
T002247,2024-10-29,S031,P0056,-1,1315.34,280.59,INR,2024-05-26 13:58:39.232409954,-1595.9299999999998
T002248,2024-10-06,S021,P0079,1,113.24,,INR,2024-04-14 02:21:56.487841606,
T002249,2024-07-28,S041,P0035,1,1429.13,1.38,INR,2024-03-31 14:10:30.867664814,1427.75
T002250,2024-12-14,S046,P0081,2,553.34,238.03,INR,2024-10-07 11:03:17.023784637,868.6500000000001
T002251,2024-03-14,S045,P0025,3,208.62,207.26,INR,2024-09-12 07:39:02.547365189,418.6
T002252,2024-02-09,S026,P0099,8,1424.65,97.76,INR,2024-02-09 21:58:49.542304993,11299.44
T002253,2024-11-07,S038,P0019,2,1536.42,139.19,INR,2024-07-23 11:11:21.458860636,2933.65
T002254,2024-06-09,S999,P0031,8,1352.92,134.96,INR,2024-04-30 19:34:59.704993486,10688.400000000001
T002255,2024-11-05,S036,P0081,3,793.82,82.43,INR,2024-12-20 10:15:48.485823870,2299.03
T002256,2024-11-21,S017,P0050,5,1070.91,294.17,INR,2024-06-04 03:22:28.629844427,5060.38
T002257,2024-01-23,S999,P0087,1,1876.4,163.17,INR,2024-01-15 19:25:31.464513540,1713.23
T002258,2024-11-18,S003,P0063,8,1486.26,,INR,2024-05-01 01:49:59.689017773,
T002259,2024-06-12,S014,P0047,0,1058.9,175.61,INR,2024-04-24 03:19:11.231541872,-175.61
T002260,2024-07-05,S049,P0001,6,1227.55,,INR,2024-01-03 01:21:37.646205664,
T002261,2024-08-16,S013,P0058,0,1862.6,8.86,INR,2024-06-27 00:58:22.394835472,-8.86
T002262,2024-12-04,S041,P0010,8,848.19,153.55,INR,2024-11-26 14:46:26.881814957,6631.97
T002263,2024-01-07,S027,P0008,5,293.5,216.38,INR,2024-10-19 20:15:50.359133244,1251.12
T002264,2024-06-23,S001,P0026,7,719.07,36.56,INR,2024-09-06 21:33:51.271311760,4996.93
T002265,2024-09-08,S017,P0034,9,888.88,203.5,INR,2024-05-05 09:21:50.330715895,7796.42
T002266,2024-09-20,S048,P0019,2,618.63,,INR,2024-03-25 16:00:08.261902809,
T002267,2024-09-09,S050,P0078,6,1105.05,242.11,INR,2024-05-05 01:19:14.671813726,6388.19
T002268,2024-02-19,S034,P0072,0,679.23,293.34,INR,2024-02-14 21:59:59.470617771,-293.34
T002269,2024-04-19,S014,P0001,7,296.04,188.02,INR,2024-02-06 07:31:08.943791628,1884.2600000000002
T002270,2024-05-10,S017,P0048,7,457.33,23.12,INR,2024-07-28 16:54:24.699347973,3178.19
T002271,2024-10-20,S003,P0025,5,1844.5,176.03,INR,2024-10-24 02:35:11.289289713,9046.47
T002272,2024-04-11,S034,P0024,4,1296.23,222.26,INR,2024-02-06 06:39:47.974095345,4962.66
T002273,2024-03-17,S040,P0047,9,697.19,279.93,INR,2024-05-02 08:14:20.431795120,5994.780000000001
T002274,2024-12-15,S025,P0084,4,797.14,13.64,INR,2024-02-14 19:19:33.035045385,3174.92
T002275,2024-01-04,S002,P0094,8,1037.43,232.51,INR,2024-04-23 07:48:40.211457968,8066.93
T002276,2024-12-30,S034,P0069,7,1378.95,39.77,INR,2024-10-30 01:06:24.819504499,9612.88
T002277,2024-09-04,S026,P0067,6,1206.14,237.18,INR,2024-01-13 17:15:27.952879667,6999.66
T002278,2024-10-29,S031,P0032,9,1872.13,266.61,INR,2024-08-24 05:35:29.479642868,16582.56
T002279,2024-04-17,S009,P0017,5,1288.92,258.37,INR,2024-01-22 20:10:06.866263866,6186.2300000000005
T002280,2024-01-06,S030,P0061,0,1830.5,195.86,INR,2024-06-04 16:32:31.807080030,-195.86
T002281,2024-09-26,S020,P0069,3,110.32,150.23,INR,2024-06-22 00:42:09.689840555,180.73
T002282,2024-10-31,S021,P0011,8,1792.06,262.38,INR,2024-05-26 13:13:40.573446989,14074.1
T002283,2024-09-27,S029,P0038,3,1470.77,155.72,INR,2024-08-20 15:29:48.290083408,4256.589999999999
T002284,2024-02-22,S025,P0068,2,427.17,57.03,INR,2024-12-21 09:17:28.516079426,797.3100000000001
T002285,2024-10-02,S038,P0019,0,599.77,282.85,INR,2024-04-07 13:32:46.628718376,-282.85
T002286,2024-10-07,S044,P0087,6,1131.34,111.99,INR,2024-08-10 13:34:36.143436670,6676.049999999999
T002287,2024-08-28,S025,P0017,4,337.38,187.3,INR,2024-05-09 13:36:43.505342960,1162.22
T002288,2024-10-06,S009,P0013,1,1592.2,59.74,INR,2024-12-30 19:37:33.261876583,1532.46
T002289,2024-11-04,S039,P0091,3,1603.23,33.16,INR,2024-12-13 02:43:55.309644699,4776.530000000001
T002290,2024-08-11,S044,P0001,2,671.8,165.31,INR,2024-02-04 02:12:32.971541882,1178.29
T002291,2024-02-02,S026,P0002,-2,232.65,,INR,2024-12-21 08:42:03.023025036,
T002292,2024-06-26,S037,P0082,-1,1978.81,110.92,INR,2024-09-26 11:15:25.393379211,-2089.73
T002293,2024-01-29,S016,P0100,-2,576.38,93.52,INR,2024-12-28 04:56:22.153584242,-1246.28
T002294,2024-05-28,S037,P0097,6,228.36,112.25,INR,2024-10-08 09:31:40.007759571,1257.91
T002295,2024-05-28,S012,P0100,6,726.93,238.54,INR,2024-02-17 01:27:28.128751993,4123.04
T002296,2024-01-25,S024,P0066,2,1941.11,107.32,INR,2024-09-30 22:06:22.326610565,3774.8999999999996
T002297,2024-05-07,S026,P0068,5,1606.56,276.41,INR,2024-09-22 05:15:28.491300583,7756.389999999999
T002298,2024-02-10,S020,P0016,7,1012.63,33.89,INR,2024-03-01 20:36:19.452483416,7054.5199999999995
T002299,2024-10-22,S009,P0004,1,680.13,,INR,2024-10-01 21:47:37.139279127,
T002300,2024-12-11,S023,P0057,-2,904.28,206.86,INR,2024-09-03 07:00:28.630580902,-2015.42
T002301,2024-01-27,S039,P0073,1,132.99,103.31,INR,2024-12-28 23:19:46.004555702,29.680000000000007
T002302,2024-12-14,S029,P0085,4,1464.9,2.06,INR,2024-08-13 20:09:31.080592632,5857.54
T002303,2024-07-09,S031,P0023,8,289.32,240.73,INR,2024-05-31 07:58:48.581382275,2073.83
T002304,2024-04-19,S019,P0002,-1,1086.17,290.8,INR,2024-12-14 04:17:44.838334799,-1376.97
T002305,2024-01-29,S020,P0067,-1,1175.11,294.73,INR,2024-08-17 03:53:30.572360754,-1469.84
T002306,2024-07-01,S023,P0087,3,103.21,127.02,INR,2024-05-07 06:01:02.220216274,182.61
T002307,2024-10-16,S043,P0026,6,1961.77,21.15,INR,2024-01-08 16:21:36.202839851,11749.47
T002308,2024-09-15,S027,P0007,0,674.06,94.13,INR,2024-10-03 04:09:45.429814339,-94.13
T002309,2024-01-19,S030,P0100,4,246.73,92.92,INR,2024-02-13 15:02:57.671374321,894.0
T002310,2024-01-27,S021,P0044,7,1723.34,30.71,INR,2024-12-03 03:20:37.641409636,12032.67
T002311,2024-05-27,S044,P0033,6,388.71,157.41,INR,2024-12-16 21:47:27.815316439,2174.85
T002312,2024-04-17,S035,P0064,8,147.41,181.37,INR,2024-03-27 07:03:03.646010399,997.91
T002313,2024-03-25,S049,P0036,6,1039.91,218.65,INR,2024-02-11 04:10:30.345536470,6020.810000000001
T002314,2024-04-12,S007,P0004,8,346.84,15.3,INR,2024-08-05 07:00:12.501132965,2759.4199999999996
T002315,2024-10-20,S022,P0023,1,1966.6,82.62,INR,2024-03-19 00:17:25.991538763,1883.98
T002316,2024-12-05,S010,P0025,-1,119.78,106.56,INR,2024-07-16 18:31:02.814528942,-226.34
T002317,2024-05-27,S023,P0090,-2,197.27,267.67,INR,2024-05-31 04:25:58.000902891,-662.21
T002318,2024-11-26,S015,P0092,3,1683.24,270.42,INR,2024-10-16 02:08:32.241062164,4779.3
T002319,2024-04-27,S030,P0092,2,555.53,77.99,INR,2024-12-30 22:47:13.405863047,1033.07
T002320,2024-06-22,S034,P0085,3,1832.03,146.2,INR,2024-06-15 17:36:25.575603247,5349.89
T002321,2024-03-23,S013,P0074,4,691.16,127.43,INR,2024-09-07 00:45:10.386039019,2637.21
T002322,2024-08-21,S004,P0027,6,232.59,158.01,INR,2024-05-04 18:12:52.022479773,1237.53
T002323,2024-12-23,S018,P0051,7,120.12,85.83,INR,2024-11-10 19:30:46.711114883,755.01
T002324,2024-08-08,S023,P0079,7,636.88,138.88,INR,2024-01-14 11:42:18.626753092,4319.28
T002325,2024-05-10,S033,P0081,8,1000.09,43.61,INR,2024-06-29 03:15:21.930706263,7957.110000000001
T002326,2024-08-24,S034,P0099,3,101.93,212.87,INR,2024-03-05 12:33:10.195021152,92.92000000000002
T002327,2024-02-14,S034,P0069,3,1204.1,110.92,INR,2024-03-05 13:08:52.028321981,3501.3799999999997
T002328,2024-11-20,S036,P0080,0,733.96,162.73,INR,2024-07-13 13:02:32.972072124,-162.73
T002329,2024-07-02,S035,P0023,5,841.29,181.38,INR,2024-04-22 08:19:12.222649813,4025.0699999999997
T002330,2024-06-13,S017,P0009,6,596.68,250.96,INR,2024-06-16 12:53:02.068055153,3329.12
T002331,2024-08-01,S028,P0033,-2,1105.19,24.53,INR,2024-04-21 13:34:51.738786221,-2234.9100000000003
T002332,2024-08-16,S014,P0035,3,537.23,144.82,INR,2024-06-15 02:24:14.359343052,1466.8700000000001
T002333,2024-01-27,S034,P0050,4,356.16,268.22,INR,2024-04-14 08:39:38.427714586,1156.42
T002334,2024-09-06,S048,P0024,8,1792.23,98.94,INR,2024-10-20 07:06:33.551189899,14238.9
T002335,2024-03-29,S011,P0088,5,842.05,133.36,INR,2024-07-22 14:34:27.029030561,4076.89
T002336,2024-09-17,S013,P0024,9,246.17,25.52,INR,2024-02-28 22:09:21.637473822,2190.0099999999998
T002337,2024-10-27,S033,P0019,7,537.61,225.2,INR,2024-01-04 02:05:34.343358278,3538.07
T002338,2024-10-20,S002,P0039,8,688.89,25.51,INR,2024-01-07 09:15:04.567636967,5485.61
T002339,2024-07-20,S034,P0061,5,1562.33,189.29,INR,2024-06-02 22:00:19.213533878,7622.36
T002340,2024-07-08,S029,P0025,4,142.29,112.27,INR,2024-04-24 15:40:45.696417332,456.89
T002341,2024-02-22,S037,P0095,5,1008.67,101.45,INR,2024-04-05 16:05:38.152651310,4941.9
T002342,2024-10-10,S004,P0025,8,874.62,175.65,INR,2024-08-15 08:49:45.184532881,6821.31
T002343,2024-04-09,S012,P0027,6,1939.96,170.3,INR,2024-10-23 19:37:05.156627178,11469.460000000001
T002344,2024-06-30,S026,P0032,7,442.14,121.64,INR,2024-01-24 03:12:28.049675465,2973.34
T002345,2024-04-13,S028,P0011,4,1292.95,83.5,INR,2024-02-10 03:22:07.474761963,5088.3
T002346,2024-02-18,S003,P0069,0,484.17,,INR,2024-05-14 14:12:54.984806776,
T002347,2024-08-17,S020,P0033,6,1142.0,80.13,INR,2024-06-10 03:25:19.469919205,6771.87
T002348,2024-01-20,S010,P0019,-2,1154.62,30.79,INR,2024-05-24 06:12:56.992758512,-2340.0299999999997
T002349,2024-09-30,S018,P0016,5,243.16,239.75,INR,2024-08-21 02:27:24.044808388,976.05
T002350,2024-04-25,S027,P0099,3,967.26,210.69,INR,2024-02-01 20:00:21.834406376,2691.0899999999997
T002351,2024-01-01,S031,P0011,8,976.2,25.31,INR,2024-06-29 13:49:08.079582214,7784.29
T002352,2024-07-05,S027,P0075,0,706.36,48.78,INR,2024-10-23 06:52:55.251558304,-48.78
T002353,2024-01-18,S042,P0074,6,626.6,30.05,INR,2024-12-04 21:18:08.587910414,3729.55
T002354,2024-04-10,S001,P0098,3,526.17,237.21,INR,2024-07-23 12:53:46.501199721,1341.2999999999997
T002355,2024-09-15,S006,P0069,4,111.29,231.86,INR,2024-02-20 12:35:48.101140738,213.3
T002356,2024-01-23,S011,P0087,8,103.45,122.41,INR,2024-09-22 12:39:39.460159540,705.19
T002357,2024-11-02,S034,P0055,-1,1220.6,246.42,INR,2024-10-17 15:51:52.456918716,-1467.02
T002358,2024-01-02,S039,P0025,-2,653.78,,INR,2024-03-12 15:30:33.332600594,
T002359,2024-03-31,S020,P0093,-2,418.99,291.14,INR,2024-09-04 06:56:36.660383701,-1129.12
T002360,2024-09-27,S021,P0077,0,1401.0,294.26,INR,2024-12-05 15:18:32.629422426,-294.26
T002361,2024-04-25,S021,P0096,8,1104.92,253.92,INR,2024-09-19 09:03:17.671635389,8585.44
T002362,2024-02-07,S018,P0034,0,1838.42,65.1,INR,2024-05-31 16:22:32.587636471,-65.1
T002363,2024-05-11,S021,P0012,5,1678.93,17.23,INR,2024-06-10 14:36:13.710377693,8377.42
T002364,2024-04-08,S019,P0088,4,1480.79,243.5,INR,2024-01-30 00:54:58.205413103,5679.66
T002365,2024-11-03,S004,P0021,7,340.51,92.56,INR,2024-07-11 00:45:50.642021179,2291.0099999999998
T002366,2024-04-24,S013,P0029,5,1365.57,101.33,INR,2024-10-19 23:31:01.759465694,6726.5199999999995
T002367,2024-10-14,S018,P0051,-2,1418.46,21.9,INR,2024-12-23 03:37:48.684648991,-2858.82
T002368,2024-11-21,S029,P0023,1,1550.33,214.41,INR,2024-05-25 17:54:03.829284430,1335.9199999999998
T002369,2024-06-07,S025,P0033,5,599.95,129.23,INR,2024-06-07 21:49:08.889922142,2870.52
T002370,2024-11-28,S013,P0008,7,1316.57,61.28,INR,2024-01-20 23:43:54.152726889,9154.71
T002371,2024-05-17,S027,P0042,-1,1274.73,195.74,INR,2024-10-09 22:03:42.355581045,-1470.47
T002372,2024-12-17,S019,P0077,4,832.09,293.97,INR,2024-09-18 13:55:18.782765150,3034.3900000000003
T002373,2024-02-02,S049,P0069,5,1360.66,149.52,INR,2024-05-27 01:37:43.127343655,6653.78
T002374,2024-09-07,S001,P0041,6,264.72,181.91,INR,2024-09-15 21:15:21.886366367,1406.41
T002375,2024-06-29,S038,P0074,4,1322.66,48.86,INR,2024-08-15 09:42:09.745941877,5241.780000000001
T002376,2024-05-21,S019,P0063,9,1251.43,48.29,INR,2024-10-07 16:22:42.501401186,11214.58
T002377,2024-08-18,S001,P0014,6,500.19,137.47,INR,2024-04-24 15:53:24.045102119,2863.67
T002378,2024-09-13,S040,P0088,-1,1654.61,253.43,INR,2024-08-25 13:10:19.047020912,-1908.04
T002379,2024-01-02,S017,P0062,8,1761.39,272.75,INR,2024-08-16 08:26:34.177235365,13818.37
T002380,2024-03-01,S021,P0075,-2,499.92,192.53,INR,2024-02-03 00:41:42.417380810,-1192.3700000000001
T002381,2024-09-17,S022,P0046,-2,244.33,108.16,INR,2024-04-12 13:08:46.788757801,-596.82
T002382,2024-08-31,S015,P0067,8,1246.79,,INR,2024-11-09 23:21:30.456255436,
T002383,2024-12-18,S050,P0093,9,1011.84,87.58,INR,2024-02-26 23:43:02.179034233,9018.98
T002384,2024-10-04,S039,P0053,1,912.43,,INR,2024-05-18 12:58:45.412124872,
T002385,2024-12-13,S048,P0052,-2,1545.92,238.63,INR,2024-03-23 05:03:55.378783464,-3330.4700000000003
T002386,2024-09-13,S039,P0094,4,1942.36,225.4,INR,2024-02-21 04:01:27.368886948,7544.04
T002387,2024-04-18,S032,P9999,5,1007.56,264.63,INR,2024-02-19 18:57:48.164238214,4773.169999999999
T002388,2024-02-08,S049,P0007,0,111.69,172.95,INR,2024-05-07 00:05:17.500040053,-172.95
T002389,2024-10-12,S004,P0081,-2,1232.91,269.01,INR,2024-10-20 06:25:39.627057314,-2734.83
T002390,2024-08-23,S044,P0084,0,1342.54,7.94,INR,2024-12-18 16:55:37.920109510,-7.94
T002391,2024-01-18,S045,P0054,-1,1673.23,76.11,INR,2024-07-27 17:17:15.780927181,-1749.34
T002392,2024-05-11,S032,P0011,3,478.87,241.34,INR,2024-08-19 20:33:53.189980030,1195.2700000000002
T002393,2024-12-15,S004,P0025,8,1096.22,127.1,INR,2024-10-11 05:47:45.951337099,8642.66
T002394,2024-07-01,S001,P0059,4,949.55,71.82,INR,2024-08-29 13:22:41.116147041,3726.3799999999997
T002395,2024-06-06,S033,P0088,6,1362.44,238.84,INR,2024-11-05 15:17:52.232795477,7935.8
T002396,2024-06-16,S007,P0066,2,221.49,,INR,2024-11-18 16:17:26.549986601,
T002397,2024-03-17,S009,P0027,1,1779.62,,INR,2024-08-17 02:43:20.733997583,
T002398,2024-05-14,S001,P0083,-2,1071.2,139.98,INR,2024-07-13 13:37:46.016222000,-2282.38
T002399,2024-05-14,S016,P0058,8,1766.39,234.28,INR,2024-05-22 17:36:32.591906548,13896.84
T002400,2024-01-20,S018,P0093,3,746.45,231.4,INR,2024-06-17 11:26:47.754411459,2007.9500000000003
T002401,2024-10-07,S047,P9999,8,1341.69,259.97,INR,2024-05-06 02:12:41.842183590,10473.550000000001
T002402,2024-06-01,S006,P0011,5,1917.78,193.66,INR,2024-06-04 20:13:30.161645174,9395.24
T002403,2024-10-27,S002,P0055,1,1892.42,55.77,INR,2024-11-24 09:27:30.037811518,1836.65
T002404,2024-11-06,S009,P0019,-2,1893.8,164.91,INR,2024-12-20 21:58:39.987294912,-3952.5099999999998
T002405,2024-03-18,S004,P0092,2,181.6,114.72,INR,2024-05-11 23:02:11.734717846,248.48
T002406,2024-08-27,S045,P0039,7,865.73,8.11,INR,2024-03-21 12:22:07.781690359,6052.000000000001
T002407,2024-06-21,S023,P0085,2,215.48,58.95,INR,2024-01-29 12:56:58.136965513,372.01
T002408,2024-11-17,S043,P0090,-1,688.01,61.67,INR,2024-11-01 11:30:54.892423391,-749.68
T002409,2024-03-19,S045,P0086,3,431.7,24.7,INR,2024-11-13 19:02:03.292038441,1270.3999999999999
T002410,2024-09-04,S043,P0070,7,1278.26,136.0,INR,2024-06-13 10:08:08.598377705,8811.82
T002411,2024-08-09,S999,P0011,6,1583.42,152.41,INR,2024-07-16 23:34:48.115910053,9348.11
T002412,2024-04-17,S008,P0014,3,1075.36,102.0,INR,2024-09-27 00:50:02.811408281,3124.08
T002413,2024-02-19,S039,P0060,5,1611.4,123.71,INR,2024-05-17 04:28:08.723216772,7933.29
T002414,2024-08-25,S025,P0036,7,124.35,164.85,INR,2024-03-14 13:03:13.244139433,705.5999999999999
T002415,2024-09-26,S016,P0041,0,1658.91,36.15,INR,2024-02-11 20:37:23.249129057,-36.15
T002416,2024-04-25,S035,P0002,7,438.88,168.68,INR,2024-03-26 20:42:46.534323215,2903.48
T002417,2024-08-23,S017,P0057,-1,975.78,212.98,INR,2024-08-23 13:07:33.865415573,-1188.76
T002418,2024-05-24,S018,P0060,1,940.91,262.43,INR,2024-05-06 21:43:15.132926702,678.48
T002419,2024-09-17,S027,P0020,9,1759.0,90.47,INR,2024-11-12 17:04:52.332568169,15740.53
T002420,2024-03-13,S015,P0022,6,1935.36,224.22,INR,2024-02-01 22:53:22.232056618,11387.94
T002421,2024-11-20,S017,P0004,6,584.73,181.81,INR,2024-05-31 23:24:01.405808687,3326.57
T002422,2024-04-14,S043,P0056,0,228.09,150.84,INR,2024-04-03 18:59:27.182255268,-150.84
T002423,2024-05-14,S005,P0093,9,1335.99,275.87,INR,2024-11-20 00:13:27.879606009,11748.039999999999
T002424,2024-01-22,S016,P0058,-2,1055.4,186.0,INR,2024-10-21 06:25:55.113813400,-2296.8
T002425,2024-02-10,S015,P0088,-2,1174.84,109.82,INR,2024-12-25 06:32:33.364118099,-2459.5
T002426,2024-07-07,S042,P0065,1,187.91,213.88,INR,2024-02-13 12:49:48.227934837,-25.97
T002427,2024-04-07,S046,P0088,1,1573.09,,INR,2024-10-12 12:27:14.750903368,
T002428,2024-10-31,S034,P0058,8,541.47,275.45,INR,2024-02-15 22:32:51.041749716,4056.3100000000004
T002429,2024-01-06,S048,P0030,9,736.38,294.08,INR,2024-02-26 14:00:23.457927704,6333.34
T002430,2024-05-18,S019,P0076,7,533.87,,INR,2024-01-15 07:18:54.154968262,
T002431,2024-05-03,S008,P0019,3,1897.29,133.03,INR,2024-06-18 14:50:27.362146854,5558.84
T002432,2024-01-08,S047,P9999,2,420.57,129.81,INR,2024-02-15 22:43:25.961312771,711.3299999999999
T002433,2024-02-15,S010,P0062,3,1491.41,115.14,INR,2024-05-07 03:32:59.410080194,4359.09
T002434,2024-05-30,S005,P0068,7,566.92,,INR,2024-04-10 19:30:21.381759167,
T002435,2024-06-28,S048,P0079,4,907.35,,INR,2024-12-22 08:52:06.044821501,
T002436,2024-05-27,S026,P0084,4,1992.52,201.92,INR,2024-08-28 06:22:57.955349684,7768.16
T002437,2024-07-12,S022,P0044,7,291.1,181.8,INR,2024-05-29 19:35:42.968000650,1855.9000000000003
T002438,2024-08-05,S044,P0084,7,1774.58,134.06,INR,2024-11-16 15:15:16.903503656,12288.0
T002439,2024-01-04,S023,P0061,6,1897.49,116.56,INR,2024-01-24 07:16:43.616693020,11268.380000000001
T002440,2024-06-18,S013,P0021,3,1426.63,235.94,INR,2024-05-02 00:05:52.156934738,4043.9500000000003
T002441,2024-12-17,S009,P0010,5,118.93,158.05,INR,2024-07-06 19:49:57.621608019,436.6000000000001
T002442,2024-07-08,S049,P0030,-1,1659.52,182.3,INR,2024-01-20 15:57:00.949709415,-1841.82
T002443,2024-09-04,S020,P0024,5,1776.32,30.0,INR,2024-02-23 05:43:22.536058903,8851.6
T002444,2024-04-23,S028,P0048,6,1963.77,141.45,INR,2024-11-22 16:36:59.404247046,11641.169999999998
T002445,2024-10-09,S044,P0055,1,1694.7,39.09,INR,2024-03-06 13:31:25.170926809,1655.6100000000001
T002446,2024-10-09,S037,P0052,2,946.62,16.15,INR,2024-12-02 09:42:52.034866571,1877.09
T002447,2024-07-09,S024,P0038,2,1408.43,206.79,INR,2024-02-05 01:34:25.465177536,2610.07
T002448,2024-12-22,S044,P0067,-1,1021.74,82.44,INR,2024-11-20 04:45:47.126748800,-1104.18
T002449,2024-02-15,S033,P0093,2,770.73,289.52,INR,2024-06-14 14:30:49.872487783,1251.94
T002450,2024-01-07,S020,P0008,6,1290.21,181.65,INR,2024-07-28 05:48:17.492417097,7559.610000000001
T002451,2024-10-08,S048,P0029,1,1562.68,193.55,INR,2024-04-12 19:00:40.954666853,1369.13
T002452,2024-10-21,S030,P0010,7,1308.21,59.05,INR,2024-04-09 18:27:21.004059791,9098.420000000002
T002453,2024-02-13,S044,P0069,0,1670.5,38.66,INR,2024-06-28 15:05:20.416391373,-38.66
T002454,2024-04-06,S009,P0075,4,435.11,157.62,INR,2024-05-09 20:52:19.251518011,1582.8200000000002
T002455,2024-01-07,S045,P0068,5,810.02,277.67,INR,2024-01-29 08:37:11.553776741,3772.43
T002456,2024-04-17,S049,P0049,7,693.91,16.72,INR,2024-05-09 02:15:54.590847015,4840.65
T002457,2024-10-09,S017,P0058,3,468.84,,INR,2024-04-02 23:13:34.334736586,
T002458,2024-07-08,S036,P0035,3,942.03,59.61,INR,2024-11-06 02:50:31.321138144,2766.48
T002459,2024-05-07,S014,P0050,2,1900.96,234.6,INR,2024-11-02 01:30:30.761116743,3567.32
T002460,2024-05-15,S019,P0040,8,1122.22,204.58,INR,2024-02-21 15:21:35.606737614,8773.18
T002461,2024-01-01,S007,P0012,3,644.17,29.16,INR,2024-09-23 11:24:20.173610926,1903.3499999999997
T002462,2024-04-19,S003,P0085,6,772.72,184.9,INR,2024-06-13 13:20:53.450429440,4451.42
T002463,2024-08-23,S033,P0016,-1,1264.84,295.08,INR,2024-11-13 00:06:59.252295256,-1559.9199999999998
T002464,2024-12-21,S044,P0078,7,770.22,158.44,INR,2024-04-10 00:08:37.887862921,5233.1
T002465,2024-11-05,S032,P0085,8,1122.86,85.63,INR,2024-02-02 03:54:08.200412273,8897.25
T002466,2024-01-09,S047,P0048,0,620.9,45.64,INR,2024-10-19 04:21:12.531309605,-45.64
T002467,2024-11-23,S011,P0091,-2,757.27,296.89,INR,2024-11-12 22:49:07.711371660,-1811.4299999999998
T002468,2024-10-12,S042,P0100,1,1440.88,169.14,INR,2024-11-02 18:52:39.235890865,1271.7400000000002
T002469,2024-10-11,S002,P0001,-1,1210.77,112.41,INR,2024-04-30 04:39:52.747211456,-1323.18
T002470,2024-06-16,S026,P0065,3,277.63,64.29,INR,2024-01-12 06:22:47.911734104,768.6
T002471,2024-05-25,S004,P0022,-2,1949.05,285.06,INR,2024-02-20 23:01:55.353267908,-4183.16
T002472,2024-04-20,S017,P0015,5,193.74,188.11,INR,2024-12-01 13:40:16.723843575,780.59
T002473,2024-01-24,S017,P0084,7,257.59,,INR,2024-05-12 21:14:46.387225866,
T002474,2024-03-24,S028,P0067,3,1432.63,17.83,INR,2024-11-17 06:37:29.854543686,4280.06
T002475,2024-03-31,S030,P0014,6,1445.23,281.83,INR,2024-12-23 23:55:23.142307281,8389.550000000001
T002476,2024-06-25,S040,P0073,9,135.98,213.03,INR,2024-05-24 10:27:08.512958288,1010.79
T002477,2024-09-29,S023,P0019,3,1321.23,31.03,INR,2024-10-10 09:40:02.494837999,3932.66
T002478,2024-06-21,S046,P0040,7,163.19,187.13,INR,2024-03-02 17:26:33.529452324,955.1999999999999
T002479,2024-01-22,S024,P0098,4,1925.46,125.83,INR,2024-05-20 01:38:21.658376694,7576.01
T002480,2024-12-15,S029,P0004,2,1422.67,236.61,INR,2024-09-14 09:23:55.461085081,2608.73
T002481,2024-12-10,S004,P0033,5,454.5,82.11,INR,2024-03-16 14:17:12.420582533,2190.39
T002482,2024-10-13,S038,P0043,5,400.4,114.85,INR,2024-04-26 17:24:44.546118975,1887.15
T002483,2024-12-27,S029,P0037,7,1182.36,,INR,2024-07-24 19:07:40.039026499,
T002484,2024-07-17,S019,P0066,6,1303.69,,INR,2024-09-09 07:00:51.220482111,
T002485,2024-12-17,S027,P0027,9,1679.35,56.75,INR,2024-05-10 06:15:31.675361395,15057.4
T002486,2024-01-28,S029,P0045,3,1816.31,,INR,2024-05-17 12:48:12.276311398,
T002487,2024-05-13,S036,P0081,-2,845.81,13.85,INR,2024-02-10 02:26:43.968298197,-1705.4699999999998
T002488,2024-03-23,S035,P0050,6,1703.76,250.69,INR,2024-12-25 04:23:01.318287134,9971.869999999999
T002489,2024-03-12,S006,P0095,0,1130.52,241.14,INR,2024-08-11 11:11:18.588468552,-241.14
T002490,2024-02-21,S023,P0063,6,994.11,42.22,INR,2024-07-12 13:40:10.105367422,5922.44
T002491,2024-08-15,S039,P0006,4,1428.04,200.37,INR,2024-03-18 03:27:16.992274284,5511.79
T002492,2024-10-12,S046,P0095,9,296.07,223.69,INR,2024-06-27 03:08:43.750708818,2440.94
T002493,2024-07-30,S044,P0067,0,604.23,15.38,INR,2024-06-12 06:26:44.622394800,-15.38
T002494,2024-02-23,S048,P0067,6,1651.85,26.56,INR,2024-04-04 08:58:37.427881479,9884.539999999999
T002495,2024-10-23,S008,P0097,4,1057.75,168.91,INR,2024-06-11 21:21:52.182882071,4062.09
T002496,2024-08-20,S002,P0059,4,1825.28,112.25,INR,2024-03-15 06:55:29.714457512,7188.87
T002497,2024-05-21,S013,P0013,4,268.54,,INR,2024-09-16 05:34:19.910001993,
T002498,2024-09-03,S040,P0021,-1,695.48,167.31,INR,2024-11-27 16:57:28.036281109,-862.79
T002499,2024-04-04,S021,P0064,8,775.54,9.31,INR,2024-01-01 22:40:46.088775635,6195.009999999999
T002500,2024-05-05,S031,P0037,1,903.17,205.1,INR,2024-07-22 00:48:22.589056492,698.0699999999999
T002501,2024-11-30,S048,P0080,7,1974.96,61.18,INR,2024-09-24 07:07:02.056827545,13763.54
T002502,2024-04-16,S036,P0085,5,690.26,93.78,INR,2024-11-27 03:02:06.738104582,3357.52
T002503,2024-06-20,S048,P0048,9,1085.5,220.92,INR,2024-05-10 19:45:54.709510326,9548.58
T002504,2024-11-20,S038,P0056,-1,1118.54,231.38,INR,2024-11-27 02:38:59.913453341,-1349.92
T002505,2024-09-15,S027,P0044,1,1564.52,103.74,INR,2024-10-28 07:50:27.545796871,1460.78
T002506,2024-01-23,S036,P0013,7,1083.95,26.77,INR,2024-07-10 16:52:48.663875818,7560.88
T002507,2024-02-23,S048,P0004,5,1250.9,230.9,INR,2024-04-03 18:49:15.370448112,6023.6
T002508,2024-01-03,S023,P0095,9,1531.32,,INR,2024-08-26 06:40:18.969929457,
T002509,2024-08-18,S021,P0073,0,292.15,289.29,INR,2024-04-05 02:29:31.388042450,-289.29
T002510,2024-06-12,S013,P0033,9,1930.6,95.35,INR,2024-05-07 07:53:45.110802174,17280.05
T002511,2024-02-19,S037,P0037,3,1707.98,37.16,INR,2024-06-19 10:49:31.132285118,5086.780000000001
T002512,2024-12-15,S047,P0053,9,838.67,281.3,INR,2024-06-30 18:16:01.267996550,7266.73
T002513,2024-07-12,S026,P9999,-1,1483.99,119.93,INR,2024-03-10 00:55:41.856203794,-1603.92
T002514,2024-03-29,S040,P0024,5,1548.42,28.06,INR,2024-09-10 05:42:28.443558216,7714.04
T002515,2024-07-01,S007,P0089,5,1715.47,,INR,2024-12-28 01:11:07.966573000,
T002516,2024-09-05,S046,P0051,9,457.8,,INR,2024-03-30 00:18:17.810577869,
T002517,2024-01-28,S039,P0041,-2,1437.04,,INR,2024-07-21 09:46:08.849064589,
T002518,2024-04-10,S022,P0029,0,163.35,96.11,INR,2024-06-14 23:18:29.980593204,-96.11
T002519,2024-10-21,S039,P0059,-1,319.6,296.19,INR,2024-04-22 08:08:34.978876352,-615.79
T002520,2024-06-16,S023,P0040,4,1574.53,191.85,INR,2024-06-02 05:16:29.836087465,6106.2699999999995
T002521,2024-07-18,S030,P0051,4,1644.71,147.54,INR,2024-09-24 10:38:55.475489140,6431.3
T002522,2024-06-06,S018,P0050,1,1225.63,154.13,INR,2024-05-31 09:07:06.702695847,1071.5
T002523,2024-01-17,S042,P0036,9,1205.2,181.23,INR,2024-07-03 23:14:18.756985426,10665.570000000002
T002524,2024-03-01,S018,P0079,9,1524.07,261.83,INR,2024-06-23 04:37:00.697658062,13454.8
T002525,2024-06-11,S046,P0060,5,1821.56,43.79,INR,2024-07-21 15:49:00.717731714,9064.009999999998
T002526,2024-03-17,S010,P0018,0,900.12,179.89,INR,2024-04-16 06:50:30.258110999,-179.89
T002527,2024-01-19,S039,P0020,6,318.16,96.65,INR,2024-07-05 00:59:19.197392225,1812.31
T002528,2024-11-03,S030,P0005,2,1694.1,171.42,INR,2024-02-19 05:12:33.760710239,3216.7799999999997
T002529,2024-12-24,S026,P0018,-1,749.12,,INR,2024-09-27 14:31:32.924439669,
T002530,2024-10-16,S007,P0040,6,354.19,8.98,INR,2024-02-10 11:41:53.616767883,2116.16
T002531,2024-11-07,S007,P0001,-2,1267.77,174.74,INR,2024-10-13 12:14:34.065207243,-2710.2799999999997
T002532,2024-03-29,S005,P0019,8,1198.36,212.76,INR,2024-10-28 07:44:07.593371391,9374.119999999999
T002533,2024-12-16,S001,P0087,5,1001.07,73.8,INR,2024-01-07 22:59:11.043396235,4931.55
T002534,2024-03-12,S046,P0026,3,1733.61,,INR,2024-10-30 06:09:02.896880865,
T002535,2024-12-13,S018,P0029,9,617.23,63.49,INR,2024-08-24 13:57:39.948884726,5491.58
T002536,2024-12-29,S013,P0059,-2,125.15,190.92,INR,2024-02-05 08:55:37.535748005,-441.22
T002537,2024-09-16,S025,P0063,1,714.59,140.64,INR,2024-12-30 05:46:56.776994944,573.95
T002538,2024-12-24,S040,P0098,0,118.44,259.59,INR,2024-08-12 15:29:21.105735064,-259.59
T002539,2024-07-26,S008,P0083,4,1132.82,85.5,INR,2024-05-26 07:30:38.558378458,4445.78
T002540,2024-04-04,S010,P0062,4,818.67,109.53,INR,2024-11-19 02:28:42.715724468,3165.1499999999996
T002541,2024-06-08,S032,P0048,3,1646.49,158.42,INR,2024-01-16 04:37:06.433264256,4781.05
T002542,2024-08-04,S017,P0062,7,1615.41,138.01,INR,2024-09-18 19:55:24.637244463,11169.86
T002543,2024-01-27,S038,P0018,7,925.81,164.33,INR,2024-02-22 11:02:25.841017008,6316.34
T002544,2024-08-15,S015,P0066,9,511.32,93.63,INR,2024-07-20 15:54:11.031152725,4508.25
T002545,2024-12-24,S015,P0027,5,902.62,,INR,2024-02-05 00:27:03.966054440,
T002546,2024-03-10,S048,P0006,4,1318.5,240.99,INR,2024-09-04 21:19:00.213710308,5033.01
T002547,2024-10-16,S040,P0070,1,461.39,11.79,INR,2024-06-18 16:46:22.421149731,449.59999999999997
T002548,2024-11-27,S999,P0059,4,1568.79,110.91,INR,2024-01-03 10:42:04.749518394,6164.25
T002549,2024-12-10,S020,P0006,-2,728.06,26.22,INR,2024-01-27 01:26:50.913408518,-1482.34
T002550,2024-12-16,S015,P0031,0,1871.14,220.9,INR,2024-09-13 14:37:19.317872524,-220.9
T002551,2024-07-09,S035,P0094,-1,1072.55,109.65,INR,2024-05-25 19:15:01.331192017,-1182.2
T002552,2024-12-22,S006,P0056,4,1709.54,9.01,INR,2024-09-02 08:03:33.543998718,6829.15
T002553,2024-10-03,S030,P0054,6,1270.2,22.76,INR,2024-05-22 07:01:50.366847038,7598.4400000000005
T002554,2024-02-29,S008,P0085,2,1153.74,59.58,INR,2024-05-12 00:23:12.240175486,2247.9
T002555,2024-06-23,S031,P0041,6,1396.05,,INR,2024-11-08 01:02:48.609557867,
T002556,2024-09-19,S048,P0018,9,1641.83,239.76,INR,2024-11-08 00:06:53.898021460,14536.71
T002557,2024-03-31,S047,P0087,5,1324.56,298.98,INR,2024-12-01 17:17:51.272376060,6323.82
T002558,2024-08-21,S032,P0023,-2,1614.76,72.28,INR,2024-10-27 09:39:57.217163086,-3301.8
T002559,2024-08-31,S045,P0092,8,461.88,18.13,INR,2024-02-16 12:18:21.975731850,3676.91
T002560,2024-02-29,S015,P0036,-1,627.28,84.94,INR,2024-01-25 06:28:36.528897524,-712.22
T002561,2024-07-25,S018,P0025,3,536.47,53.65,INR,2024-01-22 07:44:26.781516552,1555.76
T002562,2024-10-08,S013,P0007,2,1616.78,213.12,INR,2024-12-23 18:36:24.774245501,3020.44
T002563,2024-07-01,S024,P0082,8,263.64,290.77,INR,2024-07-01 22:05:21.034754038,1818.35
T002564,2024-01-05,S040,P0020,4,1612.14,81.91,INR,2024-02-12 00:53:17.787940025,6366.650000000001
T002565,2024-01-04,S014,P0005,6,839.18,98.59,INR,2024-07-17 16:01:35.789486885,4936.49
T002566,2024-05-10,S028,P0018,1,251.06,105.33,INR,2024-09-16 06:11:51.207355976,145.73000000000002
T002567,2024-12-04,S011,P0033,5,906.41,257.09,INR,2024-02-04 11:44:06.320560932,4274.96
T002568,2024-03-24,S006,P0079,1,670.95,173.41,INR,2024-05-06 10:29:55.998224258,497.5400000000001
T002569,2024-08-19,S025,P0035,0,1224.71,292.19,INR,2024-03-09 13:20:20.131499289,-292.19
T002570,2024-03-22,S001,P0065,9,997.8,188.15,INR,2024-12-22 00:46:31.043100119,8792.05
T002571,2024-04-27,S025,P0063,-1,663.88,211.76,INR,2024-04-26 03:40:54.710352659,-875.64
T002572,2024-11-05,S002,P0085,5,1738.31,26.75,INR,2024-09-09 00:49:28.596677065,8664.8
T002573,2024-09-23,S032,P0072,8,872.96,285.5,INR,2024-12-01 05:28:49.041979790,6698.18
T002574,2024-02-04,S013,P0071,5,994.31,188.42,INR,2024-11-11 01:31:37.808428764,4783.129999999999
T002575,2024-06-05,S033,P0041,8,1708.59,156.05,INR,2024-05-23 19:12:46.084876776,13512.67
T002576,2024-01-11,S032,P0050,9,269.21,116.22,INR,2024-04-23 11:35:21.481631517,2306.67
T002577,2024-06-24,S024,P0030,0,840.8,23.12,INR,2024-10-22 09:00:46.526071787,-23.12
T002578,2024-08-29,S027,P0038,-2,865.43,40.0,INR,2024-03-15 21:11:06.092399597,-1770.86
T002579,2024-02-13,S004,P0035,3,1042.07,3.51,INR,2024-09-18 19:43:59.950569630,3122.7
T002580,2024-04-15,S024,P0066,2,301.63,299.61,INR,2024-10-31 21:06:35.110100508,303.65
T002581,2024-05-25,S023,P0046,5,295.05,235.89,INR,2024-11-05 23:10:13.334390402,1239.3600000000001
T002582,2024-12-01,S029,P0008,3,891.19,239.24,INR,2024-01-04 06:07:00.106114388,2434.33
T002583,2024-12-28,S034,P0068,1,162.76,219.03,INR,2024-07-01 10:52:03.240520239,-56.27000000000001
T002584,2024-01-17,S021,P0037,7,584.47,145.23,INR,2024-05-10 12:29:44.958771944,3946.06
T002585,2024-10-04,S030,P0085,7,482.24,26.46,INR,2024-12-23 06:48:46.289570808,3349.2200000000003
T002586,2024-05-15,S026,P0013,9,1029.83,21.68,INR,2024-07-17 14:06:20.508346081,9246.789999999999
T002587,2024-05-23,S020,P0073,9,121.2,274.91,INR,2024-06-05 00:24:12.709543467,815.8899999999999
T002588,2024-10-02,S016,P0045,8,1383.89,,INR,2024-03-30 04:37:29.468116760,
T002589,2024-12-01,S003,P0029,-1,1725.62,209.73,INR,2024-11-04 15:43:13.446188927,-1935.35
T002590,2024-12-13,S049,P0041,5,1442.81,188.57,INR,2024-04-26 13:41:23.289451838,7025.48
T002591,2024-07-29,S037,P0056,2,1654.35,150.37,INR,2024-10-28 18:21:50.052387476,3158.33
T002592,2024-05-10,S040,P0088,9,1322.3,292.49,INR,2024-11-21 10:29:09.156511307,11608.21
T002593,2024-10-14,S044,P0016,5,1064.0,59.44,INR,2024-01-22 05:36:31.478509188,5260.56
T002594,2024-04-01,S025,P0012,2,516.14,235.59,INR,2024-07-05 03:28:56.420118093,796.6899999999999
T002595,2024-07-24,S023,P0066,3,631.29,202.45,INR,2024-06-02 10:28:30.861237288,1691.4199999999998
T002596,2024-05-10,S044,P0062,7,703.65,,INR,2024-05-23 11:37:30.329222202,
T002597,2024-08-27,S001,P0019,2,172.23,280.22,INR,2024-05-15 14:03:21.967637062,64.23999999999995
T002598,2024-03-28,S033,P0030,8,1834.87,38.57,INR,2024-07-13 04:11:55.459653139,14640.39
T002599,2024-03-10,S015,P0016,0,1810.58,92.31,INR,2024-02-17 12:33:47.097119331,-92.31
T002600,2024-12-01,S017,P0088,7,304.78,255.24,INR,2024-11-14 00:28:58.181463003,1878.22
T002601,2024-02-07,S034,P0013,5,1157.72,68.6,INR,2024-07-22 15:55:49.347645760,5720.0
T002602,2024-07-03,S017,P0069,0,988.52,113.56,INR,2024-05-06 16:41:20.772403717,-113.56
T002603,2024-03-21,S041,P0023,1,1398.49,187.79,INR,2024-03-29 16:55:36.187449932,1210.7
T002604,2024-01-15,S044,P0062,3,1245.73,,INR,2024-08-13 01:05:50.797789097,
T002605,2024-01-14,S004,P0031,-1,336.21,192.18,INR,2024-10-14 03:46:08.318226337,-528.39
T002606,2024-03-04,S013,P0053,4,1354.15,214.05,INR,2024-06-09 21:55:47.437005997,5202.55
T002607,2024-11-12,S004,P0017,2,1256.86,218.63,INR,2024-12-25 08:25:59.187149048,2295.0899999999997
T002608,2024-04-13,S007,P0049,9,1109.32,221.27,INR,2024-07-14 11:34:36.898999929,9762.609999999999
T002609,2024-12-12,S046,P0049,7,864.57,297.5,INR,2024-12-23 07:15:51.671697378,5754.490000000001
T002610,2024-07-31,S009,P0067,2,1914.35,106.98,INR,2024-12-17 08:22:51.934427023,3721.72
T002611,2024-06-08,S023,P0026,2,1713.94,13.26,INR,2024-08-06 21:45:45.160061836,3414.62
T002612,2024-07-30,S033,P0013,-1,1211.66,104.66,INR,2024-07-31 04:30:20.493917942,-1316.3200000000002
T002613,2024-07-07,S033,P0038,8,112.12,273.47,INR,2024-02-08 13:41:46.369464159,623.49
T002614,2024-10-03,S020,P0022,9,921.03,25.02,INR,2024-12-05 04:29:15.468464613,8264.25
T002615,2024-04-13,S004,P0085,7,1430.65,194.08,INR,2024-10-20 04:06:59.973304272,9820.470000000001
T002616,2024-05-08,S001,P0029,6,322.86,126.95,INR,2024-07-01 16:03:39.499578238,1810.21
T002617,2024-11-22,S042,P0045,0,872.44,276.47,INR,2024-04-21 20:08:01.744902849,-276.47
T002618,2024-12-11,S034,P0046,9,464.28,278.57,INR,2024-11-02 01:39:50.801328659,3899.9499999999994
T002619,2024-11-21,S027,P0039,4,742.47,235.57,INR,2024-04-16 09:41:38.811928272,2734.31
T002620,2024-06-02,S021,P0069,2,150.67,29.56,INR,2024-07-16 18:40:22.331072092,271.78
T002621,2024-10-11,S024,P0078,7,340.79,,INR,2024-03-13 13:43:15.833269835,
T002622,2024-06-22,S015,P0082,7,964.04,40.98,INR,2024-10-20 15:32:24.131859303,6707.3
T002623,2024-06-30,S035,P0068,2,1806.56,96.55,INR,2024-10-01 18:36:18.045250416,3516.5699999999997
T002624,2024-03-15,S025,P0097,1,1032.11,72.43,INR,2024-04-16 11:56:39.785199642,959.6799999999998
T002625,2024-08-03,S009,P0039,7,960.85,110.93,INR,2024-02-12 20:02:20.106993437,6615.0199999999995
T002626,2024-03-08,S017,P0020,3,1596.38,42.92,INR,2024-03-05 15:07:55.918336630,4746.22
T002627,2024-05-01,S021,P0077,4,608.88,225.75,INR,2024-08-12 23:15:59.134243250,2209.77
T002628,2024-11-08,S013,P0100,4,280.63,253.59,INR,2024-02-24 18:20:59.188507080,868.93
T002629,2024-03-16,S003,P0068,8,498.19,146.39,INR,2024-04-26 20:17:57.517542362,3839.13
T002630,2024-01-26,S004,P0035,9,1603.47,286.96,INR,2024-11-02 07:22:50.687462807,14144.27
T002631,2024-01-26,S004,P0008,5,1386.39,36.1,INR,2024-01-30 20:19:58.005203485,6895.85
T002632,2024-12-09,S043,P0052,2,273.91,,INR,2024-07-31 03:08:45.708160877,
T002633,2024-07-04,S028,P0040,4,1367.48,60.12,INR,2024-05-25 22:28:44.683664799,5409.8
T002634,2024-05-29,S007,P0036,9,1869.95,294.57,INR,2024-02-13 21:57:56.050714970,16534.98
T002635,2024-10-22,S026,P0006,1,185.41,124.95,INR,2024-07-04 22:38:58.670755863,60.459999999999994
T002636,2024-11-01,S011,P0086,6,1271.19,277.23,INR,2024-07-07 13:48:44.933971882,7349.91
T002637,2024-05-01,S024,P0070,2,820.41,,INR,2024-05-18 00:02:09.709981203,
T002638,2024-09-10,S043,P0100,0,1051.96,253.83,INR,2024-01-21 04:37:20.849423647,-253.83
T002639,2024-10-08,S010,P0073,2,1103.54,93.01,INR,2024-03-16 12:09:23.242919207,2114.0699999999997
T002640,2024-08-26,S037,P0016,6,1564.99,220.32,INR,2024-05-27 17:20:33.411095619,9169.62
T002641,2024-02-25,S013,P0046,8,1158.32,292.34,INR,2024-04-11 04:28:49.704907179,8974.22
T002642,2024-11-15,S044,P0059,5,1226.86,279.91,INR,2024-02-28 14:14:44.393256426,5854.389999999999
T002643,2024-07-15,S042,P0038,-2,732.53,249.4,INR,2024-06-26 17:49:20.142360449,-1714.46
T002644,2024-04-13,S039,P0097,2,339.3,15.06,INR,2024-05-25 02:58:48.035486937,663.5400000000001
T002645,2024-06-04,S019,P0018,3,1397.19,182.33,INR,2024-08-30 16:52:33.899156332,4009.24
T002646,2024-01-14,S999,P0012,7,100.92,250.63,INR,2024-07-23 13:22:41.804181099,455.81000000000006
T002647,2024-02-16,S019,P0054,8,724.56,119.8,INR,2024-03-02 22:58:22.505704165,5676.679999999999
T002648,2024-10-06,S012,P0091,-1,514.28,219.36,INR,2024-09-07 23:54:42.154895782,-733.64
T002649,2024-01-01,S022,P0047,3,838.21,41.43,INR,2024-06-18 20:44:03.399523258,2473.2000000000003
T002650,2024-06-01,S047,P0001,6,691.41,53.03,INR,2024-02-11 09:52:47.347889423,4095.43
T002651,2024-07-09,S037,P0015,1,1438.01,193.11,INR,2024-01-07 17:38:25.518821954,1244.9
T002652,2024-01-20,S030,P0091,0,594.39,131.13,INR,2024-08-16 15:28:04.189379454,-131.13
T002653,2024-12-21,S046,P0080,6,1165.43,65.48,INR,2024-08-13 19:20:20.401798487,6927.1
T002654,2024-03-23,S012,P0021,-1,965.96,84.86,INR,2024-10-26 11:19:11.564444542,-1050.82
T002655,2024-04-21,S029,P0001,9,1622.01,185.68,INR,2024-10-05 06:55:01.485038519,14412.41
T002656,2024-04-20,S021,P0093,6,913.38,217.61,INR,2024-11-16 06:55:55.139612675,5262.67
T002657,2024-03-25,S011,P0067,8,1741.36,62.28,INR,2024-04-16 17:35:08.410719633,13868.599999999999
T002658,2024-01-01,S037,P0012,7,100.28,286.56,INR,2024-05-30 19:23:48.209778309,415.40000000000003
T002659,2024-09-23,S048,P0028,8,1249.19,2.45,INR,2024-01-23 14:27:34.336038351,9991.07
T002660,2024-12-18,S018,P0039,8,118.63,,INR,2024-05-30 03:24:28.099216700,
T002661,2024-03-22,S044,P0037,-1,1456.48,87.3,INR,2024-03-21 05:08:53.327308416,-1543.78
T002662,2024-08-30,S027,P0095,8,546.35,143.55,INR,2024-10-20 22:34:41.463783503,4227.25
T002663,2024-09-27,S037,P0060,7,821.96,170.95,INR,2024-08-27 12:53:46.244144440,5582.77
T002664,2024-11-05,S048,P0031,0,822.83,,INR,2024-10-12 07:36:31.754985094,
T002665,2024-06-03,S012,P0058,4,1708.2,232.88,INR,2024-08-04 06:09:14.162800074,6599.92
T002666,2024-04-20,S023,P0097,-1,293.98,,INR,2024-08-06 05:55:44.358408928,
T002667,2024-04-28,S034,P0097,-2,1367.1,22.0,INR,2024-03-26 20:34:13.402853251,-2756.2
T002668,2024-09-17,S038,P0011,6,1964.39,210.9,INR,2024-09-01 11:38:13.900505066,11575.44
T002669,2024-10-25,S023,P0029,3,142.53,119.72,INR,2024-02-22 13:10:40.339252234,307.87
T002670,2024-03-07,S025,P0089,6,1935.2,245.58,INR,2024-04-10 16:22:37.661808252,11365.62
T002671,2024-05-15,S004,P0013,9,134.97,182.67,INR,2024-03-06 16:20:26.920040131,1032.06
T002672,2024-11-25,S030,P0051,0,1698.18,3.07,INR,2024-12-12 13:45:48.091548443,-3.07
T002673,2024-10-21,S030,P0054,0,1926.36,199.94,INR,2024-11-23 19:14:38.832953930,-199.94
T002674,2024-12-25,S013,P0019,7,1986.75,277.71,INR,2024-11-15 07:33:50.492011070,13629.54
T002675,2024-10-02,S042,P0058,9,972.33,24.93,INR,2024-12-16 11:07:06.242082834,8726.04
T002676,2024-05-23,S049,P0036,0,1747.22,148.27,INR,2024-08-11 14:19:29.892247200,-148.27
T002677,2024-08-03,S014,P0028,-1,332.45,187.76,INR,2024-11-22 13:33:11.568776846,-520.21
T002678,2024-08-29,S047,P0068,8,908.23,58.76,INR,2024-04-16 12:40:44.373823166,7207.08
T002679,2024-01-29,S008,P0003,3,685.15,195.21,INR,2024-05-20 10:28:46.544509649,1860.2399999999998
T002680,2024-07-17,S024,P9999,0,850.84,14.94,INR,2024-06-19 10:37:19.821186066,-14.94
T002681,2024-09-15,S018,P0089,2,1433.76,271.7,INR,2024-02-02 15:11:15.004668474,2595.82
T002682,2024-03-02,S035,P0041,8,266.21,228.8,INR,2024-10-28 00:18:46.924061060,1900.8799999999999
T002683,2024-10-11,S025,P0035,2,1996.51,282.31,INR,2024-02-13 11:58:46.800922871,3710.71
T002684,2024-08-01,S017,P0093,7,1306.63,125.53,INR,2024-10-18 20:57:45.678685904,9020.88
T002685,2024-12-13,S032,P0093,0,1759.68,10.26,INR,2024-12-02 14:58:08.816075563,-10.26
T002686,2024-01-16,S024,P0076,0,1676.42,102.46,INR,2024-07-26 06:11:54.189830542,-102.46
T002687,2024-04-06,S007,P0099,-2,1555.4,154.73,INR,2024-03-01 13:17:50.820872784,-3265.53
T002688,2024-08-07,S013,P0084,3,174.52,280.76,INR,2024-06-08 09:32:44.066631793,242.80000000000007
T002689,2024-04-18,S027,P0081,0,1081.29,264.92,INR,2024-02-20 16:21:23.062278032,-264.92
T002690,2024-09-17,S048,P0076,-2,723.48,,INR,2024-02-13 10:46:20.194601536,
T002691,2024-10-04,S005,P0050,7,314.58,218.93,INR,2024-10-02 23:14:50.000616550,1983.1299999999999
T002692,2024-02-07,S036,P0100,6,751.68,,INR,2024-05-23 11:00:07.172901154,
T002693,2024-07-06,S026,P0074,8,1325.13,255.18,INR,2024-01-01 01:07:46.629806280,10345.86
T002694,2024-07-04,S042,P0082,-2,538.19,197.65,INR,2024-01-18 16:32:54.858959198,-1274.0300000000002
T002695,2024-05-14,S045,P0030,2,944.73,162.02,INR,2024-10-25 11:31:17.138830423,1727.44
T002696,2024-12-06,S031,P0072,2,868.54,142.81,INR,2024-08-14 04:33:23.612541437,1594.27
T002697,2024-10-29,S010,P0077,-1,199.68,226.98,INR,2024-11-04 05:56:39.867664814,-426.65999999999997
T002698,2024-09-11,S046,P0095,-2,1293.36,242.63,INR,2024-04-09 21:21:43.592697620,-2829.35
T002699,2024-09-17,S026,P0070,3,1275.81,65.29,INR,2024-04-24 17:27:14.299448967,3762.14
T002700,2024-06-17,S022,P0054,4,1936.19,142.21,INR,2024-08-13 03:47:45.993191481,7602.55
T002701,2024-12-02,S012,P0071,8,666.21,231.35,INR,2024-08-30 18:44:40.578270197,5098.33
T002702,2024-09-10,S032,P0085,8,896.01,202.71,INR,2024-01-10 16:17:13.548214912,6965.37
T002703,2024-09-23,S027,P0051,6,866.91,177.47,INR,2024-11-27 03:12:10.342082500,5023.99
T002704,2024-11-10,S033,P0028,5,1847.51,,INR,2024-10-18 16:40:07.160954952,
T002705,2024-04-10,S020,P0064,7,876.43,182.77,INR,2024-02-18 03:07:17.043273926,5952.239999999999
T002706,2024-10-21,S039,P0085,0,941.25,183.64,INR,2024-01-04 18:25:33.731463432,-183.64
T002707,2024-03-12,S041,P0021,6,579.45,129.73,INR,2024-10-07 17:52:59.988632202,3346.9700000000003
T002708,2024-05-06,S040,P0088,-2,102.22,288.09,INR,2024-11-25 13:13:14.603646278,-492.53
T002709,2024-05-02,S013,P0027,3,309.86,195.94,INR,2024-04-27 13:38:27.879065037,733.6400000000001
T002710,2024-12-23,S014,P0027,7,1437.39,255.21,INR,2024-04-27 02:13:39.256039381,9806.520000000002
T002711,2024-11-08,S044,P0077,-1,1396.74,38.69,INR,2024-07-06 20:03:32.873839140,-1435.43
T002712,2024-09-12,S040,P0050,7,712.81,227.03,INR,2024-09-03 05:06:49.339065790,4762.64
T002713,2024-09-22,S022,P0029,6,998.71,180.56,INR,2024-08-24 09:35:05.656644821,5811.7
T002714,2024-07-24,S018,P0039,6,665.02,92.48,INR,2024-10-01 17:03:34.158653021,3897.64
T002715,2024-12-11,S048,P0057,5,1488.74,40.91,INR,2024-02-11 14:30:06.002694368,7402.79
T002716,2024-06-30,S029,P0092,8,1700.75,113.89,INR,2024-07-08 17:34:50.509004593,13492.11
T002717,2024-05-18,S043,P0037,4,1808.3,132.41,INR,2024-07-03 19:26:42.632014990,7100.79
T002718,2024-02-29,S016,P0093,3,430.36,42.23,INR,2024-12-12 16:43:06.507868767,1248.85
T002719,2024-10-13,S046,P0064,-1,1420.53,201.04,INR,2024-12-01 03:53:05.571019888,-1621.57
T002720,2024-09-25,S035,P0048,1,1929.71,92.13,INR,2024-09-30 20:49:20.247247934,1837.58
T002721,2024-05-20,S034,P0022,7,1336.16,241.81,INR,2024-11-16 01:46:22.685851097,9111.310000000001
T002722,2024-01-10,S003,P0100,4,766.85,194.5,INR,2024-09-29 03:38:43.822393656,2872.9
T002723,2024-11-02,S004,P0030,3,1308.3,93.15,INR,2024-09-19 23:25:27.225317478,3831.7499999999995
T002724,2024-01-05,S005,P0028,6,1408.01,108.01,INR,2024-03-19 17:36:47.899736404,8340.05
T002725,2024-09-13,S010,P0023,2,854.39,282.64,INR,2024-08-13 07:07:57.198932886,1426.1399999999999
T002726,2024-12-20,S029,P0097,9,297.58,,INR,2024-11-30 08:42:17.601758480,
T002727,2024-06-08,S032,P0004,9,1252.65,,INR,2024-09-30 19:15:39.820394516,
T002728,2024-03-26,S031,P0003,3,1624.07,203.75,INR,2024-08-08 17:22:17.086616516,4668.46
T002729,2024-09-14,S002,P0061,7,1995.4,,INR,2024-04-04 05:37:04.532804012,
T002730,2024-10-25,S012,P0096,3,523.81,298.22,INR,2024-09-04 16:53:41.305625439,1273.2099999999998
T002731,2024-07-18,S027,P0004,5,1430.74,21.64,INR,2024-05-06 16:14:32.641345739,7132.0599999999995
T002732,2024-12-18,S005,P0065,5,153.28,166.05,INR,2024-01-24 19:26:55.046927929,600.3499999999999
T002733,2024-01-19,S037,P0012,3,1942.67,217.99,INR,2024-03-28 08:43:07.815754414,5610.02
T002734,2024-07-03,S027,P0013,5,123.87,56.06,INR,2024-05-22 01:40:54.254268408,563.29
T002735,2024-09-19,S023,P0034,4,781.71,246.57,INR,2024-12-29 18:48:24.199595451,2880.27
T002736,2024-11-10,S033,P0059,-2,245.17,,INR,2024-10-04 10:37:23.507627964,
T002737,2024-03-06,S004,P0093,2,1279.84,149.33,INR,2024-04-12 00:59:48.778467655,2410.35
T002738,2024-10-19,S021,P0073,8,745.05,82.3,INR,2024-10-05 06:32:05.751528502,5878.099999999999
T002739,2024-07-20,S024,P0031,7,1492.59,90.04,INR,2024-05-10 12:56:12.462552071,10358.089999999998
T002740,2024-05-24,S044,P0071,7,1024.12,,INR,2024-08-09 21:19:08.325420141,
T002741,2024-02-18,S031,P0013,7,896.87,279.45,INR,2024-10-06 02:36:11.444298744,5998.64
T002742,2024-11-11,S044,P0054,2,762.18,114.56,INR,2024-09-27 09:42:50.790299654,1409.8
T002743,2024-02-27,S048,P0002,7,263.65,48.67,INR,2024-02-21 02:41:26.255222797,1796.8799999999997
T002744,2024-04-23,S024,P0033,6,489.17,42.71,INR,2024-10-28 07:43:00.168546915,2892.31
T002745,2024-04-15,S049,P0050,4,1314.29,122.22,INR,2024-12-02 20:56:09.032666922,5134.94
T002746,2024-11-14,S010,P0007,4,1043.83,189.66,INR,2024-03-26 04:45:53.150464296,3985.66
T002747,2024-09-02,S049,P0018,7,233.17,233.33,INR,2024-04-30 05:41:06.909960032,1398.86
T002748,2024-10-17,S049,P0051,-1,1133.51,,INR,2024-12-08 10:36:34.922333002,
T002749,2024-04-01,S050,P0008,5,202.87,190.71,INR,2024-12-25 01:00:08.676991463,823.64
T002750,2024-08-16,S002,P0055,0,1072.28,126.2,INR,2024-06-14 12:39:31.651021481,-126.2
T002751,2024-07-27,S031,P0076,6,1933.43,126.58,INR,2024-01-13 14:32:54.510205746,11474.0
T002752,2024-10-30,S025,P0043,3,683.95,172.31,INR,2024-12-06 12:07:35.755891800,1879.5400000000004
T002753,2024-11-26,S004,P0059,6,1474.66,161.41,INR,2024-01-10 06:26:25.273396969,8686.550000000001
T002754,2024-01-05,S999,P0030,6,1516.55,192.24,INR,2024-04-30 12:38:04.563297749,8907.06
T002755,2024-09-03,S011,P0059,4,869.23,151.02,INR,2024-02-02 17:41:00.565367937,3325.9
T002756,2024-01-19,S017,P0009,7,1227.26,17.7,INR,2024-07-05 18:52:51.932730198,8573.119999999999
T002757,2024-07-19,S044,P0092,9,996.89,150.22,INR,2024-01-14 17:08:17.207229137,8821.79
T002758,2024-04-14,S002,P0068,5,638.39,6.76,INR,2024-03-23 06:35:03.809034109,3185.1899999999996
T002759,2024-04-21,S006,P0039,-1,1534.01,54.18,INR,2024-06-16 11:28:19.924060345,-1588.19
T002760,2024-05-08,S009,P0081,2,1435.37,116.23,INR,2024-01-28 01:43:42.640772581,2754.5099999999998
T002761,2024-08-14,S005,P0011,0,1811.04,,INR,2024-06-24 08:30:30.913469791,
T002762,2024-05-01,S020,P0002,-2,1274.44,55.45,INR,2024-04-06 18:23:55.525785923,-2604.33
T002763,2024-09-24,S029,P0023,3,838.57,82.89,INR,2024-04-07 10:09:46.081008434,2432.82
T002764,2024-05-27,S021,P0063,9,1456.61,112.26,INR,2024-12-08 00:25:23.368730545,12997.23
T002765,2024-01-25,S009,P0022,6,1276.17,59.16,INR,2024-09-08 22:24:29.244816542,7597.860000000001
T002766,2024-10-13,S028,P0061,-1,1271.57,299.63,INR,2024-12-05 06:14:44.195381165,-1571.1999999999998
T002767,2024-04-14,S008,P0026,6,1714.69,241.41,INR,2024-07-29 03:02:35.582907915,10046.73
T002768,2024-06-06,S031,P0012,5,1829.89,,INR,2024-11-27 02:49:46.095337152,
T002769,2024-09-07,S020,P0032,8,442.46,170.66,INR,2024-11-01 15:52:13.221291065,3369.02
T002770,2024-05-01,S027,P0009,6,696.7,288.4,INR,2024-12-30 05:06:20.880936623,3891.8000000000006
T002771,2024-01-21,S008,P0069,2,1335.58,,INR,2024-07-02 15:11:12.066757202,
T002772,2024-05-16,S021,P0090,-1,1158.72,99.26,INR,2024-09-11 02:03:53.444158554,-1257.98
T002773,2024-12-10,S028,P0071,7,1339.42,183.16,INR,2024-02-28 15:27:42.275149345,9192.78
T002774,2024-08-22,S023,P0093,7,922.73,163.11,INR,2024-12-08 21:57:01.505581856,6296.000000000001
T002775,2024-09-02,S006,P0033,3,883.63,174.09,INR,2024-05-25 13:01:42.525669575,2476.7999999999997
T002776,2024-08-18,S003,P0024,4,323.54,245.32,INR,2024-11-30 13:42:31.607826948,1048.8400000000001
T002777,2024-03-13,S005,P0089,0,1284.93,152.87,INR,2024-02-06 18:14:33.252976179,-152.87
T002778,2024-06-01,S009,P0095,3,433.99,218.59,INR,2024-07-07 01:37:45.544850111,1083.38
T002779,2024-10-01,S007,P0093,3,1374.94,,INR,2024-01-01 12:16:05.050443172,
T002780,2024-02-07,S004,P0069,5,1937.44,279.62,INR,2024-05-31 20:19:14.004807711,9407.58
T002781,2024-04-11,S039,P0038,-2,587.18,25.91,INR,2024-01-31 08:41:26.012247801,-1200.27
T002782,2024-04-10,S005,P0011,1,370.09,298.07,INR,2024-06-12 22:48:49.537345648,72.01999999999998
T002783,2024-06-06,S011,P0032,-2,145.93,189.8,INR,2024-07-21 20:45:45.004513264,-481.66
T002784,2024-12-23,S015,P0064,5,819.77,140.99,INR,2024-11-07 01:53:56.187115669,3957.8600000000006
T002785,2024-01-25,S034,P0072,-1,507.76,93.23,INR,2024-04-17 19:59:18.355147362,-600.99
T002786,2024-07-08,S013,P0020,5,1034.53,,INR,2024-07-25 21:14:32.904962540,
T002787,2024-03-06,S048,P0034,0,1096.18,234.73,INR,2024-01-25 06:09:42.145643234,-234.73
T002788,2024-12-20,S007,P0042,5,763.72,41.83,INR,2024-11-29 10:18:12.284394264,3776.7700000000004
T002789,2024-02-11,S040,P0008,3,1524.82,75.81,INR,2024-06-13 21:09:41.179769278,4498.65
T002790,2024-05-27,S006,P0066,-2,1819.13,37.12,INR,2024-04-02 04:41:19.158509493,-3675.38
T002791,2024-09-26,S039,P0021,4,501.89,128.0,INR,2024-06-18 01:54:08.079724073,1879.56
T002792,2024-09-14,S050,P0079,4,1688.97,116.17,INR,2024-06-24 17:59:33.007033587,6639.71
T002793,2024-06-03,S030,P0070,3,349.26,194.64,INR,2024-09-28 07:16:34.815732956,853.14
T002794,2024-05-06,S022,P0005,-2,534.53,298.71,INR,2024-12-21 17:16:07.313852310,-1367.77
T002795,2024-05-25,S025,P0067,2,1166.69,267.71,INR,2024-03-08 22:36:51.090401649,2065.67
T002796,2024-04-06,S028,P0043,-2,682.5,264.11,INR,2024-01-20 21:21:45.407021999,-1629.1100000000001
T002797,2024-03-15,S020,P0016,-2,179.25,193.71,INR,2024-08-27 07:59:43.752693892,-552.21
T002798,2024-06-25,S039,P0099,3,660.26,81.18,INR,2024-11-18 20:54:25.170656443,1899.6
T002799,2024-04-08,S003,P0073,5,1819.25,115.23,INR,2024-07-25 05:45:53.642021656,8981.02
T002800,2024-04-14,S005,P0035,-2,431.02,75.04,INR,2024-01-30 03:39:39.526972055,-937.0799999999999
T002801,2024-08-27,S001,P0083,-1,1551.13,40.53,INR,2024-06-02 22:44:53.104350090,-1591.66
T002802,2024-12-19,S015,P0043,2,1472.34,130.81,INR,2024-08-26 23:27:32.507690430,2813.87
T002803,2024-08-08,S026,P0098,5,301.83,269.26,INR,2024-04-29 17:41:51.531206846,1239.8899999999999
T002804,2024-01-29,S003,P0039,8,725.94,223.15,INR,2024-11-04 09:23:05.953500509,5584.370000000001
T002805,2024-01-28,S040,P0010,1,459.78,295.45,INR,2024-03-23 00:18:56.995290518,164.32999999999998
T002806,2024-12-13,S041,P0074,2,143.99,,INR,2024-05-13 00:58:24.619586706,
T002807,2024-04-18,S047,P0020,7,428.78,150.16,INR,2024-11-30 11:56:56.388775349,2851.3
T002808,2024-02-03,S042,P0001,2,483.0,237.91,INR,2024-07-28 08:17:46.191987038,728.09
T002809,2024-08-06,S034,P0006,0,415.36,138.14,INR,2024-01-03 06:37:08.065537452,-138.14
T002810,2024-08-15,S005,P0053,3,273.08,,INR,2024-03-30 01:37:36.739701986,
T002811,2024-08-24,S031,P0046,2,1099.98,,INR,2024-10-01 23:02:59.492402792,
T002812,2024-04-07,S999,P0066,-1,713.01,129.09,INR,2024-01-19 23:56:32.187260151,-842.1
T002813,2024-01-06,S013,P0038,7,1825.67,273.89,INR,2024-12-28 11:10:17.465032816,12505.800000000001
T002814,2024-12-18,S043,P0033,1,455.71,80.52,INR,2024-11-23 17:39:22.681842804,375.19
T002815,2024-04-01,S001,P0067,8,1245.44,268.94,INR,2024-03-22 16:43:22.473821163,9694.58
T002816,2024-09-03,S022,P0100,1,1811.18,83.54,INR,2024-11-22 20:37:20.440676451,1727.64
T002817,2024-09-14,S015,P0077,4,189.66,86.87,INR,2024-09-12 07:23:17.614139795,671.77
T002818,2024-08-10,S026,P0035,4,1080.93,126.18,INR,2024-06-04 06:04:22.998349190,4197.54
T002819,2024-04-24,S018,P0079,6,956.27,154.74,INR,2024-03-12 13:59:21.114319801,5582.88
T002820,2024-04-08,S048,P0045,7,1864.68,125.47,INR,2024-03-14 01:51:07.592736006,12927.29
T002821,2024-08-06,S009,P0022,9,1361.15,258.64,INR,2024-08-04 20:05:29.562012434,11991.710000000001
T002822,2024-11-12,S001,P0068,-1,763.41,238.67,INR,2024-05-31 20:41:48.942062140,-1002.0799999999999
T002823,2024-12-11,S043,P0017,3,1451.89,92.96,INR,2024-08-05 06:00:11.450825453,4262.71
T002824,2024-02-08,S009,P0005,-1,1207.04,153.46,INR,2024-04-30 13:02:19.255326033,-1360.5
T002825,2024-02-26,S023,P0085,6,759.62,129.31,INR,2024-03-24 23:27:09.952593088,4428.41
T002826,2024-12-10,S043,P0057,-1,1591.97,16.82,INR,2024-11-01 08:13:38.213716745,-1608.79
T002827,2024-09-25,S045,P0088,3,1369.52,224.44,INR,2024-12-01 19:34:53.358330488,3884.1199999999994
T002828,2024-11-18,S002,P0095,5,110.29,54.5,INR,2024-09-14 10:03:11.254313946,496.95000000000005
T002829,2024-03-14,S014,P0040,3,1743.76,280.24,INR,2024-02-28 23:31:07.037812710,4951.04
T002830,2024-08-02,S038,P0030,9,854.47,119.33,INR,2024-02-03 16:38:21.411755085,7570.900000000001
T002831,2024-09-12,S040,P0042,0,1326.35,186.68,INR,2024-07-15 18:22:23.517081976,-186.68
T002832,2024-09-05,S018,P0007,2,853.86,245.49,INR,2024-07-19 21:05:06.874685049,1462.23
T002833,2024-05-28,S016,P0071,1,1774.59,54.09,INR,2024-08-21 07:45:24.032626390,1720.5
T002834,2024-01-06,S029,P0091,-2,1336.59,162.34,INR,2024-11-26 18:05:48.077708006,-2835.52
T002835,2024-07-31,S044,P0088,2,1200.83,71.23,INR,2024-08-24 01:54:50.725887775,2330.43
T002836,2024-04-02,S011,P0019,7,1962.5,152.9,INR,2024-11-30 09:26:34.429770947,13584.6
T002837,2024-06-13,S006,P0041,9,633.22,173.83,INR,2024-02-12 23:01:47.549531221,5525.150000000001
T002838,2024-12-15,S003,P0034,2,223.98,50.74,INR,2024-09-15 21:00:30.056181908,397.21999999999997
T002839,2024-05-25,S014,P0022,4,1080.42,174.25,INR,2024-12-04 12:23:08.554333448,4147.43
T002840,2024-11-02,S002,P0052,9,905.63,136.47,INR,2024-06-17 22:10:43.028669357,8014.2
T002841,2024-03-09,S032,P0091,4,963.15,,INR,2024-12-19 03:28:40.815709591,
T002842,2024-09-02,S031,P0006,-1,1278.2,,INR,2024-07-20 16:00:57.895690203,
T002843,2024-12-22,S011,P0074,1,1268.73,145.14,INR,2024-12-10 04:27:12.945021152,1123.5900000000001
T002844,2024-02-07,S022,P0095,-2,845.3,,INR,2024-09-30 05:01:10.399530888,
T002845,2024-01-04,S003,P0025,2,1739.47,141.12,INR,2024-06-16 01:59:09.815093994,3337.82
T002846,2024-06-07,S050,P0066,2,1337.77,186.93,INR,2024-01-13 12:23:33.652864456,2488.61
T002847,2024-02-03,S031,P0010,1,1790.83,110.26,INR,2024-08-27 22:45:06.008895636,1680.57
T002848,2024-09-30,S033,P0074,7,1834.99,240.41,INR,2024-04-02 19:28:50.261057138,12604.52
T002849,2024-11-29,S024,P0026,9,417.89,,INR,2024-04-15 08:37:11.430037737,
T002850,2024-06-07,S001,P0005,9,1393.07,89.86,INR,2024-01-08 05:18:27.366567373,12447.769999999999
T002851,2024-04-04,S044,P0086,4,703.27,176.63,INR,2024-07-22 13:02:07.689303398,2636.45
T002852,2024-06-07,S015,P0068,3,1689.22,,INR,2024-04-15 14:13:06.975077391,
T002853,2024-09-21,S037,P0098,7,1492.42,26.98,INR,2024-12-24 13:43:21.532934189,10419.960000000001
T002854,2024-01-04,S027,P0071,0,477.62,61.68,INR,2024-09-30 09:18:26.094760180,-61.68
T002855,2024-08-03,S038,P0050,-1,1883.59,274.1,INR,2024-05-10 11:35:18.845918179,-2157.69
T002856,2024-08-11,S048,P0017,1,1398.61,3.21,INR,2024-04-17 11:22:11.054536819,1395.3999999999999
T002857,2024-08-20,S027,P0011,6,1902.4,40.04,INR,2024-09-17 23:09:56.966353178,11374.36
T002858,2024-03-29,S044,P0053,7,483.63,227.41,INR,2024-04-02 18:51:37.415944815,3158.0
T002859,2024-09-17,S012,P0050,2,1752.44,293.96,INR,2024-06-12 12:31:52.727159023,3210.92
T002860,2024-02-03,S003,P0008,-2,1369.34,206.46,INR,2024-02-28 12:58:31.883729935,-2945.14
T002861,2024-03-13,S030,P0092,8,1149.34,276.7,INR,2024-04-02 17:59:20.121097565,8918.019999999999
T002862,2024-11-16,S032,P0097,0,1658.97,256.57,INR,2024-02-05 21:51:19.124220133,-256.57
T002863,2024-09-26,S023,P0062,6,1302.44,143.99,INR,2024-06-04 21:48:54.440939188,7670.650000000001
T002864,2024-01-06,S002,P0089,4,1372.24,100.06,INR,2024-12-04 06:37:04.531167030,5388.9
T002865,2024-03-31,S007,P0085,0,581.97,189.67,INR,2024-02-06 19:32:08.925666809,-189.67
T002866,2024-03-19,S034,P0076,-2,1652.4,160.07,INR,2024-06-08 15:00:59.515291214,-3464.8700000000003
T002867,2024-04-08,S032,P0090,1,1335.58,,INR,2024-04-18 21:18:19.181903601,
T002868,2024-03-31,S039,P0029,6,1704.34,287.19,INR,2024-05-12 11:33:51.047658682,9938.849999999999
T002869,2024-01-23,S032,P0099,9,767.9,171.07,INR,2024-10-08 14:12:56.934587479,6740.03
T002870,2024-06-16,S043,P9999,4,730.25,262.35,INR,2024-06-07 18:58:40.844200611,2658.65
T002871,2024-09-24,S043,P0044,2,145.42,220.39,INR,2024-08-25 09:26:42.854181767,70.44999999999999
T002872,2024-08-09,S014,P0045,8,1560.35,102.25,INR,2024-12-20 20:26:58.748834848,12380.55
T002873,2024-09-02,S003,P0029,3,727.6,270.35,INR,2024-08-13 00:11:46.922955513,1912.4500000000003
T002874,2024-01-30,S046,P0088,-2,721.7,237.13,INR,2024-05-03 03:31:32.124434233,-1680.5300000000002
T002875,2024-12-13,S032,P0059,4,1408.5,128.94,INR,2024-05-25 03:27:50.158407450,5505.06
T002876,2024-11-02,S043,P0015,9,580.45,252.14,INR,2024-09-11 00:09:49.498746634,4971.91
T002877,2024-10-20,S036,P0070,2,1827.14,81.47,INR,2024-09-10 10:21:59.876939297,3572.8100000000004
T002878,2024-10-27,S017,P0096,4,1122.33,201.21,INR,2024-05-14 08:34:51.596008062,4288.11
T002879,2024-12-06,S048,P0044,2,1942.01,34.37,INR,2024-09-21 10:20:07.660667419,3849.65
T002880,2024-07-17,S003,P0098,2,245.67,259.73,INR,2024-07-19 23:02:40.111558914,231.60999999999996
T002881,2024-03-14,S010,P0036,0,739.97,218.83,INR,2024-12-23 20:28:57.066856146,-218.83
T002882,2024-08-13,S047,P0084,2,824.79,45.77,INR,2024-11-27 10:52:40.241779566,1603.81
T002883,2024-09-28,S040,P0057,5,1487.8,6.4,INR,2024-10-27 16:57:10.995616198,7432.6
T002884,2024-09-26,S018,P0064,5,504.63,116.96,INR,2024-01-13 12:46:11.048684597,2406.19
T002885,2024-07-09,S003,P0076,-1,813.16,202.58,INR,2024-05-18 20:36:25.151179314,-1015.74
T002886,2024-01-25,S039,P0099,8,1830.22,84.94,INR,2024-07-28 06:01:50.450734854,14556.82
T002887,2024-05-15,S010,P0038,-2,317.65,291.98,INR,2024-07-09 09:21:28.726892233,-927.28
T002888,2024-12-02,S009,P0017,-1,1516.12,280.4,INR,2024-10-05 16:50:07.517596960,-1796.52
T002889,2024-08-01,S046,P0027,8,1434.72,179.38,INR,2024-11-27 19:34:27.877085447,11298.380000000001
T002890,2024-07-15,S046,P0017,4,347.96,94.68,INR,2024-10-14 07:22:20.140095472,1297.1599999999999
T002891,2024-04-08,S011,P0063,0,1408.13,268.88,INR,2024-03-21 08:57:41.822526932,-268.88
T002892,2024-05-14,S033,P0011,5,1182.59,241.04,INR,2024-06-26 05:57:45.671981096,5671.91
T002893,2024-11-22,S036,P0064,1,646.29,25.85,INR,2024-05-23 16:02:15.725873709,620.4399999999999
T002894,2024-08-31,S026,P0039,7,691.17,,INR,2024-10-06 15:55:03.154651403,
T002895,2024-10-14,S027,P0002,7,1682.69,294.36,INR,2024-11-22 17:17:11.178083658,11484.47
T002896,2024-06-14,S038,P0066,5,538.93,136.17,INR,2024-04-14 16:36:40.191445827,2558.4799999999996
T002897,2024-08-18,S022,P0054,-1,1074.28,279.87,INR,2024-06-27 10:51:00.889934301,-1354.15
T002898,2024-03-31,S026,P0029,2,1394.18,293.19,INR,2024-09-24 03:36:19.261379719,2495.17
T002899,2024-09-14,S022,P0045,3,346.81,116.21,INR,2024-01-19 05:35:16.901798487,924.22
T002900,2024-06-05,S005,P0088,-2,1871.47,289.37,INR,2024-12-17 12:30:34.503055573,-4032.31
T002901,2024-06-10,S035,P0088,-2,595.21,41.38,INR,2024-10-18 23:41:03.210435390,-1231.8000000000002
T002902,2024-08-25,S002,P0080,6,705.79,48.04,INR,2024-07-17 02:38:02.576418638,4186.7
T002903,2024-12-07,S035,P0031,2,1365.62,82.96,INR,2024-10-11 04:58:41.907138109,2648.2799999999997
T002904,2024-01-24,S009,P0049,1,248.56,140.27,INR,2024-11-01 06:29:45.257220267,108.28999999999999
T002905,2024-10-28,S999,P0009,-2,1292.46,54.31,INR,2024-06-29 05:59:50.522265911,-2639.23
T002906,2024-04-16,S999,P0027,0,1840.46,102.05,INR,2024-06-09 15:01:40.544347763,-102.05
T002907,2024-06-11,S049,P0056,1,573.27,,INR,2024-11-01 18:16:56.660725832,
T002908,2024-01-08,S018,P0078,8,787.62,129.0,INR,2024-11-09 18:43:36.028738260,6171.96
T002909,2024-04-19,S043,P0045,8,541.43,248.24,INR,2024-02-15 02:58:37.647444725,4083.2
T002910,2024-07-02,S012,P0089,2,1655.66,178.52,INR,2024-11-27 08:41:48.062019110,3132.8
T002911,2024-01-21,S003,P0043,7,418.45,243.05,INR,2024-04-11 00:42:54.647295952,2686.1
T002912,2024-06-28,S018,P0022,9,758.59,40.71,INR,2024-08-31 12:23:11.011683226,6786.6
T002913,2024-12-04,S038,P0099,2,1241.94,119.83,INR,2024-09-15 21:33:34.312686205,2364.05
T002914,2024-02-08,S007,P0033,7,868.65,11.8,INR,2024-04-12 02:22:44.369402885,6068.75
T002915,2024-10-06,S033,P0027,5,224.39,110.99,INR,2024-04-21 00:34:56.764450550,1010.9599999999998
T002916,2024-05-29,S006,P0040,0,1900.67,184.35,INR,2024-09-14 19:11:37.913945913,-184.35
T002917,2024-08-27,S018,P0026,4,742.01,170.66,INR,2024-03-04 21:39:56.172627926,2797.38
T002918,2024-04-04,S045,P0083,3,946.74,18.1,INR,2024-11-09 07:42:02.950491428,2822.1200000000003
T002919,2024-02-28,S022,P0045,7,418.34,18.62,INR,2024-03-22 08:33:49.810259819,2909.7599999999998
T002920,2024-02-28,S999,P0045,8,1744.17,91.52,INR,2024-05-08 04:16:14.658477068,13861.84
T002921,2024-01-26,S039,P0026,7,653.71,231.42,INR,2024-04-07 07:55:40.488115072,4344.55
T002922,2024-03-08,S999,P0070,7,137.66,6.17,INR,2024-03-30 12:48:34.223788261,957.45
T002923,2024-08-30,S009,P0067,8,701.16,,INR,2024-12-23 06:52:05.642896414,
T002924,2024-11-17,S035,P0006,3,1969.71,55.11,INR,2024-04-02 11:07:20.544668436,5854.02
T002925,2024-10-24,S023,P0028,7,379.0,283.29,INR,2024-07-30 02:09:44.410799026,2369.71
T002926,2024-09-07,S012,P0067,6,159.28,129.06,INR,2024-09-29 01:32:27.548953056,826.6200000000001
T002927,2024-02-10,S024,P0013,4,1198.53,14.37,INR,2024-01-16 07:41:47.299932718,4779.75
T002928,2024-04-15,S050,P0063,8,806.17,214.09,INR,2024-11-17 18:34:14.148712873,6235.2699999999995
T002929,2024-04-23,S040,P0013,4,1610.45,145.38,INR,2024-02-25 19:18:31.829199076,6296.42
T002930,2024-04-01,S009,P0077,8,1490.59,264.37,INR,2024-08-02 15:27:22.032649279,11660.349999999999
T002931,2024-07-06,S013,P0001,-2,452.3,195.55,INR,2024-08-22 00:16:56.401344061,-1100.15
T002932,2024-07-14,S040,P0040,-2,1172.8,207.76,INR,2024-08-17 18:59:48.318478823,-2553.3599999999997
T002933,2024-05-10,S042,P0037,6,161.63,230.18,INR,2024-09-24 16:59:16.843870163,739.5999999999999
T002934,2024-05-09,S017,P0031,6,935.01,126.11,INR,2024-12-05 21:38:27.627303600,5483.95
T002935,2024-10-29,S007,P0017,9,1456.7,237.76,INR,2024-12-04 07:32:21.038719177,12872.54
T002936,2024-10-15,S017,P0009,8,888.42,15.19,INR,2024-07-29 23:57:47.607654572,7092.17
T002937,2024-04-22,S050,P0064,7,324.11,229.66,INR,2024-05-15 00:29:17.638683558,2039.11
T002938,2024-11-29,S024,P0057,0,216.91,190.89,INR,2024-04-27 08:22:49.888508320,-190.89
T002939,2024-12-13,S002,P0013,8,1721.95,170.0,INR,2024-11-19 15:22:48.396200180,13605.6
T002940,2024-04-29,S035,P0037,8,1793.52,95.45,INR,2024-11-07 09:24:25.906035423,14252.71
T002941,2024-05-09,S028,P0014,5,751.88,34.23,INR,2024-04-17 23:23:59.958456993,3725.17
T002942,2024-07-03,S019,P0075,6,411.93,194.16,INR,2024-02-25 14:35:03.011896610,2277.42
T002943,2024-12-09,S033,P0025,-2,1959.37,141.5,INR,2024-11-10 07:36:17.869439840,-4060.24
T002944,2024-11-15,S021,P0095,9,1137.14,65.35,INR,2024-08-10 01:08:19.341172695,10168.91
T002945,2024-02-07,S010,P0078,0,1005.64,13.01,INR,2024-04-24 07:05:47.880222797,-13.01
T002946,2024-05-23,S046,P0057,3,1509.05,161.63,INR,2024-08-10 21:17:02.106092215,4365.5199999999995
T002947,2024-07-20,S045,P0071,1,420.85,37.89,INR,2024-01-25 03:53:02.987946272,382.96000000000004
T002948,2024-07-02,S009,P0088,5,1201.98,,INR,2024-03-10 09:35:52.736980200,
T002949,2024-03-11,S038,P0100,6,1791.31,45.19,INR,2024-07-18 05:06:13.598180294,10702.67
T002950,2024-11-09,S006,P0042,4,143.83,9.61,INR,2024-07-15 19:06:52.353168726,565.71
T002951,2024-09-04,S999,P0042,8,1378.59,78.61,INR,2024-03-31 00:48:55.894945621,10950.109999999999
T002952,2024-11-01,S042,P0047,-2,1147.71,52.49,INR,2024-12-24 11:05:45.149825096,-2347.91
T002953,2024-11-09,S035,P0044,-1,1906.52,237.37,INR,2024-05-30 12:56:40.660085678,-2143.89
T002954,2024-09-30,S018,P0041,-2,591.53,,INR,2024-09-15 14:47:37.755309820,
T002955,2024-06-09,S019,P0003,6,1731.89,,INR,2024-04-04 08:04:54.686532974,
T002956,2024-08-10,S005,P0090,1,687.07,298.44,INR,2024-06-03 22:25:18.495468140,388.63000000000005
T002957,2024-02-28,S025,P0090,7,916.74,45.02,INR,2024-10-30 09:30:35.337713242,6372.16
T002958,2024-09-02,S011,P0001,5,505.25,25.5,INR,2024-11-05 17:42:48.106960297,2500.75
T002959,2024-03-06,S010,P0079,2,1740.82,91.69,INR,2024-02-19 08:52:21.198083162,3389.95
T002960,2024-09-10,S017,P0011,2,471.28,121.53,INR,2024-05-09 10:54:32.145040274,821.03
T002961,2024-03-24,S036,P9999,2,1732.12,228.13,INR,2024-03-15 03:35:52.211584330,3236.1099999999997
T002962,2024-02-12,S026,P0007,8,965.67,286.63,INR,2024-11-20 22:45:05.469984055,7438.73
T002963,2024-03-01,S031,P0012,2,1686.66,,INR,2024-10-02 03:49:31.959369183,
T002964,2024-01-01,S032,P0038,0,602.53,217.99,INR,2024-07-24 14:36:17.592952251,-217.99
T002965,2024-09-19,S021,P0054,3,352.19,297.43,INR,2024-08-25 06:44:10.935702801,759.1399999999999
T002966,2024-09-24,S018,P0067,-2,1154.43,229.61,INR,2024-11-29 15:59:45.415101051,-2538.4700000000003
T002967,2024-07-06,S018,P0053,5,1067.93,41.86,INR,2024-04-20 16:41:35.439264774,5297.790000000001
T002968,2024-02-28,S001,P0090,1,777.55,138.46,INR,2024-01-05 23:47:35.009407043,639.0899999999999
T002969,2024-01-31,S014,P0094,3,1359.36,151.05,INR,2024-01-10 14:52:21.927811861,3927.0299999999997
T002970,2024-01-07,S008,P0032,-1,280.77,91.44,INR,2024-01-18 00:58:50.843774796,-372.21
T002971,2024-03-01,S002,P0100,-1,1281.8,49.28,INR,2024-02-16 21:29:34.027928591,-1331.08
T002972,2024-11-21,S999,P0045,5,502.34,213.52,INR,2024-07-27 08:51:30.517163277,2298.18
T002973,2024-03-29,S015,P0051,-2,345.01,83.25,INR,2024-12-24 02:19:03.706057072,-773.27
T002974,2024-05-09,S034,P0037,5,1828.26,187.4,INR,2024-06-02 06:28:33.418155432,8953.9
T002975,2024-02-08,S036,P0059,7,973.61,96.78,INR,2024-09-17 00:46:06.841499329,6718.490000000001
T002976,2024-03-22,S001,P0054,7,1550.49,151.87,INR,2024-10-16 03:28:17.990242720,10701.56
T002977,2024-07-08,S999,P0018,-2,269.32,,INR,2024-10-19 12:14:16.722952604,
T002978,2024-08-09,S021,P0001,6,209.18,123.53,INR,2024-06-10 19:16:30.427983522,1131.55
T002979,2024-03-30,S042,P0021,-2,1040.22,219.62,INR,2024-07-19 17:31:36.806101799,-2300.06
T002980,2024-01-22,S001,P0028,1,699.55,265.15,INR,2024-04-29 23:53:03.860430479,434.4
T002981,2024-05-22,S032,P0016,6,109.32,152.62,INR,2024-09-08 01:39:44.905225039,503.29999999999995
T002982,2024-03-26,S020,P0048,-2,448.26,183.08,INR,2024-05-19 17:55:08.384413242,-1079.6
T002983,2024-03-21,S047,P0028,6,515.67,259.32,INR,2024-04-23 12:55:01.032415628,2834.6999999999994
T002984,2024-12-16,S036,P0022,5,648.16,42.97,INR,2024-08-16 23:10:32.252903700,3197.83
T002985,2024-08-12,S039,P0083,2,1767.32,,INR,2024-05-04 13:23:51.443894148,
T002986,2024-07-22,S030,P0001,3,899.14,107.77,INR,2024-05-28 22:04:29.290206671,2589.65
T002987,2024-05-31,S007,P0095,2,1390.92,92.72,INR,2024-09-16 11:15:11.760225534,2689.1200000000003
T002988,2024-06-05,S022,P0042,1,134.95,,INR,2024-11-07 11:12:37.021075487,
T002989,2024-07-16,S050,P0098,9,1646.46,169.23,INR,2024-06-07 16:51:43.926042080,14648.91
T002990,2024-09-11,S045,P0070,7,556.62,157.17,INR,2024-07-09 14:28:19.479844332,3739.17
T002991,2024-09-13,S010,P0092,9,687.17,173.62,INR,2024-09-29 10:18:38.713473558,6010.91
T002992,2024-03-03,S008,P0003,1,185.99,262.55,INR,2024-03-23 02:32:51.508030176,-76.56
T002993,2024-07-01,S027,P0095,7,878.42,73.06,INR,2024-05-31 11:27:00.989476204,6075.879999999999
T002994,2024-05-30,S010,P0080,5,1719.9,153.29,INR,2024-10-23 04:21:48.445751190,8446.21
T002995,2024-11-13,S014,P0081,5,819.6,81.29,INR,2024-11-22 11:40:18.160893679,4016.71
T002996,2024-08-18,S046,P0044,6,1826.35,234.17,INR,2024-08-23 09:21:50.153399706,10723.929999999998
T002997,2024-07-13,S011,P0027,0,1748.15,233.13,INR,2024-05-23 14:08:36.707594633,-233.13
T002998,2024-02-12,S006,P0051,7,217.73,287.23,INR,2024-08-09 03:52:59.400241375,1236.8799999999999
T002999,2024-08-09,S021,P0024,5,680.02,134.05,INR,2024-03-06 06:39:20.994940281,3266.0499999999997
T003000,2024-02-12,S033,P0020,0,1829.79,47.6,INR,2024-01-11 16:37:52.760763168,-47.6
T003001,2024-05-03,S019,P0032,-1,156.64,268.92,INR,2024-01-28 05:37:46.305243731,-425.56
T003002,2024-02-22,S039,P0099,-1,1555.04,267.18,INR,2024-02-09 11:35:25.381948709,-1822.22
T003003,2024-09-09,S024,P0013,6,1822.21,70.4,INR,2024-03-23 08:46:37.888898134,10862.86
T003004,2024-03-16,S018,P0043,1,1563.93,82.88,INR,2024-06-17 12:43:01.978053331,1481.0500000000002
T003005,2024-05-23,S035,P0020,2,1513.25,94.02,INR,2024-03-25 19:01:17.919572115,2932.48
T003006,2024-11-22,S043,P0002,-1,1702.38,135.53,INR,2024-08-01 12:52:43.227188110,-1837.91
T003007,2024-03-15,S037,P0068,6,1365.0,248.71,INR,2024-12-30 09:06:23.390720844,7941.29
T003008,2024-07-04,S019,P0091,4,903.88,43.31,INR,2024-06-30 20:03:58.996005535,3572.21
T003009,2024-06-02,S024,P0060,0,219.24,210.12,INR,2024-10-03 06:03:10.461618662,-210.12
T003010,2024-01-07,S034,P0089,3,1597.14,105.84,INR,2024-04-16 17:26:15.514026642,4685.58
T003011,2024-10-16,S022,P0004,4,1819.98,58.7,INR,2024-12-17 10:49:35.368995428,7221.22
T003012,2024-01-26,S004,P0096,9,1072.01,,INR,2024-03-31 22:09:50.278275490,
T003013,2024-06-22,S010,P0017,3,1111.77,159.98,INR,2024-08-05 18:29:15.323929787,3175.33
T003014,2024-07-23,S002,P0001,7,866.25,276.42,INR,2024-12-24 21:58:36.935781240,5787.33
T003015,2024-08-17,S008,P0033,8,1728.08,188.48,INR,2024-10-22 00:13:53.485349417,13636.16
T003016,2024-09-08,S033,P0030,7,128.13,182.12,INR,2024-12-28 02:12:42.349912643,714.79
T003017,2024-04-02,S038,P0005,3,1286.64,32.62,INR,2024-05-18 14:30:17.117835045,3827.3
T003018,2024-01-04,S043,P0012,5,1824.08,23.94,INR,2024-01-29 08:03:06.896134615,9096.46
T003019,2024-09-21,S028,P0032,5,296.12,38.84,INR,2024-03-29 20:58:41.330410719,1441.76
T003020,2024-07-14,S010,P0038,2,1922.41,,INR,2024-12-15 12:41:39.466047287,
T003021,2024-11-01,S045,P0017,1,1938.59,172.91,INR,2024-05-15 06:15:48.501199007,1765.6799999999998
T003022,2024-10-26,S001,P0058,8,1866.6,135.78,INR,2024-02-15 13:01:01.330283165,14797.019999999999
T003023,2024-11-03,S034,P0040,2,978.84,1.5,INR,2024-08-04 11:35:53.054182053,1956.18
T003024,2024-06-26,S003,P0096,6,827.64,,INR,2024-07-01 15:42:39.208425283,
T003025,2024-05-01,S009,P0024,9,1441.3,38.21,INR,2024-01-23 19:13:44.447479486,12933.49
T003026,2024-10-15,S005,P0012,7,705.51,296.44,INR,2024-06-14 07:48:13.919956207,4642.13
T003027,2024-06-13,S042,P0095,3,229.85,138.05,INR,2024-08-18 23:55:47.073447227,551.5
T003028,2024-03-07,S010,P0019,0,1812.7,127.84,INR,2024-03-25 22:20:47.611638784,-127.84
T003029,2024-11-08,S012,P0029,0,1306.23,193.25,INR,2024-02-15 10:06:02.909011841,-193.25
T003030,2024-11-18,S018,P0085,-2,493.59,,INR,2024-11-11 15:37:10.332648516,
T003031,2024-06-19,S021,P0090,2,134.98,214.65,INR,2024-08-16 06:55:31.200006723,55.309999999999974
T003032,2024-01-28,S021,P0052,3,1474.68,271.44,INR,2024-02-26 16:02:59.866476536,4152.6
T003033,2024-05-21,S001,P0092,5,1720.32,149.67,INR,2024-08-17 14:59:13.028486490,8451.93
T003034,2024-10-20,S003,P0017,8,870.73,114.88,INR,2024-09-25 08:50:30.026339293,6850.96
T003035,2024-11-25,S005,P0073,6,253.71,156.57,INR,2024-08-06 02:20:43.882722378,1365.69
T003036,2024-03-15,S025,P0021,4,1332.38,181.07,INR,2024-02-12 09:32:01.210453749,5148.450000000001
T003037,2024-01-25,S049,P0060,-2,664.17,254.31,INR,2024-02-15 12:45:50.163121462,-1582.6499999999999
T003038,2024-11-16,S008,P0098,4,373.5,118.34,INR,2024-01-17 11:28:08.710424662,1375.66
T003039,2024-05-22,S017,P0075,7,1069.75,15.43,INR,2024-03-26 09:52:30.628386974,7472.82
T003040,2024-07-16,S009,P0020,6,1015.5,189.22,INR,2024-01-22 18:31:33.515192985,5903.78
T003041,2024-12-19,S032,P0053,1,1081.86,296.06,INR,2024-10-20 22:27:30.786563635,785.8
T003042,2024-01-25,S006,P0080,8,1665.47,256.27,INR,2024-01-06 14:57:08.728369236,13067.49
T003043,2024-08-24,S049,P0063,9,1020.64,227.48,INR,2024-07-31 01:42:30.841802835,8958.28
T003044,2024-01-28,S040,P0057,4,1811.03,52.95,INR,2024-10-22 14:08:26.357421637,7191.17
T003045,2024-05-17,S021,P0029,6,1699.44,224.59,INR,2024-11-22 14:59:59.288329363,9972.05
T003046,2024-10-20,S007,P0001,-2,1337.12,24.44,INR,2024-05-29 10:49:34.610792160,-2698.68
T003047,2024-06-07,S007,P0082,9,208.02,148.18,INR,2024-08-14 15:17:48.632609606,1724.0
T003048,2024-12-29,S047,P0059,7,1743.39,111.27,INR,2024-12-13 04:13:27.563348770,12092.460000000001
T003049,2024-07-23,S039,P0064,6,1820.59,271.59,INR,2024-09-02 03:18:27.193707466,10651.949999999999
T003050,2024-04-27,S027,P0086,1,812.59,47.95,INR,2024-11-24 21:34:08.911691189,764.64
T003051,2024-03-21,S008,P0072,9,1099.69,236.67,INR,2024-09-06 18:23:52.804830551,9660.54
T003052,2024-05-07,S009,P0071,5,633.94,14.55,INR,2024-01-25 19:39:21.873590708,3155.15
T003053,2024-05-15,S028,P0089,0,127.96,210.53,INR,2024-03-12 20:41:42.287700891,-210.53
T003054,2024-01-26,S015,P0094,-1,1010.96,,INR,2024-12-09 06:21:03.913033247,
T003055,2024-05-14,S002,P0098,9,345.78,292.77,INR,2024-11-04 03:47:44.830255032,2819.2499999999995
T003056,2024-06-18,S007,P0044,5,448.32,201.52,INR,2024-06-03 07:02:34.234582424,2040.08
T003057,2024-09-20,S047,P0048,5,1013.35,92.67,INR,2024-02-28 19:27:38.842140675,4974.08
T003058,2024-08-27,S018,P0075,0,1747.37,70.66,INR,2024-02-27 08:48:46.178835630,-70.66
T003059,2024-09-15,S022,P0015,5,1704.8,191.79,INR,2024-11-26 06:35:28.425596476,8332.21
T003060,2024-01-04,S050,P0035,8,1933.63,81.82,INR,2024-03-01 15:58:51.732673645,15387.220000000001
T003061,2024-03-20,S010,P0023,8,1017.09,56.04,INR,2024-05-20 23:48:45.097762585,8080.68
T003062,2024-08-29,S050,P0053,3,1148.82,194.3,INR,2024-11-24 19:02:44.429652452,3252.16
T003063,2024-06-25,S033,P0045,7,1662.02,217.29,INR,2024-01-13 04:52:18.995416164,11416.849999999999
T003064,2024-01-02,S007,P0085,6,1429.38,71.41,INR,2024-08-18 05:17:32.605229855,8504.87
T003065,2024-10-20,S003,P0092,7,447.36,160.76,INR,2024-05-07 23:13:02.475368738,2970.76
T003066,2024-10-09,S014,P0013,3,856.53,,INR,2024-02-09 08:10:54.528021336,
T003067,2024-07-19,S044,P0034,5,1865.4,282.58,INR,2024-07-26 03:30:34.013530731,9044.42
T003068,2024-01-25,S046,P0038,-1,377.64,241.03,INR,2024-06-25 23:44:03.821406364,-618.67
T003069,2024-10-06,S036,P0070,-2,497.78,126.24,INR,2024-02-06 05:00:19.708338261,-1121.8
T003070,2024-08-01,S013,P0068,7,861.25,253.32,INR,2024-04-07 12:46:14.522901535,5775.43
T003071,2024-10-12,S016,P0005,7,1885.76,132.51,INR,2024-09-27 05:31:12.671284437,13067.81
T003072,2024-10-01,S016,P0040,-1,316.25,39.04,INR,2024-10-02 21:14:53.090807199,-355.29
T003073,2024-10-20,S005,P0070,9,1378.59,102.33,INR,2024-08-06 12:27:38.637265921,12304.98
T003074,2024-07-08,S025,P0021,1,351.03,241.42,INR,2024-02-10 07:52:03.693201303,109.60999999999999
T003075,2024-02-21,S038,P0028,7,1096.55,286.74,INR,2024-11-07 09:05:03.327624559,7389.11
T003076,2024-09-01,S038,P0003,6,1119.47,295.08,INR,2024-03-04 00:53:12.788678885,6421.74
T003077,2024-08-14,S050,P0023,4,180.99,191.73,INR,2024-09-20 03:25:12.952964783,532.23
T003078,2024-09-27,S038,P0072,6,1912.82,143.5,INR,2024-01-16 13:02:17.289391279,11333.42
T003079,2024-03-03,S039,P0019,6,1632.58,48.62,INR,2024-05-01 02:49:45.949303865,9746.859999999999
T003080,2024-03-12,S048,P0075,6,675.42,30.76,INR,2024-06-23 14:26:51.227853775,4021.7599999999993
T003081,2024-11-20,S041,P0050,5,348.19,155.55,INR,2024-01-11 04:57:54.191673517,1585.4
T003082,2024-09-30,S026,P0074,3,756.69,218.33,INR,2024-03-03 14:48:34.994086266,2051.7400000000002
T003083,2024-11-27,S013,P0058,8,1799.13,97.18,INR,2024-04-26 09:39:13.737554789,14295.86
T003084,2024-10-03,S044,P0092,7,352.1,202.4,INR,2024-12-24 14:45:52.049982786,2262.3
T003085,2024-08-05,S999,P0020,4,763.7,171.24,INR,2024-10-11 12:12:30.202189207,2883.5600000000004
T003086,2024-08-26,S026,P0092,-1,1039.18,282.22,INR,2024-11-02 20:30:03.932094336,-1321.4
T003087,2024-11-20,S001,P0093,8,162.48,62.87,INR,2024-08-31 15:26:52.612832308,1236.97
T003088,2024-07-30,S008,P0072,-2,609.26,177.32,INR,2024-04-16 17:22:33.219388247,-1395.84
T003089,2024-08-18,S004,P0083,2,1231.7,124.14,INR,2024-09-15 22:45:49.085529566,2339.26
T003090,2024-02-27,S021,P0053,5,715.53,78.47,INR,2024-09-02 21:58:15.531245708,3499.18
T003091,2024-06-21,S022,P0085,0,1754.0,107.19,INR,2024-08-10 15:10:20.446730137,-107.19
T003092,2024-09-18,S999,P0082,4,1879.85,88.36,INR,2024-04-18 21:17:46.936420679,7431.04
T003093,2024-04-08,S037,P0009,2,938.93,158.29,INR,2024-04-06 01:45:28.155472755,1719.57
T003094,2024-03-14,S049,P0004,9,1110.84,167.42,INR,2024-05-02 17:58:52.518754481,9830.14
T003095,2024-04-24,S003,P0041,7,1298.54,259.66,INR,2024-04-24 00:35:53.347970009,8830.119999999999
T003096,2024-03-29,S019,P0025,5,1362.62,234.39,INR,2024-01-29 09:48:49.379805565,6578.709999999999
T003097,2024-03-19,S001,P0034,3,220.19,90.75,INR,2024-10-19 19:57:18.409421444,569.8199999999999
T003098,2024-06-04,S029,P0073,3,201.99,279.4,INR,2024-05-14 18:41:30.954955816,326.57000000000005
T003099,2024-11-27,S023,P0009,4,1744.62,260.51,INR,2024-09-14 22:08:18.536409855,6717.969999999999
T003100,2024-07-04,S033,P0082,4,517.76,187.76,INR,2024-04-12 04:08:17.686658621,1883.28
T003101,2024-03-09,S041,P0075,1,1209.8,5.59,INR,2024-08-07 17:39:46.473502398,1204.21
T003102,2024-01-29,S023,P0013,7,1286.88,62.74,INR,2024-01-13 15:44:26.705758333,8945.42
T003103,2024-09-11,S005,P0009,9,412.48,236.8,INR,2024-02-08 16:53:45.756711483,3475.52
T003104,2024-05-19,S007,P0080,7,1547.03,136.13,INR,2024-05-13 01:16:48.889086723,10693.08
T003105,2024-10-26,S006,P0004,7,1745.3,37.79,INR,2024-04-08 02:08:03.097700357,12179.31
T003106,2024-08-28,S049,P0034,5,642.22,122.48,INR,2024-05-08 23:48:42.296801090,3088.6200000000003
T003107,2024-10-17,S022,P0007,3,1767.9,63.57,INR,2024-12-05 16:51:47.817663670,5240.130000000001
T003108,2024-04-09,S049,P0015,8,253.97,267.77,INR,2024-01-27 23:22:15.058892488,1763.99
T003109,2024-09-09,S013,P0038,5,1620.88,266.78,INR,2024-06-17 21:31:19.295719624,7837.620000000001
T003110,2024-04-06,S012,P0075,4,1316.21,116.12,INR,2024-03-13 08:43:40.895669937,5148.72
T003111,2024-12-08,S004,P0096,-2,1207.91,,INR,2024-05-09 21:08:43.511293650,
T003112,2024-08-20,S008,P0091,1,537.25,107.65,INR,2024-09-04 02:49:32.087046385,429.6
T003113,2024-04-28,S037,P0094,4,787.5,38.62,INR,2024-12-21 02:56:48.344152689,3111.38
T003114,2024-04-08,S031,P0052,6,1829.58,91.21,INR,2024-09-10 13:48:52.937058687,10886.27
T003115,2024-03-10,S037,P0081,-1,984.91,231.35,INR,2024-11-18 23:14:13.956108570,-1216.26
T003116,2024-09-10,S045,P0100,2,1229.32,87.58,INR,2024-02-23 17:59:09.281502485,2371.06
T003117,2024-03-20,S026,P0083,6,1878.12,163.26,INR,2024-03-07 04:59:25.952396154,11105.46
T003118,2024-08-05,S043,P0007,6,986.33,35.66,INR,2024-11-16 00:29:30.778723240,5882.320000000001
T003119,2024-04-06,S008,P0045,3,837.71,104.29,INR,2024-08-09 17:53:44.578522921,2408.84
T003120,2024-08-29,S040,P0059,4,1797.08,11.89,INR,2024-10-16 02:57:56.852576017,7176.429999999999
T003121,2024-10-24,S033,P0021,6,1830.69,164.45,INR,2024-03-22 08:15:06.908121824,10819.689999999999
T003122,2024-10-10,S045,P0028,7,773.81,,INR,2024-05-07 05:41:31.128516674,
T003123,2024-10-04,S029,P0003,5,1224.78,261.6,INR,2024-01-30 13:51:44.865309477,5862.299999999999
T003124,2024-03-09,S005,P0014,7,1931.08,117.77,INR,2024-11-22 21:19:42.723834991,13399.789999999999
T003125,2024-02-02,S028,P0002,3,205.39,167.33,INR,2024-12-15 01:40:24.671700716,448.8399999999999
T003126,2024-09-12,S040,P0029,3,175.62,292.99,INR,2024-11-08 23:22:59.896125793,233.87
T003127,2024-05-14,S017,P0018,4,1081.5,192.81,INR,2024-06-08 13:41:58.387706518,4133.19
T003128,2024-06-06,S023,P0037,4,653.36,150.14,INR,2024-05-04 12:20:24.250596523,2463.3
T003129,2024-01-12,S045,P0045,-1,1205.51,,INR,2024-06-17 20:22:58.017038584,
T003130,2024-04-04,S009,P0045,6,1476.16,246.29,INR,2024-08-20 17:31:45.574836254,8610.67
T003131,2024-01-13,S002,P0024,1,231.24,192.72,INR,2024-06-06 12:00:15.589672089,38.52000000000001
T003132,2024-11-16,S032,P0046,7,1776.5,,INR,2024-06-02 21:23:37.093245983,
T003133,2024-03-29,S999,P0012,6,626.09,73.7,INR,2024-06-06 07:54:08.848887682,3682.84
T003134,2024-07-22,S049,P0053,9,824.56,161.29,INR,2024-09-28 18:29:46.037226439,7259.749999999999
T003135,2024-01-15,S031,P0045,8,740.37,13.52,INR,2024-10-14 04:17:16.884267330,5909.44
T003136,2024-08-31,S007,P0032,7,1695.69,,INR,2024-11-13 17:54:56.531542062,
T003137,2024-04-27,S030,P0018,0,424.24,68.34,INR,2024-03-29 16:34:06.673692465,-68.34
T003138,2024-11-23,S003,P0013,2,154.48,146.91,INR,2024-02-27 11:44:30.010008812,162.04999999999998
T003139,2024-11-20,S999,P0004,2,1946.42,72.49,INR,2024-05-05 23:19:13.958118200,3820.3500000000004
T003140,2024-04-28,S999,P0023,4,1963.2,146.76,INR,2024-06-02 11:07:28.239377975,7706.04
T003141,2024-11-24,S009,P0062,9,589.62,56.9,INR,2024-09-13 04:21:38.484572887,5249.68
T003142,2024-12-29,S010,P0054,1,117.77,178.18,INR,2024-10-03 15:28:14.161945105,-60.41000000000001
T003143,2024-10-28,S046,P0074,8,1327.24,273.12,INR,2024-12-25 05:10:44.808746099,10344.8
T003144,2024-11-04,S050,P0055,9,1332.08,242.2,INR,2024-05-18 01:13:48.821926355,11746.519999999999
T003145,2024-03-31,S047,P0069,1,1886.68,72.46,INR,2024-05-26 22:04:25.326884747,1814.22
T003146,2024-07-29,S026,P0040,-2,667.09,149.43,INR,2024-07-16 20:37:14.065969944,-1483.6100000000001
T003147,2024-01-25,S001,P0014,3,460.06,126.93,INR,2024-10-26 10:08:19.628695726,1253.25
T003148,2024-02-04,S030,P0098,1,1271.13,289.64,INR,2024-08-29 05:46:54.901525974,981.4900000000001
T003149,2024-12-30,S038,P0028,8,1170.98,239.65,INR,2024-07-28 00:29:47.626245499,9128.19
T003150,2024-04-29,S015,P0072,7,1463.7,32.23,INR,2024-08-24 13:32:54.224369287,10213.67
T003151,2024-09-30,S025,P0080,7,1781.74,50.57,INR,2024-06-18 12:35:07.560839415,12421.61
T003152,2024-10-21,S006,P0095,2,1163.52,210.61,INR,2024-10-04 01:18:33.353966236,2116.43
T003153,2024-11-09,S018,P0071,8,385.14,47.96,INR,2024-01-28 11:35:25.543795824,3033.16
T003154,2024-12-30,S001,P0067,6,1236.44,285.14,INR,2024-07-04 19:03:00.115164042,7133.5
T003155,2024-03-29,S003,P0029,1,810.79,297.88,INR,2024-10-21 09:37:12.804713964,512.91
T003156,2024-01-15,S017,P0100,-2,960.2,233.51,INR,2024-04-20 10:04:01.627719402,-2153.91
T003157,2024-05-30,S048,P0061,8,1923.02,8.04,INR,2024-11-03 20:19:28.259879827,15376.119999999999
T003158,2024-02-17,S008,P0068,6,1154.4,,INR,2024-10-12 17:36:37.523945570,
T003159,2024-01-09,S049,P0009,2,384.33,121.82,INR,2024-07-30 22:39:42.195249081,646.8399999999999
T003160,2024-05-11,S040,P0017,7,942.0,239.86,INR,2024-04-02 00:49:17.571750402,6354.14
T003161,2024-10-13,S017,P0049,9,534.02,86.1,INR,2024-11-10 07:00:36.466817617,4720.08
T003162,2024-07-25,S025,P0063,8,357.42,115.84,INR,2024-01-11 22:31:38.463047981,2743.52
T003163,2024-04-24,S041,P0084,4,1453.24,28.05,INR,2024-08-04 06:24:57.417266369,5784.91
T003164,2024-08-26,S012,P0078,0,1294.28,102.79,INR,2024-10-12 15:15:59.344046354,-102.79
T003165,2024-03-25,S029,P0046,1,1045.8,,INR,2024-06-26 04:07:45.036198378,
T003166,2024-01-06,S025,P0093,9,904.15,282.64,INR,2024-02-07 13:01:10.781410217,7854.709999999999
T003167,2024-10-05,S999,P0013,7,712.21,225.08,INR,2024-10-31 09:40:43.074276924,4760.39
T003168,2024-08-15,S036,P0100,6,267.22,,INR,2024-11-27 19:36:41.410665035,
T003169,2024-10-05,S025,P0045,7,668.61,63.35,INR,2024-07-24 14:35:34.493478537,4616.92
T003170,2024-01-15,S029,P0053,-2,1692.95,186.55,INR,2024-10-14 07:28:29.140218496,-3572.4500000000003
T003171,2024-11-01,S011,P0017,9,1588.98,,INR,2024-08-10 21:51:41.515591145,
T003172,2024-08-14,S004,P0047,8,1947.4,126.81,INR,2024-07-28 05:57:31.104430199,15452.390000000001
T003173,2024-07-24,S014,P0062,2,1346.53,97.45,INR,2024-02-17 17:33:45.751324892,2595.61
T003174,2024-08-15,S046,P0050,5,1151.92,259.9,INR,2024-06-08 10:18:11.845227480,5499.700000000001
T003175,2024-11-11,S038,P0043,7,662.48,145.35,INR,2024-09-04 18:13:59.690624714,4492.01
T003176,2024-08-02,S017,P0068,4,246.03,217.21,INR,2024-06-14 21:16:17.840124607,766.91
T003177,2024-07-31,S002,P0084,1,1274.23,211.79,INR,2024-08-13 11:37:02.650475264,1062.44
T003178,2024-12-27,S008,P0075,4,1027.51,40.82,INR,2024-11-22 14:31:26.632431507,4069.22
T003179,2024-10-03,S036,P0086,-2,1542.24,14.68,INR,2024-05-13 16:06:05.376549959,-3099.16
T003180,2024-06-10,S010,P0072,3,882.53,251.99,INR,2024-10-29 09:32:34.241746902,2395.6000000000004
T003181,2024-09-15,S007,P0028,6,1972.55,147.1,INR,2024-01-11 14:26:08.923142195,11688.199999999999
T003182,2024-05-22,S036,P0045,0,855.46,243.03,INR,2024-11-07 05:19:17.514167547,-243.03
T003183,2024-03-24,S016,P0041,1,732.84,89.12,INR,2024-02-08 22:29:35.217197180,643.72
T003184,2024-08-05,S014,P0094,5,1754.87,258.55,INR,2024-04-27 07:49:14.668034077,8515.8
T003185,2024-12-04,S016,P0097,9,851.46,249.25,INR,2024-07-06 09:46:32.403866053,7413.89
T003186,2024-12-05,S025,P0097,2,1754.7,114.5,INR,2024-08-25 06:18:28.200320244,3394.9
T003187,2024-05-04,S041,P0036,2,151.97,123.51,INR,2024-12-13 21:15:39.038548946,180.43
T003188,2024-07-11,S004,P0091,-2,1415.93,105.27,INR,2024-04-22 01:35:09.534785032,-2937.13
T003189,2024-03-18,S029,P0084,3,236.52,10.45,INR,2024-02-01 03:39:18.413012743,699.11
T003190,2024-12-29,S006,P0033,-1,381.64,,INR,2024-06-16 11:23:59.716938734,
T003191,2024-12-24,S001,P0025,-2,1430.14,81.82,INR,2024-05-06 00:32:57.977609396,-2942.1000000000004
T003192,2024-08-25,S039,P0019,3,650.47,265.2,INR,2024-08-07 01:02:36.559367180,1686.21
T003193,2024-10-20,S001,P0047,2,499.82,269.21,INR,2024-12-02 19:34:29.929961205,730.4300000000001
T003194,2024-09-18,S999,P0085,2,1622.9,216.77,INR,2024-08-22 19:49:01.224292517,3029.03
T003195,2024-08-04,S040,P0033,6,1897.87,54.47,INR,2024-07-29 23:24:17.588192225,11332.75
T003196,2024-01-20,S003,P0067,9,541.52,26.79,INR,2024-03-30 19:42:03.364031792,4846.89
T003197,2024-06-14,S001,P0014,7,702.67,244.93,INR,2024-04-06 15:20:03.499123335,4673.759999999999
T003198,2024-09-03,S001,P0079,7,1456.74,267.92,INR,2024-06-08 04:01:29.383183241,9929.26
T003199,2024-09-04,S039,P0033,0,1649.06,105.61,INR,2024-11-21 07:43:16.618421078,-105.61
T003200,2024-05-16,S021,P0042,-2,1998.41,105.89,INR,2024-07-30 12:16:38.601918459,-4102.71
T003201,2024-12-09,S045,P0086,5,619.4,117.08,INR,2024-06-29 13:06:51.984405279,2979.92
T003202,2024-03-02,S030,P0065,9,1157.58,248.29,INR,2024-07-17 00:42:58.619836807,10169.929999999998
T003203,2024-07-01,S032,P0095,2,354.64,212.12,INR,2024-10-31 07:55:56.761534452,497.15999999999997
T003204,2024-09-09,S033,P0047,8,728.6,36.59,INR,2024-09-04 10:21:15.570817947,5792.21
T003205,2024-09-11,S048,P0035,2,185.44,,INR,2024-12-04 12:14:34.597064018,
T003206,2024-08-24,S022,P0084,5,500.59,2.93,INR,2024-07-31 08:03:00.491759777,2500.02
T003207,2024-04-10,S030,P0032,5,1062.44,213.12,INR,2024-03-12 13:12:38.025654554,5099.080000000001
T003208,2024-02-27,S046,P0055,8,411.14,229.39,INR,2024-01-07 20:02:18.319531202,3059.73
T003209,2024-08-20,S004,P0054,-1,1789.83,244.48,INR,2024-04-25 17:55:04.166588545,-2034.31
T003210,2024-08-06,S023,P0076,0,1449.59,187.69,INR,2024-01-23 21:34:03.294583321,-187.69
T003211,2024-03-06,S044,P0051,7,152.7,54.18,INR,2024-05-28 13:53:22.817845583,1014.7199999999999
T003212,2024-09-14,S025,P0080,7,1765.73,238.12,INR,2024-03-09 13:55:04.397348166,12121.99
T003213,2024-06-15,S012,P0059,-2,1956.91,269.94,INR,2024-05-27 19:02:24.677140713,-4183.76
T003214,2024-08-31,S017,P0072,0,1053.54,190.14,INR,2024-05-25 17:01:14.395994425,-190.14
T003215,2024-11-01,S015,P0014,9,697.76,82.54,INR,2024-04-10 20:07:01.376017094,6197.3
T003216,2024-03-02,S010,P0018,1,600.58,53.81,INR,2024-08-26 06:41:53.474352121,546.77
T003217,2024-01-07,S035,P0055,8,266.1,69.44,INR,2024-06-07 04:52:48.716455460,2059.36
T003218,2024-10-11,S029,P0094,4,1034.06,5.07,INR,2024-11-22 02:40:38.087867975,4131.17
T003219,2024-08-10,S012,P0097,6,195.27,3.05,INR,2024-01-28 18:27:51.765037060,1168.5700000000002
T003220,2024-09-12,S001,P0098,9,1057.29,89.11,INR,2024-05-29 21:03:45.477027655,9426.5
T003221,2024-11-01,S001,P0056,2,579.84,276.89,INR,2024-10-10 05:19:07.983142853,882.7900000000001
T003222,2024-10-20,S010,P0049,9,1005.22,186.4,INR,2024-06-29 12:07:44.676789522,8860.58
T003223,2024-12-16,S018,P0098,-2,894.93,115.83,INR,2024-12-18 14:52:19.014696836,-1905.6899999999998
T003224,2024-07-14,S047,P0060,-1,679.72,3.25,INR,2024-03-04 19:26:57.197541714,-682.97
T003225,2024-06-27,S002,P0053,7,952.41,296.91,INR,2024-04-25 08:22:19.000185251,6369.96
T003226,2024-05-26,S049,P0071,-1,1000.66,136.75,INR,2024-02-12 09:30:34.377718925,-1137.4099999999999
T003227,2024-02-26,S008,P0006,6,1684.01,297.45,INR,2024-03-31 01:21:06.297383547,9806.609999999999
T003228,2024-07-28,S022,P0070,7,1364.99,216.04,INR,2024-09-02 11:22:57.095806599,9338.89
T003229,2024-04-11,S022,P0086,4,923.0,15.37,INR,2024-06-26 17:38:48.971605301,3676.63
T003230,2024-12-02,S026,P0008,-1,1819.96,257.71,INR,2024-02-29 03:42:32.156202078,-2077.67
T003231,2024-07-31,S026,P9999,-2,1535.91,,INR,2024-06-22 06:19:43.706203938,
T003232,2024-08-04,S009,P0015,2,243.86,135.82,INR,2024-11-05 07:14:12.406769276,351.90000000000003
T003233,2024-05-09,S021,P0026,9,392.12,227.36,INR,2024-06-09 12:52:28.248703241,3301.72
T003234,2024-01-19,S031,P0039,-2,255.17,232.44,INR,2024-01-05 19:45:33.386337757,-742.78
T003235,2024-01-12,S043,P0003,6,705.84,238.93,INR,2024-01-21 01:06:45.650096655,3996.11
T003236,2024-06-03,S006,P0057,0,927.73,228.16,INR,2024-06-08 21:56:02.841802835,-228.16
T003237,2024-01-31,S014,P0010,-1,1058.07,192.38,INR,2024-08-04 12:49:38.284592867,-1250.4499999999998
T003238,2024-08-09,S033,P0003,3,1717.68,,INR,2024-11-19 14:01:45.184195042,
T003239,2024-11-17,S007,P0094,0,134.12,257.57,INR,2024-12-24 09:58:58.347073555,-257.57
T003240,2024-11-18,S024,P0046,2,913.75,207.16,INR,2024-12-23 20:05:40.996617794,1620.34
T003241,2024-08-28,S009,P0022,7,880.9,30.41,INR,2024-07-22 15:09:04.513422489,6135.89
T003242,2024-03-18,S011,P0067,5,1900.2,193.65,INR,2024-01-14 00:59:54.679231882,9307.35
T003243,2024-11-10,S023,P0065,7,557.97,51.0,INR,2024-03-18 22:06:12.282196999,3854.79
T003244,2024-11-19,S048,P0097,-1,332.57,4.28,INR,2024-06-07 12:44:44.977976799,-336.84999999999997
T003245,2024-03-12,S999,P0019,9,370.29,64.25,INR,2024-11-17 01:57:41.087203741,3268.36
T003246,2024-09-26,S002,P0100,2,1088.27,46.32,INR,2024-01-08 20:51:21.617595911,2130.22
T003247,2024-04-14,S015,P0062,8,842.72,30.63,INR,2024-07-04 21:48:48.425221205,6711.13
T003248,2024-10-19,S035,P0098,5,1532.87,,INR,2024-08-26 12:21:27.042093515,
T003249,2024-12-29,S036,P0057,-2,714.05,169.07,INR,2024-04-15 04:53:36.016424179,-1597.1699999999998
T003250,2024-01-11,S028,P0095,7,343.13,45.44,INR,2024-04-25 05:20:33.105363131,2356.47
T003251,2024-11-23,S039,P0088,7,835.06,83.83,INR,2024-05-21 18:37:14.765433311,5761.59
T003252,2024-08-15,S044,P0076,8,1777.77,254.88,INR,2024-04-10 05:26:44.940662861,13967.28
T003253,2024-12-21,S004,P0013,9,870.5,266.42,INR,2024-06-08 13:46:14.159133196,7568.08
T003254,2024-06-18,S010,P0016,9,1683.89,99.93,INR,2024-02-27 16:53:39.231552601,15055.08
T003255,2024-11-05,S006,P0016,1,805.91,269.69,INR,2024-03-13 18:08:50.648443699,536.22
T003256,2024-01-23,S030,P0052,2,634.63,,INR,2024-01-14 13:18:45.800232410,
T003257,2024-05-02,S046,P0084,7,1572.24,67.91,INR,2024-05-30 03:06:58.847909212,10937.77
T003258,2024-01-25,S035,P0041,9,497.55,226.29,INR,2024-09-15 04:16:59.125446080,4251.66
T003259,2024-12-22,S049,P0048,8,540.48,,INR,2024-07-03 17:53:35.691364527,
T003260,2024-10-25,S043,P0091,0,194.64,,INR,2024-07-12 16:33:44.036365986,
T003261,2024-11-07,S010,P0039,9,456.91,60.4,INR,2024-06-13 05:31:48.191642523,4051.7900000000004
T003262,2024-12-08,S032,P0013,-1,819.75,25.76,INR,2024-08-01 11:15:25.628942728,-845.51
T003263,2024-02-01,S042,P0004,9,859.19,,INR,2024-03-24 19:57:53.560664415,
T003264,2024-05-20,S042,P0096,0,899.19,101.55,INR,2024-03-16 17:50:18.263354301,-101.55
T003265,2024-01-26,S003,P0098,8,1011.42,100.12,INR,2024-12-09 19:36:30.433568478,7991.24
T003266,2024-03-17,S026,P0043,2,1186.63,149.56,INR,2024-06-13 09:35:10.973705530,2223.7000000000003
T003267,2024-03-24,S015,P0081,4,459.92,151.55,INR,2024-10-28 22:03:36.312195301,1688.13
T003268,2024-06-20,S017,P0088,-1,1266.49,141.43,INR,2024-11-30 15:26:46.142502785,-1407.92
T003269,2024-04-08,S027,P0093,4,739.45,103.15,INR,2024-08-12 10:22:43.050653934,2854.65
T003270,2024-02-06,S018,P0046,3,1494.62,32.05,INR,2024-04-19 01:25:44.521472216,4451.8099999999995
T003271,2024-03-02,S999,P0092,4,1158.69,125.5,INR,2024-09-05 03:04:34.071779728,4509.26
T003272,2024-02-23,S019,P0047,4,1153.11,295.73,INR,2024-06-06 06:48:20.543463469,4316.709999999999
T003273,2024-12-21,S012,P0086,6,1402.43,196.16,INR,2024-12-21 04:04:35.639534712,8218.42
T003274,2024-10-04,S024,P0092,4,732.74,131.93,INR,2024-10-23 02:53:49.100282669,2799.03
T003275,2024-12-19,S005,P0053,9,915.54,,INR,2024-10-24 10:54:59.948314190,
T003276,2024-06-09,S024,P0025,3,1207.51,63.97,INR,2024-08-02 20:54:56.668477297,3558.56
T003277,2024-04-11,S027,P0041,7,900.96,172.39,INR,2024-01-04 01:43:12.565451622,6134.33
T003278,2024-10-18,S048,P0003,5,944.09,149.36,INR,2024-10-30 14:44:58.289044142,4571.09
T003279,2024-04-29,S030,P0077,4,617.73,,INR,2024-01-10 06:15:28.032984017,
T003280,2024-04-19,S015,P0095,3,646.03,25.87,INR,2024-02-14 15:51:23.812526226,1912.22
T003281,2024-03-25,S047,P0013,1,1428.02,106.8,INR,2024-11-02 02:44:29.357053995,1321.22
T003282,2024-02-17,S038,P0018,4,108.13,42.25,INR,2024-03-20 20:38:38.263262510,390.27
T003283,2024-04-03,S044,P0037,9,281.05,287.35,INR,2024-11-03 00:15:54.163095236,2242.1000000000004
T003284,2024-05-09,S034,P0043,5,1902.74,10.24,INR,2024-03-27 06:26:01.600305080,9503.460000000001
T003285,2024-09-03,S027,P0034,5,455.33,292.21,INR,2024-10-08 07:24:17.577414513,1984.44
T003286,2024-01-23,S020,P0081,9,894.43,196.97,INR,2024-07-16 21:27:55.464948177,7852.9
T003287,2024-03-17,S041,P0055,9,1714.4,122.17,INR,2024-09-01 21:54:22.484705687,15307.43
T003288,2024-10-22,S032,P0052,1,100.19,161.83,INR,2024-11-01 21:35:33.496944666,-61.640000000000015
T003289,2024-02-23,S004,P0085,7,1857.84,123.04,INR,2024-12-25 04:05:20.083801985,12881.839999999998
T003290,2024-05-05,S005,P0036,6,201.63,171.96,INR,2024-02-01 06:39:36.938784599,1037.82
T003291,2024-11-11,S008,P0054,0,424.65,45.6,INR,2024-09-07 03:57:27.413869381,-45.6
T003292,2024-02-26,S022,P0059,6,155.3,36.0,INR,2024-12-15 22:26:06.770756245,895.8000000000001
T003293,2024-01-31,S042,P0052,0,1087.09,158.58,INR,2024-05-16 10:26:58.815088987,-158.58
T003294,2024-06-25,S007,P0019,4,1891.88,21.4,INR,2024-05-01 19:36:17.103547096,7546.120000000001
T003295,2024-04-20,S022,P0012,1,1694.17,87.75,INR,2024-09-05 04:35:54.324384689,1606.42
T003296,2024-07-24,S046,P0092,2,1315.52,278.07,INR,2024-05-26 17:05:28.523894548,2352.97
T003297,2024-10-20,S030,P0011,0,452.43,262.86,INR,2024-03-19 06:40:26.844556332,-262.86
T003298,2024-02-20,S037,P0048,-1,1752.23,249.42,INR,2024-02-28 22:27:06.017996788,-2001.65
T003299,2024-07-30,S016,P9999,9,1534.07,152.15,INR,2024-03-11 07:26:26.417533636,13654.48
T003300,2024-07-03,S015,P0092,5,607.01,8.37,INR,2024-09-14 01:45:52.631348610,3026.6800000000003
T003301,2024-02-22,S005,P0099,4,1629.67,36.41,INR,2024-12-01 07:46:08.897306919,6482.27
T003302,2024-08-15,S003,P0079,4,1766.59,275.84,INR,2024-10-21 04:40:47.980245829,6790.5199999999995
T003303,2024-04-09,S023,P0016,5,1426.63,250.92,INR,2024-06-12 14:14:47.094260454,6882.2300000000005
T003304,2024-06-27,S010,P0071,-2,290.73,112.96,INR,2024-07-11 22:32:45.909391403,-694.4200000000001
T003305,2024-01-31,S005,P0047,9,1970.07,,INR,2024-08-14 08:43:09.455518484,
T003306,2024-06-16,S023,P0067,5,244.4,256.36,INR,2024-07-30 16:19:56.971068621,965.64
T003307,2024-04-21,S015,P0031,7,1343.5,186.1,INR,2024-12-19 11:49:16.510175467,9218.4
T003308,2024-10-27,S018,P0076,9,310.0,256.06,INR,2024-11-19 15:25:52.844022512,2533.94
T003309,2024-01-21,S025,P0008,2,1820.29,73.4,INR,2024-01-16 21:24:43.198861122,3567.18
T003310,2024-06-01,S008,P0089,5,764.96,138.64,INR,2024-11-01 01:18:31.774468660,3686.1600000000003
T003311,2024-06-16,S031,P0061,6,1071.86,173.71,INR,2024-02-11 15:10:26.486129045,6257.45
T003312,2024-09-21,S021,P0044,-1,439.65,189.35,INR,2024-09-08 22:14:07.964802504,-629.0
T003313,2024-07-28,S002,P0050,0,1138.47,296.1,INR,2024-04-14 06:17:38.798669338,-296.1
T003314,2024-08-31,S022,P0035,3,1883.8,253.78,INR,2024-10-09 06:50:18.984146357,5397.62
T003315,2024-10-10,S008,P0076,6,1813.1,16.58,INR,2024-01-04 03:23:26.377584934,10862.019999999999
T003316,2024-11-10,S023,P0061,7,221.4,50.74,INR,2024-05-19 12:42:03.659029007,1499.06
T003317,2024-04-24,S032,P0085,7,818.69,197.14,INR,2024-01-08 20:32:07.729367495,5533.69
T003318,2024-07-15,S008,P0090,5,608.12,,INR,2024-12-14 00:55:22.773942471,
T003319,2024-11-02,S004,P0055,3,1014.59,,INR,2024-01-06 14:35:48.134636641,
T003320,2024-12-27,S030,P0066,2,1684.09,200.0,INR,2024-02-26 16:20:23.463916302,3168.18
T003321,2024-11-20,S019,P0014,0,1503.82,160.93,INR,2024-07-15 20:01:46.567336559,-160.93
T003322,2024-05-15,S023,P0004,9,753.56,241.56,INR,2024-08-23 20:17:01.192653894,6540.479999999999
T003323,2024-03-12,S018,P0017,1,827.07,95.81,INR,2024-09-23 01:57:48.348011017,731.26
T003324,2024-06-27,S029,P0069,4,1343.08,98.91,INR,2024-03-31 02:51:52.555809975,5273.41
T003325,2024-09-27,S023,P0024,4,469.03,45.15,INR,2024-04-19 20:42:58.504095553,1830.9699999999998
T003326,2024-06-28,S033,P0049,0,295.18,195.68,INR,2024-03-28 13:32:57.924808979,-195.68
T003327,2024-06-25,S047,P0055,1,560.92,212.67,INR,2024-03-30 02:04:40.524258852,348.25
T003328,2024-11-01,S018,P0071,0,335.66,,INR,2024-10-12 08:30:21.347670078,
T003329,2024-05-11,S044,P0023,-1,768.77,76.23,INR,2024-12-12 00:28:10.046444654,-845.0
T003330,2024-11-09,S033,P0081,3,1881.37,46.28,INR,2024-08-05 11:14:01.377141237,5597.83
T003331,2024-05-28,S007,P0012,4,328.57,224.3,INR,2024-02-27 11:05:31.091972113,1089.98
T003332,2024-04-29,S999,P0011,1,1654.81,62.73,INR,2024-01-24 21:11:29.460980654,1592.08
T003333,2024-06-14,S028,P0075,2,1115.83,,INR,2024-03-28 07:11:12.300350666,
T003334,2024-10-05,S001,P0098,5,1302.52,20.96,INR,2024-03-05 21:28:44.614447355,6491.64
T003335,2024-02-15,S039,P9999,6,423.16,249.39,INR,2024-07-30 03:50:43.489668608,2289.57
T003336,2024-03-12,S034,P0029,4,387.61,37.19,INR,2024-09-11 17:52:21.507693529,1513.25
T003337,2024-12-13,S039,P0062,7,409.21,8.9,INR,2024-01-02 16:12:54.871997833,2855.5699999999997
T003338,2024-03-05,S019,P0053,-2,1367.42,19.29,INR,2024-06-09 11:04:27.753685951,-2754.13
T003339,2024-07-26,S031,P0048,8,1520.8,110.05,INR,2024-08-15 09:17:53.795182228,12056.35
T003340,2024-07-30,S013,P0100,0,1848.47,179.0,INR,2024-03-11 09:35:27.647222519,-179.0
T003341,2024-06-27,S024,P0091,8,856.57,,INR,2024-11-24 20:30:16.234350204,
T003342,2024-08-23,S005,P0086,2,977.74,136.62,INR,2024-07-19 09:20:50.953922987,1818.8600000000001
T003343,2024-03-24,S023,P0066,0,992.23,,INR,2024-05-06 01:41:04.344348669,
T003344,2024-07-20,S019,P0100,-2,612.81,227.68,INR,2024-01-07 19:35:54.186873913,-1453.3
T003345,2024-05-15,S001,P0048,-1,723.64,102.31,INR,2024-06-25 18:31:41.282126665,-825.95
T003346,2024-08-29,S033,P0094,5,1708.96,46.29,INR,2024-05-02 14:53:14.091401815,8498.509999999998
T003347,2024-02-21,S050,P0059,4,753.07,224.75,INR,2024-12-19 21:13:31.864294291,2787.53
T003348,2024-07-27,S033,P0071,7,1751.28,172.06,INR,2024-05-18 05:53:36.532987595,12086.9
T003349,2024-03-08,S032,P0057,0,680.01,288.67,INR,2024-12-02 04:01:29.853258610,-288.67
T003350,2024-04-11,S028,P0076,1,745.78,272.53,INR,2024-09-07 09:50:11.131512164,473.25
T003351,2024-03-20,S037,P0003,0,1164.53,169.09,INR,2024-01-27 23:54:58.982237101,-169.09
T003352,2024-03-07,S041,P0081,1,295.94,,INR,2024-12-06 10:37:52.979687929,
T003353,2024-10-28,S012,P0032,5,1851.92,9.29,INR,2024-03-02 11:36:29.485271692,9250.31
T003354,2024-04-14,S009,P0008,6,1658.76,,INR,2024-06-12 12:41:11.216098070,
T003355,2024-12-04,S050,P0087,4,1373.96,209.41,INR,2024-12-02 21:30:54.832158089,5286.43
T003356,2024-12-20,S011,P0030,6,1977.44,168.05,INR,2024-10-29 09:44:47.783170700,11696.59
T003357,2024-07-27,S033,P0015,6,130.4,206.68,INR,2024-06-26 23:12:59.499011517,575.72
T003358,2024-02-22,S019,P0074,4,881.01,161.94,INR,2024-03-16 12:37:26.203260422,3362.1
T003359,2024-05-16,S042,P0055,4,1730.85,173.5,INR,2024-07-04 21:07:36.430199385,6749.9
T003360,2024-10-18,S034,P0038,5,922.73,67.77,INR,2024-07-18 21:16:37.651430845,4545.879999999999
T003361,2024-05-14,S007,P0015,9,109.96,136.65,INR,2024-12-29 21:09:53.200708151,852.99
T003362,2024-02-01,S031,P0030,7,399.73,3.32,INR,2024-10-27 18:30:50.669424534,2794.79
T003363,2024-07-22,S002,P0046,9,924.74,200.62,INR,2024-11-10 09:08:13.667462111,8122.04
T003364,2024-11-04,S019,P0064,9,1369.1,99.69,INR,2024-12-25 23:00:06.627155066,12222.21
T003365,2024-10-17,S038,P0026,0,409.04,196.9,INR,2024-07-10 00:16:38.974356890,-196.9
T003366,2024-03-04,S032,P0078,5,951.28,277.94,INR,2024-08-01 14:35:02.554928064,4478.46
T003367,2024-09-02,S010,P0067,-2,124.3,177.49,INR,2024-06-14 20:55:52.826528072,-426.09000000000003
T003368,2024-03-21,S041,P0036,3,1007.25,,INR,2024-02-15 18:58:38.711536884,
T003369,2024-03-20,S008,P0090,-1,1802.26,62.15,INR,2024-07-10 17:14:56.031124353,-1864.41
T003370,2024-11-15,S026,P0078,4,1233.86,75.51,INR,2024-07-31 15:28:43.069809914,4859.929999999999
T003371,2024-04-01,S030,P0031,0,937.25,296.19,INR,2024-03-27 14:30:14.368871450,-296.19
T003372,2024-04-06,S011,P0078,8,408.29,184.61,INR,2024-10-12 17:32:27.378560305,3081.71
T003373,2024-01-01,S041,P0040,7,484.6,,INR,2024-02-15 10:27:54.698063612,
T003374,2024-11-13,S020,P0074,2,245.37,,INR,2024-07-02 05:30:48.331495523,
T003375,2024-10-16,S020,P0073,7,1510.58,231.92,INR,2024-08-29 21:21:59.840716600,10342.14
T003376,2024-08-16,S009,P0046,-1,246.56,116.23,INR,2024-01-21 01:11:54.120911360,-362.79
T003377,2024-09-30,S008,P0042,-2,829.5,90.34,INR,2024-10-20 11:30:25.172566652,-1749.34
T003378,2024-02-25,S015,P0018,2,1524.7,66.69,INR,2024-04-21 00:23:26.631866693,2982.71
T003379,2024-06-16,S034,P0100,6,1454.36,55.69,INR,2024-09-18 23:28:59.019504309,8670.47
T003380,2024-05-08,S024,P0036,6,1197.31,82.01,INR,2024-02-09 11:54:46.952824354,7101.849999999999
T003381,2024-02-04,S033,P0076,4,1185.48,188.16,INR,2024-08-14 09:48:56.938118458,4553.76
T003382,2024-06-26,S041,P0050,6,271.62,71.95,INR,2024-07-22 09:10:41.523988484,1557.77
T003383,2024-12-02,S041,P0061,1,432.34,18.18,INR,2024-02-24 18:01:21.768423319,414.15999999999997
T003384,2024-01-15,S045,P0040,0,1116.01,107.71,INR,2024-08-16 00:45:55.014969110,-107.71
T003385,2024-04-16,S040,P0003,8,761.35,175.46,INR,2024-09-09 07:59:59.315736532,5915.34
T003386,2024-03-16,S027,P0082,1,135.98,18.07,INR,2024-06-30 22:52:49.952976704,117.91
T003387,2024-03-27,S021,P0007,4,1616.52,135.79,INR,2024-07-30 04:19:56.871328592,6330.29
T003388,2024-11-27,S005,P0031,5,1342.25,15.69,INR,2024-11-19 21:47:43.162195444,6695.56
T003389,2024-06-19,S035,P0065,-1,718.99,230.45,INR,2024-09-11 15:52:42.263954163,-949.44
T003390,2024-06-19,S021,P0095,2,286.59,261.56,INR,2024-11-26 16:09:46.262971401,311.61999999999995
T003391,2024-10-04,S004,P0064,2,1223.28,289.14,INR,2024-07-20 14:31:58.924271107,2157.42
T003392,2024-02-26,S049,P0077,6,762.24,207.38,INR,2024-03-04 19:42:46.131922721,4366.06
T003393,2024-06-26,S048,P0093,0,585.24,189.62,INR,2024-03-30 21:30:26.259218216,-189.62
T003394,2024-06-05,S016,P0003,9,1470.79,208.22,INR,2024-03-05 09:21:23.570937634,13028.890000000001
T003395,2024-08-05,S031,P0093,3,723.49,256.39,INR,2024-05-02 08:46:38.269844055,1914.0800000000004
T003396,2024-12-30,S026,P0035,7,358.49,242.13,INR,2024-06-23 07:13:00.030198336,2267.3
T003397,2024-10-07,S035,P0015,9,1015.14,131.55,INR,2024-04-03 09:57:35.550338268,9004.710000000001
T003398,2024-05-25,S006,P0021,2,1674.08,195.32,INR,2024-06-22 14:33:37.507247686,3152.8399999999997
T003399,2024-10-29,S033,P0062,-1,1714.35,48.58,INR,2024-05-12 23:46:36.489934921,-1762.9299999999998
T003400,2024-03-03,S021,P0083,-1,1713.75,,INR,2024-07-21 16:50:31.336998701,
T003401,2024-01-12,S016,P0028,1,899.75,219.23,INR,2024-06-05 09:46:50.360012770,680.52
T003402,2024-03-15,S047,P0004,9,1602.78,240.39,INR,2024-06-07 10:39:10.779881477,14184.630000000001
T003403,2024-05-04,S039,P0013,1,1715.44,245.29,INR,2024-06-28 01:50:29.657886028,1470.15
T003404,2024-07-05,S034,P0079,4,973.12,131.97,INR,2024-12-26 13:47:13.271580696,3760.51
T003405,2024-08-12,S042,P0051,9,705.6,271.06,INR,2024-07-22 03:21:51.865900755,6079.34
T003406,2024-11-28,S015,P0048,-2,1433.73,294.29,INR,2024-09-21 00:26:18.756353378,-3161.75
T003407,2024-07-05,S006,P0039,8,1818.49,293.41,INR,2024-06-01 02:41:28.966405153,14254.51
T003408,2024-07-01,S002,P0096,3,1947.09,175.73,INR,2024-04-28 22:26:15.872006178,5665.54
T003409,2024-01-19,S024,P0067,8,651.43,167.84,INR,2024-11-30 13:12:58.509638071,5043.599999999999
T003410,2024-01-13,S049,P0094,6,1916.73,137.2,INR,2024-09-27 23:04:35.299687862,11363.18
T003411,2024-07-20,S028,P0058,-1,1048.64,89.94,INR,2024-07-31 14:05:05.092935324,-1138.5800000000002
T003412,2024-06-08,S001,P0084,9,681.47,100.13,INR,2024-05-02 19:08:17.276322365,6033.1
T003413,2024-11-02,S001,P0002,2,1977.96,64.73,INR,2024-04-04 02:51:21.596881628,3891.19
T003414,2024-02-28,S028,P0025,7,1767.84,,INR,2024-04-02 00:08:52.492193699,
T003415,2024-01-10,S036,P0011,8,1415.59,185.95,INR,2024-07-02 20:40:55.681610107,11138.769999999999
T003416,2024-06-12,S020,P0001,7,1800.39,280.34,INR,2024-11-15 07:25:38.218899965,12322.390000000001
T003417,2024-03-27,S048,P0048,1,1394.83,116.14,INR,2024-11-17 13:58:44.061698914,1278.6899999999998
T003418,2024-01-19,S008,P0048,1,936.77,89.46,INR,2024-09-28 22:04:15.277839661,847.31
T003419,2024-09-21,S001,P0010,5,1901.29,39.82,INR,2024-07-17 00:13:21.471954823,9466.630000000001
T003420,2024-02-10,S026,P0081,3,1930.17,90.07,INR,2024-03-26 17:48:33.489374638,5700.4400000000005
T003421,2024-08-10,S999,P0030,4,696.93,267.05,INR,2024-06-23 18:44:49.691977501,2520.6699999999996
T003422,2024-04-12,S043,P0035,8,773.35,174.68,INR,2024-09-10 13:46:10.397923470,6012.12
T003423,2024-03-04,S049,P0019,9,827.17,135.74,INR,2024-08-05 04:20:45.053905964,7308.79
T003424,2024-05-18,S025,P0053,6,1662.08,170.47,INR,2024-07-06 14:56:20.173125982,9802.01
T003425,2024-10-19,S010,P0034,0,1603.18,267.81,INR,2024-06-05 07:08:01.633603096,-267.81
T003426,2024-05-23,S012,P0032,8,1967.92,57.85,INR,2024-10-01 16:01:30.855658770,15685.51
T003427,2024-10-01,S041,P0076,-1,983.91,289.7,INR,2024-11-03 09:58:46.859057903,-1273.61
T003428,2024-02-15,S007,P0081,0,1499.86,199.86,INR,2024-09-20 20:42:08.772562981,-199.86
T003429,2024-10-09,S012,P0006,5,1727.77,256.61,INR,2024-12-08 08:14:42.817490816,8382.24
T003430,2024-03-27,S047,P0013,6,520.34,157.62,INR,2024-10-11 15:41:30.434230089,2964.42
T003431,2024-09-04,S040,P0086,7,1279.06,70.99,INR,2024-06-13 11:17:54.613065004,8882.43
T003432,2024-07-25,S017,P0075,2,1140.64,170.23,INR,2024-08-13 02:45:37.936948299,2111.05
T003433,2024-12-05,S005,P0064,5,1511.37,20.38,INR,2024-07-03 02:15:24.013506889,7536.469999999999
T003434,2024-05-21,S014,P0007,8,1421.31,255.66,INR,2024-07-18 09:47:31.492169857,11114.82
T003435,2024-01-25,S034,P0045,4,1644.31,,INR,2024-11-22 22:19:50.910734177,
T003436,2024-01-07,S048,P0045,9,691.18,84.86,INR,2024-04-19 19:31:14.169691324,6135.76
T003437,2024-10-28,S017,P0085,9,511.08,82.34,INR,2024-01-05 18:42:37.441334724,4517.38
T003438,2024-07-10,S035,P0065,6,1629.88,270.84,INR,2024-09-10 21:51:57.489953995,9508.44
T003439,2024-10-09,S001,P0094,1,785.07,252.27,INR,2024-03-07 01:40:47.482987642,532.8000000000001
T003440,2024-03-26,S050,P0019,7,646.39,228.93,INR,2024-02-26 07:04:33.480161428,4295.799999999999
T003441,2024-05-05,S050,P0047,0,739.96,124.44,INR,2024-12-28 06:05:29.698725224,-124.44
T003442,2024-01-11,S036,P0046,6,226.07,261.75,INR,2024-04-07 08:57:04.487780333,1094.67
T003443,2024-12-16,S015,P0029,5,1568.97,74.07,INR,2024-03-15 09:00:20.065754414,7770.780000000001
T003444,2024-08-31,S019,P0099,4,1458.8,7.28,INR,2024-03-10 17:00:48.614418507,5827.92
T003445,2024-12-06,S999,P0084,-2,1150.12,129.83,INR,2024-05-30 12:13:01.239723921,-2430.0699999999997
T003446,2024-04-06,S042,P0100,-1,1460.56,275.86,INR,2024-05-29 10:30:00.569264412,-1736.42
T003447,2024-08-11,S005,P0061,6,808.95,171.37,INR,2024-08-18 20:41:44.269161224,4682.330000000001
T003448,2024-09-04,S019,P0065,2,661.2,68.83,INR,2024-02-07 19:52:29.749753237,1253.5700000000002
T003449,2024-04-25,S043,P0023,-2,1738.37,,INR,2024-08-19 22:29:50.678283215,
T003450,2024-11-05,S039,P0095,6,902.66,223.5,INR,2024-06-14 13:49:27.125316142,5192.46
T003451,2024-12-11,S005,P0051,-2,472.23,165.1,INR,2024-03-16 19:02:59.489445686,-1109.56
T003452,2024-11-18,S012,P0063,5,1523.18,252.78,INR,2024-10-11 01:12:59.220904112,7363.120000000001
T003453,2024-09-26,S019,P0099,2,738.16,,INR,2024-06-22 00:47:27.897872686,
T003454,2024-04-11,S047,P0022,8,502.52,,INR,2024-09-18 17:27:23.304282188,
T003455,2024-04-12,S012,P0071,9,151.71,242.86,INR,2024-12-02 00:11:22.109175920,1122.5300000000002
T003456,2024-12-17,S036,P0033,3,1944.14,43.91,INR,2024-05-08 23:49:33.243604660,5788.51
T003457,2024-01-04,S012,P0100,-2,987.85,264.83,INR,2024-11-23 17:38:34.679476976,-2240.53
T003458,2024-09-18,S018,P0044,-1,407.34,156.55,INR,2024-03-14 02:59:29.030079365,-563.89
T003459,2024-09-14,S049,P0007,4,1539.84,219.56,INR,2024-03-22 01:51:45.159604073,5939.799999999999
T003460,2024-08-15,S999,P0091,-1,1786.54,,INR,2024-08-30 05:59:26.323790789,
T003461,2024-12-27,S048,P0002,2,1103.14,129.58,INR,2024-02-07 11:03:12.490026236,2076.7000000000003
T003462,2024-04-23,S043,P0017,8,153.88,137.92,INR,2024-06-14 23:52:22.372683525,1093.12
T003463,2024-05-04,S034,P0065,6,793.77,247.75,INR,2024-03-19 01:10:14.621072531,4514.87
T003464,2024-01-29,S048,P0058,2,561.89,33.07,INR,2024-07-27 08:42:05.640094519,1090.71
T003465,2024-06-10,S033,P0030,9,1309.16,,INR,2024-10-21 11:45:54.367702961,
T003466,2024-04-05,S049,P0086,0,1085.83,181.29,INR,2024-01-16 11:38:17.764808178,-181.29
T003467,2024-05-05,S018,P0092,8,775.9,50.26,INR,2024-05-30 20:35:44.754437923,6156.94
T003468,2024-10-31,S029,P0097,3,1332.16,76.72,INR,2024-09-23 16:41:31.569922924,3919.7600000000007
T003469,2024-12-07,S045,P0026,4,1210.42,292.88,INR,2024-05-04 22:08:51.693737745,4548.8
T003470,2024-03-08,S005,P0035,7,1822.33,195.94,INR,2024-01-16 05:20:42.074714184,12560.369999999999
T003471,2024-05-15,S025,P0063,8,1233.93,256.73,INR,2024-08-03 20:29:29.576871395,9614.710000000001
T003472,2024-12-04,S024,P0075,7,1064.65,269.34,INR,2024-02-13 20:38:28.339125395,7183.210000000001
T003473,2024-01-23,S029,P0071,8,1664.97,,INR,2024-05-15 00:29:47.738965034,
T003474,2024-02-03,S038,P0028,5,484.6,278.33,INR,2024-12-27 13:04:14.628340960,2144.67
T003475,2024-02-29,S033,P0025,0,562.77,259.96,INR,2024-05-25 06:39:17.736229181,-259.96
T003476,2024-08-05,S010,P0061,8,1588.79,13.6,INR,2024-11-03 15:25:36.657805920,12696.72
T003477,2024-02-24,S037,P0031,1,940.47,293.16,INR,2024-11-09 19:54:09.407293320,647.31
T003478,2024-12-19,S033,P0054,7,877.55,137.5,INR,2024-04-05 22:24:03.761040211,6005.349999999999
T003479,2024-06-12,S023,P0067,1,1785.45,292.35,INR,2024-08-05 08:37:25.044883013,1493.1
T003480,2024-07-02,S011,P0097,-1,1259.21,247.16,INR,2024-12-11 19:44:16.423791647,-1506.3700000000001
T003481,2024-03-31,S024,P0051,4,1625.53,132.04,INR,2024-08-09 07:28:25.838703156,6370.08
T003482,2024-06-20,S024,P0058,9,1638.69,153.47,INR,2024-10-23 20:06:28.703573227,14594.740000000002
T003483,2024-08-29,S007,P0034,1,328.05,82.53,INR,2024-06-17 20:03:04.343743324,245.52
T003484,2024-10-01,S050,P0059,1,1342.03,146.08,INR,2024-09-19 13:18:28.905358553,1195.95
T003485,2024-10-02,S021,P0021,9,1909.78,32.25,INR,2024-01-08 23:25:24.462931156,17155.77
T003486,2024-07-29,S020,P0056,5,1012.05,,INR,2024-10-14 10:16:02.988093615,
T003487,2024-11-26,S010,P0037,3,1491.15,213.96,INR,2024-09-02 05:24:03.730399847,4259.490000000001
T003488,2024-10-25,S025,P0064,3,1176.79,241.56,INR,2024-05-10 23:30:53.946825266,3288.81
T003489,2024-10-03,S047,P0019,8,489.21,159.34,INR,2024-06-01 04:47:47.670313597,3754.3399999999997
T003490,2024-01-21,S036,P9999,6,470.87,37.69,INR,2024-04-29 05:08:16.164394140,2787.53
T003491,2024-01-03,S048,P0085,1,924.28,161.17,INR,2024-07-10 08:45:01.768898249,763.11
T003492,2024-03-18,S047,P0078,6,1017.68,98.76,INR,2024-02-09 15:59:54.799926519,6007.32
T003493,2024-08-30,S015,P0074,-2,1055.95,3.03,INR,2024-11-04 09:27:17.499008179,-2114.9300000000003
T003494,2024-05-30,S044,P0053,8,1914.5,184.51,INR,2024-06-23 11:45:00.804708242,15131.49
T003495,2024-05-26,S040,P0071,6,290.48,256.09,INR,2024-01-16 17:34:30.295836449,1486.7900000000002
T003496,2024-11-18,S040,P0093,-2,823.0,,INR,2024-07-20 19:56:41.459664822,
T003497,2024-11-22,S050,P0063,4,1077.64,67.06,INR,2024-12-05 15:19:48.393386602,4243.5
T003498,2024-11-27,S006,P0062,3,1929.91,245.74,INR,2024-02-01 22:09:14.519256115,5543.990000000001
T003499,2024-04-24,S037,P0072,4,1058.2,92.85,INR,2024-02-14 23:10:00.741420269,4139.95
T003500,2024-09-09,S002,P0077,6,1573.02,65.55,INR,2024-05-21 07:43:32.014210463,9372.57
T003501,2024-04-09,S012,P0019,7,1523.63,,INR,2024-09-25 12:04:06.686533689,
T003502,2024-03-10,S004,P0075,1,1176.24,4.98,INR,2024-08-08 16:29:17.407608032,1171.26
T003503,2024-03-08,S023,P0002,9,348.34,,INR,2024-06-16 03:43:30.487101555,
T003504,2024-05-04,S013,P0006,6,515.64,140.1,INR,2024-12-28 08:27:14.416611195,2953.7400000000002
T003505,2024-06-05,S017,P0029,0,556.27,50.12,INR,2024-03-08 19:32:56.977574110,-50.12
T003506,2024-10-30,S031,P0041,7,173.45,50.06,INR,2024-10-26 22:35:22.284721613,1164.09
T003507,2024-02-13,S016,P0051,8,820.51,190.3,INR,2024-02-15 04:48:42.083522320,6373.78
T003508,2024-09-25,S041,P0005,8,1259.98,245.71,INR,2024-03-06 13:21:27.180651426,9834.130000000001
T003509,2024-07-12,S026,P0041,6,374.11,198.49,INR,2024-04-17 20:05:30.359126329,2046.1699999999998
T003510,2024-04-15,S028,P0062,-2,432.57,30.44,INR,2024-11-14 16:19:06.590280056,-895.58
T003511,2024-06-28,S001,P0030,2,1443.27,268.61,INR,2024-06-11 03:14:31.876670122,2617.93
T003512,2024-04-19,S047,P0062,7,421.58,,INR,2024-05-24 11:04:48.730602503,
T003513,2024-08-05,S012,P0100,2,357.14,84.3,INR,2024-06-28 02:45:28.554041624,629.98
T003514,2024-06-07,S037,P0027,-2,1957.9,165.93,INR,2024-08-18 06:44:22.088296652,-4081.73
T003515,2024-03-01,S050,P0050,-2,128.0,145.57,INR,2024-06-03 13:48:32.082965136,-401.57
T003516,2024-02-12,S020,P0082,0,718.28,,INR,2024-12-17 07:46:39.328366756,
T003517,2024-07-18,S002,P0052,6,166.38,,INR,2024-02-19 09:35:42.468810320,
T003518,2024-11-25,S036,P0049,4,1692.29,295.91,INR,2024-06-22 14:50:12.571686745,6473.25
T003519,2024-05-05,S015,P0062,3,1208.72,152.74,INR,2024-05-31 15:11:36.920457840,3473.42
T003520,2024-09-24,S038,P0100,6,191.11,27.58,INR,2024-09-09 20:06:42.205619097,1119.0800000000002
T003521,2024-08-28,S022,P0060,1,1269.19,100.34,INR,2024-12-17 12:36:36.848688364,1168.8500000000001
T003522,2024-12-06,S044,P0080,1,333.88,124.07,INR,2024-04-15 06:29:48.407241344,209.81
T003523,2024-10-26,S050,P0054,0,1041.89,160.39,INR,2024-12-14 16:39:36.627262354,-160.39
T003524,2024-07-25,S032,P0005,2,1371.88,288.11,INR,2024-10-29 02:38:55.597808599,2455.65
T003525,2024-08-27,S020,P0009,2,382.16,78.73,INR,2024-10-22 19:47:11.428789616,685.59
T003526,2024-11-23,S036,P0034,9,1044.4,161.01,INR,2024-01-27 16:08:43.146815300,9238.59
T003527,2024-05-25,S033,P0098,7,969.08,87.31,INR,2024-12-09 07:30:39.762501478,6696.25
T003528,2024-04-29,S015,P0036,4,1839.93,275.84,INR,2024-11-02 05:00:28.565637350,7083.88
T003529,2024-01-04,S050,P0095,4,1991.83,,INR,2024-09-06 20:56:53.411791563,
T003530,2024-10-28,S046,P0020,3,1343.5,261.22,INR,2024-02-16 16:02:48.959065676,3769.2799999999997
T003531,2024-10-19,S003,P0081,1,1724.23,101.62,INR,2024-06-02 07:31:35.008621931,1622.6100000000001
T003532,2024-02-08,S029,P0084,4,1329.08,83.37,INR,2024-11-02 16:23:58.276899576,5232.95
T003533,2024-07-29,S047,P0092,-1,1764.94,129.35,INR,2024-06-08 16:46:29.491950750,-1894.29
T003534,2024-06-18,S027,P0085,9,923.22,224.27,INR,2024-06-08 07:20:50.195173502,8084.709999999999
T003535,2024-02-13,S005,P0083,6,1255.18,2.79,INR,2024-04-08 14:18:07.477435589,7528.29
T003536,2024-12-23,S031,P0063,4,1705.82,298.53,INR,2024-01-19 16:24:32.681360483,6524.75
T003537,2024-03-19,S022,P0067,-1,1844.36,265.02,INR,2024-07-06 05:54:48.247911453,-2109.38
T003538,2024-01-25,S035,P0030,7,146.9,7.14,INR,2024-10-09 16:21:09.948620796,1021.16
T003539,2024-08-05,S007,P0069,-1,297.51,114.63,INR,2024-02-23 07:35:06.253513812,-412.14
T003540,2024-09-26,S006,P0070,3,1869.23,206.35,INR,2024-11-22 05:29:29.360987186,5401.34
T003541,2024-01-12,S026,P0003,8,1180.17,72.42,INR,2024-07-21 16:17:15.752607822,9368.94
T003542,2024-08-28,S001,P0049,4,1981.36,42.85,INR,2024-10-23 11:44:17.499356747,7882.589999999999
T003543,2024-07-13,S019,P0042,6,1606.0,188.8,INR,2024-08-31 11:16:09.423215389,9447.2
T003544,2024-02-07,S007,P0024,1,1654.47,271.06,INR,2024-02-19 06:07:25.181684017,1383.41
T003545,2024-03-03,S036,P0044,5,833.63,286.68,INR,2024-11-26 21:44:52.144123554,3881.47
T003546,2024-07-26,S012,P0001,7,589.33,3.08,INR,2024-09-19 02:59:30.605697155,4122.2300000000005
T003547,2024-04-18,S020,P0054,-1,1236.69,262.34,INR,2024-01-13 23:40:19.020056963,-1499.03
T003548,2024-12-08,S023,P0052,3,1770.16,168.23,INR,2024-07-30 17:11:15.112550497,5142.250000000001
T003549,2024-10-25,S025,P0036,1,1478.83,71.31,INR,2024-06-24 05:54:20.050570488,1407.52
T003550,2024-12-25,S030,P0079,5,997.13,185.08,INR,2024-11-09 14:11:22.948343754,4800.57
T003551,2024-04-04,S029,P0038,6,1531.08,298.74,INR,2024-02-14 19:35:44.976746559,8887.74
T003552,2024-12-19,S031,P0044,-1,1411.76,82.85,INR,2024-08-03 15:47:37.831708908,-1494.61
T003553,2024-06-06,S018,P0082,4,1834.8,83.07,INR,2024-04-23 06:03:11.335990906,7256.13
T003554,2024-05-06,S041,P0087,4,600.76,209.68,INR,2024-03-30 15:37:16.589497328,2193.36
T003555,2024-01-19,S019,P0047,5,326.69,12.96,INR,2024-01-09 05:24:34.809849024,1620.49
T003556,2024-01-20,S004,P0029,2,993.1,246.16,INR,2024-05-01 06:19:13.682372570,1740.04
T003557,2024-09-09,S001,P0051,8,786.05,195.76,INR,2024-05-24 13:47:59.755313396,6092.639999999999
T003558,2024-06-16,S041,P0041,0,1952.24,252.36,INR,2024-06-12 10:36:41.529545307,-252.36
T003559,2024-03-23,S015,P0086,-2,114.26,69.22,INR,2024-09-25 04:09:42.596272469,-297.74
T003560,2024-08-12,S008,P0064,1,1873.43,254.16,INR,2024-05-27 07:01:54.110935450,1619.27
T003561,2024-04-02,S015,P0088,0,1914.65,134.58,INR,2024-03-12 06:18:04.896681070,-134.58
T003562,2024-07-29,S015,P0048,-1,196.82,39.82,INR,2024-05-25 07:45:39.642611504,-236.64
T003563,2024-05-11,S050,P0077,3,1790.18,270.43,INR,2024-01-26 09:23:22.025649309,5100.11
T003564,2024-10-27,S039,P0097,4,994.48,211.5,INR,2024-12-20 19:22:12.893528223,3766.42
T003565,2024-10-26,S022,P0022,7,1555.69,50.49,INR,2024-01-25 04:12:16.775784969,10839.34
T003566,2024-06-23,S018,P0099,4,250.59,73.95,INR,2024-03-14 16:33:49.955978394,928.41
T003567,2024-05-08,S016,P0017,9,1914.89,,INR,2024-06-05 05:33:25.686641932,
T003568,2024-05-12,S002,P0086,5,1254.34,289.0,INR,2024-12-06 16:38:06.244638205,5982.7
T003569,2024-10-21,S036,P0005,-1,1807.52,265.85,INR,2024-03-06 05:44:15.179059029,-2073.37
T003570,2024-04-29,S020,P0061,8,1378.63,103.9,INR,2024-05-25 22:03:34.489915609,10925.140000000001
T003571,2024-03-17,S016,P0089,9,1119.94,139.99,INR,2024-12-27 02:25:02.747498989,9939.470000000001
T003572,2024-01-31,S003,P0006,7,427.74,85.58,INR,2024-08-07 17:56:13.938893557,2908.6000000000004
T003573,2024-06-19,S030,P0053,3,438.11,222.79,INR,2024-08-12 07:44:58.118194818,1091.54
T003574,2024-06-24,S002,P0081,3,997.88,48.36,INR,2024-12-21 13:22:23.732116699,2945.2799999999997
T003575,2024-11-02,S035,P0095,7,1753.84,101.58,INR,2024-07-03 17:25:12.536217928,12175.3
T003576,2024-03-21,S026,P0017,9,318.92,181.83,INR,2024-01-01 22:25:55.639633894,2688.4500000000003
T003577,2024-05-19,S005,P0059,-2,1996.93,263.2,INR,2024-01-12 07:22:54.036408663,-4257.06
T003578,2024-10-22,S002,P0097,-1,1764.23,190.67,INR,2024-09-05 17:02:51.537781715,-1954.9
T003579,2024-10-27,S999,P0039,6,845.86,281.92,INR,2024-03-18 04:50:18.101365566,4793.24
T003580,2024-05-20,S020,P0054,5,580.92,279.24,INR,2024-06-23 15:29:28.483433962,2625.3599999999997
T003581,2024-06-16,S034,P0048,9,1851.79,215.49,INR,2024-07-20 06:01:15.473225355,16450.62
T003582,2024-04-20,S034,P0037,1,334.1,83.61,INR,2024-08-31 13:59:13.156246185,250.49
T003583,2024-12-06,S020,P0048,3,759.85,,INR,2024-01-31 13:37:14.428495646,
T003584,2024-02-13,S050,P0068,-1,259.43,57.82,INR,2024-10-04 09:58:57.565855503,-317.25
T003585,2024-12-06,S025,P0078,9,1911.58,99.96,INR,2024-12-01 20:40:18.519932270,17104.260000000002
T003586,2024-09-06,S020,P0077,2,1273.48,227.37,INR,2024-04-03 08:19:51.244166374,2319.59
T003587,2024-07-13,S025,P0027,-1,738.74,255.19,INR,2024-05-18 20:42:27.451434851,-993.9300000000001
T003588,2024-01-12,S014,P0088,2,623.42,125.03,INR,2024-09-28 11:50:49.354274273,1121.81
T003589,2024-06-22,S047,P0027,4,943.78,157.03,INR,2024-03-31 16:20:24.738188028,3618.0899999999997
T003590,2024-05-28,S044,P0072,4,273.62,115.84,INR,2024-07-16 22:03:44.567347050,978.64
T003591,2024-02-28,S043,P0063,6,1789.76,143.79,INR,2024-08-28 21:08:03.430957079,10594.769999999999
T003592,2024-08-27,S043,P0052,0,1070.79,,INR,2024-11-16 22:26:23.631481171,
T003593,2024-12-20,S039,P0047,9,1477.69,207.55,INR,2024-05-06 01:24:14.020347834,13091.660000000002
T003594,2024-07-24,S012,P0021,1,544.12,225.16,INR,2024-06-28 19:35:54.616118431,318.96000000000004
T003595,2024-09-17,S048,P0057,6,1057.12,292.5,INR,2024-03-08 09:05:26.891231537,6050.219999999999
T003596,2024-01-25,S005,P0075,5,501.06,131.3,INR,2024-04-22 06:40:04.022394419,2374.0
T003597,2024-06-01,S002,P0095,9,1650.58,24.94,INR,2024-02-04 15:38:34.080462694,14830.279999999999
T003598,2024-02-12,S016,P0091,4,1573.02,206.45,INR,2024-03-13 03:18:23.927057505,6085.63
T003599,2024-08-11,S030,P0042,5,381.58,149.48,INR,2024-05-06 08:48:40.419609070,1758.4199999999998
T003600,2024-12-08,S047,P0048,6,241.56,252.31,INR,2024-06-03 20:37:16.199758053,1197.0500000000002
T003601,2024-08-29,S043,P0027,9,1665.97,43.96,INR,2024-09-15 00:14:49.115651131,14949.77
T003602,2024-01-29,S038,P0072,1,308.33,193.47,INR,2024-06-16 08:00:45.180980921,114.85999999999999
T003603,2024-05-09,S045,P0033,2,1142.12,137.78,INR,2024-01-18 21:40:13.750309467,2146.4599999999996
T003604,2024-07-19,S999,P0076,6,1115.53,125.79,INR,2024-10-02 20:19:46.260582684,6567.39
T003605,2024-05-27,S042,P0035,4,485.59,169.46,INR,2024-07-13 11:18:00.822704315,1772.8999999999999
T003606,2024-10-31,S024,P0098,1,1223.58,205.25,INR,2024-12-08 21:13:05.168134928,1018.3299999999999
T003607,2024-10-24,S999,P0016,3,1055.23,255.28,INR,2024-08-19 20:42:10.674039841,2910.41
T003608,2024-08-11,S030,P0036,8,1067.46,70.53,INR,2024-07-13 21:14:33.371038675,8469.15
T003609,2024-05-16,S037,P0066,-2,783.43,87.93,INR,2024-04-17 11:11:48.587629080,-1654.79
T003610,2024-04-03,S039,P0076,-2,1693.01,164.57,INR,2024-03-27 07:23:34.974136829,-3550.59
T003611,2024-02-08,S011,P0091,6,260.3,103.97,INR,2024-03-24 23:05:45.321496010,1457.8300000000002
T003612,2024-05-09,S014,P0056,5,933.38,170.5,INR,2024-05-28 14:23:45.446096659,4496.4
T003613,2024-05-30,S023,P0017,-2,593.65,60.05,INR,2024-03-03 13:12:49.000453949,-1247.35
T003614,2024-09-03,S016,P0020,8,1712.02,92.29,INR,2024-11-04 03:16:40.417835951,13603.869999999999
T003615,2024-08-28,S050,P0085,-1,527.65,97.45,INR,2024-10-20 21:31:45.194771528,-625.1
T003616,2024-01-26,S021,P0094,1,1557.35,297.7,INR,2024-09-23 00:42:19.295876741,1259.6499999999999
T003617,2024-05-24,S004,P0084,-2,1261.88,256.3,INR,2024-01-18 19:03:24.246487379,-2780.0600000000004
T003618,2024-03-07,S033,P0008,-1,1762.1,251.31,INR,2024-01-27 05:53:43.532294035,-2013.4099999999999
T003619,2024-02-27,S047,P0018,2,1228.21,154.07,INR,2024-08-20 07:05:07.700290680,2302.35
T003620,2024-10-28,S014,P0018,5,1157.32,140.05,INR,2024-09-30 08:57:43.590761185,5646.549999999999
T003621,2024-01-16,S019,P0018,3,1622.15,,INR,2024-01-10 18:01:53.911133528,
T003622,2024-06-02,S005,P0002,3,1168.72,59.2,INR,2024-04-16 00:46:54.929987669,3446.96
T003623,2024-03-02,S036,P0076,1,1704.63,268.6,INR,2024-02-19 17:50:26.651899099,1436.0300000000002
T003624,2024-11-16,S031,P0096,-1,193.7,157.69,INR,2024-03-25 10:00:14.047229528,-351.39
T003625,2024-07-22,S045,P0072,0,1040.78,296.23,INR,2024-07-08 04:58:57.173094749,-296.23
T003626,2024-03-25,S018,P0051,3,1644.11,177.54,INR,2024-02-09 20:59:00.929771185,4754.79
T003627,2024-07-02,S044,P0010,3,1711.89,113.25,INR,2024-03-24 21:20:49.160247087,5022.42
T003628,2024-09-23,S031,P0075,2,1684.71,82.23,INR,2024-07-25 04:35:51.140299797,3287.19
T003629,2024-12-15,S030,P0014,3,1248.32,275.51,INR,2024-07-04 11:02:07.761095762,3469.45
T003630,2024-03-21,S021,P0026,8,1988.55,111.22,INR,2024-11-09 00:29:50.252792358,15797.18
T003631,2024-11-19,S047,P0047,3,444.63,43.84,INR,2024-02-24 23:04:42.154269934,1290.05
T003632,2024-12-07,S030,P0030,-2,431.47,83.48,INR,2024-05-15 00:11:25.024690390,-946.4200000000001
T003633,2024-11-30,S041,P0056,3,162.36,193.69,INR,2024-12-03 09:23:27.712733984,293.39000000000004
T003634,2024-08-19,S004,P0042,2,1979.74,39.9,INR,2024-10-17 11:11:33.769901514,3919.58
T003635,2024-08-17,S005,P0004,5,761.24,27.47,INR,2024-08-06 00:51:00.799119711,3778.73
T003636,2024-05-27,S041,P0011,6,1547.9,137.29,INR,2024-10-07 16:22:28.433719158,9150.11
T003637,2024-10-01,S045,P0024,3,213.45,25.1,INR,2024-06-12 15:48:56.319239140,615.2499999999999
T003638,2024-07-12,S010,P0086,9,667.51,117.88,INR,2024-11-28 09:37:10.804034948,5889.71
T003639,2024-09-04,S027,P0067,9,1285.31,96.82,INR,2024-08-06 20:59:25.464825153,11470.97
T003640,2024-06-05,S016,P0037,7,1097.08,117.44,INR,2024-09-10 21:46:09.389809132,7562.12
T003641,2024-09-23,S030,P0002,1,494.72,146.34,INR,2024-08-25 23:23:53.056230307,348.38
T003642,2024-10-27,S013,P0012,0,977.03,55.6,INR,2024-09-02 13:25:02.312673330,-55.6
T003643,2024-02-23,S036,P0021,7,306.69,132.73,INR,2024-08-21 23:42:44.057294130,2014.1
T003644,2024-10-31,S021,P0069,9,1131.14,108.46,INR,2024-01-27 22:10:33.967602968,10071.800000000001
T003645,2024-07-16,S045,P0071,-2,284.19,,INR,2024-08-08 09:43:07.411574125,
T003646,2024-11-04,S040,P0064,4,1308.28,208.41,INR,2024-10-12 22:34:44.309430122,5024.71
T003647,2024-06-06,S045,P0068,2,395.18,261.76,INR,2024-01-01 03:28:03.411454201,528.6
T003648,2024-05-18,S015,P0043,1,1139.46,200.7,INR,2024-11-21 11:04:47.336463928,938.76
T003649,2024-11-29,S020,P0054,6,345.33,36.33,INR,2024-12-13 13:34:02.476397038,2035.65
T003650,2024-04-01,S020,P0100,4,861.35,152.12,INR,2024-02-16 18:56:50.016469002,3293.28
T003651,2024-11-04,S045,P0062,7,768.48,222.74,INR,2024-07-14 07:03:26.308174133,5156.620000000001
T003652,2024-06-25,S005,P0086,5,1537.18,252.5,INR,2024-02-10 08:49:30.904228926,7433.400000000001
T003653,2024-07-06,S032,P0093,1,1318.21,54.38,INR,2024-04-13 07:08:55.785403252,1263.83
T003654,2024-04-22,S006,P0073,7,1880.47,67.05,INR,2024-08-14 20:16:29.003582716,13096.240000000002
T003655,2024-07-28,S030,P0090,9,1851.63,258.67,INR,2024-04-20 12:59:19.327160120,16406.000000000004
T003656,2024-04-28,S026,P0012,7,1477.49,,INR,2024-05-13 10:13:09.622078180,
T003657,2024-01-15,S037,P0001,5,1564.11,,INR,2024-09-29 08:08:29.804929018,
T003658,2024-04-09,S013,P0072,1,1287.33,148.23,INR,2024-07-28 20:51:08.875294924,1139.1
T003659,2024-01-03,S029,P0033,-2,1414.16,52.0,INR,2024-07-08 02:04:20.228981018,-2880.32
T003660,2024-12-23,S005,P0064,8,1272.72,,INR,2024-04-28 07:45:35.758260250,
T003661,2024-12-18,S025,P0068,5,692.35,242.39,INR,2024-09-14 00:21:46.851613283,3219.36
T003662,2024-05-24,S013,P0014,-2,766.31,251.12,INR,2024-06-03 17:56:51.270041704,-1783.7399999999998
T003663,2024-09-22,S024,P0093,9,1191.99,9.11,INR,2024-11-24 01:36:31.214709044,10718.8
T003664,2024-05-06,S031,P0014,0,1468.34,214.56,INR,2024-08-07 14:00:17.090032816,-214.56
T003665,2024-09-01,S020,P0009,4,871.63,27.37,INR,2024-07-15 11:37:06.171837568,3459.15
T003666,2024-10-20,S008,P0073,0,371.07,290.06,INR,2024-10-20 03:27:29.357239246,-290.06
T003667,2024-12-11,S009,P0026,5,972.89,144.67,INR,2024-06-26 04:27:53.023694992,4719.78
T003668,2024-05-26,S021,P0049,2,1930.06,232.62,INR,2024-04-11 22:33:56.774815559,3627.5
T003669,2024-10-12,S999,P0017,0,506.77,186.56,INR,2024-02-26 14:38:59.318946838,-186.56
T003670,2024-04-07,S020,P0068,2,1333.23,285.58,INR,2024-07-24 01:31:47.104200840,2380.88
T003671,2024-12-27,S015,P0060,2,1966.83,292.1,INR,2024-06-04 01:44:37.765239716,3641.56
T003672,2024-01-10,S026,P0003,5,814.85,83.66,INR,2024-05-25 01:00:49.656533003,3990.59
T003673,2024-08-08,S042,P0093,9,1786.98,144.86,INR,2024-05-07 12:48:25.136459112,15937.96
T003674,2024-08-28,S011,P0025,6,1741.62,151.27,INR,2024-09-02 03:19:22.840230703,10298.449999999999
T003675,2024-09-08,S037,P0021,3,744.19,53.31,INR,2024-07-08 10:24:31.633687019,2179.26
T003676,2024-02-13,S041,P0012,7,287.18,,INR,2024-07-15 02:12:38.299222469,
T003677,2024-12-08,S011,P0054,0,439.22,104.88,INR,2024-04-22 11:10:23.732533216,-104.88
T003678,2024-03-07,S027,P0001,-1,794.92,26.24,INR,2024-08-11 23:34:57.253952742,-821.16
T003679,2024-08-15,S030,P0001,8,1922.36,46.36,INR,2024-05-27 06:48:02.924808502,15332.519999999999
T003680,2024-03-22,S019,P0045,0,621.46,153.99,INR,2024-10-07 20:38:39.380572796,-153.99
T003681,2024-04-22,S034,P0046,6,1861.04,,INR,2024-07-12 06:41:15.573837280,
T003682,2024-07-18,S038,P0048,4,444.59,188.47,INR,2024-04-15 15:36:14.064754009,1589.8899999999999
T003683,2024-06-01,S023,P0007,8,1942.64,,INR,2024-02-23 22:06:42.772735119,
T003684,2024-02-28,S001,P0010,8,657.85,89.04,INR,2024-09-12 11:26:21.656900167,5173.76
T003685,2024-03-03,S003,P0015,6,1302.88,292.81,INR,2024-05-15 10:53:09.396839619,7524.47
T003686,2024-06-01,S003,P0040,3,232.41,15.85,INR,2024-01-24 21:52:40.714834690,681.38
T003687,2024-10-03,S028,P0011,5,669.36,298.3,INR,2024-11-29 22:41:16.188641787,3048.5
T003688,2024-11-23,S014,P0056,7,500.35,271.76,INR,2024-05-21 03:00:44.004834414,3230.6900000000005
T003689,2024-01-31,S030,P0046,8,106.49,203.54,INR,2024-09-29 06:27:46.620685339,648.38
T003690,2024-05-23,S005,P0045,6,397.86,282.96,INR,2024-06-16 12:05:49.368995905,2104.2
T003691,2024-02-06,S049,P0087,0,1226.9,45.74,INR,2024-11-21 04:30:45.148292542,-45.74
T003692,2024-01-07,S015,P0013,4,840.85,282.78,INR,2024-01-11 14:40:22.381592274,3080.62
T003693,2024-08-29,S038,P0027,6,1472.88,,INR,2024-04-04 16:24:13.508327007,
T003694,2024-08-07,S014,P0081,-1,1375.04,,INR,2024-07-18 04:59:50.658591270,
T003695,2024-02-29,S014,P0050,9,1618.67,146.63,INR,2024-04-27 23:29:13.656767845,14421.400000000001
T003696,2024-03-26,S049,P0061,4,1747.35,153.74,INR,2024-09-28 01:57:06.228050470,6835.66
T003697,2024-01-09,S008,P0013,2,1657.67,,INR,2024-09-08 06:32:34.623399019,
T003698,2024-10-31,S008,P0012,5,951.32,234.19,INR,2024-01-10 07:35:34.406152487,4522.410000000001
T003699,2024-12-21,S019,P0029,1,686.58,222.77,INR,2024-08-07 04:29:37.978360653,463.81000000000006
T003700,2024-02-19,S032,P0085,-2,1054.37,,INR,2024-11-01 02:21:53.242675781,
T003701,2024-03-25,S031,P0084,8,1116.74,,INR,2024-04-25 04:50:55.633985758,
T003702,2024-11-12,S029,P0020,7,695.03,164.43,INR,2024-02-20 20:47:03.712143898,4700.78
T003703,2024-12-04,S041,P0031,5,1126.01,271.01,INR,2024-09-26 11:28:56.925647259,5359.04
T003704,2024-06-02,S011,P0008,3,300.98,275.83,INR,2024-11-24 15:44:40.423122406,627.1100000000001
T003705,2024-01-19,S045,P0024,5,538.98,194.86,INR,2024-08-27 18:28:51.541797161,2500.04
T003706,2024-01-15,S013,P0075,0,1517.49,246.12,INR,2024-11-04 19:20:32.680473328,-246.12
T003707,2024-07-28,S027,P0039,5,447.38,151.54,INR,2024-12-30 12:18:19.573590517,2085.36
T003708,2024-05-23,S019,P0033,5,364.17,116.46,INR,2024-07-01 06:37:19.652849436,1704.39
T003709,2024-01-11,S026,P0042,9,645.95,259.22,INR,2024-12-07 09:07:44.720065117,5554.33
T003710,2024-07-31,S999,P0015,-2,804.99,233.18,INR,2024-05-05 16:36:45.900267363,-1843.16
T003711,2024-01-05,S037,P0068,1,724.24,72.72,INR,2024-09-29 03:52:49.410616636,651.52
T003712,2024-10-14,S048,P0065,4,811.75,,INR,2024-11-25 00:50:36.264800549,
T003713,2024-04-21,S009,P0032,8,365.83,169.68,INR,2024-07-09 02:52:02.312482357,2756.96
T003714,2024-01-15,S028,P0011,-2,414.25,252.48,INR,2024-08-16 15:51:13.730454445,-1080.98
T003715,2024-08-02,S032,P0094,0,548.09,74.16,INR,2024-12-20 05:31:33.660488367,-74.16
T003716,2024-05-25,S003,P0037,0,863.78,230.22,INR,2024-04-01 16:20:11.629728794,-230.22
T003717,2024-12-21,S999,P0019,3,738.21,,INR,2024-05-09 22:21:58.600531816,
T003718,2024-07-17,S032,P0051,2,1603.54,100.71,INR,2024-10-08 21:08:37.736907721,3106.37
T003719,2024-04-10,S005,P0100,9,1098.48,51.84,INR,2024-05-04 10:54:00.320013046,9834.48
T003720,2024-09-15,S008,P0034,8,1193.83,280.29,INR,2024-07-01 18:47:33.485981941,9270.349999999999
T003721,2024-04-09,S014,P0071,4,1165.13,67.71,INR,2024-01-19 10:00:34.403533936,4592.81
T003722,2024-11-26,S003,P0060,0,857.67,83.76,INR,2024-07-25 09:38:24.703084469,-83.76
T003723,2024-05-16,S024,P0084,8,1962.92,99.45,INR,2024-08-16 18:38:05.846263885,15603.91
T003724,2024-07-19,S013,P0053,-2,170.92,85.4,INR,2024-01-31 03:36:55.509832144,-427.24
T003725,2024-01-19,S043,P0012,8,510.09,48.87,INR,2024-03-30 00:34:58.805561543,4031.85
T003726,2024-06-04,S029,P0062,0,640.84,106.34,INR,2024-06-07 02:42:57.536003113,-106.34
T003727,2024-10-30,S008,P0096,5,1774.47,,INR,2024-10-12 03:40:18.135141611,
T003728,2024-10-21,S999,P0066,2,1845.85,165.53,INR,2024-01-08 21:42:54.748149633,3526.1699999999996
T003729,2024-03-22,S042,P0086,0,1707.6,,INR,2024-04-30 22:37:17.898068190,
T003730,2024-03-23,S031,P0048,5,892.21,233.82,INR,2024-01-02 18:51:32.755971909,4227.2300000000005
T003731,2024-10-25,S026,P0040,3,1837.79,93.46,INR,2024-07-09 06:26:01.437241554,5419.91
T003732,2024-12-05,S018,P0024,0,287.17,275.38,INR,2024-07-01 01:16:30.774179459,-275.38
T003733,2024-02-04,S018,P0050,2,1339.63,98.87,INR,2024-10-02 17:03:23.937964678,2580.3900000000003
T003734,2024-06-13,S007,P0095,-2,1880.73,258.86,INR,2024-01-02 10:20:08.091225147,-4020.32
T003735,2024-05-03,S048,P0068,3,1534.31,105.76,INR,2024-10-03 22:19:52.682905436,4497.17
T003736,2024-11-13,S038,P0088,9,627.95,151.75,INR,2024-11-21 07:08:56.756638527,5499.8
T003737,2024-01-31,S048,P0043,6,1463.26,111.71,INR,2024-04-25 20:36:00.857525826,8667.85
T003738,2024-03-18,S016,P0017,9,660.05,116.13,INR,2024-05-01 19:07:38.432119131,5824.32
T003739,2024-10-01,S033,P0083,4,312.01,185.57,INR,2024-01-01 09:21:57.081436396,1062.47
T003740,2024-01-19,S999,P0055,8,1462.72,,INR,2024-06-05 15:01:43.689134121,
T003741,2024-06-28,S003,P0034,5,440.53,,INR,2024-08-11 18:00:11.465230465,
T003742,2024-06-10,S038,P0097,3,311.02,,INR,2024-02-14 18:48:25.194509268,
T003743,2024-05-02,S004,P0070,8,1148.34,65.05,INR,2024-08-27 20:45:52.317561150,9121.67
T003744,2024-05-24,S036,P0060,2,1279.19,296.87,INR,2024-05-13 11:54:20.854473352,2261.51
T003745,2024-07-12,S004,P0051,9,197.01,205.13,INR,2024-09-02 15:27:41.448111057,1567.96
T003746,2024-02-28,S042,P0100,3,108.49,112.43,INR,2024-04-01 15:36:43.801804304,213.03999999999996
T003747,2024-07-27,S009,P0077,4,1775.93,290.46,INR,2024-10-09 17:54:08.378444672,6813.26
T003748,2024-10-20,S040,P0073,6,318.98,287.54,INR,2024-07-19 07:57:03.855603933,1626.3400000000001
T003749,2024-10-04,S999,P0035,5,1209.41,23.86,INR,2024-07-13 14:47:15.634805679,6023.1900000000005
T003750,2024-02-26,S017,P0034,2,1911.74,5.95,INR,2024-06-27 04:16:12.191349745,3817.53
T003751,2024-02-24,S017,P0016,4,1072.63,13.34,INR,2024-11-03 07:41:59.089595795,4277.18
T003752,2024-04-07,S033,P0082,5,365.62,205.59,INR,2024-07-21 07:16:16.254046679,1622.51
T003753,2024-05-11,S020,P0018,-2,847.62,213.26,INR,2024-02-28 06:05:21.832362652,-1908.5
T003754,2024-05-29,S014,P0038,5,1285.68,217.21,INR,2024-08-16 10:03:40.881617785,6211.1900000000005
T003755,2024-09-05,S022,P0043,8,1549.4,189.07,INR,2024-07-06 15:23:56.203849077,12206.130000000001
T003756,2024-01-21,S027,P0032,4,1253.18,85.65,INR,2024-01-26 03:51:05.319180965,4927.070000000001
T003757,2024-01-13,S043,P0007,8,165.2,50.14,INR,2024-07-31 02:16:09.660064697,1271.4599999999998
T003758,2024-05-23,S003,P0087,9,371.9,,INR,2024-01-29 23:24:36.086521864,
T003759,2024-09-11,S024,P0087,9,806.42,273.94,INR,2024-09-21 13:31:37.433125019,6983.84
T003760,2024-03-11,S030,P0046,-1,1440.86,72.75,INR,2024-08-26 23:52:46.146891594,-1513.61
T003761,2024-08-22,S008,P0061,-1,1210.22,50.38,INR,2024-06-29 00:55:34.705729246,-1260.6000000000001
T003762,2024-04-04,S022,P0018,9,184.92,,INR,2024-09-30 07:21:01.596012115,
T003763,2024-11-19,S025,P0071,3,1614.08,14.52,INR,2024-04-12 11:18:18.601489067,4827.719999999999
T003764,2024-11-22,S010,P0040,0,1249.74,48.64,INR,2024-06-11 22:41:35.320863247,-48.64
T003765,2024-04-18,S049,P0088,-2,1785.59,114.09,INR,2024-01-06 13:55:33.801073790,-3685.27
T003766,2024-03-24,S029,P0078,5,893.54,,INR,2024-12-26 17:26:57.994624376,
T003767,2024-05-30,S040,P0050,4,1031.38,221.05,INR,2024-01-21 12:47:25.349809885,3904.4700000000003
T003768,2024-03-28,S001,P0005,1,870.55,271.49,INR,2024-02-08 03:01:41.487784386,599.06
T003769,2024-09-02,S021,P0054,-2,1472.66,272.74,INR,2024-06-29 15:11:52.024048328,-3218.0600000000004
T003770,2024-10-28,S039,P0086,-1,1529.05,181.28,INR,2024-05-17 04:54:45.627990961,-1710.33
T003771,2024-09-02,S024,P0058,6,1474.16,211.05,INR,2024-07-13 07:22:27.829485416,8633.910000000002
T003772,2024-10-27,S009,P0022,1,654.04,148.21,INR,2024-10-31 18:42:00.098813772,505.8299999999999
T003773,2024-05-24,S044,P0074,0,1308.46,,INR,2024-02-27 21:31:01.121141195,
T003774,2024-02-27,S026,P0090,5,743.2,190.51,INR,2024-08-21 10:17:49.304168463,3525.49
T003775,2024-09-26,S009,P0079,1,1684.98,104.99,INR,2024-01-07 13:59:24.148602724,1579.99
T003776,2024-05-11,S020,P0038,4,204.72,1.74,INR,2024-10-15 08:47:26.325964212,817.14
T003777,2024-09-02,S035,P0049,2,171.67,,INR,2024-10-24 16:54:52.590083122,
T003778,2024-04-08,S036,P0001,2,293.25,59.51,INR,2024-05-18 11:20:58.210604429,526.99
T003779,2024-01-30,S042,P0078,8,484.49,,INR,2024-03-04 06:23:57.349434137,
T003780,2024-12-28,S036,P0036,3,171.51,280.18,INR,2024-10-23 00:53:42.007545471,234.34999999999997
T003781,2024-02-27,S009,P0095,9,236.07,48.65,INR,2024-11-27 20:40:16.146523237,2075.98
T003782,2024-12-26,S022,P0028,1,681.51,8.82,INR,2024-01-28 11:41:12.324105740,672.6899999999999
T003783,2024-12-22,S001,P0098,-1,289.6,1.21,INR,2024-07-30 15:06:26.417496920,-290.81
T003784,2024-10-16,S005,P0035,3,1623.94,273.91,INR,2024-12-08 10:13:55.243371725,4597.91
T003785,2024-08-28,S009,P0060,2,202.35,45.61,INR,2024-08-22 23:07:34.221928835,359.09
T003786,2024-07-29,S037,P0062,0,1825.07,130.6,INR,2024-10-26 10:00:17.887823105,-130.6
T003787,2024-11-12,S038,P0087,1,1754.6,17.15,INR,2024-03-24 21:14:24.932844400,1737.4499999999998
T003788,2024-04-15,S019,P0046,0,495.93,112.0,INR,2024-02-07 08:27:28.333570004,-112.0
T003789,2024-06-19,S008,P0083,0,235.9,,INR,2024-05-17 07:24:22.835494995,
T003790,2024-08-14,S042,P0082,1,300.52,122.0,INR,2024-05-24 05:09:53.933474779,178.51999999999998
T003791,2024-05-30,S043,P0079,-1,1162.27,232.67,INR,2024-10-13 23:08:39.587642431,-1394.94
T003792,2024-06-05,S032,P0061,1,1241.74,206.65,INR,2024-05-28 07:08:22.764630795,1035.09
T003793,2024-04-30,S013,P0065,7,699.61,155.19,INR,2024-03-27 08:38:08.696654320,4742.080000000001
T003794,2024-07-24,S020,P0089,8,663.98,,INR,2024-11-19 12:20:34.421019554,
T003795,2024-11-06,S036,P0026,-1,1109.85,,INR,2024-10-12 16:03:07.089961767,
T003796,2024-03-14,S043,P0035,7,680.69,237.9,INR,2024-08-31 13:33:44.404367924,4526.93
T003797,2024-12-07,S044,P0057,5,1875.21,207.52,INR,2024-03-16 14:18:24.385471344,9168.529999999999
T003798,2024-09-08,S037,P0079,7,827.0,210.55,INR,2024-03-15 18:09:12.096943617,5578.45
T003799,2024-10-27,S030,P0063,2,517.65,48.33,INR,2024-06-28 08:16:18.195104599,986.9699999999999
T003800,2024-07-22,S010,P0004,4,377.33,285.2,INR,2024-07-12 18:51:59.196814537,1224.12
T003801,2024-10-11,S031,P0079,8,1300.25,61.7,INR,2024-04-03 11:23:41.845392227,10340.3
T003802,2024-01-06,S025,P0042,1,720.66,104.69,INR,2024-02-15 00:43:28.961066484,615.97
T003803,2024-10-25,S029,P0045,7,458.71,155.4,INR,2024-05-12 13:39:52.352245808,3055.5699999999997
T003804,2024-01-15,S024,P0039,3,624.05,37.85,INR,2024-06-05 14:46:08.398235083,1834.3
T003805,2024-11-20,S039,P0065,9,684.97,178.07,INR,2024-01-20 04:15:57.542654514,5986.660000000001
T003806,2024-12-28,S021,P0022,7,1289.08,54.8,INR,2024-07-25 02:14:42.001411438,8968.76
T003807,2024-04-17,S041,P0011,1,431.89,277.01,INR,2024-01-01 17:36:48.387690067,154.88
T003808,2024-03-17,S009,P0037,3,1492.33,266.6,INR,2024-02-25 04:16:30.275457144,4210.389999999999
T003809,2024-10-06,S042,P0090,-2,679.28,163.33,INR,2024-02-23 15:21:57.861599684,-1521.8899999999999
T003810,2024-04-02,S042,P0051,3,1027.79,,INR,2024-09-07 22:58:41.692076921,
T003811,2024-11-11,S002,P0091,3,1344.19,30.78,INR,2024-06-26 08:24:41.767818928,4001.79
T003812,2024-02-07,S004,P0058,-1,1132.88,246.99,INR,2024-11-01 03:40:41.045061111,-1379.8700000000001
T003813,2024-02-15,S008,P0077,9,1358.24,113.81,INR,2024-04-06 16:04:26.842419386,12110.35
T003814,2024-12-23,S032,P0007,7,712.93,,INR,2024-03-17 20:37:53.620547295,
T003815,2024-09-02,S014,P0008,7,1930.55,298.59,INR,2024-10-20 01:21:39.577844381,13215.26
T003816,2024-11-05,S049,P0051,6,972.08,200.49,INR,2024-06-11 03:13:40.040498257,5631.990000000001
T003817,2024-04-28,S013,P0023,3,711.67,22.16,INR,2024-04-10 02:15:37.260302544,2112.85
T003818,2024-09-03,S021,P0090,9,663.15,240.39,INR,2024-06-01 15:57:20.945214033,5727.959999999999
T003819,2024-08-04,S024,P0091,8,181.12,,INR,2024-06-04 05:23:45.876959801,
T003820,2024-08-08,S050,P0009,4,1401.13,120.36,INR,2024-07-27 19:39:47.101361275,5484.160000000001
T003821,2024-09-06,S018,P0046,-1,598.78,37.11,INR,2024-01-14 17:57:25.388050318,-635.89
T003822,2024-07-29,S045,P0038,-1,1921.97,149.23,INR,2024-03-31 12:02:00.872844696,-2071.2
T003823,2024-06-05,S040,P0013,-1,499.85,229.0,INR,2024-06-19 09:59:31.838973522,-728.85
T003824,2024-04-10,S026,P0007,7,1106.03,22.8,INR,2024-07-16 22:29:14.143161535,7719.41
T003825,2024-10-07,S032,P0011,8,1497.39,49.03,INR,2024-02-27 22:41:56.782202244,11930.09
T003826,2024-03-23,S044,P0074,6,1753.22,185.68,INR,2024-03-11 16:07:56.894650459,10333.64
T003827,2024-09-09,S033,P0097,0,397.28,167.86,INR,2024-09-22 13:48:05.745472193,-167.86
T003828,2024-03-26,S031,P0050,1,1972.26,271.53,INR,2024-10-13 17:28:50.637664318,1700.73
T003829,2024-08-16,S018,P0067,-2,1822.82,244.44,INR,2024-01-28 10:14:53.732803345,-3890.08
T003830,2024-09-29,S035,P0041,-2,1929.41,275.65,INR,2024-12-27 09:06:05.023509502,-4134.47
T003831,2024-03-20,S012,P0029,1,1720.07,139.79,INR,2024-06-07 02:09:53.774869442,1580.28
T003832,2024-01-22,S999,P0037,-1,1767.57,236.34,INR,2024-08-01 19:10:41.603713751,-2003.9099999999999
T003833,2024-02-17,S025,P0056,5,1237.77,14.62,INR,2024-08-04 16:22:53.665976286,6174.2300000000005
T003834,2024-08-09,S045,P0080,1,1706.09,88.35,INR,2024-05-06 07:09:02.248968840,1617.74
T003835,2024-11-06,S031,P0016,0,1114.63,193.28,INR,2024-07-17 20:21:56.689804792,-193.28
T003836,2024-01-17,S010,P0044,0,1122.61,229.11,INR,2024-07-31 22:36:07.975994110,-229.11
T003837,2024-09-24,S047,P0050,3,1168.9,171.15,INR,2024-10-04 16:16:56.094757318,3335.55
T003838,2024-05-04,S034,P0071,9,1993.0,144.22,INR,2024-08-29 13:18:06.078926086,17792.78
T003839,2024-06-23,S999,P0079,3,298.35,69.98,INR,2024-06-12 00:53:29.615963697,825.07
T003840,2024-12-05,S003,P0006,3,1630.66,52.26,INR,2024-03-10 20:03:22.171350718,4839.72
T003841,2024-05-01,S046,P0018,3,619.29,262.64,INR,2024-01-10 04:24:06.408661366,1595.23
T003842,2024-06-18,S039,P0019,5,786.33,42.66,INR,2024-08-25 22:14:24.600790262,3888.9900000000002
T003843,2024-01-05,S008,P0051,5,253.01,130.59,INR,2024-06-23 08:41:40.716239929,1134.46
T003844,2024-01-30,S032,P0066,6,767.99,266.54,INR,2024-12-18 09:59:48.754076958,4341.400000000001
T003845,2024-04-04,S043,P0003,-2,1982.45,44.31,INR,2024-02-05 21:15:20.681025982,-4009.21
T003846,2024-01-11,S029,P0089,7,854.43,38.26,INR,2024-01-27 12:10:45.206816435,5942.749999999999
T003847,2024-08-18,S022,P0100,5,1372.41,207.75,INR,2024-03-07 03:59:58.077961922,6654.3
T003848,2024-06-04,S020,P0054,2,329.36,99.47,INR,2024-05-17 13:03:53.141530752,559.25
T003849,2024-07-19,S006,P0049,0,1852.74,130.71,INR,2024-03-04 22:31:48.492552042,-130.71
T003850,2024-03-04,S043,P0028,8,1672.72,187.68,INR,2024-06-18 07:17:30.221790314,13194.08
T003851,2024-04-18,S049,P0038,7,833.96,113.69,INR,2024-05-03 23:50:29.144321203,5724.030000000001
T003852,2024-08-30,S029,P0028,0,762.08,239.95,INR,2024-12-30 19:33:30.676932812,-239.95
T003853,2024-12-18,S042,P0032,3,921.31,290.7,INR,2024-12-18 20:19:10.733929396,2473.23
T003854,2024-01-19,S017,P0041,5,862.39,279.92,INR,2024-05-13 03:47:13.887114286,4032.0299999999997
T003855,2024-11-20,S031,P0036,7,590.3,,INR,2024-10-16 02:47:28.410460234,
T003856,2024-07-29,S034,P0036,-1,1982.61,106.44,INR,2024-03-29 04:50:00.723093033,-2089.0499999999997
T003857,2024-07-24,S038,P0087,9,1640.04,130.12,INR,2024-01-22 01:51:38.049509287,14630.24
T003858,2024-07-01,S037,P0066,6,609.05,99.05,INR,2024-01-15 18:40:31.040270805,3555.2499999999995
T003859,2024-01-26,S004,P0010,2,1965.28,132.52,INR,2024-01-11 15:35:28.609824181,3798.04
T003860,2024-02-02,S002,P0070,2,129.51,3.89,INR,2024-09-25 14:47:30.621536016,255.13
T003861,2024-08-07,S012,P0072,-2,932.01,16.56,INR,2024-05-04 21:52:14.256253481,-1880.58
T003862,2024-05-04,S035,P0079,3,1182.02,231.4,INR,2024-10-27 16:47:37.612879992,3314.66
T003863,2024-11-30,S006,P0093,8,171.41,100.44,INR,2024-11-14 22:47:07.013322115,1270.84
T003864,2024-05-28,S046,P0063,8,405.97,238.32,INR,2024-04-21 12:13:34.842391729,3009.44
T003865,2024-02-22,S008,P0092,2,590.45,143.98,INR,2024-04-15 12:53:52.782668352,1036.92
T003866,2024-09-17,S021,P0022,4,1468.43,241.78,INR,2024-04-22 09:26:59.043673515,5631.9400000000005
T003867,2024-04-17,S046,P0098,4,1885.51,199.08,INR,2024-06-22 12:55:50.156580687,7342.96
T003868,2024-07-10,S035,P0020,1,1286.62,60.3,INR,2024-01-06 19:40:33.772783756,1226.32
T003869,2024-09-11,S048,P0033,2,1169.06,134.32,INR,2024-01-04 22:58:54.848958492,2203.7999999999997
T003870,2024-11-24,S015,P0015,7,1119.84,211.3,INR,2024-09-25 10:46:11.124474525,7627.579999999999
T003871,2024-10-16,S007,P0007,5,766.34,99.19,INR,2024-10-21 23:54:19.198559523,3732.51
T003872,2024-09-03,S015,P0088,-1,1672.66,57.99,INR,2024-03-15 12:09:15.781396866,-1730.65
T003873,2024-09-05,S045,P0090,-2,1127.46,161.96,INR,2024-08-04 18:21:47.119893074,-2416.88
T003874,2024-12-11,S006,P0050,3,537.2,,INR,2024-03-19 20:13:41.932613373,
T003875,2024-04-17,S047,P0010,8,359.98,178.3,INR,2024-09-24 23:42:34.186890364,2701.54
T003876,2024-01-01,S017,P0079,1,1972.47,81.52,INR,2024-06-02 11:43:50.865505457,1890.95
T003877,2024-04-09,S004,P0037,7,133.2,271.97,INR,2024-10-27 07:19:55.801394463,660.4299999999998
T003878,2024-03-20,S022,P0059,0,1873.54,103.17,INR,2024-12-12 05:12:21.858340979,-103.17
T003879,2024-08-29,S032,P0088,4,514.78,272.24,INR,2024-07-21 17:45:32.865172625,1786.8799999999999
T003880,2024-08-19,S022,P0075,5,1349.34,83.84,INR,2024-11-24 17:50:50.843996286,6662.86
T003881,2024-08-04,S027,P0063,8,672.91,181.34,INR,2024-01-13 08:00:39.870492697,5201.94
T003882,2024-01-06,S046,P0021,9,1733.64,39.07,INR,2024-06-17 21:10:32.039999485,15563.69
T003883,2024-09-23,S015,P0079,1,1132.55,233.51,INR,2024-07-02 18:37:19.480658531,899.04
T003884,2024-04-28,S044,P0079,9,368.01,60.07,INR,2024-05-31 18:31:05.501521110,3252.02
T003885,2024-08-30,S999,P0037,9,612.69,259.21,INR,2024-04-24 22:01:05.880899906,5255.000000000001
T003886,2024-07-22,S022,P0045,7,708.61,135.73,INR,2024-09-20 21:08:53.717952013,4824.540000000001
T003887,2024-05-05,S028,P0014,9,1783.25,28.36,INR,2024-07-20 17:29:46.474331141,16020.89
T003888,2024-02-19,S042,P0043,8,1556.8,109.06,INR,2024-01-31 01:58:03.253431081,12345.34
T003889,2024-02-04,S038,P0085,8,1676.22,233.92,INR,2024-12-13 00:14:29.460072756,13175.84
T003890,2024-10-30,S009,P0084,3,199.28,22.89,INR,2024-11-19 22:39:05.391906977,574.95
T003891,2024-12-01,S034,P0033,8,1199.69,187.72,INR,2024-05-09 00:22:57.855450392,9409.800000000001
T003892,2024-08-25,S036,P0003,8,1998.44,152.18,INR,2024-03-30 20:41:05.210497618,15835.34
T003893,2024-02-07,S009,P0087,-1,1591.88,92.96,INR,2024-08-17 09:24:53.335227251,-1684.8400000000001
T003894,2024-05-26,S015,P0044,5,329.34,226.69,INR,2024-01-16 19:22:28.796845913,1420.0099999999998
T003895,2024-09-23,S045,P0087,3,1389.75,15.73,INR,2024-06-30 00:54:14.386693954,4153.52
T003896,2024-10-11,S020,P0091,8,1516.12,149.29,INR,2024-09-02 12:11:52.749667406,11979.669999999998
T003897,2024-02-13,S008,P0035,6,1077.07,152.06,INR,2024-05-28 10:33:46.441725016,6310.36
T003898,2024-01-01,S028,P0025,8,249.63,25.92,INR,2024-12-20 21:16:26.210042477,1971.12
T003899,2024-09-16,S999,P0096,3,165.9,40.81,INR,2024-09-19 09:15:24.445903540,456.89000000000004
T003900,2024-05-10,S019,P0086,3,1881.84,122.9,INR,2024-12-06 22:25:29.171084642,5522.62
T003901,2024-04-02,S016,P0008,9,589.28,160.96,INR,2024-11-27 09:07:36.750793219,5142.5599999999995
T003902,2024-01-05,S011,P0062,-1,820.04,15.96,INR,2024-02-18 01:40:01.633058310,-836.0
T003903,2024-07-16,S042,P0018,2,1611.03,,INR,2024-09-01 01:11:30.969017267,
T003904,2024-11-06,S008,P0092,6,1409.6,57.78,INR,2024-08-05 18:58:48.614348888,8399.819999999998
T003905,2024-12-15,S033,P0028,-2,1940.27,146.34,INR,2024-01-21 00:19:01.881079197,-4026.88
T003906,2024-07-25,S010,P0075,1,276.39,12.08,INR,2024-04-26 00:41:27.661261559,264.31
T003907,2024-07-06,S018,P0012,7,1443.15,219.97,INR,2024-07-14 02:54:28.082647800,9882.080000000002
T003908,2024-02-01,S035,P0064,7,256.23,45.58,INR,2024-07-19 01:50:00.659039259,1748.0300000000002
T003909,2024-07-19,S043,P0002,0,100.31,231.78,INR,2024-10-24 03:19:12.653345108,-231.78
T003910,2024-05-18,S050,P0059,-2,328.44,61.42,INR,2024-08-02 11:42:15.594143867,-718.3
T003911,2024-08-09,S003,P0037,-2,1271.78,103.99,INR,2024-06-19 06:35:48.589094400,-2647.5499999999997
T003912,2024-05-21,S040,P0004,-2,1384.77,,INR,2024-10-01 11:09:51.661705017,
T003913,2024-03-28,S027,P0041,-2,932.85,,INR,2024-07-27 08:59:46.055543184,
T003914,2024-02-04,S028,P0045,-1,187.53,7.09,INR,2024-11-18 13:42:28.150042534,-194.62
T003915,2024-04-24,S046,P0034,8,1304.71,,INR,2024-11-26 11:52:49.828039169,
T003916,2024-02-05,S006,P0087,2,263.05,85.94,INR,2024-08-08 14:26:13.759498596,440.16
T003917,2024-03-05,S047,P0013,-1,369.28,40.81,INR,2024-07-24 23:34:47.317104101,-410.09
T003918,2024-12-26,S014,P0007,1,1073.89,39.76,INR,2024-09-12 23:12:49.531860113,1034.13
T003919,2024-06-11,S007,P0032,6,746.71,292.38,INR,2024-09-21 19:29:25.890500069,4187.88
T003920,2024-07-13,S010,P0023,0,983.03,36.92,INR,2024-09-22 09:59:52.517338991,-36.92
T003921,2024-11-14,S015,P0049,-1,1306.65,103.96,INR,2024-08-14 13:23:20.154399395,-1410.6100000000001
T003922,2024-12-29,S031,P0072,1,404.01,20.29,INR,2024-10-05 10:14:49.937593460,383.71999999999997
T003923,2024-07-31,S029,P0047,6,1796.86,220.64,INR,2024-02-22 14:27:09.048915625,10560.52
T003924,2024-10-23,S042,P0037,1,1163.01,179.03,INR,2024-10-26 20:06:35.940318346,983.98
T003925,2024-04-29,S017,P0098,9,141.98,,INR,2024-04-23 07:23:16.523969649,
T003926,2024-04-21,S999,P0048,2,1294.06,256.75,INR,2024-11-19 06:37:28.861621141,2331.37
T003927,2024-05-26,S029,P0029,1,980.04,172.0,INR,2024-02-18 02:47:52.516405582,808.04
T003928,2024-09-02,S049,P0037,5,1433.11,286.66,INR,2024-01-02 07:33:47.536649942,6878.889999999999
T003929,2024-09-05,S044,P0023,1,1589.66,186.83,INR,2024-01-06 17:17:31.799573898,1402.8300000000002
T003930,2024-04-25,S015,P0038,-1,1883.81,106.3,INR,2024-03-17 17:00:02.768302917,-1990.11
T003931,2024-02-18,S026,P0093,9,1996.86,11.02,INR,2024-02-11 12:39:56.544513702,17960.719999999998
T003932,2024-08-18,S012,P0044,1,1144.27,217.58,INR,2024-07-21 04:16:34.114005804,926.6899999999999
T003933,2024-02-16,S025,P0005,-1,1166.87,112.09,INR,2024-06-12 16:06:28.156515121,-1278.9599999999998
T003934,2024-07-30,S041,P0052,6,142.65,179.76,INR,2024-08-09 05:01:19.998124361,676.1400000000001
T003935,2024-09-10,S005,P0040,8,1743.82,262.9,INR,2024-03-11 07:40:33.409167051,13687.66
T003936,2024-09-12,S004,P0011,5,154.56,2.3,INR,2024-10-02 03:37:47.070771217,770.5
T003937,2024-10-02,S044,P0078,6,1302.06,227.88,INR,2024-08-10 19:42:28.322490454,7584.48
T003938,2024-11-14,S048,P0002,1,287.3,130.59,INR,2024-03-21 17:39:43.515962838,156.71
T003939,2024-07-01,S041,P0035,-2,643.09,37.22,INR,2024-05-25 14:34:58.157037735,-1323.4
T003940,2024-09-23,S031,P0045,0,366.63,174.74,INR,2024-09-19 03:28:47.827293158,-174.74
T003941,2024-08-13,S003,P0049,4,361.05,159.78,INR,2024-09-05 08:02:49.556617737,1284.42
T003942,2024-03-09,S003,P0035,-2,241.74,252.69,INR,2024-07-24 06:05:02.163093805,-736.1700000000001
T003943,2024-01-10,S026,P0092,8,703.98,156.47,INR,2024-12-23 08:11:49.046351194,5475.37
T003944,2024-04-13,S050,P0072,5,904.94,248.21,INR,2024-02-18 02:45:57.404712677,4276.490000000001
T003945,2024-06-10,S017,P0032,6,982.5,163.35,INR,2024-06-27 05:19:28.269905329,5731.65
T003946,2024-08-13,S010,P0068,5,935.45,134.08,INR,2024-08-15 18:32:41.202893019,4543.17
T003947,2024-11-06,S002,P0071,2,1095.01,111.36,INR,2024-12-28 19:40:02.231995344,2078.66
T003948,2024-03-12,S024,P0039,9,1733.6,,INR,2024-07-17 01:05:33.835468292,
T003949,2024-02-15,S011,P0048,8,1300.41,175.21,INR,2024-06-10 11:09:54.374453068,10228.070000000002
T003950,2024-12-17,S024,P0091,9,132.84,163.28,INR,2024-12-02 15:16:35.797192812,1032.28
T003951,2024-02-09,S035,P0037,6,428.61,292.72,INR,2024-07-03 19:54:55.565396786,2278.9399999999996
T003952,2024-06-23,S023,P0060,1,763.0,,INR,2024-12-08 19:38:01.203035831,
T003953,2024-08-01,S032,P0081,6,1903.18,126.46,INR,2024-09-30 21:35:06.523715972,11292.62
T003954,2024-07-16,S023,P0074,-2,248.35,49.16,INR,2024-03-02 06:42:50.948684216,-545.86
T003955,2024-02-01,S034,P0004,9,1449.23,179.27,INR,2024-03-02 02:59:57.190822840,12863.8
T003956,2024-01-21,S041,P0023,8,162.88,254.36,INR,2024-04-26 01:27:00.763299227,1048.6799999999998
T003957,2024-02-08,S019,P0014,0,788.82,74.38,INR,2024-01-25 16:45:15.408401966,-74.38
T003958,2024-08-01,S002,P0005,1,1563.28,,INR,2024-07-17 00:39:28.225795746,
T003959,2024-07-17,S999,P0066,8,753.47,207.44,INR,2024-11-09 19:20:34.761507750,5820.320000000001
T003960,2024-03-26,S002,P0024,7,917.54,9.41,INR,2024-05-26 00:12:56.683331013,6413.37
T003961,2024-08-20,S015,P0018,-2,1820.08,122.78,INR,2024-08-24 15:15:13.522069216,-3762.94
T003962,2024-10-26,S021,P0027,9,225.72,183.81,INR,2024-12-24 05:47:06.068975687,1847.67
T003963,2024-01-16,S035,P0024,3,1102.56,115.8,INR,2024-03-11 17:06:46.173797607,3191.8799999999997
T003964,2024-06-30,S005,P0029,1,795.85,78.17,INR,2024-05-10 16:39:22.953315973,717.6800000000001
T003965,2024-09-08,S043,P0011,1,1931.24,239.78,INR,2024-01-10 02:54:38.320133209,1691.46
T003966,2024-04-02,S027,P0018,-2,1608.01,90.28,INR,2024-03-25 15:23:28.910199165,-3306.3
T003967,2024-04-22,S024,P0004,2,331.95,54.01,INR,2024-10-11 11:42:53.169354439,609.89
T003968,2024-08-11,S007,P0033,6,1862.08,116.52,INR,2024-08-27 15:43:49.358654499,11055.96
T003969,2024-11-23,S006,P0078,3,501.31,39.5,INR,2024-10-13 02:09:38.721524954,1464.43
T003970,2024-10-22,S046,P0042,5,261.15,207.12,INR,2024-06-04 05:44:47.269370079,1098.63
T003971,2024-07-31,S033,P0032,8,1129.03,213.02,INR,2024-09-25 12:08:58.640125036,8819.22
T003972,2024-09-23,S049,P0051,1,1499.6,4.43,INR,2024-08-06 20:07:12.270991802,1495.1699999999998
T003973,2024-05-13,S017,P0004,6,1460.5,208.46,INR,2024-04-29 20:56:39.460919857,8554.54
T003974,2024-08-21,S046,P0020,4,1114.71,89.7,INR,2024-05-30 12:39:24.271970034,4369.14
T003975,2024-06-19,S042,P0085,4,1036.2,196.86,INR,2024-07-16 14:03:17.789417982,3947.94
T003976,2024-03-10,S030,P0067,5,1942.13,211.95,INR,2024-12-15 02:22:07.538172245,9498.7
T003977,2024-09-13,S008,P0089,-1,1659.06,83.33,INR,2024-12-05 22:43:55.152027369,-1742.3899999999999
T003978,2024-07-22,S040,P0068,9,1427.42,55.62,INR,2024-12-26 01:32:31.816836119,12791.16
T003979,2024-05-10,S046,P0062,3,470.9,247.91,INR,2024-01-06 23:46:00.183907032,1164.7899999999997
T003980,2024-11-28,S007,P0058,4,1657.56,221.76,INR,2024-09-18 18:29:43.261078119,6408.48
T003981,2024-01-08,S006,P0047,0,1524.58,251.14,INR,2024-11-22 13:10:54.312254906,-251.14
T003982,2024-04-25,S004,P0075,5,1984.85,,INR,2024-09-26 20:08:31.489146233,
T003983,2024-01-21,S001,P0080,-2,352.69,136.91,INR,2024-05-31 23:40:15.999907255,-842.29
T003984,2024-10-06,S015,P0059,-2,1459.06,103.25,INR,2024-09-21 13:10:32.176966190,-3021.37
T003985,2024-09-13,S031,P0100,7,1960.26,149.72,INR,2024-06-11 02:36:27.250071049,13572.1
T003986,2024-04-30,S025,P0006,0,978.93,193.97,INR,2024-09-17 16:21:13.650342703,-193.97
T003987,2024-09-03,S047,P0095,3,1493.48,244.36,INR,2024-10-11 19:52:23.597634077,4236.080000000001
T003988,2024-05-24,S033,P0040,4,1953.2,,INR,2024-11-03 18:21:52.578406572,
T003989,2024-10-03,S035,P0077,-1,1140.22,121.63,INR,2024-09-22 17:29:37.657073021,-1261.85
T003990,2024-06-14,S005,P0023,3,1428.18,138.36,INR,2024-02-28 09:45:54.179510355,4146.18
T003991,2024-05-30,S005,P0052,9,138.16,146.4,INR,2024-12-07 17:47:37.978449106,1097.04
T003992,2024-12-07,S036,P0004,2,1087.36,162.59,INR,2024-03-18 21:17:42.963900089,2012.1299999999999
T003993,2024-04-01,S017,P0037,3,586.02,,INR,2024-05-10 12:18:06.238379955,
T003994,2024-02-13,S014,P0042,-2,349.36,,INR,2024-06-05 14:59:18.809192419,
T003995,2024-08-01,S029,P9999,7,1446.34,47.75,INR,2024-09-17 00:44:19.672518492,10076.63
T003996,2024-12-19,S008,P0044,4,174.27,213.8,INR,2024-09-12 22:49:54.792844772,483.28000000000003
T003997,2024-05-17,S034,P0097,5,1819.24,143.73,INR,2024-12-17 00:42:22.856796503,8952.470000000001
T003998,2024-01-23,S040,P0042,4,1083.77,,INR,2024-03-09 19:21:57.737361908,
T003999,2024-05-03,S001,P0029,6,1331.64,34.0,INR,2024-06-13 12:23:27.033488511,7955.84
T004000,2024-07-03,S029,P9999,-2,581.53,19.24,INR,2024-03-15 08:41:47.919343233,-1182.3
T004001,2024-02-29,S036,P0019,7,446.17,293.34,INR,2024-09-02 11:38:55.088754177,2829.85
T004002,2024-08-28,S999,P0084,6,563.13,192.71,INR,2024-03-18 18:09:01.476656914,3186.0699999999997
T004003,2024-12-30,S037,P0032,8,541.36,135.73,INR,2024-11-12 18:44:39.037397623,4195.150000000001
T004004,2024-06-13,S029,P0044,8,1742.55,228.53,INR,2024-12-24 16:48:25.595512390,13711.869999999999
T004005,2024-05-09,S005,P0055,0,1595.94,27.34,INR,2024-04-25 15:31:12.378236532,-27.34
T004006,2024-05-26,S032,P0080,-1,1720.2,182.23,INR,2024-09-26 20:48:36.485324621,-1902.43
T004007,2024-02-12,S024,P0005,3,1496.26,198.18,INR,2024-07-13 11:20:04.368036747,4290.599999999999
T004008,2024-11-18,S019,P0046,8,1322.75,135.62,INR,2024-05-11 03:17:06.715159178,10446.38
T004009,2024-05-31,S012,P0076,2,1102.96,75.78,INR,2024-03-10 19:08:38.546985865,2130.14
T004010,2024-05-21,S001,P0045,1,604.42,,INR,2024-09-19 12:15:46.462574005,
T004011,2024-08-28,S007,P0021,1,1440.19,90.34,INR,2024-02-27 22:35:21.113257408,1349.8500000000001
T004012,2024-06-10,S017,P0078,5,359.51,37.44,INR,2024-04-12 10:23:04.656280994,1760.11
T004013,2024-08-24,S034,P9999,7,1071.02,,INR,2024-12-01 15:47:49.403726101,
T004014,2024-01-23,S043,P0022,0,471.02,172.3,INR,2024-07-04 13:16:25.272306204,-172.3
T004015,2024-10-24,S007,P0030,-2,1059.04,226.43,INR,2024-11-07 17:46:52.068036079,-2344.5099999999998
T004016,2024-12-09,S017,P0023,2,658.42,226.13,INR,2024-10-07 03:41:09.055639982,1090.71
T004017,2024-08-24,S003,P0005,5,201.61,186.07,INR,2024-05-17 07:51:11.057722569,821.98
T004018,2024-12-14,S029,P0063,0,1057.05,62.26,INR,2024-03-20 13:53:39.204047441,-62.26
T004019,2024-02-25,S022,P0093,-1,445.48,266.14,INR,2024-02-06 11:13:05.876383781,-711.62
T004020,2024-06-23,S038,P0059,-2,406.19,74.48,INR,2024-12-16 15:05:59.632906199,-886.86
T004021,2024-08-07,S043,P0094,1,830.3,28.2,INR,2024-04-28 12:23:00.075407505,802.0999999999999
T004022,2024-07-31,S029,P0082,8,787.4,90.45,INR,2024-09-02 16:29:05.967507362,6208.75
T004023,2024-05-26,S050,P0052,-1,1747.22,144.97,INR,2024-09-23 13:24:45.272203445,-1892.19
T004024,2024-05-03,S050,P0065,5,1172.81,62.15,INR,2024-03-13 03:42:12.374679565,5801.9
T004025,2024-02-16,S042,P0039,8,1723.68,100.1,INR,2024-09-10 05:42:48.695961237,13689.34
T004026,2024-05-22,S005,P0081,7,378.99,154.11,INR,2024-01-04 09:33:54.700253725,2498.82
T004027,2024-02-29,S030,P0003,9,778.89,96.88,INR,2024-06-01 15:27:25.558741331,6913.13
T004028,2024-09-25,S023,P0042,6,1155.13,26.8,INR,2024-05-07 21:33:56.928675890,6903.9800000000005
T004029,2024-03-17,S021,P0071,7,390.94,59.16,INR,2024-12-06 11:26:54.407913685,2677.42
T004030,2024-01-22,S026,P0027,-2,343.31,238.26,INR,2024-12-25 21:34:48.194416761,-924.88
T004031,2024-07-20,S047,P0028,-1,1356.66,286.3,INR,2024-04-15 02:19:59.636046171,-1642.96
T004032,2024-08-05,S021,P0054,3,1342.28,44.53,INR,2024-08-10 15:37:45.745376587,3982.31
T004033,2024-11-14,S020,P0095,7,544.9,204.31,INR,2024-09-29 00:07:19.259071589,3609.99
T004034,2024-07-29,S023,P0015,9,531.53,271.67,INR,2024-03-10 18:03:00.087663412,4512.099999999999
T004035,2024-05-06,S004,P0053,4,1516.35,89.74,INR,2024-09-07 14:42:28.277017832,5975.66
T004036,2024-10-20,S021,P0072,-1,322.28,248.84,INR,2024-04-04 01:27:23.850187302,-571.12
T004037,2024-07-16,S021,P0070,5,1854.2,271.48,INR,2024-03-02 15:12:14.250937939,8999.52
T004038,2024-01-29,S001,P0092,7,1893.1,89.85,INR,2024-11-06 11:55:22.120444059,13161.849999999999
T004039,2024-07-25,S015,P0004,6,1754.89,17.02,INR,2024-07-02 09:43:02.537008286,10512.32
T004040,2024-11-27,S017,P0094,5,500.29,275.04,INR,2024-04-18 09:24:10.954200029,2226.4100000000003
T004041,2024-05-24,S999,P0017,6,131.92,99.14,INR,2024-05-27 17:08:22.728547335,692.38
T004042,2024-04-18,S014,P0034,3,1879.71,4.12,INR,2024-05-30 19:22:35.693469524,5635.01
T004043,2024-02-22,S019,P0006,8,753.55,142.48,INR,2024-10-08 01:30:04.597360611,5885.92
T004044,2024-02-25,S050,P0036,4,689.78,34.76,INR,2024-11-19 16:00:02.930524349,2724.3599999999997
T004045,2024-06-06,S034,P0099,3,597.19,270.51,INR,2024-06-22 14:48:22.677495956,1521.0600000000002
T004046,2024-08-05,S006,P0039,4,564.62,46.5,INR,2024-04-27 20:28:58.574752092,2211.98
T004047,2024-01-30,S045,P0080,0,1495.65,91.33,INR,2024-09-22 10:50:18.073570967,-91.33
T004048,2024-12-08,S049,P0066,1,1825.0,237.14,INR,2024-11-26 10:31:35.875519276,1587.8600000000001
T004049,2024-10-02,S006,P0008,6,1593.51,241.9,INR,2024-02-11 15:23:07.031316042,9319.16
T004050,2024-08-02,S005,P0015,0,1380.81,270.38,INR,2024-10-17 20:04:17.586350203,-270.38
T004051,2024-10-29,S007,P0063,-1,646.74,149.22,INR,2024-07-22 08:49:30.609958410,-795.96
T004052,2024-01-30,S033,P0091,9,1139.23,296.02,INR,2024-11-12 16:13:14.624469519,9957.05
T004053,2024-06-23,S013,P0080,8,550.24,154.86,INR,2024-07-06 15:33:33.395303249,4247.06
T004054,2024-08-17,S999,P0065,4,311.86,237.21,INR,2024-11-10 20:09:49.987799168,1010.23
T004055,2024-10-29,S001,P0059,3,328.56,,INR,2024-07-21 09:16:47.755569935,
T004056,2024-10-12,S013,P0010,0,1247.16,282.39,INR,2024-02-22 21:10:07.017251492,-282.39
T004057,2024-04-11,S043,P0007,3,173.11,205.5,INR,2024-01-02 19:19:29.832022429,313.83000000000004
T004058,2024-12-09,S027,P0074,4,1949.18,23.13,INR,2024-08-14 07:19:13.231994629,7773.59
T004059,2024-02-15,S007,P0076,3,1991.39,32.56,INR,2024-08-04 02:53:46.422674894,5941.61
T004060,2024-11-15,S003,P0081,-2,383.91,267.24,INR,2024-03-17 17:33:39.583900452,-1035.06
T004061,2024-12-20,S025,P0012,9,911.87,242.87,INR,2024-11-06 11:31:58.044851542,7963.96
T004062,2024-03-05,S033,P0079,-2,1559.34,99.03,INR,2024-11-12 17:34:47.464287519,-3217.71
T004063,2024-09-20,S040,P0046,6,1914.63,156.48,INR,2024-10-20 12:36:14.530288934,11331.300000000001
T004064,2024-01-15,S017,P0032,3,1793.51,255.82,INR,2024-12-07 20:29:58.069188118,5124.71
T004065,2024-05-27,S045,P0032,9,584.03,31.03,INR,2024-07-03 22:22:13.301287413,5225.24
T004066,2024-07-07,S014,P0090,-1,261.87,41.44,INR,2024-09-13 08:12:17.056747913,-303.31
T004067,2024-07-30,S037,P0078,8,648.59,214.66,INR,2024-11-26 03:07:46.258899212,4974.06
T004068,2024-12-07,S023,P0090,-2,930.75,24.66,INR,2024-06-15 12:43:58.947568893,-1886.16
T004069,2024-09-02,S024,P0061,8,783.88,105.77,INR,2024-08-13 17:25:36.599429369,6165.2699999999995
T004070,2024-06-24,S029,P0069,9,1570.35,75.54,INR,2024-07-06 04:02:25.583484173,14057.609999999999
T004071,2024-10-22,S038,P0061,-1,589.8,228.09,INR,2024-12-24 21:17:20.988168716,-817.89
T004072,2024-12-12,S027,P0046,5,1731.41,0.73,INR,2024-06-08 17:37:57.472856522,8656.320000000002
T004073,2024-01-09,S038,P0068,2,528.71,34.62,INR,2024-04-25 17:11:56.128737687,1022.8000000000001
T004074,2024-12-24,S040,P0092,4,786.57,29.7,INR,2024-08-17 19:34:13.017782927,3116.5800000000004
T004075,2024-02-01,S045,P0055,4,950.84,95.42,INR,2024-04-12 10:53:39.885604620,3707.94
T004076,2024-10-24,S050,P0001,-1,653.31,69.74,INR,2024-11-09 00:17:10.273156643,-723.05
T004077,2024-04-12,S023,P0077,1,1556.11,68.48,INR,2024-11-21 15:59:50.068185806,1487.6299999999999
T004078,2024-02-18,S031,P0067,-1,878.14,111.12,INR,2024-05-05 22:49:00.199695349,-989.26
T004079,2024-06-09,S036,P0049,4,1785.35,64.21,INR,2024-05-10 19:19:08.806932211,7077.19
T004080,2024-08-23,S017,P0025,2,1930.82,31.86,INR,2024-02-01 14:50:47.176273584,3829.7799999999997
T004081,2024-05-19,S037,P0016,-2,1733.63,174.98,INR,2024-04-03 09:35:20.779499292,-3642.2400000000002
T004082,2024-01-20,S003,P0085,-1,1092.99,285.52,INR,2024-01-25 18:48:03.071839333,-1378.51
T004083,2024-08-06,S036,P0013,3,1068.64,182.15,INR,2024-10-03 09:21:20.899139166,3023.77
T004084,2024-11-25,S005,P0052,1,510.16,227.11,INR,2024-03-06 19:35:38.952139616,283.05
T004085,2024-05-19,S046,P0036,4,1225.33,291.65,INR,2024-01-29 19:28:48.330169916,4609.67
T004086,2024-03-19,S015,P0072,-1,1910.18,45.95,INR,2024-02-29 23:28:18.039529800,-1956.13
T004087,2024-06-10,S049,P0044,9,253.15,137.94,INR,2024-05-17 17:26:22.201798916,2140.41
T004088,2024-01-18,S006,P0083,-1,1529.67,174.55,INR,2024-06-03 05:02:31.294395447,-1704.22
T004089,2024-10-26,S010,P0047,9,1752.13,96.63,INR,2024-11-23 23:32:57.356757641,15672.540000000003
T004090,2024-10-28,S032,P0080,3,1974.74,183.94,INR,2024-04-12 01:23:25.269168377,5740.280000000001
T004091,2024-08-02,S023,P0076,5,736.04,187.15,INR,2024-09-18 23:17:19.543733835,3493.0499999999997
T004092,2024-05-08,S048,P0020,-2,775.59,252.67,INR,2024-11-22 15:24:52.815181732,-1803.8500000000001
T004093,2024-10-18,S017,P0018,2,536.57,249.75,INR,2024-11-08 16:41:50.030690432,823.3900000000001
T004094,2024-07-21,S046,P0054,-2,1599.22,42.76,INR,2024-03-13 14:58:09.867645502,-3241.2000000000003
T004095,2024-10-28,S020,P0012,8,366.08,50.67,INR,2024-04-12 02:20:49.964102268,2877.97
T004096,2024-08-18,S044,P0025,3,608.76,66.71,INR,2024-01-20 20:57:39.207920790,1759.57
T004097,2024-10-13,S041,P0060,4,661.0,78.37,INR,2024-06-25 09:37:35.444408894,2565.63
T004098,2024-08-06,S015,P0075,3,812.37,169.35,INR,2024-05-27 22:14:49.655772686,2267.76
T004099,2024-05-31,S044,P0086,6,901.16,,INR,2024-07-18 00:51:39.274612665,
T004100,2024-12-15,S046,P0034,0,1162.15,285.89,INR,2024-06-16 03:00:25.129083157,-285.89
T004101,2024-07-16,S022,P0013,5,1901.91,35.49,INR,2024-09-25 13:36:08.683687925,9474.060000000001
T004102,2024-08-08,S050,P0038,0,569.83,73.95,INR,2024-09-01 11:45:59.509133815,-73.95
T004103,2024-03-21,S006,P0012,8,1580.52,260.5,INR,2024-06-05 10:33:48.891233921,12383.66
T004104,2024-08-16,S004,P0036,9,1385.14,175.3,INR,2024-01-14 19:30:26.940979004,12290.960000000001
T004105,2024-07-27,S023,P0028,4,320.5,164.23,INR,2024-05-05 11:43:06.849455595,1117.77
T004106,2024-03-08,S044,P0091,2,1639.72,178.3,INR,2024-04-28 07:49:55.742921352,3101.14
T004107,2024-01-22,S045,P0039,9,272.16,75.68,INR,2024-02-02 14:46:34.027092457,2373.76
T004108,2024-08-08,S019,P0077,-2,1503.96,228.43,INR,2024-04-21 01:05:46.534109354,-3236.35
T004109,2024-10-05,S045,P0043,8,1459.99,,INR,2024-12-26 09:19:15.993254900,
T004110,2024-07-10,S031,P0091,9,1409.86,12.78,INR,2024-10-26 18:09:45.906680584,12675.96
T004111,2024-03-23,S044,P0031,1,625.72,53.15,INR,2024-10-19 14:21:05.217256069,572.57
T004112,2024-08-31,S003,P0002,8,1189.4,244.99,INR,2024-11-03 19:20:48.783358812,9270.210000000001
T004113,2024-01-30,S028,P0082,6,1547.0,103.51,INR,2024-11-11 17:50:50.560037613,9178.49
T004114,2024-06-10,S003,P0090,5,1311.42,,INR,2024-04-28 18:06:54.733778000,
T004115,2024-02-29,S014,P0042,0,1628.18,,INR,2024-04-27 15:00:18.399493933,
T004116,2024-03-08,S018,P0031,-1,1406.98,90.44,INR,2024-05-02 19:17:25.970748901,-1497.42
T004117,2024-03-14,S027,P0061,8,621.45,38.11,INR,2024-10-25 18:27:14.292535067,4933.490000000001
T004118,2024-05-21,S999,P0056,6,390.81,242.08,INR,2024-10-18 00:27:43.171637297,2102.78
T004119,2024-01-19,S010,P0086,-2,1300.76,192.93,INR,2024-01-07 04:04:06.640229940,-2794.45
T004120,2024-05-25,S049,P0100,6,1543.54,90.24,INR,2024-12-12 10:47:37.905439377,9171.0
T004121,2024-07-05,S015,P0083,9,370.41,156.98,INR,2024-04-14 05:33:27.901418209,3176.71
T004122,2024-06-25,S019,P0014,4,432.16,183.57,INR,2024-08-16 12:59:16.056751728,1545.0700000000002
T004123,2024-05-19,S009,P0014,9,122.93,0.64,INR,2024-08-21 13:39:17.692784548,1105.73
T004124,2024-11-02,S004,P0029,-1,1110.32,201.15,INR,2024-02-11 09:14:43.406781673,-1311.47
T004125,2024-02-23,S015,P0081,8,1130.35,196.82,INR,2024-09-10 22:45:53.751679182,8845.98
T004126,2024-07-03,S999,P0050,2,1050.14,24.77,INR,2024-07-13 18:09:06.002751827,2075.51
T004127,2024-01-23,S048,P0050,-1,700.42,236.33,INR,2024-08-10 23:31:52.417132854,-936.75
T004128,2024-01-26,S008,P0063,2,912.84,247.53,INR,2024-06-12 03:03:59.470675230,1578.15
T004129,2024-07-28,S049,P9999,4,1555.85,87.05,INR,2024-10-20 14:12:58.459510565,6136.349999999999
T004130,2024-07-25,S001,P0073,2,445.41,48.66,INR,2024-08-19 20:00:26.190471172,842.1600000000001
T004131,2024-11-16,S007,P0065,-1,482.94,205.94,INR,2024-03-11 10:02:54.680705070,-688.88
T004132,2024-07-22,S031,P0068,8,1367.26,37.01,INR,2024-10-01 17:52:25.058216095,10901.07
T004133,2024-12-16,S018,P0071,2,1747.11,257.41,INR,2024-07-02 10:26:47.414475679,3236.81
T004134,2024-01-18,S012,P0011,9,746.75,144.04,INR,2024-01-14 14:31:35.606235743,6576.71
T004135,2024-02-05,S048,P0014,9,1872.21,272.94,INR,2024-05-24 02:49:59.637891054,16576.95
T004136,2024-01-17,S030,P0083,7,209.58,192.65,INR,2024-05-26 15:07:50.961857080,1274.41
T004137,2024-03-08,S033,P0003,3,325.19,85.53,INR,2024-10-19 12:33:27.618681908,890.04
T004138,2024-07-16,S047,P0008,2,973.92,140.41,INR,2024-03-26 09:32:53.643486977,1807.4299999999998
T004139,2024-08-23,S007,P0093,-1,1474.62,158.8,INR,2024-06-14 04:12:30.316974163,-1633.4199999999998
T004140,2024-01-17,S028,P9999,3,804.59,244.55,INR,2024-01-20 20:36:13.063437223,2169.22
T004141,2024-12-11,S049,P0043,3,1154.02,258.56,INR,2024-11-17 17:24:45.766438007,3203.5
T004142,2024-11-03,S003,P0009,9,154.28,204.9,INR,2024-06-10 23:54:18.712771177,1183.62
T004143,2024-04-18,S043,P0019,-1,977.49,88.26,INR,2024-11-08 15:45:27.844014168,-1065.75
T004144,2024-01-29,S006,P0012,1,560.89,158.57,INR,2024-09-04 04:35:42.044157505,402.32
T004145,2024-03-03,S031,P0027,4,1081.1,39.19,INR,2024-04-26 17:54:47.960474014,4285.21
T004146,2024-02-16,S038,P9999,-2,1099.08,69.03,INR,2024-09-17 03:18:42.645546198,-2267.19
T004147,2024-02-14,S015,P0058,-2,1531.0,90.92,INR,2024-06-20 03:07:31.017644405,-3152.92
T004148,2024-07-08,S007,P0025,8,1125.7,21.83,INR,2024-05-04 13:12:55.016045094,8983.77
T004149,2024-03-30,S043,P0045,9,1267.11,,INR,2024-08-31 19:02:54.886575222,
T004150,2024-05-10,S030,P0048,8,1106.33,36.79,INR,2024-10-09 15:11:03.977155685,8813.849999999999
T004151,2024-12-27,S027,P0050,3,1981.72,209.05,INR,2024-09-08 08:14:40.094042778,5736.11
T004152,2024-09-06,S017,P0081,4,1604.08,,INR,2024-06-17 22:39:20.247320175,
T004153,2024-12-12,S018,P0044,9,1535.73,249.53,INR,2024-04-04 15:32:30.542190075,13572.039999999999
T004154,2024-02-22,S022,P0059,2,1291.79,222.31,INR,2024-10-22 19:04:03.652568817,2361.27
T004155,2024-05-19,S026,P0033,9,1103.9,,INR,2024-05-06 12:37:52.772005081,
T004156,2024-07-21,S999,P0078,7,755.04,125.5,INR,2024-08-11 17:29:20.512515305,5159.78
T004157,2024-01-29,S027,P0028,5,1589.54,250.19,INR,2024-02-12 02:27:15.800624132,7697.51
T004158,2024-01-02,S040,P0018,8,460.26,28.42,INR,2024-09-27 04:50:10.979785204,3653.66
T004159,2024-09-01,S024,P0055,1,169.44,133.33,INR,2024-12-13 19:30:59.335214376,36.109999999999985
T004160,2024-08-22,S008,P0033,0,1426.53,298.38,INR,2024-06-12 23:45:55.747359276,-298.38
T004161,2024-05-29,S021,P0015,4,375.22,284.43,INR,2024-07-19 03:36:48.006421566,1216.45
T004162,2024-06-27,S029,P0061,1,1817.27,24.66,INR,2024-11-24 07:31:54.593273401,1792.61
T004163,2024-05-31,S043,P0011,-2,1564.29,171.9,INR,2024-10-17 06:48:44.284479856,-3300.48
T004164,2024-01-09,S021,P0036,8,1244.26,94.7,INR,2024-12-17 05:34:23.936233521,9859.38
T004165,2024-05-02,S003,P0015,5,696.46,,INR,2024-04-07 02:43:44.140955448,
T004166,2024-03-05,S031,P0053,2,1312.09,220.74,INR,2024-06-20 13:08:20.120289803,2403.4399999999996
T004167,2024-02-05,S027,P0062,5,1006.03,0.03,INR,2024-06-15 07:26:01.374402285,5030.12
T004168,2024-12-15,S046,P0048,5,653.18,,INR,2024-06-21 16:22:20.065393208,
T004169,2024-08-06,S027,P0094,9,1895.65,67.07,INR,2024-11-29 06:58:54.248423576,16993.780000000002
T004170,2024-09-22,S009,P0015,2,407.59,289.77,INR,2024-03-16 00:18:40.642435551,525.41
T004171,2024-04-25,S033,P0063,5,1531.43,271.63,INR,2024-11-22 15:18:04.426861763,7385.52
T004172,2024-05-23,S033,P0087,4,1620.07,57.2,INR,2024-07-27 11:04:14.690386295,6423.08
T004173,2024-03-27,S026,P0043,0,1908.41,190.9,INR,2024-07-14 22:44:26.629166365,-190.9
T004174,2024-02-05,S028,P0050,1,1143.89,88.91,INR,2024-06-01 00:32:18.528852463,1054.98
T004175,2024-03-06,S044,P0060,8,1116.26,30.9,INR,2024-07-15 23:16:55.224800110,8899.18
T004176,2024-10-18,S043,P0059,9,1848.55,262.2,INR,2024-10-20 04:49:20.966736555,16374.75
T004177,2024-09-04,S031,P0015,4,1622.08,,INR,2024-06-28 15:58:14.528734684,
T004178,2024-07-18,S001,P0029,1,1550.91,,INR,2024-10-10 05:57:31.706347704,
T004179,2024-06-22,S020,P0075,3,1599.36,,INR,2024-06-01 01:44:19.572538137,
T004180,2024-12-02,S012,P0082,9,1037.04,22.61,INR,2024-03-07 18:10:04.335680485,9310.75
T004181,2024-01-27,S017,P0040,-1,178.7,,INR,2024-05-31 08:26:41.869449854,
T004182,2024-04-12,S015,P0031,9,476.7,171.64,INR,2024-09-21 00:29:38.953040123,4118.66
T004183,2024-05-07,S034,P0073,-1,1321.68,228.92,INR,2024-11-06 21:20:46.586564302,-1550.6000000000001
T004184,2024-10-12,S050,P0086,0,852.72,248.14,INR,2024-10-08 15:26:12.180419207,-248.14
T004185,2024-12-28,S016,P0011,7,1252.86,127.24,INR,2024-05-16 16:13:10.247020483,8642.779999999999
T004186,2024-03-28,S004,P0081,4,1148.19,223.1,INR,2024-07-30 09:20:37.895258188,4369.66
T004187,2024-11-15,S008,P0097,0,933.45,273.13,INR,2024-05-11 13:33:55.196259975,-273.13
T004188,2024-10-30,S034,P0062,9,545.98,265.88,INR,2024-09-14 03:23:43.229265451,4647.94
T004189,2024-03-22,S046,P0075,0,1466.02,150.55,INR,2024-06-08 07:19:16.549297571,-150.55
T004190,2024-05-25,S025,P0008,1,1827.19,182.11,INR,2024-10-06 03:58:28.350249052,1645.08
T004191,2024-05-29,S015,P0051,7,1562.93,201.84,INR,2024-01-05 16:05:39.625529528,10738.67
T004192,2024-12-23,S028,P0057,3,328.07,245.73,INR,2024-05-04 03:44:42.266109943,738.48
T004193,2024-03-07,S009,P0004,-2,1122.1,152.32,INR,2024-11-16 13:13:43.082172155,-2396.52
T004194,2024-10-18,S002,P0036,3,1687.2,,INR,2024-04-28 02:15:11.565522194,
T004195,2024-05-01,S017,P0019,5,1222.87,115.59,INR,2024-05-24 02:08:09.274575710,5998.759999999999
T004196,2024-09-23,S010,P0024,9,935.18,216.06,INR,2024-10-15 14:48:30.561930180,8200.56
T004197,2024-06-02,S009,P0041,5,640.64,187.14,INR,2024-02-04 12:50:03.657732010,3016.06
T004198,2024-07-30,S031,P0049,3,727.74,226.05,INR,2024-04-23 20:10:42.712618828,1957.1700000000003
T004199,2024-10-30,S002,P0082,3,560.1,149.99,INR,2024-10-09 16:20:03.156195641,1530.3100000000002
T004200,2024-10-20,S024,P0097,0,471.88,52.32,INR,2024-12-15 07:28:23.373113394,-52.32
T004201,2024-11-12,S019,P0046,-1,1218.84,34.56,INR,2024-10-12 17:38:48.049450159,-1253.3999999999999
T004202,2024-01-22,S017,P0036,4,1067.83,144.38,INR,2024-03-03 22:19:58.667958498,4126.94
T004203,2024-09-09,S043,P0010,5,1496.18,61.72,INR,2024-10-31 18:46:05.756965876,7419.18
T004204,2024-02-21,S049,P0078,7,685.07,294.68,INR,2024-06-22 15:47:20.641192436,4500.81
T004205,2024-05-31,S010,P0007,3,975.57,59.63,INR,2024-10-12 19:07:40.435889721,2867.08
T004206,2024-07-19,S050,P0012,2,1392.7,170.04,INR,2024-03-28 08:44:45.736049891,2615.36
T004207,2024-05-26,S028,P0086,1,1930.14,0.53,INR,2024-05-04 12:19:16.979756594,1929.6100000000001
T004208,2024-07-08,S038,P0091,-2,762.85,76.09,INR,2024-11-25 02:20:33.562465429,-1601.79
T004209,2024-12-29,S048,P0048,6,666.6,77.74,INR,2024-11-28 10:36:21.885861635,3921.8600000000006
T004210,2024-02-19,S028,P0037,8,953.65,221.4,INR,2024-04-14 02:08:17.009953022,7407.8
T004211,2024-09-03,S050,P0075,7,1475.36,148.69,INR,2024-01-31 11:54:58.887138844,10178.829999999998
T004212,2024-05-24,S050,P0036,1,1926.95,,INR,2024-12-05 02:10:15.156405210,
T004213,2024-02-18,S001,P0060,-1,1119.42,113.75,INR,2024-04-19 15:32:22.223349333,-1233.17
T004214,2024-02-27,S003,P0077,1,1643.64,193.43,INR,2024-02-13 20:14:44.867116213,1450.21
T004215,2024-12-12,S015,P0096,8,982.36,191.01,INR,2024-05-07 01:28:44.050215006,7667.87
T004216,2024-11-17,S010,P0008,2,175.73,16.17,INR,2024-04-12 22:18:41.233717680,335.28999999999996
T004217,2024-11-27,S021,P0007,-1,1799.0,278.67,INR,2024-01-30 09:40:42.944179058,-2077.67
T004218,2024-12-27,S037,P0043,4,650.77,74.1,INR,2024-12-25 01:33:19.133472204,2528.98
T004219,2024-03-17,S015,P0058,0,363.46,267.46,INR,2024-04-17 05:25:55.144696236,-267.46
T004220,2024-05-09,S023,P0081,5,1992.71,64.02,INR,2024-04-09 10:02:38.746058941,9899.529999999999
T004221,2024-09-01,S014,P0086,1,760.06,170.36,INR,2024-06-02 06:35:29.061896801,589.6999999999999
T004222,2024-06-25,S015,P0046,9,359.42,121.82,INR,2024-05-31 09:50:18.450203419,3112.96
T004223,2024-06-01,S010,P0034,8,691.93,174.4,INR,2024-06-07 08:19:45.720883608,5361.04
T004224,2024-05-10,S009,P0084,2,1076.29,149.36,INR,2024-11-26 22:04:42.690177679,2003.2199999999998
T004225,2024-08-04,S044,P0072,0,267.12,,INR,2024-01-22 23:40:14.931567669,
T004226,2024-07-29,S039,P0022,8,769.98,105.4,INR,2024-12-09 16:48:38.161639452,6054.4400000000005
T004227,2024-02-28,S005,P0091,2,1370.83,3.37,INR,2024-08-31 01:27:48.267256260,2738.29
T004228,2024-06-21,S025,P0098,6,1840.27,205.01,INR,2024-09-11 14:11:39.433279514,10836.609999999999
T004229,2024-07-21,S042,P0021,8,855.13,256.05,INR,2024-02-27 14:47:01.917569160,6584.99
T004230,2024-07-27,S026,P0015,-1,1172.67,,INR,2024-04-30 03:08:24.862795115,
T004231,2024-03-17,S008,P0005,4,1308.52,157.44,INR,2024-01-20 01:26:30.577758789,5076.64
T004232,2024-09-27,S022,P0017,7,234.43,19.75,INR,2024-08-26 08:58:20.562222004,1621.26
T004233,2024-01-10,S025,P0072,5,750.23,115.56,INR,2024-05-04 01:04:42.335864305,3635.59
T004234,2024-05-09,S048,P0019,0,1400.08,41.66,INR,2024-07-20 04:58:50.015438795,-41.66
T004235,2024-10-11,S012,P0005,8,1497.76,19.41,INR,2024-10-01 17:53:59.955449581,11962.67
T004236,2024-07-24,S009,P0023,1,776.31,51.61,INR,2024-07-21 00:57:31.489779949,724.6999999999999
T004237,2024-04-05,S010,P0083,8,112.8,261.25,INR,2024-01-27 02:17:44.970243931,641.15
T004238,2024-09-10,S048,P0014,7,113.04,294.66,INR,2024-01-23 11:58:03.400861979,496.62000000000006
T004239,2024-07-26,S010,P0010,-1,1122.43,263.76,INR,2024-11-12 12:18:07.073296070,-1386.19
T004240,2024-10-17,S009,P0031,7,1147.82,290.9,INR,2024-04-05 16:25:45.535923958,7743.84
T004241,2024-09-25,S026,P0013,6,1155.87,219.24,INR,2024-05-12 04:57:57.684490442,6715.98
T004242,2024-08-10,S035,P0022,0,1471.33,47.91,INR,2024-03-20 17:09:08.625239134,-47.91
T004243,2024-06-27,S027,P0037,6,1850.41,168.95,INR,2024-09-12 02:11:49.865161896,10933.51
T004244,2024-02-18,S031,P0039,4,1981.32,219.48,INR,2024-05-20 22:13:26.248631954,7705.8
T004245,2024-04-05,S019,P0010,3,1432.03,154.04,INR,2024-06-15 13:24:38.822806597,4142.05
T004246,2024-06-01,S043,P0031,8,1076.6,166.4,INR,2024-09-03 04:18:10.657225609,8446.4
T004247,2024-08-06,S038,P0043,9,367.89,175.86,INR,2024-08-15 10:02:40.981162786,3135.1499999999996
T004248,2024-07-06,S006,P0099,8,829.93,140.05,INR,2024-10-09 15:15:15.003638983,6499.389999999999
T004249,2024-04-15,S015,P0077,0,1187.67,87.18,INR,2024-09-30 07:39:59.927283287,-87.18
T004250,2024-01-03,S029,P0094,8,1999.64,191.11,INR,2024-06-09 13:28:33.111716270,15806.01
T004251,2024-06-30,S047,P0098,4,341.27,16.05,INR,2024-03-11 00:38:51.210414171,1349.03
T004252,2024-04-14,S045,P0036,8,1606.85,51.28,INR,2024-03-22 11:24:16.341087103,12803.519999999999
T004253,2024-09-25,S005,P0035,0,1997.99,277.58,INR,2024-09-14 23:01:35.002721548,-277.58
T004254,2024-01-09,S014,P0068,8,1630.05,146.64,INR,2024-04-05 08:53:46.838660717,12893.76
T004255,2024-08-01,S002,P0055,3,1557.57,246.51,INR,2024-06-09 18:22:53.720828772,4426.2
T004256,2024-12-09,S023,P0068,5,591.49,217.96,INR,2024-02-09 09:15:11.265814781,2739.49
T004257,2024-03-04,S044,P0047,2,106.39,96.21,INR,2024-02-14 14:59:17.717024565,116.57000000000001
T004258,2024-06-21,S046,P0006,8,529.38,241.09,INR,2024-04-01 05:32:27.362385988,3993.95
T004259,2024-02-03,S019,P0028,8,1600.62,27.4,INR,2024-01-31 23:08:19.522103310,12777.56
T004260,2024-08-16,S024,P0030,0,303.83,262.49,INR,2024-04-10 05:08:57.088692665,-262.49
T004261,2024-07-19,S020,P0027,3,662.62,204.17,INR,2024-07-26 09:22:02.653990030,1783.69
T004262,2024-05-28,S047,P0069,5,1168.76,278.12,INR,2024-09-28 20:10:28.245509386,5565.68
T004263,2024-07-09,S027,P0039,7,1201.64,268.65,INR,2024-01-12 22:28:32.516682148,8142.830000000002
T004264,2024-11-23,S024,P0035,0,1131.68,114.08,INR,2024-08-07 05:24:10.861485481,-114.08
T004265,2024-03-12,S017,P0044,9,1963.68,257.05,INR,2024-05-12 13:30:47.908833265,17416.07
T004266,2024-01-09,S025,P0015,8,123.34,168.9,INR,2024-03-23 17:22:39.977952003,817.82
T004267,2024-11-10,S046,P0083,8,1026.44,47.13,INR,2024-01-12 15:04:26.373236179,8164.39
T004268,2024-07-29,S031,P0094,2,1058.4,248.87,INR,2024-04-28 23:12:35.936020136,1867.9300000000003
T004269,2024-11-21,S028,P0032,6,657.31,272.38,INR,2024-10-15 05:34:51.710291862,3671.4799999999996
T004270,2024-08-05,S050,P0029,7,1097.64,25.36,INR,2024-07-12 11:00:02.192058325,7658.120000000001
T004271,2024-10-22,S028,P0063,7,1379.23,279.17,INR,2024-10-10 02:38:43.799341440,9375.44
T004272,2024-06-05,S022,P0006,0,1378.24,180.38,INR,2024-05-30 12:14:12.402360201,-180.38
T004273,2024-09-30,S005,P0090,9,266.93,7.77,INR,2024-11-03 18:54:26.542157888,2394.6
T004274,2024-11-29,S044,P0027,8,1624.67,162.54,INR,2024-02-24 21:06:16.360932589,12834.82
T004275,2024-07-27,S042,P0099,-1,1868.35,239.02,INR,2024-10-26 07:29:41.913802862,-2107.37
T004276,2024-03-06,S008,P0028,8,334.86,159.95,INR,2024-06-22 17:45:45.030618191,2518.9300000000003
T004277,2024-04-08,S038,P0005,5,891.62,212.17,INR,2024-09-29 06:59:31.823504686,4245.93
T004278,2024-03-13,S028,P0041,4,1072.33,263.87,INR,2024-03-28 18:05:52.523399591,4025.45
T004279,2024-03-31,S047,P0056,9,356.16,260.93,INR,2024-06-26 10:44:07.379611254,2944.51
T004280,2024-04-21,S012,P0054,6,1056.43,53.66,INR,2024-09-24 11:15:37.291028976,6284.92
T004281,2024-07-21,S025,P0080,1,493.03,128.14,INR,2024-06-25 13:41:44.301227093,364.89
T004282,2024-08-02,S038,P0018,0,1877.19,33.35,INR,2024-06-16 04:58:28.838248014,-33.35
T004283,2024-06-04,S044,P0077,7,952.09,178.53,INR,2024-10-22 21:23:29.034130812,6486.1
T004284,2024-08-12,S015,P0043,2,1990.31,286.42,INR,2024-02-29 06:10:38.717090845,3694.2
T004285,2024-01-30,S044,P0089,8,188.37,54.55,INR,2024-06-22 09:53:26.764559031,1452.41
T004286,2024-02-02,S041,P0074,-2,342.4,121.09,INR,2024-10-27 04:00:04.846539021,-805.89
T004287,2024-03-03,S999,P0029,2,942.1,286.21,INR,2024-11-04 12:25:13.977159023,1597.99
T004288,2024-07-08,S034,P0010,0,1761.28,225.04,INR,2024-02-13 04:04:31.456932783,-225.04
T004289,2024-03-19,S045,P0006,-2,1154.93,21.35,INR,2024-11-06 07:20:22.302474260,-2331.21
T004290,2024-04-13,S013,P0080,0,1491.45,128.52,INR,2024-01-05 10:27:49.804038525,-128.52
T004291,2024-05-26,S008,P0089,2,904.77,296.37,INR,2024-11-08 06:41:41.410855770,1513.17
T004292,2024-10-23,S013,P0004,2,176.97,135.97,INR,2024-04-06 15:22:13.938940287,217.97
T004293,2024-01-06,S036,P9999,7,1330.84,188.82,INR,2024-07-30 00:45:24.870774031,9127.06
T004294,2024-08-25,S006,P0034,9,1304.6,210.29,INR,2024-01-04 12:21:09.703818560,11531.109999999999
T004295,2024-09-01,S038,P0083,5,235.71,199.18,INR,2024-09-23 23:52:33.505722283,979.3699999999999
T004296,2024-10-18,S032,P0033,8,424.67,155.62,INR,2024-06-06 12:28:44.721408844,3241.7400000000002
T004297,2024-12-06,S021,P0004,-2,1004.7,39.84,INR,2024-11-04 17:12:32.014873981,-2049.2400000000002
T004298,2024-01-08,S044,P0044,4,948.61,,INR,2024-07-21 18:21:18.791424751,
T004299,2024-02-26,S044,P0098,2,1529.59,,INR,2024-10-31 15:35:37.248144865,
T004300,2024-11-19,S049,P0076,0,836.08,,INR,2024-08-11 06:10:55.419471025,
T004301,2024-06-16,S007,P0031,1,1360.27,,INR,2024-09-29 05:49:06.967776060,
T004302,2024-07-25,S026,P0080,0,1438.4,,INR,2024-09-30 00:16:27.980708599,
T004303,2024-08-30,S015,P0066,5,1325.51,100.19,INR,2024-03-31 00:43:58.880976439,6527.360000000001
T004304,2024-09-04,S049,P0058,1,1232.64,31.07,INR,2024-07-29 16:42:56.720142603,1201.5700000000002
T004305,2024-12-06,S042,P0060,0,1630.8,264.94,INR,2024-11-14 23:02:33.604534388,-264.94
T004306,2024-12-29,S023,P0002,-1,1348.5,41.12,INR,2024-11-16 18:57:28.725558043,-1389.62
T004307,2024-09-19,S038,P0036,0,1684.95,86.38,INR,2024-05-20 10:02:20.340196371,-86.38
T004308,2024-04-14,S041,P0070,4,1309.7,222.12,INR,2024-04-28 14:04:20.403427839,5016.68
T004309,2024-11-17,S015,P0060,3,402.05,211.43,INR,2024-08-26 16:45:19.281865597,994.72
T004310,2024-01-18,S048,P0023,7,687.95,,INR,2024-10-11 03:36:37.888668299,
T004311,2024-03-25,S040,P0047,9,727.68,222.51,INR,2024-01-13 22:42:26.338460922,6326.61
T004312,2024-11-23,S016,P9999,2,278.44,162.59,INR,2024-02-04 02:27:53.292383671,394.28999999999996
T004313,2024-04-03,S032,P0046,5,1415.38,46.49,INR,2024-10-11 05:41:32.239921331,7030.410000000001
T004314,2024-03-21,S037,P0080,8,1230.71,299.51,INR,2024-06-08 10:21:41.233996630,9546.17
T004315,2024-02-20,S018,P0044,-2,1220.53,267.64,INR,2024-08-31 16:35:52.417978048,-2708.7
T004316,2024-11-09,S020,P0019,0,1009.18,129.35,INR,2024-10-26 10:23:03.462159872,-129.35
T004317,2024-07-01,S046,P0049,-1,1131.94,159.1,INR,2024-10-03 05:35:26.376801729,-1291.04
T004318,2024-09-03,S002,P0088,-1,115.37,118.07,INR,2024-10-22 13:07:41.497918367,-233.44
T004319,2024-03-28,S023,P0058,9,282.87,191.39,INR,2024-07-06 13:35:20.748096466,2354.44
T004320,2024-10-03,S030,P0091,8,1398.37,219.34,INR,2024-02-27 14:05:11.051172256,10967.619999999999
T004321,2024-10-04,S003,P0007,9,596.79,69.47,INR,2024-06-21 19:55:55.583492994,5301.639999999999
T004322,2024-04-24,S046,P0094,-2,305.03,129.84,INR,2024-12-17 14:24:25.801879644,-739.9
T004323,2024-05-29,S039,P0041,2,724.44,192.07,INR,2024-04-21 11:46:22.787646294,1256.8100000000002
T004324,2024-03-17,S047,P0078,2,583.52,296.41,INR,2024-06-02 00:48:47.778115273,870.6299999999999
T004325,2024-12-22,S049,P0015,0,155.81,97.46,INR,2024-10-06 09:12:31.616397142,-97.46
T004326,2024-08-23,S001,P0076,9,880.06,223.5,INR,2024-01-28 17:31:37.010066748,7697.039999999999
T004327,2024-12-07,S041,P0053,9,151.36,104.0,INR,2024-10-03 07:43:59.726476908,1258.2400000000002
T004328,2024-04-20,S022,P0093,6,100.74,27.7,INR,2024-04-10 02:06:10.735859156,576.7399999999999
T004329,2024-10-12,S029,P0023,9,1605.7,231.04,INR,2024-04-07 13:47:16.048919201,14220.26
T004330,2024-10-06,S014,P0077,3,698.45,194.79,INR,2024-07-31 14:01:40.814283848,1900.5600000000004
T004331,2024-09-09,S048,P0073,7,1178.41,154.3,INR,2024-04-03 04:18:55.232615471,8094.570000000001
T004332,2024-12-18,S028,P0088,3,665.73,202.51,INR,2024-08-22 00:31:02.810862064,1794.68
T004333,2024-05-23,S021,P0094,7,1867.05,263.79,INR,2024-11-27 17:32:24.622012854,12805.56
T004334,2024-02-17,S045,P0065,3,1485.44,226.95,INR,2024-05-27 16:35:45.418610811,4229.37
T004335,2024-09-02,S032,P0060,-1,801.42,257.35,INR,2024-12-10 09:31:40.371689320,-1058.77
T004336,2024-09-23,S006,P0010,8,500.19,87.01,INR,2024-12-09 22:13:18.003399611,3914.5099999999998
T004337,2024-07-28,S001,P0058,7,361.83,240.15,INR,2024-03-16 18:18:18.414892673,2292.66
T004338,2024-03-16,S021,P0047,7,1548.6,108.0,INR,2024-06-06 14:27:02.243626356,10732.199999999999
T004339,2024-07-03,S004,P0015,5,960.77,6.2,INR,2024-12-27 09:23:53.659955740,4797.650000000001
T004340,2024-04-23,S003,P0009,3,540.73,12.96,INR,2024-02-16 21:34:48.788568020,1609.23
T004341,2024-06-05,S049,P0013,0,1847.29,219.11,INR,2024-06-22 12:05:39.233860731,-219.11
T004342,2024-08-23,S030,P0023,7,841.18,81.57,INR,2024-06-06 15:15:15.969689131,5806.69
T004343,2024-09-29,S031,P0033,6,1132.64,92.28,INR,2024-10-22 15:33:05.552031755,6703.56
T004344,2024-03-25,S034,P0009,-1,1729.82,186.77,INR,2024-02-29 03:52:14.446044207,-1916.59
T004345,2024-05-27,S019,P0003,4,1683.41,222.45,INR,2024-03-21 20:25:41.535505295,6511.1900000000005
T004346,2024-04-08,S020,P0094,0,1312.11,167.67,INR,2024-03-05 01:50:48.415387630,-167.67
T004347,2024-03-13,S023,P0073,9,1788.39,211.91,INR,2024-03-01 19:40:39.286630392,15883.6
T004348,2024-10-12,S040,P0025,3,1908.99,282.32,INR,2024-04-04 02:12:51.399057388,5444.650000000001
T004349,2024-11-27,S025,P0088,2,1876.72,256.25,INR,2024-07-11 19:12:53.352381229,3497.19
T004350,2024-05-15,S015,P0096,3,763.11,72.24,INR,2024-09-15 00:22:36.368514061,2217.09
T004351,2024-10-01,S038,P0071,5,854.63,272.04,INR,2024-05-18 19:30:28.783528805,4001.1099999999997
T004352,2024-11-23,S023,P0036,0,556.96,,INR,2024-06-11 20:58:08.198062658,
T004353,2024-11-04,S002,P0089,-1,1689.98,198.18,INR,2024-10-16 05:22:00.793368578,-1888.16
T004354,2024-03-07,S015,P0020,5,331.47,262.41,INR,2024-07-10 16:54:49.359531879,1394.94
T004355,2024-12-15,S044,P0081,-2,774.66,187.03,INR,2024-08-03 06:27:10.468733549,-1736.35
T004356,2024-05-17,S035,P0054,-1,118.49,241.86,INR,2024-07-08 01:26:54.310322762,-360.35
T004357,2024-05-03,S010,P0100,7,1229.83,278.2,INR,2024-10-15 05:58:36.388187170,8330.609999999999
T004358,2024-01-23,S014,P0090,-2,1350.93,290.08,INR,2024-03-07 23:18:04.032297134,-2991.94
T004359,2024-06-26,S027,P0019,2,573.08,123.19,INR,2024-12-24 03:45:58.202269316,1022.97
T004360,2024-02-09,S014,P0060,5,1499.79,297.83,INR,2024-11-16 23:47:30.617563486,7201.12
T004361,2024-03-31,S035,P0037,-1,824.92,81.5,INR,2024-05-26 02:16:44.854189157,-906.42
T004362,2024-04-25,S033,P0003,1,692.25,138.66,INR,2024-05-31 12:12:18.381445646,553.59
T004363,2024-10-22,S001,P0092,1,1916.71,228.21,INR,2024-11-05 21:11:10.436284781,1688.5
T004364,2024-11-15,S034,P0086,8,1218.52,291.05,INR,2024-06-11 15:08:46.206712246,9457.11
T004365,2024-04-20,S019,P0019,8,579.41,15.88,INR,2024-07-04 11:30:38.353503227,4619.4
T004366,2024-11-09,S024,P0053,4,1968.16,283.69,INR,2024-09-29 06:44:57.474677563,7588.950000000001
T004367,2024-11-08,S042,P0046,-2,836.34,299.6,INR,2024-05-21 14:47:28.074397802,-1972.2800000000002
T004368,2024-10-06,S004,P0080,6,1330.88,272.87,INR,2024-06-14 17:12:20.484816790,7712.410000000001
T004369,2024-02-23,S036,P0056,0,1475.32,32.52,INR,2024-01-14 13:09:42.373591185,-32.52
T004370,2024-09-08,S013,P0070,3,902.36,252.21,INR,2024-02-18 14:39:27.510956525,2454.87
T004371,2024-12-10,S032,P9999,7,1118.24,191.93,INR,2024-06-16 09:51:22.943711281,7635.75
T004372,2024-09-06,S009,P0031,2,555.59,2.86,INR,2024-01-17 16:01:15.285316944,1108.3200000000002
T004373,2024-05-01,S039,P0053,1,985.06,295.31,INR,2024-04-22 01:26:07.823187590,689.75
T004374,2024-07-01,S016,P0034,6,690.52,45.16,INR,2024-06-08 14:15:28.759561539,4097.96
T004375,2024-08-23,S050,P0031,8,1140.17,119.05,INR,2024-02-07 02:10:04.955197096,9002.310000000001
T004376,2024-07-05,S003,P0060,9,1372.79,9.08,INR,2024-01-24 20:15:06.080571175,12346.03
T004377,2024-02-13,S020,P0011,6,1266.61,92.86,INR,2024-01-06 22:36:58.743710995,7506.8
T004378,2024-04-23,S010,P0100,-2,1575.76,170.5,INR,2024-06-26 03:25:34.483798027,-3322.02
T004379,2024-10-19,S022,P0006,4,178.91,279.26,INR,2024-02-23 14:16:32.073717356,436.38
T004380,2024-11-10,S048,P0027,7,249.33,297.11,INR,2024-09-08 08:06:21.498848200,1448.2000000000003
T004381,2024-02-20,S003,P0007,6,490.1,,INR,2024-06-28 22:09:31.723209858,
T004382,2024-12-13,S011,P0049,2,1973.02,128.46,INR,2024-01-07 21:53:19.681037188,3817.58
T004383,2024-04-30,S025,P0096,-2,1620.51,48.1,INR,2024-01-22 13:08:41.394624949,-3289.12
T004384,2024-08-29,S042,P0072,5,1855.83,149.51,INR,2024-11-30 23:47:00.644456387,9129.64
T004385,2024-10-01,S048,P0060,2,616.97,282.02,INR,2024-02-15 09:10:21.010136843,951.9200000000001
T004386,2024-10-23,S008,P0033,3,1190.33,49.62,INR,2024-10-03 10:09:30.045846462,3521.37
T004387,2024-12-11,S009,P0047,4,1154.28,79.94,INR,2024-03-30 21:20:15.854712486,4537.18
T004388,2024-04-24,S015,P0044,7,1182.09,267.4,INR,2024-04-27 08:55:17.012058735,8007.23
T004389,2024-11-09,S032,P0079,4,1463.38,187.93,INR,2024-01-10 01:10:05.657476425,5665.59
T004390,2024-02-18,S003,P0027,9,848.56,99.15,INR,2024-07-21 23:51:41.441014051,7537.889999999999
T004391,2024-09-14,S004,P0094,4,1386.7,,INR,2024-06-19 11:18:35.497477531,
T004392,2024-09-27,S030,P0022,-2,1598.03,,INR,2024-09-28 21:48:06.424559832,
T004393,2024-09-04,S013,P0047,4,649.24,257.51,INR,2024-11-26 13:50:17.768934011,2339.45
T004394,2024-04-02,S044,P0093,8,1896.91,,INR,2024-07-18 21:55:44.691355705,
T004395,2024-11-14,S021,P0048,0,1084.29,227.08,INR,2024-12-13 13:51:24.493196011,-227.08
T004396,2024-03-02,S041,P0030,2,1492.25,,INR,2024-02-24 01:46:12.043864489,
T004397,2024-01-20,S046,P0002,7,1484.96,73.88,INR,2024-05-05 19:05:44.547204494,10320.840000000002
T004398,2024-09-18,S019,P0015,2,1173.96,192.25,INR,2024-10-29 21:24:50.144237757,2155.67
T004399,2024-06-22,S039,P0047,5,713.1,46.44,INR,2024-07-20 23:02:04.077163219,3519.06
T004400,2024-11-05,S048,P0027,4,1367.18,68.96,INR,2024-07-18 15:28:13.006175041,5399.76
T004401,2024-05-19,S022,P0071,4,265.84,164.8,INR,2024-06-17 00:58:47.464561701,898.56
T004402,2024-03-02,S020,P0027,3,1964.73,117.0,INR,2024-01-07 19:30:58.347316742,5777.1900000000005
T004403,2024-11-01,S037,P0085,4,449.59,223.56,INR,2024-01-30 07:46:51.802460670,1574.8
T004404,2024-07-19,S031,P0013,4,623.31,,INR,2024-02-02 16:08:54.277681112,
T004405,2024-03-10,S010,P0055,2,1913.43,114.4,INR,2024-03-10 03:39:16.374682903,3712.46
T004406,2024-09-19,S018,P0017,2,454.43,98.02,INR,2024-02-04 09:51:28.364487410,810.84
T004407,2024-07-05,S043,P0075,1,423.18,273.97,INR,2024-02-08 21:50:57.994738579,149.20999999999998
T004408,2024-08-08,S039,P0059,1,1628.62,12.02,INR,2024-08-20 11:09:41.815931797,1616.6
T004409,2024-06-17,S046,P0010,2,577.45,207.31,INR,2024-02-13 04:43:16.746488094,947.5900000000001
T004410,2024-10-29,S020,P0033,7,279.98,,INR,2024-06-18 17:41:14.904394388,
T004411,2024-10-29,S018,P0078,6,530.62,113.21,INR,2024-01-24 01:00:42.321449280,3070.51
T004412,2024-09-15,S011,P0037,8,1787.91,195.56,INR,2024-04-08 08:00:20.747530222,14107.720000000001
T004413,2024-02-08,S022,P0008,9,632.61,,INR,2024-12-03 09:17:59.192255020,
T004414,2024-11-02,S044,P0033,3,1420.61,217.32,INR,2024-01-12 07:37:11.197493315,4044.5099999999998
T004415,2024-09-01,S018,P0007,5,850.76,,INR,2024-11-16 02:11:06.476136923,
T004416,2024-09-11,S034,P0034,6,598.03,148.86,INR,2024-10-04 06:10:37.549974442,3439.3199999999997
T004417,2024-05-12,S023,P0071,9,373.69,140.75,INR,2024-12-02 03:13:30.823237896,3222.46
T004418,2024-11-16,S001,P0007,1,1947.16,138.21,INR,2024-10-14 04:59:42.122362137,1808.95
T004419,2024-09-21,S010,P0041,9,1090.12,43.63,INR,2024-10-28 13:19:41.775999784,9767.449999999999
T004420,2024-02-11,S001,P0100,4,318.03,167.85,INR,2024-02-09 07:39:40.273099184,1104.27
T004421,2024-05-28,S038,P0055,2,477.75,94.64,INR,2024-10-31 23:23:03.884564400,860.86
T004422,2024-11-19,S039,P0007,1,873.86,185.47,INR,2024-06-23 03:34:47.999782801,688.39
T004423,2024-01-18,S049,P0084,9,1133.92,160.3,INR,2024-05-08 07:49:57.797667742,10044.980000000001
T004424,2024-12-16,S009,P0018,4,445.41,,INR,2024-02-26 03:47:47.109534979,
T004425,2024-09-04,S031,P0043,0,627.68,130.48,INR,2024-01-01 05:51:58.659531355,-130.48
T004426,2024-08-18,S007,P0078,-2,1589.04,199.32,INR,2024-08-22 13:25:51.379823685,-3377.4
T004427,2024-04-08,S017,P0040,4,893.22,177.84,INR,2024-09-21 23:57:13.419103146,3395.04
T004428,2024-03-31,S035,P0053,6,102.66,205.32,INR,2024-05-21 15:39:26.647467852,410.64000000000004
T004429,2024-12-09,S048,P0014,-1,202.49,80.09,INR,2024-02-29 22:46:50.463483095,-282.58000000000004
T004430,2024-04-18,S037,P0021,4,934.72,77.17,INR,2024-02-22 18:23:48.134732008,3661.71
T004431,2024-10-10,S018,P0057,7,214.22,167.9,INR,2024-03-02 09:45:46.647130489,1331.6399999999999
T004432,2024-05-23,S033,P0091,-1,430.42,254.72,INR,2024-01-21 12:23:05.153416872,-685.14
T004433,2024-02-20,S004,P0046,0,1482.97,216.0,INR,2024-05-11 06:30:57.106002808,-216.0
T004434,2024-01-04,S023,P0026,7,1012.73,146.68,INR,2024-08-12 21:34:25.672648668,6942.43
T004435,2024-07-17,S011,P0091,9,1016.68,76.53,INR,2024-06-12 04:39:33.179700613,9073.589999999998
T004436,2024-12-22,S009,P0024,7,1236.61,227.8,INR,2024-02-15 19:12:52.397076130,8428.47
T004437,2024-05-14,S030,P0005,0,1598.19,,INR,2024-10-24 21:28:11.131802081,
T004438,2024-05-10,S008,P0042,9,401.31,63.91,INR,2024-04-14 18:36:44.956060171,3547.88
T004439,2024-05-05,S040,P0092,1,428.79,239.73,INR,2024-08-07 23:28:33.094740629,189.06000000000003
T004440,2024-07-08,S005,P0043,3,330.67,51.73,INR,2024-03-30 16:11:25.450894833,940.28
T004441,2024-06-09,S012,P0032,0,1879.98,270.23,INR,2024-08-05 04:06:57.867025614,-270.23
T004442,2024-11-17,S001,P0088,6,1196.85,192.61,INR,2024-02-17 07:47:45.896788597,6988.49
T004443,2024-07-03,S015,P0006,-1,276.02,,INR,2024-08-27 06:10:43.812548399,
T004444,2024-07-04,S025,P0074,4,519.23,10.88,INR,2024-07-28 04:55:02.903514385,2066.04
T004445,2024-02-20,S018,P0067,3,1478.62,208.38,INR,2024-07-08 13:00:22.485681057,4227.48
T004446,2024-12-24,S038,P0007,-1,155.08,181.83,INR,2024-03-20 05:41:40.816171169,-336.91
T004447,2024-04-01,S042,P0029,8,1478.75,183.4,INR,2024-07-12 03:25:47.908044815,11646.6
T004448,2024-01-27,S046,P0034,0,1831.78,144.68,INR,2024-11-23 10:38:08.724092960,-144.68
T004449,2024-08-30,S026,P0007,3,207.13,184.33,INR,2024-02-15 17:19:19.325959921,437.05999999999995
T004450,2024-08-05,S040,P0081,7,454.2,261.97,INR,2024-09-13 20:38:30.914977551,2917.4300000000003
T004451,2024-05-31,S003,P0077,1,104.52,285.6,INR,2024-02-11 12:07:19.939216614,-181.08000000000004
T004452,2024-06-03,S022,P0058,-2,307.16,103.35,INR,2024-05-03 10:13:50.267362117,-717.6700000000001
T004453,2024-10-13,S026,P0085,-2,1272.28,146.36,INR,2024-09-06 14:21:28.717440844,-2690.92
T004454,2024-03-12,S019,P0031,0,185.15,81.91,INR,2024-07-23 11:37:26.952029943,-81.91
T004455,2024-10-26,S044,P0073,5,909.09,123.48,INR,2024-09-04 13:35:22.098296165,4421.97
T004456,2024-08-24,S044,P0045,8,1056.46,238.77,INR,2024-12-17 15:00:57.539837599,8212.91
T004457,2024-06-01,S047,P0047,1,1822.6,127.5,INR,2024-12-19 21:47:00.680605650,1695.1
T004458,2024-06-16,S039,P0077,8,1001.15,117.49,INR,2024-11-29 22:15:05.833329678,7891.71
T004459,2024-04-03,S036,P0081,-2,370.84,255.03,INR,2024-06-29 14:42:42.559228659,-996.7099999999999
T004460,2024-10-01,S021,P0072,5,649.66,0.38,INR,2024-05-04 11:31:30.204692602,3247.9199999999996
T004461,2024-07-06,S041,P0073,7,1377.17,255.66,INR,2024-04-12 01:13:43.052761555,9384.53
T004462,2024-04-27,S048,P0073,3,313.02,54.42,INR,2024-07-29 03:02:16.369257927,884.64
T004463,2024-08-05,S026,P0040,-2,540.31,82.35,INR,2024-06-14 13:21:09.339714766,-1162.9699999999998
T004464,2024-12-29,S013,P0030,9,1991.98,108.48,INR,2024-12-29 00:02:10.700560331,17819.34
T004465,2024-06-07,S036,P0062,7,110.52,264.2,INR,2024-07-14 11:38:20.327313900,509.44
T004466,2024-12-02,S024,P0071,7,389.15,272.6,INR,2024-04-30 01:54:07.796897173,2451.45
T004467,2024-05-05,S041,P0017,3,1703.0,198.35,INR,2024-08-20 02:59:32.909525633,4910.65
T004468,2024-01-20,S026,P0005,-2,292.63,131.83,INR,2024-01-16 22:57:55.510197639,-717.09
T004469,2024-03-15,S021,P0081,7,163.92,154.84,INR,2024-02-10 10:29:23.766766310,992.5999999999998
T004470,2024-06-01,S018,P0001,7,330.49,174.12,INR,2024-08-30 05:41:15.571096420,2139.3100000000004
T004471,2024-03-21,S015,P0080,0,1417.83,286.2,INR,2024-02-15 00:27:51.564409256,-286.2
T004472,2024-01-01,S015,P0081,-1,1986.91,290.75,INR,2024-10-02 17:24:04.180436850,-2277.66
T004473,2024-11-29,S006,P0094,1,1222.21,254.2,INR,2024-01-23 14:18:58.716186523,968.01
T004474,2024-11-04,S043,P0031,-1,336.2,175.12,INR,2024-08-04 18:28:22.084919930,-511.32
T004475,2024-09-27,S031,P0035,8,449.18,117.22,INR,2024-09-04 15:30:10.267057180,3476.2200000000003
T004476,2024-03-02,S028,P0072,2,1121.6,69.08,INR,2024-10-11 13:14:52.709112406,2174.12
T004477,2024-02-13,S008,P0030,1,1459.75,160.34,INR,2024-11-19 06:43:22.515330315,1299.41
T004478,2024-01-25,S029,P0085,3,1359.53,103.69,INR,2024-04-23 23:11:21.660029411,3974.9
T004479,2024-09-21,S021,P0015,4,1191.98,21.82,INR,2024-09-19 11:52:50.265904903,4746.1
T004480,2024-12-05,S017,P0098,9,1973.91,142.87,INR,2024-01-30 11:11:29.713032484,17622.320000000003
T004481,2024-06-06,S049,P0056,-1,476.26,171.33,INR,2024-10-29 21:00:05.323176861,-647.59
T004482,2024-02-13,S024,P0060,-1,428.52,183.39,INR,2024-11-20 22:24:22.527816296,-611.91
T004483,2024-07-06,S050,P0027,5,1732.22,22.14,INR,2024-09-30 06:14:30.487700701,8638.960000000001
T004484,2024-05-07,S036,P0002,6,652.56,144.93,INR,2024-04-12 16:26:45.386243582,3770.43
T004485,2024-05-16,S031,P0074,2,731.8,196.77,INR,2024-01-23 18:07:45.884558201,1266.83
T004486,2024-08-14,S047,P0064,4,1142.47,,INR,2024-06-02 21:15:55.836210728,
T004487,2024-09-19,S034,P0005,9,824.42,7.51,INR,2024-04-08 18:46:04.801350355,7412.2699999999995
T004488,2024-02-10,S002,P0091,6,646.52,,INR,2024-07-12 12:28:33.928356647,
T004489,2024-01-13,S042,P0068,-2,1842.63,18.7,INR,2024-05-23 18:13:30.501959801,-3703.96
T004490,2024-12-28,S003,P0013,5,345.62,47.65,INR,2024-02-19 15:16:05.493488312,1680.4499999999998
T004491,2024-03-25,S030,P0081,7,868.15,51.99,INR,2024-11-01 09:21:04.131961823,6025.06
T004492,2024-01-20,S008,P0085,7,105.64,98.66,INR,2024-11-11 14:28:53.482571840,640.82
T004493,2024-03-10,S007,P0023,6,1634.16,249.39,INR,2024-10-23 19:09:08.214359283,9555.570000000002
T004494,2024-01-15,S012,P0097,6,420.0,256.87,INR,2024-03-17 18:43:39.042500019,2263.13
T004495,2024-05-23,S019,P0050,7,1568.68,112.49,INR,2024-06-05 09:35:39.148920774,10868.27
T004496,2024-10-19,S026,P0079,4,382.35,129.39,INR,2024-03-03 14:02:31.662511110,1400.0100000000002
T004497,2024-05-04,S028,P0078,9,891.8,65.11,INR,2024-08-30 19:11:28.434332132,7961.09
T004498,2024-06-11,S015,P0073,9,1483.55,129.75,INR,2024-10-20 19:37:24.312341928,13222.199999999999
T004499,2024-09-03,S014,P0037,9,614.54,82.45,INR,2024-07-31 06:15:17.066411734,5448.41
T004500,2024-07-04,S048,P0030,9,696.44,52.46,INR,2024-07-18 07:55:18.576320410,6215.500000000001
T004501,2024-11-10,S014,P0093,7,1367.91,,INR,2024-09-17 23:12:53.425426722,
T004502,2024-11-12,S003,P0023,0,456.63,232.69,INR,2024-02-11 10:45:52.385180950,-232.69
T004503,2024-01-04,S050,P0034,2,1908.39,35.08,INR,2024-03-31 09:28:31.303508997,3781.7000000000003
T004504,2024-10-10,S029,P0064,-1,458.7,184.81,INR,2024-04-24 11:49:33.406175852,-643.51
T004505,2024-06-17,S006,P0055,8,1524.99,50.24,INR,2024-07-13 08:45:00.833280325,12149.68
T004506,2024-12-26,S049,P0071,7,1624.94,251.35,INR,2024-12-22 05:59:45.154982567,11123.23
T004507,2024-06-25,S023,P0009,0,811.3,82.34,INR,2024-11-10 23:59:20.318332195,-82.34
T004508,2024-12-26,S028,P0004,7,396.85,13.47,INR,2024-03-31 04:06:54.320600748,2764.4800000000005
T004509,2024-10-02,S014,P0066,4,415.22,135.62,INR,2024-03-26 00:56:44.048765421,1525.2600000000002
T004510,2024-03-31,S014,P0091,-2,1972.36,299.94,INR,2024-06-08 00:16:38.965184450,-4244.66
T004511,2024-07-15,S020,P0033,0,1478.28,243.94,INR,2024-12-21 17:54:46.492499352,-243.94
T004512,2024-12-28,S013,P0032,2,955.09,171.08,INR,2024-02-25 15:29:43.223580360,1739.1000000000001
T004513,2024-11-08,S027,P0044,8,588.96,56.83,INR,2024-12-15 06:49:15.408376694,4654.85
T004514,2024-02-05,S035,P0037,1,135.93,35.25,INR,2024-03-10 12:04:16.735938787,100.68
T004515,2024-09-14,S045,P0091,0,1373.88,251.57,INR,2024-11-19 13:10:32.381880999,-251.57
T004516,2024-05-06,S002,P0092,3,1918.14,236.31,INR,2024-10-30 01:18:48.704877615,5518.11
T004517,2024-01-03,S041,P0067,9,303.0,138.66,INR,2024-11-18 01:07:45.144708157,2588.34
T004518,2024-05-27,S045,P0060,3,1533.53,126.42,INR,2024-11-21 11:51:01.328470707,4474.17
T004519,2024-03-26,S040,P0059,1,391.15,224.6,INR,2024-03-20 14:52:22.454753399,166.54999999999998
T004520,2024-10-25,S048,P0036,6,1605.0,160.81,INR,2024-10-11 05:25:37.183121204,9469.19
T004521,2024-05-03,S024,P0049,8,804.09,121.25,INR,2024-09-05 22:56:50.313399076,6311.47
T004522,2024-10-29,S029,P0051,3,1452.92,75.52,INR,2024-11-16 19:21:01.573351622,4283.24
T004523,2024-01-01,S003,P0008,6,1859.94,36.77,INR,2024-06-27 23:08:34.945747852,11122.869999999999
T004524,2024-04-22,S045,P0050,8,1278.26,178.44,INR,2024-05-30 21:51:08.152588606,10047.64
T004525,2024-03-29,S004,P0041,7,1849.33,,INR,2024-09-22 01:42:37.176832438,
T004526,2024-03-26,S050,P9999,7,546.55,223.85,INR,2024-04-08 11:49:49.443100452,3601.9999999999995
T004527,2024-01-25,S002,P0038,-1,1958.45,,INR,2024-10-26 07:40:51.806321383,
T004528,2024-03-09,S020,P0086,3,1758.41,278.66,INR,2024-04-14 09:10:50.989335299,4996.570000000001
T004529,2024-07-21,S015,P0078,1,304.39,118.36,INR,2024-01-16 18:32:58.473120213,186.02999999999997
T004530,2024-04-16,S049,P0079,-1,885.73,41.17,INR,2024-07-20 06:57:08.040241957,-926.9
T004531,2024-06-01,S032,P0055,2,1861.36,30.58,INR,2024-11-01 03:07:41.957972765,3692.14
T004532,2024-05-17,S042,P0068,0,248.42,286.5,INR,2024-09-09 00:30:38.888156652,-286.5
T004533,2024-11-15,S001,P0018,3,962.15,176.69,INR,2024-12-27 02:11:59.819287539,2709.7599999999998
T004534,2024-11-26,S038,P0065,8,1474.83,243.24,INR,2024-02-21 08:47:02.508928061,11555.4
T004535,2024-06-28,S035,P0064,5,163.55,,INR,2024-05-05 18:24:05.139814138,
T004536,2024-04-30,S999,P0012,1,1530.38,119.55,INR,2024-05-18 16:18:02.658218145,1410.8300000000002
T004537,2024-02-08,S007,P0041,9,786.28,60.08,INR,2024-01-22 05:23:24.709812164,7016.44
T004538,2024-12-13,S045,P0042,1,573.81,256.92,INR,2024-01-16 16:43:14.774386168,316.88999999999993
T004539,2024-01-22,S013,P0060,2,1194.35,19.05,INR,2024-01-11 17:56:20.389621496,2369.6499999999996
T004540,2024-04-18,S049,P0050,3,1134.23,270.07,INR,2024-05-29 05:47:00.411998749,3132.62
T004541,2024-04-18,S001,P0081,8,1760.48,,INR,2024-11-04 08:06:19.475102901,
T004542,2024-04-26,S014,P0083,4,1384.41,2.86,INR,2024-09-16 00:28:38.386785269,5534.780000000001
T004543,2024-02-29,S029,P0036,3,901.54,31.17,INR,2024-06-12 01:38:50.923817873,2673.45
T004544,2024-10-12,S003,P0048,4,1335.26,265.05,INR,2024-04-06 08:47:19.515908480,5075.99
T004545,2024-02-14,S046,P0071,6,1525.28,22.11,INR,2024-01-06 16:23:36.710954189,9129.57
T004546,2024-08-19,S024,P0073,1,1880.92,106.57,INR,2024-03-05 00:19:37.530094623,1774.3500000000001
T004547,2024-02-15,S001,P0008,7,1438.1,75.09,INR,2024-05-21 07:46:33.676792622,9991.609999999999
T004548,2024-01-26,S048,P0025,-2,1133.36,11.06,INR,2024-05-15 05:12:22.403264999,-2277.7799999999997
T004549,2024-11-27,S010,P0007,6,808.66,159.44,INR,2024-04-04 16:00:16.749893188,4692.52
T004550,2024-03-10,S013,P0008,4,1793.82,299.5,INR,2024-12-29 22:51:07.903630733,6875.78
T004551,2024-10-26,S036,P0088,1,1605.79,255.9,INR,2024-06-12 07:03:02.992216110,1349.8899999999999
T004552,2024-07-17,S009,P0081,7,246.64,,INR,2024-04-07 18:12:30.189654589,
T004553,2024-01-29,S014,P0076,5,1429.13,265.29,INR,2024-05-28 13:53:27.894167423,6880.360000000001
T004554,2024-12-14,S036,P0031,9,1123.62,135.54,INR,2024-04-11 23:39:37.287503242,9977.039999999997
T004555,2024-03-31,S010,P0012,4,296.92,,INR,2024-05-08 12:20:04.205334425,
T004556,2024-11-09,S040,P0057,9,1173.43,192.09,INR,2024-02-15 22:40:07.170916557,10368.78
T004557,2024-03-02,S023,P0066,-1,465.76,65.01,INR,2024-01-01 07:25:11.539509773,-530.77
T004558,2024-11-07,S035,P0012,-2,1445.48,263.9,INR,2024-06-28 10:37:46.589446306,-3154.86
T004559,2024-01-05,S007,P0027,6,629.08,187.26,INR,2024-06-27 12:53:06.118974447,3587.2200000000003
T004560,2024-07-05,S042,P0046,4,385.65,40.81,INR,2024-02-27 06:59:05.352821827,1501.79
T004561,2024-10-07,S035,P0007,7,255.75,171.19,INR,2024-10-30 22:16:24.989918232,1619.06
T004562,2024-12-07,S002,P0061,-2,1032.52,153.11,INR,2024-03-11 00:13:01.295424938,-2218.15
T004563,2024-11-27,S015,P0058,1,479.31,141.44,INR,2024-10-08 02:51:38.086176395,337.87
T004564,2024-10-26,S009,P0058,2,1724.74,109.49,INR,2024-03-10 10:46:11.332186699,3339.9900000000002
T004565,2024-11-20,S047,P0013,2,105.7,142.26,INR,2024-04-12 15:52:00.759585142,69.14000000000001
T004566,2024-03-13,S017,P0053,2,1702.91,175.8,INR,2024-04-08 12:12:28.900131464,3230.02
T004567,2024-04-13,S039,P0100,8,1090.08,220.07,INR,2024-03-24 19:11:46.998033762,8500.57
T004568,2024-04-15,S018,P0065,0,1852.08,275.36,INR,2024-12-13 16:32:53.348902702,-275.36
T004569,2024-05-17,S015,P0049,2,488.76,13.32,INR,2024-04-06 03:55:17.564715624,964.1999999999999
T004570,2024-05-23,S018,P0035,1,294.32,170.8,INR,2024-06-26 00:17:26.451268435,123.51999999999998
T004571,2024-07-17,S024,P0094,2,1287.42,225.59,INR,2024-09-25 08:07:26.338223457,2349.25
T004572,2024-02-28,S023,P0095,4,1442.78,34.67,INR,2024-04-26 11:36:36.059649467,5736.45
T004573,2024-09-09,S012,P0017,2,807.91,273.45,INR,2024-01-05 06:29:54.439767122,1342.37
T004574,2024-03-02,S023,P0072,5,125.99,73.5,INR,2024-10-05 00:24:34.271979094,556.4499999999999
T004575,2024-04-23,S021,P0067,5,873.23,,INR,2024-04-13 16:07:25.110897779,
T004576,2024-07-02,S026,P0010,0,544.2,198.6,INR,2024-11-14 17:04:24.795831442,-198.6
T004577,2024-10-17,S008,P0034,2,760.19,,INR,2024-06-28 06:30:15.572240353,
T004578,2024-09-26,S030,P0086,9,1062.83,260.77,INR,2024-08-15 21:49:15.560131311,9304.699999999999
T004579,2024-08-23,S034,P0004,1,1434.45,290.77,INR,2024-12-13 02:24:32.375937700,1143.68
T004580,2024-02-26,S002,P0096,2,1930.13,299.14,INR,2024-11-13 12:51:21.609149933,3561.1200000000003
T004581,2024-07-18,S005,P0029,5,373.6,204.98,INR,2024-10-16 07:30:50.489562988,1663.02
T004582,2024-02-01,S031,P0046,1,1391.81,101.74,INR,2024-07-12 17:12:05.731084585,1290.07
T004583,2024-05-17,S033,P0075,2,543.1,262.41,INR,2024-03-02 18:58:42.923143625,823.79
T004584,2024-05-30,S004,P0046,4,519.34,196.3,INR,2024-11-02 23:33:46.229727507,1881.0600000000002
T004585,2024-01-15,S006,P0077,0,1303.75,,INR,2024-02-04 06:58:34.443370819,
T004586,2024-04-10,S023,P0059,3,1574.4,279.71,INR,2024-11-19 22:08:17.114032507,4443.490000000001
T004587,2024-12-14,S045,P0061,6,1957.8,224.3,INR,2024-10-06 16:24:21.875791073,11522.5
T004588,2024-12-14,S019,P0068,8,1560.78,135.85,INR,2024-10-20 06:15:57.900977612,12350.39
T004589,2024-05-08,S043,P0066,1,398.9,136.35,INR,2024-05-17 16:14:42.071288109,262.54999999999995
T004590,2024-01-16,S045,P0034,1,528.27,,INR,2024-02-01 00:15:57.646774054,
T004591,2024-03-06,S008,P0086,3,1546.64,,INR,2024-09-22 08:07:11.307794094,
T004592,2024-05-23,S039,P0005,3,1101.28,28.22,INR,2024-12-22 23:51:45.477750301,3275.6200000000003
T004593,2024-12-11,S013,P0009,0,661.28,,INR,2024-11-09 07:39:03.345667362,
T004594,2024-02-21,S001,P0020,-2,996.39,,INR,2024-11-03 02:33:38.860052586,
T004595,2024-10-05,S006,P0021,0,1838.29,175.36,INR,2024-08-18 19:00:20.029543161,-175.36
T004596,2024-02-09,S007,P0017,5,1535.64,,INR,2024-02-12 10:30:17.724588871,
T004597,2024-12-24,S048,P0012,5,956.33,,INR,2024-11-11 02:18:07.191764593,
T004598,2024-05-19,S027,P0092,3,1963.05,202.02,INR,2024-03-22 01:03:23.713706493,5687.129999999999
T004599,2024-10-09,S015,P0082,4,1610.26,23.76,INR,2024-04-06 12:59:05.359955788,6417.28
T004600,2024-05-05,S034,P0067,-1,111.15,166.91,INR,2024-10-02 21:18:56.793099403,-278.06
T004601,2024-08-17,S023,P0005,6,313.5,149.33,INR,2024-09-18 16:05:49.074762821,1731.67
T004602,2024-03-11,S048,P0060,0,1152.54,283.68,INR,2024-01-27 11:38:55.775814772,-283.68
T004603,2024-02-23,S049,P0053,-1,764.91,,INR,2024-04-01 23:09:38.969794989,
T004604,2024-12-08,S024,P0052,2,1643.86,2.85,INR,2024-10-25 10:55:36.924791574,3284.87
T004605,2024-11-30,S015,P0078,-2,1801.81,,INR,2024-12-12 14:20:50.889760017,
T004606,2024-11-19,S035,P0048,2,557.24,51.21,INR,2024-04-07 04:53:06.856786489,1063.27
T004607,2024-08-16,S004,P0090,7,1550.24,75.27,INR,2024-10-04 15:17:42.751262188,10776.41
T004608,2024-10-22,S044,P0019,1,1117.25,244.53,INR,2024-07-03 13:22:01.824291229,872.72
T004609,2024-01-26,S037,P0017,9,844.74,113.06,INR,2024-05-18 17:20:10.931388378,7489.599999999999
T004610,2024-05-02,S017,P0054,3,1594.88,252.23,INR,2024-11-23 19:30:26.369632483,4532.410000000001
T004611,2024-04-24,S031,P0068,9,1173.36,81.58,INR,2024-07-19 02:15:44.219352722,10478.66
T004612,2024-08-20,S038,P0035,2,1307.04,,INR,2024-09-09 11:49:22.660506010,
T004613,2024-05-09,S010,P0088,6,218.28,2.43,INR,2024-08-04 05:49:18.044315577,1307.25
T004614,2024-02-24,S050,P0041,2,1213.17,280.36,INR,2024-08-22 21:46:02.497280359,2145.98
T004615,2024-08-05,S027,P0013,5,671.35,223.81,INR,2024-07-07 19:23:40.654481411,3132.94
T004616,2024-10-24,S042,P0033,9,1037.26,123.82,INR,2024-07-13 16:57:11.569326162,9211.52
T004617,2024-05-19,S006,P0015,-1,521.82,173.2,INR,2024-11-07 01:00:22.462953806,-695.02
T004618,2024-02-18,S006,P0063,0,1267.5,279.91,INR,2024-04-20 11:17:13.092881680,-279.91
T004619,2024-03-12,S015,P0015,0,380.19,174.77,INR,2024-09-25 18:40:19.978120089,-174.77
T004620,2024-03-27,S004,P0031,0,333.52,68.57,INR,2024-04-08 00:43:12.357266665,-68.57
T004621,2024-04-19,S048,P0028,3,457.98,171.86,INR,2024-01-26 19:35:34.405627251,1202.08
T004622,2024-08-22,S040,P0010,4,1653.18,261.43,INR,2024-11-25 16:21:09.685240984,6351.29
T004623,2024-08-07,S007,P0057,4,163.71,296.23,INR,2024-05-29 21:23:43.120512962,358.61
T004624,2024-09-11,S999,P0071,9,1486.2,,INR,2024-09-06 08:42:24.954371691,
T004625,2024-05-12,S049,P0033,4,207.36,46.69,INR,2024-10-03 15:05:19.112105846,782.75
T004626,2024-10-27,S045,P0007,9,1224.53,231.53,INR,2024-10-17 21:48:33.289876938,10789.24
T004627,2024-03-15,S047,P0005,0,1569.76,299.07,INR,2024-03-23 14:35:16.195437908,-299.07
T004628,2024-06-20,S026,P0090,-2,539.04,142.09,INR,2024-08-27 07:41:55.768922091,-1220.1699999999998
T004629,2024-10-19,S031,P0080,3,472.3,115.12,INR,2024-10-04 11:44:15.975279570,1301.7800000000002
T004630,2024-03-06,S002,P0057,0,649.44,165.75,INR,2024-02-13 17:19:49.340028763,-165.75
T004631,2024-02-10,S028,P0072,0,1429.27,49.43,INR,2024-02-21 13:49:37.617657900,-49.43
T004632,2024-11-18,S042,P0086,0,584.17,291.39,INR,2024-05-12 19:46:10.357436657,-291.39
T004633,2024-05-05,S013,P0098,6,1053.36,251.5,INR,2024-04-20 02:37:42.676676512,6068.66
T004634,2024-09-06,S018,P0040,9,355.49,33.9,INR,2024-10-17 23:46:25.729078531,3165.5099999999998
T004635,2024-01-10,S030,P0028,1,976.27,283.52,INR,2024-08-22 14:02:28.966970682,692.75
T004636,2024-09-08,S011,P0036,2,1286.98,282.85,INR,2024-06-30 18:14:54.286854267,2291.11
T004637,2024-04-25,S013,P0056,0,236.46,94.91,INR,2024-02-08 20:06:44.491235971,-94.91
T004638,2024-01-21,S999,P0047,7,1649.3,185.74,INR,2024-02-11 02:05:20.051619530,11359.36
T004639,2024-08-10,S024,P0071,9,1881.13,33.23,INR,2024-07-07 17:03:18.604179621,16896.940000000002
T004640,2024-03-28,S029,P0040,-2,467.74,25.26,INR,2024-11-18 06:00:02.275362253,-960.74
T004641,2024-05-21,S005,P0059,9,1542.92,150.54,INR,2024-10-09 21:38:28.037836313,13735.74
T004642,2024-01-30,S035,P0043,1,695.59,14.9,INR,2024-11-17 18:32:27.707105398,680.69
T004643,2024-02-23,S019,P0092,-2,1385.78,262.47,INR,2024-07-25 06:41:15.092977285,-3034.0299999999997
T004644,2024-04-18,S013,P0066,8,682.69,278.43,INR,2024-03-21 19:15:34.927531958,5183.09
T004645,2024-02-02,S005,P0009,8,1738.45,20.19,INR,2024-01-12 14:37:56.593232393,13887.41
T004646,2024-11-28,S044,P0006,4,759.51,14.19,INR,2024-12-09 04:48:06.424570084,3023.85
T004647,2024-01-03,S014,P0065,4,1712.78,66.43,INR,2024-06-22 10:59:42.138545513,6784.69
T004648,2024-06-25,S038,P0003,1,1555.67,278.99,INR,2024-11-09 12:59:31.145536184,1276.68
T004649,2024-02-14,S022,P0074,2,473.02,230.7,INR,2024-09-24 12:54:51.403214931,715.3399999999999
T004650,2024-04-22,S009,P0037,7,398.21,202.95,INR,2024-10-30 17:46:58.607137918,2584.52
T004651,2024-12-04,S049,P0087,4,1581.35,,INR,2024-03-17 21:19:25.727673054,
T004652,2024-02-29,S040,P0033,3,841.58,59.84,INR,2024-09-04 23:55:01.882512331,2464.9
T004653,2024-12-18,S026,P0009,1,1903.85,76.98,INR,2024-09-20 18:49:00.087014914,1826.87
T004654,2024-03-16,S045,P0053,1,1891.6,95.29,INR,2024-07-20 16:55:42.306788445,1796.31
T004655,2024-09-27,S005,P0077,-1,1417.61,181.52,INR,2024-10-31 20:36:57.590096951,-1599.1299999999999
T004656,2024-07-18,S029,P0092,7,1051.1,182.47,INR,2024-12-26 16:41:36.160119534,7175.229999999999
T004657,2024-11-18,S022,P0051,-1,470.44,62.58,INR,2024-01-04 20:18:41.524736881,-533.02
T004658,2024-07-21,S049,P0071,9,1776.55,131.02,INR,2024-06-15 01:45:28.167701721,15857.929999999998
T004659,2024-07-14,S003,P0026,1,255.8,207.01,INR,2024-10-02 04:08:48.169345856,48.79000000000002
T004660,2024-03-12,S028,P0016,2,803.67,92.89,INR,2024-09-21 20:44:31.082506895,1514.4499999999998
T004661,2024-03-01,S038,P0040,1,706.52,22.64,INR,2024-06-19 18:20:14.268198013,683.88
T004662,2024-11-30,S014,P0090,0,1921.01,59.22,INR,2024-11-03 09:16:46.021625757,-59.22
T004663,2024-04-29,S047,P0051,8,324.42,49.42,INR,2024-09-03 09:23:46.341991186,2545.94
T004664,2024-05-15,S014,P0039,-1,1791.28,189.58,INR,2024-07-19 03:37:13.859161139,-1980.86
T004665,2024-10-04,S043,P0055,1,967.23,20.56,INR,2024-04-09 14:29:18.622284651,946.6700000000001
T004666,2024-05-03,S011,P0096,8,190.25,265.42,INR,2024-05-14 01:55:48.958057404,1256.58
T004667,2024-12-13,S009,P0036,2,1484.85,25.32,INR,2024-12-27 00:07:22.135323048,2944.3799999999997
T004668,2024-09-26,S038,P0065,-2,291.67,179.37,INR,2024-11-26 17:37:27.026343346,-762.71
T004669,2024-08-06,S047,P0085,-2,550.31,278.86,INR,2024-09-10 21:52:13.883389473,-1379.48
T004670,2024-11-17,S044,P0077,3,1619.48,18.73,INR,2024-11-09 12:01:23.018836498,4839.710000000001
T004671,2024-01-19,S006,P0090,2,393.99,114.93,INR,2024-02-19 15:10:39.090105772,673.05
T004672,2024-04-03,S001,P0045,8,718.39,98.38,INR,2024-04-07 15:58:06.211914062,5648.74
T004673,2024-06-18,S025,P0009,1,785.9,103.26,INR,2024-11-19 01:58:01.418789864,682.64
T004674,2024-03-23,S016,P0037,-2,1218.72,180.09,INR,2024-06-20 20:45:08.074946642,-2617.53
T004675,2024-09-28,S015,P0087,9,1600.87,78.63,INR,2024-08-03 16:38:44.890886784,14329.199999999999
T004676,2024-12-01,S034,P0001,4,538.54,8.2,INR,2024-11-18 12:54:35.670520544,2145.96
T004677,2024-06-03,S017,P0066,1,490.99,288.68,INR,2024-05-27 11:07:08.372200966,202.31
T004678,2024-05-04,S003,P0063,0,521.61,224.63,INR,2024-06-24 20:39:25.014186859,-224.63
T004679,2024-12-16,S003,P0043,4,825.06,40.54,INR,2024-02-10 22:39:53.720908165,3259.7
T004680,2024-06-11,S037,P0028,-1,1116.7,136.55,INR,2024-12-27 20:46:45.104873419,-1253.25
T004681,2024-06-27,S017,P0100,7,125.55,18.82,INR,2024-12-21 06:45:51.571637869,860.03
T004682,2024-05-08,S049,P0031,-2,1582.57,8.36,INR,2024-04-18 05:40:08.990656376,-3173.5
T004683,2024-11-27,S038,P0069,8,1860.76,14.25,INR,2024-11-07 03:41:43.942491531,14871.83
T004684,2024-07-26,S001,P9999,1,1702.69,226.73,INR,2024-09-26 00:42:39.303438902,1475.96
T004685,2024-10-05,S007,P0089,5,170.65,133.48,INR,2024-02-23 12:06:28.936895609,719.77
T004686,2024-10-23,S026,P0008,3,1096.56,253.32,INR,2024-01-09 17:18:04.655140638,3036.3599999999997
T004687,2024-05-04,S047,P0034,6,1646.65,91.56,INR,2024-01-06 03:17:22.271734476,9788.340000000002
T004688,2024-06-07,S039,P0049,-2,753.82,232.6,INR,2024-01-24 23:43:29.939365864,-1740.24
T004689,2024-11-05,S019,P0096,-2,1804.37,23.38,INR,2024-08-16 23:57:09.007142782,-3632.12
T004690,2024-05-12,S030,P0058,8,1785.07,190.53,INR,2024-06-28 15:24:37.791864157,14090.029999999999
T004691,2024-10-16,S043,P0075,2,369.24,108.18,INR,2024-12-29 19:34:43.285693169,630.3
T004692,2024-12-09,S014,P0047,3,1037.9,83.02,INR,2024-04-14 14:04:10.710899115,3030.6800000000003
T004693,2024-08-15,S013,P0025,5,148.77,244.53,INR,2024-09-21 21:07:47.513879061,499.32000000000005
T004694,2024-09-27,S020,P0003,0,635.53,15.58,INR,2024-05-21 07:00:44.838158131,-15.58
T004695,2024-10-20,S026,P0045,3,1642.56,284.86,INR,2024-02-05 21:17:04.413392782,4642.820000000001
T004696,2024-11-04,S027,P0052,0,1952.77,235.66,INR,2024-11-16 03:47:42.110388517,-235.66
T004697,2024-05-24,S025,P0096,5,1835.31,106.68,INR,2024-05-26 00:01:01.964946032,9069.869999999999
T004698,2024-01-19,S009,P0099,9,180.9,297.4,INR,2024-11-30 16:13:11.980218649,1330.7000000000003
T004699,2024-05-26,S041,P0096,8,1860.79,,INR,2024-12-07 23:29:02.514087914,
T004700,2024-09-02,S048,P0034,8,1663.03,120.72,INR,2024-10-26 08:27:58.928903341,13183.52
T004701,2024-06-13,S012,P9999,1,1748.63,265.46,INR,2024-01-11 02:27:56.354005098,1483.17
T004702,2024-09-30,S010,P0069,-1,1838.17,299.04,INR,2024-12-18 14:23:27.181185961,-2137.21
T004703,2024-05-10,S006,P0092,9,1027.54,71.73,INR,2024-02-15 07:40:48.315870762,9176.130000000001
T004704,2024-08-19,S050,P0092,6,501.31,222.93,INR,2024-12-05 22:16:11.391194820,2784.9300000000003
T004705,2024-03-09,S034,P0008,7,139.95,91.72,INR,2024-08-09 09:19:24.749047518,887.9299999999998
T004706,2024-09-30,S041,P0027,5,144.74,229.94,INR,2024-05-17 18:33:00.221079826,493.76000000000005
T004707,2024-07-18,S019,P0080,3,1320.77,,INR,2024-09-20 06:42:59.927944660,
T004708,2024-03-15,S006,P0063,0,740.83,,INR,2024-07-04 00:06:07.654342651,
T004709,2024-04-16,S002,P0082,-1,1042.2,22.5,INR,2024-10-16 23:39:07.376588106,-1064.7
T004710,2024-09-30,S015,P0025,1,349.54,147.57,INR,2024-07-06 12:39:46.203516960,201.97000000000003
T004711,2024-06-25,S017,P0058,1,1953.48,210.45,INR,2024-05-14 15:38:38.354244709,1743.03
T004712,2024-03-19,S016,P0048,-2,346.89,113.58,INR,2024-05-11 16:58:28.846160650,-807.36
T004713,2024-12-19,S028,P0001,6,945.13,184.42,INR,2024-05-09 05:59:37.079533815,5486.36
T004714,2024-09-18,S021,P0008,7,942.37,170.73,INR,2024-06-21 14:35:10.713039160,6425.860000000001
T004715,2024-12-15,S008,P0021,5,116.41,88.38,INR,2024-02-10 04:41:15.846501112,493.66999999999996
T004716,2024-06-04,S010,P0098,4,1368.82,146.03,INR,2024-08-29 12:32:46.745598555,5329.25
T004717,2024-06-22,S010,P0088,3,1122.6,20.71,INR,2024-05-04 14:25:55.182429075,3347.0899999999997
T004718,2024-11-23,S050,P9999,0,1045.24,137.97,INR,2024-07-23 23:06:48.387995481,-137.97
T004719,2024-07-10,S010,P0090,1,1654.36,137.46,INR,2024-07-11 04:17:40.977180958,1516.8999999999999
T004720,2024-09-15,S009,P0078,-1,558.16,8.62,INR,2024-11-08 20:26:30.640995026,-566.78
T004721,2024-04-02,S028,P0029,4,1736.08,154.16,INR,2024-11-10 12:24:49.583408594,6790.16
T004722,2024-06-12,S024,P0030,-1,1743.08,221.31,INR,2024-12-27 01:13:52.456418991,-1964.3899999999999
T004723,2024-02-15,S019,P0003,7,1671.04,135.68,INR,2024-03-29 04:12:26.367673874,11561.599999999999
T004724,2024-03-16,S033,P0007,-2,748.66,193.81,INR,2024-01-13 13:50:52.260492563,-1691.1299999999999
T004725,2024-01-01,S004,P0100,3,408.86,159.73,INR,2024-06-04 02:10:25.374871731,1066.85
T004726,2024-01-15,S003,P0011,1,1002.84,235.55,INR,2024-11-23 06:31:55.955533981,767.29
T004727,2024-12-22,S042,P0032,5,593.7,154.34,INR,2024-08-07 02:12:12.888697624,2814.16
T004728,2024-03-29,S012,P0059,-2,199.14,99.48,INR,2024-05-16 08:04:34.581331253,-497.76
T004729,2024-08-30,S018,P0012,6,630.99,248.27,INR,2024-10-08 19:48:01.119693279,3537.67
T004730,2024-11-02,S023,P0079,3,991.34,20.29,INR,2024-09-17 00:08:40.038056612,2953.73
T004731,2024-07-19,S020,P0038,-1,314.2,86.84,INR,2024-09-17 10:49:32.153969049,-401.03999999999996
T004732,2024-02-25,S006,P0024,5,1894.23,177.45,INR,2024-07-06 19:44:55.244482756,9293.699999999999
T004733,2024-09-22,S034,P0065,2,1346.59,,INR,2024-07-12 15:00:43.412684441,
T004734,2024-08-07,S042,P0018,2,359.05,21.64,INR,2024-07-21 21:00:28.590404749,696.46
T004735,2024-09-23,S002,P0046,2,1642.92,28.82,INR,2024-07-20 16:59:56.266298531,3257.02
T004736,2024-10-07,S030,P0056,4,1863.37,84.72,INR,2024-03-16 07:19:36.158785820,7368.759999999999
T004737,2024-12-22,S009,P0063,4,599.29,103.37,INR,2024-03-30 17:04:59.624084234,2293.79
T004738,2024-07-28,S027,P0007,7,372.18,253.06,INR,2024-05-16 12:27:30.690830469,2352.2000000000003
T004739,2024-05-04,S042,P0066,8,712.7,,INR,2024-11-08 05:54:02.952332497,
T004740,2024-08-24,S034,P0040,4,1681.27,5.17,INR,2024-06-17 18:33:33.402635336,6719.91
T004741,2024-01-25,S040,P0054,9,432.68,4.61,INR,2024-12-04 02:33:20.123146057,3889.5099999999998
T004742,2024-11-23,S024,P0031,7,1580.76,259.44,INR,2024-10-16 14:02:57.218242645,10805.88
T004743,2024-02-13,S049,P0097,-1,1460.9,40.69,INR,2024-11-10 10:46:11.650654316,-1501.5900000000001
T004744,2024-04-29,S017,P0052,5,1337.6,101.8,INR,2024-02-18 23:08:15.570256233,6586.2
T004745,2024-10-24,S029,P0094,-2,923.3,82.56,INR,2024-02-24 07:22:12.482447147,-1929.1599999999999
T004746,2024-08-06,S036,P0031,-1,796.86,84.56,INR,2024-03-27 08:50:46.727065086,-881.4200000000001
T004747,2024-05-23,S050,P0034,8,261.99,98.58,INR,2024-08-29 20:33:36.626388550,1997.3400000000001
T004748,2024-06-21,S012,P0007,4,778.98,,INR,2024-06-22 20:16:27.074296713,
T004749,2024-11-07,S031,P0089,1,1243.5,186.05,INR,2024-03-02 23:33:55.036694050,1057.45
T004750,2024-05-04,S049,P0016,8,1806.6,188.64,INR,2024-09-29 05:03:19.158276081,14264.16
T004751,2024-11-13,S009,P0022,7,1682.94,156.87,INR,2024-07-07 21:05:07.910503626,11623.71
T004752,2024-02-02,S019,P0100,7,161.21,257.56,INR,2024-09-23 19:31:49.616162062,870.9100000000001
T004753,2024-10-10,S046,P0053,6,363.84,253.7,INR,2024-11-27 22:58:42.453742504,1929.34
T004754,2024-11-05,S046,P0091,8,1712.13,65.17,INR,2024-11-29 21:11:28.931673527,13631.87
T004755,2024-03-07,S017,P0017,6,1884.7,163.09,INR,2024-04-19 21:47:25.209080458,11145.11
T004756,2024-06-06,S002,P0004,0,206.04,235.15,INR,2024-02-27 20:45:56.012151957,-235.15
T004757,2024-03-01,S040,P0061,0,1432.38,260.06,INR,2024-06-07 08:19:08.190513611,-260.06
T004758,2024-09-14,S005,P0099,6,794.89,76.56,INR,2024-01-31 14:47:43.967820644,4692.78
T004759,2024-07-14,S039,P0086,7,792.15,148.23,INR,2024-01-17 01:10:23.992282629,5396.820000000001
T004760,2024-08-19,S048,P0052,9,1321.07,157.51,INR,2024-12-23 00:17:06.620481968,11732.119999999999
T004761,2024-03-12,S016,P0035,5,1639.41,209.89,INR,2024-12-20 17:10:52.128498316,7987.160000000001
T004762,2024-03-18,S017,P0044,-2,622.19,99.08,INR,2024-05-08 09:35:49.179957390,-1343.46
T004763,2024-01-16,S027,P0015,3,1440.17,88.04,INR,2024-10-26 11:47:36.622359037,4232.47
T004764,2024-04-27,S007,P0061,4,1308.16,211.68,INR,2024-03-22 13:12:30.804086685,5020.96
T004765,2024-07-23,S008,P0044,8,1082.91,119.8,INR,2024-06-01 07:28:50.857366800,8543.480000000001
T004766,2024-11-09,S008,P0021,5,1244.61,1.21,INR,2024-09-22 03:42:07.127405882,6221.839999999999
T004767,2024-08-31,S023,P0077,9,134.3,281.35,INR,2024-07-19 22:45:19.703548431,927.35
T004768,2024-06-07,S032,P0047,9,107.73,44.89,INR,2024-10-26 16:59:42.389492989,924.6800000000001
T004769,2024-12-13,S043,P0075,-1,1145.83,,INR,2024-12-23 17:08:30.469434023,
T004770,2024-09-19,S047,P0049,-2,1095.81,245.51,INR,2024-01-04 06:59:40.436420202,-2437.13
T004771,2024-12-05,S018,P0053,1,235.54,100.65,INR,2024-12-03 10:48:02.179268360,134.89
T004772,2024-07-11,S038,P0027,-2,1034.85,98.45,INR,2024-05-30 21:47:52.607938290,-2168.1499999999996
T004773,2024-04-04,S012,P0031,-1,1539.3,186.72,INR,2024-05-28 21:38:04.846601248,-1726.02
T004774,2024-01-20,S015,P0044,0,1128.28,17.71,INR,2024-01-01 05:46:36.854909182,-17.71
T004775,2024-09-22,S028,P0032,1,1083.47,71.09,INR,2024-10-31 12:54:23.904181242,1012.38
T004776,2024-02-14,S038,P0030,9,1464.03,15.98,INR,2024-10-04 00:44:33.806903601,13160.29
T004777,2024-04-20,S050,P0018,9,426.5,87.45,INR,2024-11-22 07:31:51.831349611,3751.05
T004778,2024-07-13,S031,P0063,3,969.21,260.98,INR,2024-03-02 02:04:53.102211475,2646.65
T004779,2024-07-25,S009,P0016,5,381.29,272.8,INR,2024-03-19 12:23:10.671672821,1633.65
T004780,2024-08-07,S008,P0035,6,1095.3,92.83,INR,2024-04-20 18:55:40.428879261,6478.969999999999
T004781,2024-03-01,S046,P0062,1,1224.69,,INR,2024-07-12 12:36:43.843024015,
T004782,2024-05-18,S019,P0009,-2,331.18,40.58,INR,2024-05-05 23:13:08.817935467,-702.94
T004783,2024-08-13,S999,P0062,2,243.48,,INR,2024-04-19 09:36:15.715360641,
T004784,2024-12-19,S008,P0039,2,416.79,247.92,INR,2024-03-07 16:23:57.016760588,585.6600000000001
T004785,2024-09-22,S034,P0051,6,1214.04,255.8,INR,2024-02-28 02:36:02.660188913,7028.44
T004786,2024-12-02,S004,P9999,3,460.28,13.78,INR,2024-06-21 14:57:07.651316166,1367.06
T004787,2024-10-05,S031,P0010,2,622.96,62.77,INR,2024-06-11 18:05:03.209146976,1183.15
T004788,2024-08-03,S038,P0052,7,1434.84,60.95,INR,2024-10-13 13:45:00.245935202,9982.929999999998
T004789,2024-03-11,S003,P0012,7,571.86,248.53,INR,2024-10-27 16:43:48.539933920,3754.49
T004790,2024-08-31,S035,P0072,2,855.3,136.89,INR,2024-09-12 17:22:42.353839874,1573.71
T004791,2024-08-15,S019,P0062,5,1864.81,110.52,INR,2024-10-30 09:20:21.080211401,9213.529999999999
T004792,2024-08-07,S043,P0003,8,1667.49,286.98,INR,2024-02-09 17:32:34.353483200,13052.94
T004793,2024-06-27,S029,P0083,-2,585.4,277.61,INR,2024-06-16 01:58:29.244079590,-1448.4099999999999
T004794,2024-07-11,S010,P0011,2,1235.39,132.03,INR,2024-04-14 13:19:46.134581327,2338.75
T004795,2024-05-02,S012,P0008,-2,1365.03,,INR,2024-04-01 21:44:41.650444984,
T004796,2024-07-08,S046,P0090,4,1810.46,,INR,2024-09-17 03:12:30.622857571,
T004797,2024-03-13,S030,P0023,4,1140.19,33.63,INR,2024-10-30 09:33:47.731279373,4527.13
T004798,2024-10-20,S030,P0010,7,1166.45,204.15,INR,2024-02-11 21:05:55.532577038,7961.000000000001
T004799,2024-03-08,S018,P0018,5,1788.05,166.41,INR,2024-02-15 07:06:38.994186878,8773.84
T004800,2024-02-01,S024,P0076,4,203.33,166.99,INR,2024-08-21 09:10:26.721301794,646.33
T004801,2024-06-08,S032,P0039,8,1293.47,29.51,INR,2024-02-22 16:03:32.451694250,10318.25
T004802,2024-08-28,S009,P0026,6,891.63,237.98,INR,2024-10-07 11:03:00.202730417,5111.8
T004803,2024-06-08,S047,P0011,5,1828.55,160.67,INR,2024-10-29 11:22:09.612826586,8982.08
T004804,2024-04-11,S024,P0010,5,1925.03,27.29,INR,2024-07-09 20:06:48.635409117,9597.859999999999
T004805,2024-07-22,S026,P0003,0,423.47,224.14,INR,2024-11-27 13:36:22.688973427,-224.14
T004806,2024-05-06,S003,P0062,7,634.79,294.39,INR,2024-01-08 10:16:25.366926193,4149.139999999999
T004807,2024-12-06,S023,P0071,1,619.57,132.35,INR,2024-03-23 15:21:21.152145386,487.22
T004808,2024-12-02,S011,P0061,1,291.19,34.7,INR,2024-10-09 02:56:53.134054184,256.49
T004809,2024-07-02,S010,P0004,-2,1017.59,30.42,INR,2024-12-15 09:57:09.738270283,-2065.6
T004810,2024-04-29,S050,P0061,3,1074.85,7.76,INR,2024-12-16 14:40:35.938576221,3216.7899999999995
T004811,2024-09-26,S036,P0008,-1,1188.66,231.12,INR,2024-01-01 03:29:12.708289385,-1419.7800000000002
T004812,2024-01-14,S013,P0013,6,1359.62,208.2,INR,2024-08-18 15:07:27.082787752,7949.5199999999995
T004813,2024-06-22,S029,P0012,-2,219.54,175.27,INR,2024-01-10 23:24:07.334648848,-614.35
T004814,2024-05-02,S038,P0035,-2,1282.72,,INR,2024-09-12 14:51:14.892519712,
T004815,2024-12-01,S013,P0054,8,1836.24,299.79,INR,2024-10-07 08:02:44.779869556,14390.13
T004816,2024-01-05,S026,P0051,7,964.48,120.55,INR,2024-11-09 01:07:35.517052174,6630.81
T004817,2024-07-20,S020,P0043,8,302.75,211.74,INR,2024-07-12 05:55:27.640334368,2210.26
T004818,2024-09-27,S005,P0100,3,263.29,113.15,INR,2024-11-06 06:59:05.012432098,676.7200000000001
T004819,2024-06-26,S020,P0066,-2,635.33,105.62,INR,2024-12-03 04:52:05.936460972,-1376.2800000000002
T004820,2024-02-01,S014,P0015,9,1529.8,255.28,INR,2024-07-13 15:05:05.509304761,13512.919999999998
T004821,2024-12-20,S045,P0049,0,595.9,172.43,INR,2024-07-10 07:14:57.590821981,-172.43
T004822,2024-07-08,S014,P0034,7,1647.23,,INR,2024-07-03 15:18:25.787287474,
T004823,2024-08-12,S008,P0039,-1,1657.35,121.05,INR,2024-07-03 04:36:51.105000496,-1778.3999999999999
T004824,2024-03-27,S048,P0026,8,968.51,238.97,INR,2024-10-09 16:55:09.588699341,7509.11
T004825,2024-06-25,S013,P0069,6,671.5,282.0,INR,2024-01-25 13:48:36.531145333,3747.0
T004826,2024-06-05,S024,P0048,2,1235.57,184.33,INR,2024-06-14 03:49:03.816453457,2286.81
T004827,2024-01-28,S015,P0089,3,1640.01,118.26,INR,2024-07-10 06:07:22.330928087,4801.7699999999995
T004828,2024-02-08,S999,P0051,-1,222.68,75.59,INR,2024-03-19 06:37:56.236457825,-298.27
T004829,2024-11-01,S001,P0098,5,1911.5,126.61,INR,2024-07-16 13:34:41.256212950,9430.89
T004830,2024-03-28,S022,P0004,3,1327.21,169.7,INR,2024-06-15 07:34:49.780061007,3811.9300000000003
T004831,2024-03-12,S034,P0098,8,856.48,1.33,INR,2024-09-26 05:13:20.680831671,6850.51
T004832,2024-07-03,S050,P0027,9,1061.44,,INR,2024-05-08 22:51:30.615974903,
T004833,2024-10-07,S999,P0042,5,832.63,201.45,INR,2024-12-12 16:00:46.152857780,3961.7
T004834,2024-01-23,S040,P0056,5,883.96,201.97,INR,2024-05-31 00:16:40.280380964,4217.83
T004835,2024-07-29,S003,P0093,-2,1231.67,195.9,INR,2024-08-18 06:37:03.581223726,-2659.2400000000002
T004836,2024-02-13,S026,P0069,4,214.46,284.98,INR,2024-03-21 21:54:47.921171665,572.86
T004837,2024-01-14,S014,P0018,-1,433.22,170.56,INR,2024-09-08 08:38:07.828716040,-603.78
T004838,2024-01-20,S041,P0061,8,531.38,80.92,INR,2024-07-06 13:21:08.541478395,4170.12
T004839,2024-10-31,S008,P0004,5,874.28,243.48,INR,2024-05-04 21:59:25.343629837,4127.92
T004840,2024-02-13,S049,P0001,9,805.01,116.81,INR,2024-05-06 23:41:45.526143789,7128.28
T004841,2024-01-17,S016,P0050,-1,1472.19,71.79,INR,2024-05-17 00:58:49.436205149,-1543.98
T004842,2024-06-08,S042,P0084,1,592.44,167.02,INR,2024-06-08 16:05:30.282853603,425.4200000000001
T004843,2024-11-04,S021,P0070,-1,208.44,86.71,INR,2024-03-31 09:24:11.654906511,-295.15
T004844,2024-04-05,S010,P0020,4,205.34,118.85,INR,2024-04-11 06:01:59.354576826,702.51
T004845,2024-06-02,S025,P0020,2,121.49,207.95,INR,2024-12-15 19:15:29.992992640,35.03
T004846,2024-01-15,S038,P0046,8,172.25,298.78,INR,2024-04-19 23:03:09.434174299,1079.22
T004847,2024-06-12,S022,P0027,8,1731.46,193.42,INR,2024-08-16 19:42:53.521480083,13658.26
T004848,2024-07-29,S049,P0026,6,1424.76,82.94,INR,2024-05-06 01:10:53.815902233,8465.619999999999
T004849,2024-07-27,S048,P0032,2,1992.27,,INR,2024-10-22 22:57:15.962311983,
T004850,2024-05-01,S047,P0010,8,138.59,108.59,INR,2024-09-11 00:29:16.334673405,1000.13
T004851,2024-04-25,S046,P0082,5,1713.1,5.79,INR,2024-04-29 19:16:15.545594931,8559.71
T004852,2024-02-08,S004,P0012,-1,1422.51,139.43,INR,2024-09-18 13:37:31.229843616,-1561.94
T004853,2024-05-13,S004,P0074,0,1316.65,198.0,INR,2024-10-03 05:04:50.587774754,-198.0
T004854,2024-02-06,S030,P0088,3,777.41,153.54,INR,2024-02-20 11:26:04.477821827,2178.69
T004855,2024-10-06,S002,P0024,8,815.78,259.58,INR,2024-07-30 00:33:44.229536057,6266.66
T004856,2024-12-18,S029,P0051,4,1706.57,148.22,INR,2024-10-21 19:58:17.389353752,6678.0599999999995
T004857,2024-12-20,S043,P0038,7,1455.62,138.71,INR,2024-01-19 09:03:23.052935362,10050.630000000001
T004858,2024-11-11,S036,P0046,5,1373.6,92.9,INR,2024-07-04 08:54:35.500295638,6775.1
T004859,2024-08-07,S021,P0089,0,158.23,251.28,INR,2024-11-02 12:57:12.940933943,-251.28
T004860,2024-09-12,S021,P0008,4,450.21,271.08,INR,2024-12-13 18:12:04.777284861,1529.76
T004861,2024-04-14,S048,P0055,5,1928.99,293.38,INR,2024-08-27 10:25:47.026690483,9351.570000000002
T004862,2024-08-18,S021,P0078,7,963.31,294.36,INR,2024-04-29 15:34:33.764738321,6448.81
T004863,2024-06-15,S004,P0031,3,1584.65,294.13,INR,2024-08-08 18:26:00.245025158,4459.820000000001
T004864,2024-06-24,S001,P0088,1,839.72,213.59,INR,2024-01-10 23:42:10.266195774,626.13
T004865,2024-10-03,S026,P0016,3,1552.21,168.8,INR,2024-06-15 09:20:54.490019321,4487.83
T004866,2024-04-12,S999,P0020,6,326.5,51.7,INR,2024-09-22 11:23:16.611579418,1907.3
T004867,2024-04-26,S002,P0038,0,180.04,230.12,INR,2024-01-14 05:10:27.306920290,-230.12
T004868,2024-12-03,S009,P0015,-1,985.74,220.46,INR,2024-08-08 04:19:30.604139566,-1206.2
T004869,2024-01-21,S045,P0078,2,1224.13,252.72,INR,2024-08-02 17:42:04.163534880,2195.5400000000004
T004870,2024-06-26,S018,P0076,4,715.03,138.74,INR,2024-03-10 05:31:48.137010574,2721.38
T004871,2024-11-29,S048,P0034,0,1460.41,267.73,INR,2024-07-26 18:23:28.019526482,-267.73
T004872,2024-08-10,S048,P0072,2,1042.06,215.6,INR,2024-05-29 10:47:03.226167679,1868.52
T004873,2024-07-18,S042,P0019,1,1863.8,51.34,INR,2024-06-23 18:32:31.958060026,1812.46
T004874,2024-04-01,S041,P0069,8,261.48,62.07,INR,2024-04-28 18:33:39.216722012,2029.7700000000002
T004875,2024-05-05,S011,P0091,4,226.48,244.28,INR,2024-10-22 18:37:08.175305605,661.64
T004876,2024-11-06,S025,P0063,-1,1819.73,127.71,INR,2024-05-13 11:07:03.019682646,-1947.44
T004877,2024-07-23,S026,P0077,9,1371.3,74.7,INR,2024-10-15 15:29:45.439848661,12266.999999999998
T004878,2024-07-06,S036,P0032,8,1375.12,126.77,INR,2024-01-28 22:46:47.788326740,10874.189999999999
T004879,2024-02-06,S042,P0095,4,152.35,48.41,INR,2024-04-11 16:21:01.443675995,560.99
T004880,2024-01-06,S035,P0037,9,1881.58,,INR,2024-05-26 23:23:21.799504519,
T004881,2024-12-17,S038,P0066,-1,1566.47,21.46,INR,2024-05-27 16:07:02.730779886,-1587.93
T004882,2024-05-17,S003,P0007,0,1552.2,105.97,INR,2024-06-10 01:44:28.997291803,-105.97
T004883,2024-08-08,S041,P0048,2,1832.67,167.08,INR,2024-08-26 02:55:58.690409899,3498.26
T004884,2024-01-30,S035,P0011,4,1198.49,262.09,INR,2024-07-28 12:43:08.876998425,4531.87
T004885,2024-09-06,S050,P0075,3,849.87,234.46,INR,2024-07-09 04:22:38.957320452,2315.15
T004886,2024-12-06,S040,P0087,9,1013.29,6.73,INR,2024-11-01 18:00:36.327998400,9112.880000000001
T004887,2024-07-29,S022,P0031,4,1576.76,247.57,INR,2024-03-12 14:25:19.324724674,6059.47
T004888,2024-02-16,S008,P0044,8,1560.59,191.44,INR,2024-11-09 23:41:31.317351103,12293.279999999999
T004889,2024-07-31,S015,P0045,3,1258.21,40.0,INR,2024-10-23 04:07:39.261518002,3734.63
T004890,2024-10-06,S045,P0072,9,514.35,185.24,INR,2024-03-12 10:17:02.791696310,4443.910000000001
T004891,2024-05-28,S007,P0056,-2,1655.88,245.37,INR,2024-08-15 18:47:41.068140984,-3557.13
T004892,2024-11-17,S019,P0032,2,1329.76,180.63,INR,2024-03-22 11:54:42.564346790,2478.89
T004893,2024-08-24,S040,P0021,9,520.4,299.74,INR,2024-12-10 03:06:31.786133528,4383.86
T004894,2024-11-24,S042,P0031,-2,1013.22,152.1,INR,2024-06-28 22:14:19.279905081,-2178.54
T004895,2024-08-15,S017,P0001,4,1994.69,,INR,2024-03-15 08:36:29.331025362,
T004896,2024-02-17,S001,P0077,1,723.92,,INR,2024-08-20 04:19:17.885964394,
T004897,2024-04-23,S045,P0011,2,321.47,243.96,INR,2024-09-15 03:09:02.408980608,398.98
T004898,2024-03-14,S029,P0093,-2,141.17,187.23,INR,2024-08-08 19:32:02.873886585,-469.56999999999994
T004899,2024-11-27,S013,P0068,5,450.8,168.37,INR,2024-03-29 05:10:40.026247978,2085.63
T004900,2024-10-04,S048,P0036,1,455.24,212.64,INR,2024-09-25 08:28:42.731100559,242.60000000000002
T004901,2024-09-03,S029,P0079,0,1730.33,168.15,INR,2024-12-05 06:58:11.144732475,-168.15
T004902,2024-04-19,S041,P0059,-2,396.69,229.94,INR,2024-12-13 12:42:03.774643898,-1023.3199999999999
T004903,2024-03-08,S042,P0067,1,1739.04,175.05,INR,2024-09-05 00:14:31.244705677,1563.99
T004904,2024-10-03,S006,P0056,0,264.76,156.02,INR,2024-11-02 16:32:54.685146093,-156.02
T004905,2024-06-22,S005,P0051,5,1822.62,40.51,INR,2024-12-23 04:48:52.774882078,9072.589999999998
T004906,2024-03-23,S034,P0029,6,587.07,141.55,INR,2024-01-16 20:00:57.010569811,3380.87
T004907,2024-08-13,S011,P0085,9,1261.85,161.47,INR,2024-06-23 02:26:14.700096607,11195.18
T004908,2024-01-15,S009,P0002,2,403.48,187.37,INR,2024-04-16 08:44:04.675897598,619.59
T004909,2024-04-29,S038,P0006,6,841.11,136.77,INR,2024-06-22 07:08:08.293305635,4909.889999999999
T004910,2024-06-20,S040,P0031,-2,262.96,43.99,INR,2024-11-30 16:11:59.683888674,-569.91
T004911,2024-02-24,S041,P0054,4,1201.1,45.11,INR,2024-12-24 22:27:45.852058887,4759.29
T004912,2024-12-25,S009,P0088,8,757.17,216.3,INR,2024-11-26 07:08:15.576713324,5841.0599999999995
T004913,2024-03-17,S008,P0040,4,1719.09,,INR,2024-03-12 22:44:55.651550531,
T004914,2024-02-17,S044,P0017,3,445.45,77.85,INR,2024-10-20 01:05:28.342268467,1258.5
T004915,2024-03-15,S040,P0005,1,631.98,133.76,INR,2024-10-25 10:40:19.249304771,498.22
T004916,2024-10-07,S003,P0002,8,436.78,92.09,INR,2024-07-30 11:21:42.462169409,3402.1499999999996
T004917,2024-06-04,S013,P0058,6,1171.26,54.31,INR,2024-09-17 22:27:15.878075838,6973.249999999999
T004918,2024-07-25,S019,P0012,0,312.32,97.85,INR,2024-11-26 10:55:49.960805655,-97.85
T004919,2024-01-08,S034,P0005,8,459.78,78.81,INR,2024-12-28 20:52:44.153482199,3599.43
T004920,2024-01-13,S032,P0060,8,1389.13,24.73,INR,2024-01-15 15:00:36.286904573,11088.310000000001
T004921,2024-06-11,S049,P0041,-2,241.39,151.35,INR,2024-04-03 20:44:50.301191568,-634.13
T004922,2024-10-25,S016,P0020,-1,1512.01,135.27,INR,2024-12-07 02:53:11.187563896,-1647.28
T004923,2024-11-19,S036,P0072,0,298.23,214.38,INR,2024-04-30 03:20:52.797626972,-214.38
T004924,2024-02-01,S018,P0001,-1,1212.43,186.09,INR,2024-02-08 20:50:41.486335516,-1398.52
T004925,2024-07-15,S014,P0056,3,1995.84,103.01,INR,2024-04-24 08:12:38.295485735,5884.509999999999
T004926,2024-11-29,S030,P0070,4,430.4,,INR,2024-07-08 06:01:22.973595858,
T004927,2024-05-21,S002,P0056,2,596.06,160.82,INR,2024-05-20 22:09:33.758256674,1031.3
T004928,2024-10-29,S013,P0054,2,1807.01,275.26,INR,2024-10-14 17:32:06.802177668,3338.76
T004929,2024-02-18,S027,P0011,4,1289.94,294.51,INR,2024-08-11 00:40:20.396423340,4865.25
T004930,2024-12-07,S017,P0003,3,1035.81,244.66,INR,2024-06-07 17:45:50.088988304,2862.77
T004931,2024-10-01,S031,P0095,9,1169.14,168.63,INR,2024-12-30 00:00:29.921060324,10353.630000000001
T004932,2024-12-09,S015,P0028,5,661.44,278.43,INR,2024-11-19 08:49:27.321864843,3028.7700000000004
T004933,2024-09-03,S020,P0005,6,1725.11,53.43,INR,2024-11-10 17:22:03.239593744,10297.23
T004934,2024-05-12,S005,P0090,-1,1516.01,,INR,2024-07-26 01:08:19.043809414,
T004935,2024-12-08,S007,P0016,9,1320.69,138.14,INR,2024-10-11 16:08:45.749861479,11748.070000000002
T004936,2024-04-10,S018,P0031,-1,1870.31,,INR,2024-05-02 14:21:23.627855062,
T004937,2024-05-01,S011,P0028,-2,1198.41,22.56,INR,2024-04-30 09:29:26.931848288,-2419.38
T004938,2024-09-12,S032,P0007,4,1072.57,144.22,INR,2024-11-21 14:23:06.556381702,4146.0599999999995
T004939,2024-10-06,S050,P0009,8,1953.82,71.69,INR,2024-08-05 20:15:36.420881510,15558.869999999999
T004940,2024-12-05,S027,P0039,1,491.43,75.15,INR,2024-05-05 09:49:13.017886400,416.28
T004941,2024-03-15,S026,P0099,6,369.74,96.07,INR,2024-11-04 13:01:43.309938192,2122.37
T004942,2024-10-18,S037,P0043,3,408.34,215.51,INR,2024-06-10 12:46:23.680872679,1009.51
T004943,2024-09-26,S045,P0027,9,1979.94,49.23,INR,2024-05-25 23:47:19.446140051,17770.23
T004944,2024-01-24,S028,P0076,4,1339.28,,INR,2024-01-10 13:15:28.929309130,
T004945,2024-05-21,S050,P0089,4,681.25,,INR,2024-09-04 20:03:43.526951790,
T004946,2024-04-13,S002,P0093,5,573.06,178.34,INR,2024-07-13 09:56:52.395147324,2686.9599999999996
T004947,2024-04-21,S020,P0095,1,207.61,74.27,INR,2024-04-23 19:37:23.134532452,133.34000000000003
T004948,2024-12-24,S004,P0098,0,350.7,15.46,INR,2024-02-20 20:16:49.934873581,-15.46
T004949,2024-08-22,S013,P0033,0,1825.53,122.38,INR,2024-03-07 13:57:39.125149488,-122.38
T004950,2024-09-18,S024,P0091,7,1519.95,254.23,INR,2024-03-23 01:47:28.498110294,10385.42
T004951,2024-12-22,S048,P0056,5,1888.96,30.56,INR,2024-11-11 19:10:59.377261639,9414.24
T004952,2024-05-17,S038,P0002,9,905.09,,INR,2024-06-24 10:22:19.001822948,
T004953,2024-10-19,S040,P0014,0,1242.35,140.37,INR,2024-09-10 20:33:16.894725323,-140.37
T004954,2024-06-07,S048,P0013,5,1018.98,,INR,2024-06-17 09:08:57.733397722,
T004955,2024-11-13,S045,P0024,-1,1774.63,106.86,INR,2024-06-21 21:52:51.013152361,-1881.49
T004956,2024-03-06,S029,P0069,2,1983.63,211.42,INR,2024-10-27 02:00:55.382252932,3755.84
T004957,2024-12-11,S036,P0034,2,1872.27,222.04,INR,2024-10-08 11:19:58.644859552,3522.5
T004958,2024-03-20,S002,P0087,4,1236.31,59.62,INR,2024-03-25 17:31:49.523152590,4885.62
T004959,2024-04-29,S041,P0019,2,217.42,47.44,INR,2024-08-16 09:18:19.908886909,387.4
T004960,2024-10-03,S018,P0030,6,1273.3,27.82,INR,2024-09-05 06:26:55.553225517,7611.98
T004961,2024-05-23,S049,P0049,0,284.39,,INR,2024-05-27 18:04:41.454667807,
T004962,2024-08-09,S008,P0043,6,363.76,164.45,INR,2024-01-25 22:35:10.299860239,2018.11
T004963,2024-06-11,S015,P0016,-2,463.55,26.02,INR,2024-05-15 13:30:22.994477272,-953.12
T004964,2024-09-27,S041,P0052,0,790.64,92.5,INR,2024-05-10 18:45:12.701376677,-92.5
T004965,2024-03-24,S017,P0098,1,1224.39,,INR,2024-09-09 01:54:54.468158245,
T004966,2024-01-22,S023,P0049,3,733.75,27.8,INR,2024-10-22 11:22:33.811090469,2173.45
T004967,2024-04-19,S002,P0011,7,959.31,89.63,INR,2024-05-24 13:05:52.910660744,6625.54
T004968,2024-06-22,S006,P0078,5,189.85,28.89,INR,2024-08-23 16:28:27.768030643,920.36
T004969,2024-03-02,S029,P0047,4,1277.54,78.06,INR,2024-08-22 15:13:51.262099266,5032.099999999999
T004970,2024-05-09,S027,P0079,5,1348.36,165.82,INR,2024-08-24 13:50:20.857168198,6575.98
T004971,2024-05-25,S037,P0035,3,288.84,168.27,INR,2024-07-21 07:44:48.755631924,698.25
T004972,2024-01-21,S049,P0071,3,1591.72,50.4,INR,2024-08-17 15:56:01.337051868,4724.76
T004973,2024-07-31,S034,P0029,3,1330.17,57.3,INR,2024-11-12 16:56:31.388765574,3933.21
T004974,2024-11-18,S018,P0054,0,1030.49,,INR,2024-12-02 11:13:17.661221981,
T004975,2024-02-25,S042,P0086,7,1150.43,50.08,INR,2024-02-03 12:09:46.896950960,8002.93
T004976,2024-08-06,S010,P0023,1,1055.79,,INR,2024-01-05 06:57:09.159679890,
T004977,2024-08-30,S038,P0024,8,202.21,73.45,INR,2024-07-08 09:42:09.115832090,1544.23
T004978,2024-06-02,S044,P0099,3,1496.78,172.93,INR,2024-05-30 16:14:10.585103273,4317.41
T004979,2024-09-12,S017,P0010,4,1072.44,2.17,INR,2024-06-13 16:14:39.460638285,4287.59
T004980,2024-05-29,S013,P0061,0,428.37,,INR,2024-06-16 08:30:19.998373508,
T004981,2024-07-03,S048,P0008,1,1393.39,69.12,INR,2024-11-22 17:51:07.422502041,1324.27
T004982,2024-01-03,S042,P0048,3,1420.62,71.44,INR,2024-08-20 08:51:11.176631927,4190.42
T004983,2024-09-09,S027,P0076,-2,505.64,221.59,INR,2024-06-10 10:53:56.615456820,-1232.87
T004984,2024-08-29,S002,P0093,8,1613.34,74.45,INR,2024-06-14 23:53:47.537289143,12832.269999999999
T004985,2024-01-15,S034,P0029,4,967.36,118.85,INR,2024-11-04 05:50:34.873406649,3750.59
T004986,2024-05-14,S031,P0087,8,443.16,163.18,INR,2024-03-20 05:24:45.247992754,3382.1000000000004
T004987,2024-12-23,S023,P0026,-2,1349.48,6.56,INR,2024-01-06 09:10:45.388560295,-2705.52
T004988,2024-06-02,S007,P0037,8,1233.78,251.19,INR,2024-06-23 12:44:46.598124266,9619.05
T004989,2024-07-02,S038,P0096,9,423.77,153.62,INR,2024-12-16 13:43:32.160402775,3660.31
T004990,2024-11-28,S033,P0052,9,1757.46,93.88,INR,2024-10-24 05:53:56.660257101,15723.26
T004991,2024-09-18,S012,P0038,7,1723.62,119.94,INR,2024-05-29 01:32:31.785563231,11945.4
T004992,2024-07-31,S045,P0006,8,1688.86,16.75,INR,2024-03-04 21:52:04.931286812,13494.13
T004993,2024-10-18,S012,P0008,8,858.53,215.39,INR,2024-07-27 02:23:04.605107069,6652.849999999999
T004994,2024-11-11,S019,P0017,6,1666.78,161.85,INR,2024-11-17 02:12:43.113177061,9838.83
T004995,2024-06-15,S009,P0076,7,1705.11,274.2,INR,2024-09-18 19:18:59.170931339,11661.569999999998
T004996,2024-06-22,S010,P0062,6,1993.43,139.26,INR,2024-07-16 04:09:14.231850863,11821.32
T004997,2024-05-20,S017,P0086,8,1919.45,248.52,INR,2024-09-25 05:31:05.930085421,15107.08
T004998,2024-12-18,S050,P0078,6,827.41,56.5,INR,2024-12-18 02:22:30.042284489,4907.96
T004999,2024-09-11,S040,P0034,1,476.59,16.95,INR,2024-07-20 17:35:42.501489400,459.64
T005000,2024-01-31,S039,P0019,-1,655.68,284.53,INR,2024-07-21 16:50:52.797821045,-940.2099999999999
T005001,2024-11-10,S041,P0070,4,1040.08,77.09,INR,2024-06-23 16:33:54.262829064,4083.2299999999996
T005002,2024-06-24,S010,P0082,1,1630.37,,INR,2024-07-25 19:31:46.854557991,
T005003,2024-01-26,S012,P0100,2,1473.67,77.2,INR,2024-08-19 20:01:16.037650824,2870.1400000000003
T005004,2024-07-19,S015,P0037,-2,1596.65,46.75,INR,2024-03-15 13:29:08.122737169,-3240.05
T005005,2024-06-01,S031,P0038,8,821.86,219.76,INR,2024-07-26 07:56:08.651833773,6355.12
T005006,2024-11-16,S015,P0015,9,569.12,,INR,2024-01-05 21:53:10.761095762,
T005007,2024-03-15,S028,P0040,7,145.85,253.08,INR,2024-12-08 08:15:39.883530855,767.8699999999999
T005008,2024-10-28,S004,P0009,3,1289.75,259.46,INR,2024-01-14 19:28:20.029479742,3609.79
T005009,2024-07-22,S036,P0053,9,1610.57,144.94,INR,2024-12-15 17:25:15.849246025,14350.189999999999
T005010,2024-01-20,S001,P0070,4,1789.37,120.07,INR,2024-12-19 16:22:35.910357237,7037.41
T005011,2024-12-20,S044,P0066,0,1004.85,225.29,INR,2024-07-11 06:40:56.692546606,-225.29
T005012,2024-07-06,S034,P0080,7,1862.53,,INR,2024-05-01 07:58:59.719955444,
T005013,2024-04-16,S047,P0052,-1,484.58,289.59,INR,2024-03-08 12:10:05.800167322,-774.17
T005014,2024-06-20,S017,P0001,9,1077.32,112.75,INR,2024-02-29 04:39:01.193206310,9583.13
T005015,2024-11-09,S039,P0030,9,506.16,12.86,INR,2024-03-27 20:18:04.715124369,4542.580000000001
T005016,2024-04-21,S038,P0097,7,457.34,176.79,INR,2024-06-22 19:34:08.711564064,3024.5899999999997
T005017,2024-03-11,S044,P0001,4,1911.44,106.04,INR,2024-09-28 03:47:15.696402550,7539.72
T005018,2024-02-17,S999,P0039,-2,1653.71,102.8,INR,2024-05-25 12:52:16.288307905,-3410.2200000000003
T005019,2024-04-18,S033,P0016,-1,122.42,169.36,INR,2024-10-12 01:39:57.015641928,-291.78000000000003
T005020,2024-10-11,S021,P0017,0,610.17,,INR,2024-07-25 01:46:28.732416868,
T005021,2024-06-21,S026,P0082,1,489.76,80.09,INR,2024-01-08 00:51:58.705245256,409.66999999999996
T005022,2024-03-24,S046,P0022,2,379.55,113.88,INR,2024-02-18 02:29:36.253946304,645.22
T005023,2024-03-01,S036,P0086,1,1425.08,267.37,INR,2024-07-27 20:54:25.582659483,1157.71
T005024,2024-05-01,S005,P0099,7,1176.99,268.57,INR,2024-02-28 19:48:37.555477858,7970.360000000001
T005025,2024-12-09,S033,P0031,0,962.48,70.38,INR,2024-08-10 00:48:37.888630390,-70.38
T005026,2024-05-05,S001,P0040,-2,460.04,211.9,INR,2024-06-11 12:39:31.011396885,-1131.98
T005027,2024-12-26,S006,P0027,4,627.47,,INR,2024-09-08 21:07:13.538693428,
T005028,2024-06-26,S037,P0036,9,776.59,280.8,INR,2024-04-16 08:59:19.080069780,6708.51
T005029,2024-03-06,S002,P0004,7,1592.42,219.67,INR,2024-10-26 21:26:12.308830500,10927.27
T005030,2024-11-21,S005,P0069,3,1979.46,148.31,INR,2024-05-21 22:37:34.916909695,5790.07
T005031,2024-06-17,S026,P0025,-1,449.56,245.22,INR,2024-10-17 18:38:10.504451275,-694.78
T005032,2024-09-16,S041,P0095,-1,748.89,299.36,INR,2024-01-08 01:41:17.436291695,-1048.25
T005033,2024-12-25,S999,P0078,0,632.38,134.11,INR,2024-05-23 11:25:00.144455671,-134.11
T005034,2024-01-19,S047,P0030,5,183.73,112.05,INR,2024-03-21 08:51:02.385606289,806.6
T005035,2024-02-05,S013,P0047,5,516.52,182.11,INR,2024-06-10 22:38:22.529749155,2400.49
T005036,2024-09-19,S012,P0012,7,1813.07,204.92,INR,2024-12-11 14:03:18.587229729,12486.57
T005037,2024-04-12,S005,P0027,7,1701.43,211.33,INR,2024-02-28 00:27:56.201268911,11698.68
T005038,2024-03-08,S002,P0045,7,418.43,142.07,INR,2024-02-02 02:50:50.589351892,2786.94
T005039,2024-01-15,S004,P0088,9,795.71,99.69,INR,2024-01-22 08:25:34.845884562,7061.700000000001
T005040,2024-01-08,S027,P0063,7,690.53,,INR,2024-02-15 00:38:00.166045666,
T005041,2024-10-09,S050,P0055,8,380.71,287.48,INR,2024-01-23 14:44:57.181865454,2758.2
T005042,2024-02-19,S010,P0030,9,1282.2,259.19,INR,2024-09-06 22:18:18.870911360,11280.61
T005043,2024-06-19,S013,P0082,5,1158.87,204.71,INR,2024-02-12 20:26:21.748781204,5589.639999999999
T005044,2024-08-09,S044,P0014,4,911.28,108.05,INR,2024-03-13 01:34:25.077662706,3537.0699999999997
T005045,2024-06-05,S002,P0056,-1,1725.45,186.74,INR,2024-08-23 14:51:04.013934612,-1912.19
T005046,2024-01-10,S026,P0019,-2,1277.45,30.35,INR,2024-06-11 20:20:35.009644032,-2585.25
T005047,2024-10-12,S015,P0086,3,592.62,160.17,INR,2024-01-20 22:51:48.173509598,1617.69
T005048,2024-01-04,S046,P0026,8,810.04,234.37,INR,2024-12-20 07:06:18.866235971,6245.95
T005049,2024-10-05,S010,P0071,5,385.3,75.32,INR,2024-08-06 23:23:45.129425048,1851.18
T005050,2024-11-22,S022,P0092,-2,1223.61,150.46,INR,2024-08-12 00:48:50.098133564,-2597.68
T005051,2024-06-06,S040,P0038,0,1214.6,21.98,INR,2024-11-07 04:37:36.614890575,-21.98
T005052,2024-07-14,S025,P0069,-2,1753.35,251.55,INR,2024-11-27 19:39:30.275815487,-3758.25
T005053,2024-06-23,S015,P0036,7,1726.05,105.07,INR,2024-01-21 20:06:41.533412933,11977.28
T005054,2024-05-22,S013,P0018,6,1690.19,174.66,INR,2024-01-25 22:42:48.982762337,9966.48
T005055,2024-11-19,S008,P0057,4,1143.01,113.56,INR,2024-10-10 10:35:09.864846230,4458.48
T005056,2024-11-22,S021,P0078,5,1338.84,179.28,INR,2024-09-10 23:30:42.484956741,6514.92
T005057,2024-05-02,S021,P0023,6,1573.53,223.26,INR,2024-03-20 03:16:36.152607441,9217.92
T005058,2024-08-12,S022,P0014,0,274.2,98.04,INR,2024-04-27 05:56:55.818753004,-98.04
T005059,2024-12-04,S046,P0096,7,671.14,,INR,2024-08-11 00:43:07.383354425,
T005060,2024-12-17,S033,P0069,8,421.27,238.46,INR,2024-10-14 23:33:25.634185791,3131.7
T005061,2024-07-04,S045,P0022,-1,1071.79,206.36,INR,2024-08-08 03:39:00.719613075,-1278.15
T005062,2024-06-14,S027,P0028,3,1691.57,17.12,INR,2024-10-16 01:38:41.956609011,5057.59
T005063,2024-04-11,S040,P0043,2,538.35,170.63,INR,2024-03-24 10:41:38.589933395,906.07
T005064,2024-12-15,S050,P0076,1,1488.72,112.9,INR,2024-04-30 20:33:42.975815296,1375.82
T005065,2024-02-22,S022,P0018,3,871.07,212.63,INR,2024-02-07 02:13:06.907867432,2400.58
T005066,2024-07-30,S030,P0100,3,1815.84,5.0,INR,2024-12-25 10:58:27.927362919,5442.5199999999995
T005067,2024-04-13,S009,P0095,9,1290.9,99.18,INR,2024-10-22 06:45:16.719087601,11518.92
T005068,2024-04-11,S045,P0077,0,1955.45,25.95,INR,2024-09-18 06:18:11.975420237,-25.95
T005069,2024-05-27,S035,P0084,-1,566.77,276.15,INR,2024-03-12 02:33:25.894639254,-842.92
T005070,2024-12-30,S018,P0036,6,1855.52,262.95,INR,2024-09-12 00:28:14.594347715,10870.169999999998
T005071,2024-01-21,S042,P0007,5,778.41,290.43,INR,2024-11-10 18:44:09.494773388,3601.62
T005072,2024-07-30,S005,P0023,1,1281.74,193.04,INR,2024-10-22 18:39:23.015836000,1088.7
T005073,2024-01-31,S027,P0034,3,431.57,242.11,INR,2024-10-02 11:02:37.812190533,1052.6
T005074,2024-02-26,S006,P0096,0,1543.59,183.56,INR,2024-05-21 07:29:42.325024605,-183.56
T005075,2024-06-09,S032,P0021,8,1958.68,147.61,INR,2024-10-06 22:36:23.837560892,15521.83
T005076,2024-07-05,S008,P0070,5,1596.11,250.15,INR,2024-06-25 20:51:22.221245050,7730.4
T005077,2024-04-04,S039,P0080,0,1270.01,232.85,INR,2024-05-27 15:38:37.970240831,-232.85
T005078,2024-04-25,S021,P0099,-1,951.61,219.98,INR,2024-12-18 03:29:35.236944914,-1171.59
T005079,2024-02-01,S018,P0047,4,755.95,268.17,INR,2024-02-23 12:49:41.660361290,2755.63
T005080,2024-04-20,S014,P0053,0,896.12,278.62,INR,2024-11-11 14:56:16.896609306,-278.62
T005081,2024-12-18,S015,P0084,6,723.75,133.59,INR,2024-04-27 13:35:54.569616318,4208.91
T005082,2024-12-10,S042,P0041,0,1682.15,84.85,INR,2024-07-07 11:46:32.389610767,-84.85
T005083,2024-05-02,S026,P0075,5,1796.91,,INR,2024-05-12 11:19:09.268985510,
T005084,2024-07-27,S044,P0032,-1,1904.35,27.92,INR,2024-07-02 16:00:36.700655937,-1932.27
T005085,2024-11-28,S032,P0014,6,894.89,281.45,INR,2024-10-25 17:12:23.242421150,5087.89
T005086,2024-01-03,S039,P0088,-2,1137.82,,INR,2024-03-07 19:11:44.563115120,
T005087,2024-10-22,S028,P0095,9,1196.1,195.81,INR,2024-10-02 11:59:13.867678404,10569.09
T005088,2024-12-12,S039,P0017,0,1337.07,223.85,INR,2024-06-11 17:59:14.617844820,-223.85
T005089,2024-02-03,S043,P0025,8,104.67,97.1,INR,2024-12-07 06:09:51.155037165,740.26
T005090,2024-02-28,S032,P0064,-1,1701.11,259.88,INR,2024-07-18 15:36:33.005363226,-1960.9899999999998
T005091,2024-12-16,S013,P0073,9,609.47,270.09,INR,2024-01-16 02:26:54.645428181,5215.14
T005092,2024-07-15,S015,P0086,4,997.11,23.07,INR,2024-11-28 05:24:19.376363277,3965.37
T005093,2024-01-06,S018,P0048,2,1698.98,39.43,INR,2024-12-03 10:33:31.917665720,3358.53
T005094,2024-04-04,S039,P0035,5,1994.03,78.26,INR,2024-03-06 16:06:39.894480467,9891.89
T005095,2024-06-13,S006,P0037,-1,1610.28,211.1,INR,2024-12-21 00:31:21.830288649,-1821.3799999999999
T005096,2024-09-09,S011,P0055,5,147.18,,INR,2024-06-11 17:12:12.461870432,
T005097,2024-09-24,S032,P0017,4,800.63,66.02,INR,2024-11-29 18:18:59.997484922,3136.5
T005098,2024-12-29,S040,P0028,9,569.7,114.56,INR,2024-05-12 21:19:24.674148560,5012.74
T005099,2024-04-14,S020,P0001,8,1931.85,183.49,INR,2024-01-09 06:42:33.176023722,15271.31
T005100,2024-07-15,S033,P0053,2,602.03,292.89,INR,2024-10-17 04:22:46.082414150,911.17
T005101,2024-07-13,S040,P0073,-1,1892.37,235.17,INR,2024-11-19 07:42:22.779243231,-2127.54
T005102,2024-05-28,S008,P0055,7,1881.28,167.49,INR,2024-02-29 10:12:13.719120979,13001.47
T005103,2024-03-02,S999,P0061,8,1694.88,14.82,INR,2024-07-21 04:52:22.852796078,13544.220000000001
T005104,2024-12-22,S035,P0013,4,286.34,155.05,INR,2024-10-30 12:27:01.106212616,990.31
T005105,2024-11-07,S005,P0047,7,103.79,61.23,INR,2024-06-17 11:08:27.189324856,665.3000000000001
T005106,2024-06-30,S035,P0064,1,1608.38,90.02,INR,2024-10-14 18:05:06.120064735,1518.3600000000001
T005107,2024-08-08,S047,P0032,1,1702.27,75.26,INR,2024-08-20 21:41:50.012114048,1627.01
T005108,2024-03-23,S014,P0028,5,1928.15,104.23,INR,2024-09-20 01:35:54.793283224,9536.52
T005109,2024-07-17,S021,P0053,3,514.93,18.68,INR,2024-12-01 08:49:36.996545792,1526.11
T005110,2024-09-10,S047,P0031,6,1492.98,173.05,INR,2024-06-01 03:22:21.323255777,8784.830000000002
T005111,2024-07-07,S024,P0008,8,1086.22,13.73,INR,2024-10-08 09:44:24.263730526,8676.03
T005112,2024-12-27,S017,P0072,-1,724.12,198.18,INR,2024-09-17 03:06:28.135687828,-922.3
T005113,2024-08-11,S018,P0098,2,1251.95,219.24,INR,2024-06-09 05:32:37.100699663,2284.66
T005114,2024-05-15,S034,P0087,3,1141.58,145.82,INR,2024-05-19 03:05:01.159578800,3278.9199999999996
T005115,2024-10-08,S012,P0074,5,655.36,234.38,INR,2024-11-17 16:40:00.784255981,3042.42
T005116,2024-03-03,S016,P9999,1,610.08,290.22,INR,2024-03-15 17:31:04.851147890,319.86
T005117,2024-05-20,S004,P0025,8,1024.5,102.02,INR,2024-04-26 06:07:20.080777407,8093.98
T005118,2024-05-06,S025,P0033,4,1000.67,185.67,INR,2024-12-21 16:27:44.559261799,3817.0099999999998
T005119,2024-06-06,S034,P0068,8,673.9,97.12,INR,2024-04-11 05:43:27.556778193,5294.08
T005120,2024-10-12,S028,P0007,4,601.09,133.02,INR,2024-11-14 10:53:36.751782656,2271.34
T005121,2024-06-25,S046,P0097,1,1913.18,6.25,INR,2024-05-15 13:42:26.594683647,1906.93
T005122,2024-10-16,S011,P0066,-2,1738.5,22.3,INR,2024-07-20 04:32:37.694458723,-3499.3
T005123,2024-07-29,S013,P0046,0,1651.88,239.26,INR,2024-05-25 09:28:41.340898514,-239.26
T005124,2024-05-04,S031,P0096,-1,507.14,41.97,INR,2024-03-21 18:36:12.368941545,-549.11
T005125,2024-10-22,S025,P0005,9,459.65,209.75,INR,2024-09-09 06:05:14.462448597,3927.0999999999995
T005126,2024-03-27,S039,P0017,0,1637.73,212.66,INR,2024-12-18 19:30:19.299471855,-212.66
T005127,2024-03-22,S010,P0076,2,450.88,298.87,INR,2024-11-21 21:01:24.977708340,602.89
T005128,2024-07-03,S024,P0052,8,1056.72,208.68,INR,2024-12-25 15:01:25.603467703,8245.08
T005129,2024-04-05,S001,P0012,9,520.7,38.62,INR,2024-09-09 06:16:20.905266047,4647.68
T005130,2024-01-04,S025,P0062,-2,818.33,187.96,INR,2024-01-13 14:01:45.723465919,-1824.6200000000001
T005131,2024-08-24,S028,P0035,2,1721.56,157.24,INR,2024-07-21 05:39:06.187241793,3285.88
T005132,2024-07-05,S036,P0062,-1,1793.69,,INR,2024-08-15 05:14:02.289870977,
T005133,2024-06-11,S018,P0021,1,1993.69,207.05,INR,2024-02-13 20:27:34.514904736,1786.64
T005134,2024-12-18,S006,P0085,3,1893.42,155.54,INR,2024-10-29 09:01:11.936328173,5524.72
T005135,2024-07-27,S002,P0066,6,1375.38,187.26,INR,2024-09-23 11:30:24.208108187,8065.02
T005136,2024-11-11,S003,P0053,7,920.28,133.04,INR,2024-06-12 16:14:19.335668802,6308.92
T005137,2024-02-20,S046,P0021,3,209.62,152.52,INR,2024-04-16 13:52:26.409654617,476.34000000000003
T005138,2024-07-26,S008,P0015,7,1255.52,216.7,INR,2024-03-21 23:01:08.493566751,8571.939999999999
T005139,2024-11-12,S031,P0075,8,500.29,23.5,INR,2024-12-18 00:33:15.636241198,3978.82
T005140,2024-07-31,S048,P0074,9,1715.26,184.6,INR,2024-10-19 18:10:54.965556145,15252.74
T005141,2024-09-19,S019,P0082,-1,1142.91,26.47,INR,2024-09-10 02:02:45.460081100,-1169.38
T005142,2024-05-15,S050,P0023,5,1493.65,256.52,INR,2024-12-12 03:48:37.472140789,7211.73
T005143,2024-02-03,S006,P0031,2,1379.64,282.74,INR,2024-03-15 06:42:08.720391750,2476.54
T005144,2024-06-16,S014,P0054,6,759.93,,INR,2024-11-09 00:38:52.374656200,
T005145,2024-05-23,S003,P0055,7,1542.26,215.41,INR,2024-07-31 22:59:15.644007683,10580.41
T005146,2024-11-12,S048,P0026,6,1702.41,283.12,INR,2024-12-06 13:30:45.780285835,9931.34
T005147,2024-03-30,S001,P0053,1,1513.85,65.56,INR,2024-08-29 02:56:36.288643837,1448.29
T005148,2024-12-18,S044,P0066,-2,1575.93,68.65,INR,2024-09-27 15:49:54.421852827,-3220.51
T005149,2024-12-15,S030,P0039,8,784.03,144.3,INR,2024-03-22 02:58:20.568336010,6127.94
T005150,2024-03-31,S046,P0007,6,1893.01,2.24,INR,2024-05-05 22:09:54.305706263,11355.82
T005151,2024-05-07,S019,P0088,6,906.69,,INR,2024-04-20 08:11:50.792681932,
T005152,2024-11-22,S019,P0039,5,1804.4,9.68,INR,2024-09-10 08:43:06.666705847,9012.32
T005153,2024-12-18,S009,P0032,2,1729.84,178.83,INR,2024-05-30 01:52:45.467043638,3280.85
T005154,2024-06-10,S007,P0026,2,336.23,106.19,INR,2024-11-09 21:24:24.605311871,566.27
T005155,2024-04-27,S046,P0087,7,1935.91,30.89,INR,2024-03-18 14:12:50.770472765,13520.480000000001
T005156,2024-07-11,S037,P0078,3,1993.05,7.38,INR,2024-10-17 10:02:51.674693823,5971.7699999999995
T005157,2024-09-08,S050,P0029,-2,1251.68,78.73,INR,2024-10-23 20:00:23.729726315,-2582.09
T005158,2024-04-09,S041,P0025,6,1587.91,32.01,INR,2024-08-17 04:13:01.337526560,9495.45
T005159,2024-09-25,S007,P0056,2,1874.01,282.1,INR,2024-02-24 03:11:48.692704439,3465.92
T005160,2024-01-19,S009,P0031,4,138.05,73.43,INR,2024-04-29 06:03:30.924063444,478.77000000000004
T005161,2024-01-18,S004,P0066,8,1866.98,,INR,2024-05-25 04:12:57.773557425,
T005162,2024-05-20,S025,P0002,5,1292.0,,INR,2024-06-18 21:19:59.158001423,
T005163,2024-05-09,S049,P0087,2,1674.07,124.28,INR,2024-09-25 22:04:11.772868156,3223.8599999999997
T005164,2024-04-25,S012,P0047,0,1127.37,,INR,2024-05-03 12:08:38.146059513,
T005165,2024-06-28,S006,P0075,3,1108.04,251.53,INR,2024-01-07 15:35:15.308427811,3072.5899999999997
T005166,2024-04-27,S018,P0029,4,1805.28,,INR,2024-11-12 02:50:57.819248199,
T005167,2024-03-11,S040,P0099,1,1064.2,241.15,INR,2024-06-06 19:10:57.120168447,823.0500000000001
T005168,2024-04-22,S021,P0049,6,996.4,64.25,INR,2024-04-13 06:05:03.644665241,5914.15
T005169,2024-12-21,S015,P0073,8,1255.56,175.93,INR,2024-10-26 00:04:04.710083246,9868.55
T005170,2024-05-30,S003,P0032,1,1085.28,157.88,INR,2024-11-16 18:41:07.985620022,927.4
T005171,2024-06-11,S002,P0030,8,947.95,152.46,INR,2024-09-23 19:54:00.938382864,7431.14
T005172,2024-07-29,S041,P0015,7,443.0,89.04,INR,2024-05-09 07:48:28.106636524,3011.96
T005173,2024-12-24,S040,P0062,-1,855.06,63.04,INR,2024-03-25 08:17:36.450997353,-918.0999999999999
T005174,2024-03-29,S004,P0078,6,635.89,215.07,INR,2024-09-17 04:07:31.299586535,3600.27
T005175,2024-09-05,S032,P0017,1,860.88,30.53,INR,2024-01-21 23:20:39.069745064,830.35
T005176,2024-09-18,S002,P0022,1,1227.0,14.88,INR,2024-05-22 17:37:33.956419706,1212.12
T005177,2024-08-09,S046,P0030,7,1256.82,114.37,INR,2024-10-03 23:08:06.309971809,8683.369999999999
T005178,2024-02-02,S029,P0081,-2,553.46,223.18,INR,2024-08-01 13:13:55.371883631,-1330.1000000000001
T005179,2024-09-04,S002,P0016,-1,260.51,260.56,INR,2024-09-24 20:33:03.373070240,-521.0699999999999
T005180,2024-01-24,S034,P0052,9,1514.43,162.04,INR,2024-07-28 02:44:48.722162962,13467.83
T005181,2024-08-05,S027,P0008,0,1104.28,251.98,INR,2024-03-28 11:39:44.029925585,-251.98
T005182,2024-09-26,S039,P0064,4,939.99,7.59,INR,2024-06-25 08:57:45.826887608,3752.37
T005183,2024-03-18,S044,P0039,9,346.23,136.61,INR,2024-10-09 04:01:25.279215813,2979.46
T005184,2024-11-03,S038,P0031,6,887.86,40.02,INR,2024-03-25 02:13:28.728504658,5287.139999999999
T005185,2024-01-12,S018,P0012,9,1654.53,174.82,INR,2024-12-17 12:03:39.621173382,14715.95
T005186,2024-11-03,S036,P0033,2,1204.73,276.3,INR,2024-03-15 01:04:55.406943560,2133.16
T005187,2024-06-17,S019,P0058,1,272.85,2.16,INR,2024-01-06 04:27:12.181543827,270.69
T005188,2024-03-20,S027,P0012,-1,731.32,200.47,INR,2024-10-10 23:53:59.289072752,-931.7900000000001
T005189,2024-02-18,S045,P0025,9,1961.62,,INR,2024-12-04 20:48:33.273575783,
T005190,2024-12-13,S020,P0038,4,1134.56,,INR,2024-03-31 00:35:23.366815805,
T005191,2024-01-27,S021,P0048,3,644.15,5.93,INR,2024-02-26 14:17:41.023568153,1926.5199999999998
T005192,2024-03-13,S023,P0082,9,1835.55,52.17,INR,2024-03-22 17:36:56.376576424,16467.780000000002
T005193,2024-05-06,S030,P0083,9,738.4,28.32,INR,2024-08-17 04:05:36.888434887,6617.28
T005194,2024-08-14,S025,P0055,4,1486.82,25.64,INR,2024-07-30 08:13:11.749588728,5921.639999999999
T005195,2024-07-17,S031,P0003,5,379.72,219.06,INR,2024-08-14 18:59:50.679117203,1679.5400000000002
T005196,2024-02-15,S027,P0099,6,397.34,127.44,INR,2024-01-03 19:45:03.577426672,2256.6
T005197,2024-04-15,S034,P0069,7,1166.5,217.45,INR,2024-02-27 07:12:24.648412704,7948.05
T005198,2024-03-28,S008,P0035,2,555.66,108.23,INR,2024-03-29 18:45:54.350770712,1003.0899999999999
T005199,2024-03-18,S019,P0051,8,193.73,35.11,INR,2024-09-11 10:28:07.884577036,1514.73
T005200,2024-05-30,S041,P0027,2,1860.28,215.54,INR,2024-08-10 04:37:30.545108318,3505.02
T005201,2024-09-13,S026,P0037,1,206.38,187.82,INR,2024-08-15 17:22:27.658111572,18.560000000000002
T005202,2024-03-20,S028,P0085,8,1463.13,,INR,2024-07-27 07:27:27.678340197,
T005203,2024-05-13,S004,P0016,0,732.67,277.31,INR,2024-09-28 17:56:37.191828728,-277.31
T005204,2024-05-22,S031,P0092,4,1873.66,92.68,INR,2024-12-09 17:14:37.302171946,7401.96
T005205,2024-12-22,S016,P0025,2,1973.5,196.42,INR,2024-09-02 20:26:29.268168211,3750.58
T005206,2024-12-14,S999,P0033,4,737.32,,INR,2024-09-28 21:52:11.766258478,
T005207,2024-10-19,S010,P0062,-1,1223.1,132.91,INR,2024-08-09 23:42:32.415134907,-1356.01
T005208,2024-03-29,S038,P0017,6,1568.67,289.31,INR,2024-10-18 03:18:06.341081142,9122.710000000001
T005209,2024-01-25,S048,P0043,6,334.48,265.95,INR,2024-12-10 04:33:01.872605324,1740.93
T005210,2024-04-25,S010,P0030,6,1447.98,66.4,INR,2024-08-08 20:42:24.873522758,8621.480000000001
T005211,2024-04-07,S045,P0041,2,1821.78,263.74,INR,2024-03-07 01:37:08.601822376,3379.8199999999997
T005212,2024-07-03,S009,P0004,7,439.15,87.92,INR,2024-10-08 03:32:03.079174042,2986.1299999999997
T005213,2024-10-10,S039,P0066,9,1693.55,,INR,2024-08-25 13:17:53.896579027,
T005214,2024-11-09,S036,P0060,6,319.65,218.77,INR,2024-12-06 18:22:36.437875271,1699.1299999999999
T005215,2024-11-04,S999,P0009,-2,1179.77,105.62,INR,2024-04-09 07:53:37.175604820,-2465.16
T005216,2024-05-11,S036,P0031,-1,744.79,273.24,INR,2024-12-20 01:31:16.033004284,-1018.03
T005217,2024-09-07,S019,P0089,7,996.26,145.58,INR,2024-07-20 09:59:47.546460152,6828.24
T005218,2024-04-24,S019,P9999,2,671.2,95.31,INR,2024-12-17 20:37:13.475211382,1247.0900000000001
T005219,2024-01-23,S012,P0100,2,595.02,83.91,INR,2024-10-13 04:11:01.789854050,1106.1299999999999
T005220,2024-09-13,S013,P0069,3,1511.96,281.72,INR,2024-11-12 01:48:24.758726835,4254.16
T005221,2024-01-04,S025,P0024,5,523.92,227.57,INR,2024-04-28 04:51:11.177724838,2392.0299999999997
T005222,2024-05-29,S036,P0024,9,875.98,104.97,INR,2024-03-21 02:14:40.617604971,7778.849999999999
T005223,2024-04-30,S025,P0093,-2,621.66,76.25,INR,2024-08-15 18:58:21.986981392,-1319.57
T005224,2024-09-10,S028,P0045,7,553.41,63.49,INR,2024-05-16 15:08:25.670217752,3810.38
T005225,2024-10-06,S042,P0095,9,1291.48,73.35,INR,2024-12-25 20:26:22.734902620,11549.97
T005226,2024-04-20,S039,P0037,6,186.31,33.29,INR,2024-06-29 20:33:15.533629417,1084.5700000000002
T005227,2024-10-23,S030,P0058,1,1598.91,145.42,INR,2024-02-10 07:45:23.586216211,1453.49
T005228,2024-04-17,S005,P0083,5,1137.84,12.32,INR,2024-07-01 01:30:41.377929688,5676.88
T005229,2024-06-11,S017,P0023,9,1674.03,3.45,INR,2024-07-14 07:19:37.215028763,15062.82
T005230,2024-09-22,S018,P0035,9,504.73,185.42,INR,2024-01-02 17:25:25.011362076,4357.15
T005231,2024-09-09,S043,P0063,2,1447.87,,INR,2024-03-30 14:29:13.628694057,
T005232,2024-12-26,S047,P0006,-2,899.11,253.56,INR,2024-01-01 11:44:03.647892714,-2051.78
T005233,2024-03-23,S021,P0006,6,245.93,32.02,INR,2024-07-23 18:22:16.605173111,1443.56
T005234,2024-08-29,S022,P9999,5,1529.71,162.8,INR,2024-04-16 15:05:31.968124390,7485.75
T005235,2024-08-10,S039,P0030,2,1548.16,202.65,INR,2024-03-04 05:17:53.700932980,2893.67
T005236,2024-11-30,S050,P0001,8,614.74,68.75,INR,2024-11-02 01:59:31.006925821,4849.17
T005237,2024-02-27,S006,P0063,1,1840.49,266.48,INR,2024-01-11 22:57:16.640845776,1574.01
T005238,2024-10-01,S050,P0008,5,1551.54,144.42,INR,2024-09-09 11:22:17.079972029,7613.28
T005239,2024-07-26,S016,P0028,6,682.84,94.6,INR,2024-07-28 03:28:21.305138111,4002.44
T005240,2024-04-10,S002,P0089,4,554.31,,INR,2024-10-08 14:47:50.899310827,
T005241,2024-06-22,S999,P0033,1,936.17,257.5,INR,2024-02-18 06:37:35.744245529,678.67
T005242,2024-05-01,S001,P0053,4,656.3,212.89,INR,2024-11-14 03:02:28.154072762,2412.31
T005243,2024-07-30,S030,P0038,3,512.34,87.14,INR,2024-04-27 09:29:11.852087259,1449.8799999999999
T005244,2024-11-20,S043,P0052,8,858.29,117.06,INR,2024-01-04 02:52:24.367471218,6749.259999999999
T005245,2024-07-26,S037,P0078,9,148.84,206.92,INR,2024-08-27 16:29:22.880344868,1132.6399999999999
T005246,2024-08-18,S048,P0011,0,862.68,55.59,INR,2024-11-09 15:55:18.571676731,-55.59
T005247,2024-07-08,S023,P0002,7,521.16,148.53,INR,2024-05-09 02:20:13.286775827,3499.5899999999997
T005248,2024-01-19,S001,P0053,0,602.23,221.32,INR,2024-07-11 13:32:56.892127514,-221.32
T005249,2024-03-25,S019,P0094,-2,256.85,197.31,INR,2024-05-30 12:02:16.747530937,-711.01
T005250,2024-06-28,S046,P0094,2,1218.97,215.98,INR,2024-01-16 11:59:47.240313053,2221.96
T005251,2024-04-23,S003,P0068,5,996.82,267.58,INR,2024-10-01 21:24:46.378400803,4716.52
T005252,2024-03-07,S002,P0077,9,1526.19,290.49,INR,2024-12-09 15:17:29.553466082,13445.220000000001
T005253,2024-07-03,S037,P0007,3,1975.49,137.52,INR,2024-06-02 07:52:55.385055780,5788.95
T005254,2024-04-27,S017,P0067,5,327.11,17.99,INR,2024-02-22 17:15:26.946228504,1617.5600000000002
T005255,2024-04-04,S028,P0009,4,617.61,250.31,INR,2024-07-03 08:27:04.787837744,2220.13
T005256,2024-06-18,S018,P0078,-1,1396.66,,INR,2024-11-26 05:39:03.656891584,
T005257,2024-02-18,S033,P0063,5,550.89,65.83,INR,2024-08-09 02:58:38.729605675,2688.62
T005258,2024-12-04,S015,P0011,1,157.28,195.95,INR,2024-03-18 12:15:08.884438515,-38.66999999999999
T005259,2024-11-12,S022,P0037,8,308.63,,INR,2024-07-20 22:06:14.440564871,
T005260,2024-09-15,S041,P0014,2,923.89,208.39,INR,2024-04-29 07:20:26.684926510,1639.3899999999999
T005261,2024-02-08,S027,P0019,8,918.49,131.55,INR,2024-01-09 14:23:09.703215361,7216.37
T005262,2024-10-10,S037,P0008,5,1947.38,,INR,2024-11-29 11:30:25.665309668,
T005263,2024-10-21,S032,P0007,2,985.31,249.66,INR,2024-10-16 23:25:45.778500557,1720.9599999999998
T005264,2024-10-07,S045,P0059,2,1388.33,199.1,INR,2024-12-03 06:54:37.220132351,2577.56
T005265,2024-02-11,S019,P0063,3,1035.18,132.32,INR,2024-09-06 05:18:24.043491840,2973.22
T005266,2024-08-23,S028,P0007,4,612.85,139.15,INR,2024-06-13 03:42:36.954389334,2312.25
T005267,2024-10-31,S028,P0055,6,300.36,52.79,INR,2024-06-29 00:19:50.166021109,1749.3700000000001
T005268,2024-07-29,S010,P0003,8,1732.24,233.91,INR,2024-03-15 16:28:28.535302401,13624.01
T005269,2024-08-23,S020,P0067,4,390.06,259.79,INR,2024-05-20 23:58:48.419074059,1300.45
T005270,2024-06-16,S025,P0018,3,284.1,248.18,INR,2024-02-29 19:20:02.750881672,604.1200000000001
T005271,2024-07-11,S021,P0045,9,506.27,164.13,INR,2024-06-21 19:31:32.434003592,4392.3
T005272,2024-01-13,S014,P0097,7,104.73,251.38,INR,2024-08-23 18:15:03.422665358,481.73
T005273,2024-08-21,S022,P9999,1,236.73,237.12,INR,2024-04-03 15:46:59.144921064,-0.3900000000000148
T005274,2024-01-30,S026,P0092,8,1306.87,249.71,INR,2024-12-10 11:24:08.557217836,10205.25
T005275,2024-06-07,S044,P0036,7,562.74,294.58,INR,2024-08-24 02:22:18.554938793,3644.6000000000004
T005276,2024-04-16,S011,P0016,9,743.17,243.0,INR,2024-03-21 06:28:44.350447178,6445.53
T005277,2024-07-18,S007,P0079,-1,1687.07,81.21,INR,2024-03-01 22:55:31.633853436,-1768.28
T005278,2024-02-18,S017,P0029,8,1568.51,246.26,INR,2024-03-03 00:56:38.032516003,12301.82
T005279,2024-09-09,S018,P0059,8,1035.27,112.69,INR,2024-12-21 10:58:32.382287502,8169.47
T005280,2024-10-17,S007,P0018,6,1264.66,154.86,INR,2024-03-27 08:49:01.020629406,7433.100000000001
T005281,2024-02-29,S020,P0049,7,263.04,238.92,INR,2024-03-02 10:57:15.868329525,1602.3600000000001
T005282,2024-02-08,S038,P0046,8,1547.03,95.02,INR,2024-02-29 20:33:00.270158291,12281.22
T005283,2024-02-23,S011,P0083,2,1080.76,7.82,INR,2024-05-05 16:01:19.934977770,2153.7
T005284,2024-11-16,S044,P0029,2,1184.8,215.44,INR,2024-08-12 14:09:56.269765139,2154.16
T005285,2024-07-11,S016,P0070,8,1364.5,270.65,INR,2024-01-29 20:43:12.088692904,10645.35
T005286,2024-06-19,S999,P0050,9,1050.33,278.37,INR,2024-02-28 04:38:48.859217167,9174.599999999999
T005287,2024-02-08,S027,P0055,0,1091.22,239.67,INR,2024-12-22 09:43:32.028129578,-239.67
T005288,2024-08-25,S999,P0027,0,1049.31,280.54,INR,2024-08-13 11:51:25.409979105,-280.54
T005289,2024-11-12,S011,P0007,-2,1043.95,246.2,INR,2024-02-20 23:37:34.006923676,-2334.1
T005290,2024-10-29,S016,P0091,9,1525.39,9.03,INR,2024-07-19 18:51:12.968639135,13719.48
T005291,2024-08-16,S023,P0083,8,911.7,104.9,INR,2024-03-28 22:36:46.221749067,7188.700000000001
T005292,2024-01-28,S012,P0081,2,105.5,100.83,INR,2024-12-21 08:52:46.080739260,110.17
T005293,2024-02-11,S040,P0041,0,1262.92,,INR,2024-05-21 21:59:33.744787931,
T005294,2024-01-18,S003,P0011,8,1910.06,239.38,INR,2024-02-21 23:12:21.725702524,15041.1
T005295,2024-04-03,S002,P0005,-1,588.22,156.03,INR,2024-08-11 17:34:36.423618078,-744.25
T005296,2024-02-19,S038,P0066,8,1650.77,250.89,INR,2024-02-20 02:48:31.343761444,12955.27
T005297,2024-04-04,S048,P0056,6,965.43,180.4,INR,2024-07-08 02:17:33.358624697,5612.18
T005298,2024-05-20,S024,P0012,7,1321.67,177.18,INR,2024-11-07 01:33:38.541554689,9074.51
T005299,2024-12-10,S029,P0042,3,1792.66,115.24,INR,2024-05-06 04:36:04.730869770,5262.740000000001
T005300,2024-08-10,S047,P0075,0,1564.93,236.88,INR,2024-06-23 06:44:16.449939489,-236.88
T005301,2024-10-31,S046,P0010,4,1780.69,204.93,INR,2024-02-09 12:56:11.602698088,6917.83
T005302,2024-09-16,S034,P0028,9,118.09,101.63,INR,2024-08-23 21:57:03.632503986,961.18
T005303,2024-02-11,S020,P0007,6,455.9,298.07,INR,2024-02-10 22:10:12.078025341,2437.3299999999995
T005304,2024-09-25,S018,P0014,6,904.64,138.84,INR,2024-04-29 08:12:39.822405815,5289.0
T005305,2024-04-10,S014,P0077,-2,1710.9,94.98,INR,2024-11-03 00:45:42.609425306,-3516.78
T005306,2024-08-21,S018,P0069,-1,1692.94,,INR,2024-02-24 17:17:13.338096619,
T005307,2024-05-04,S002,P0061,5,451.77,66.84,INR,2024-11-02 15:53:23.077297211,2192.0099999999998
T005308,2024-12-30,S001,P0051,8,370.26,249.19,INR,2024-08-18 03:48:34.435221434,2712.89
T005309,2024-04-06,S020,P0042,-2,1685.93,204.11,INR,2024-02-21 11:32:23.426018476,-3575.9700000000003
T005310,2024-04-11,S034,P0008,8,1128.73,261.02,INR,2024-03-02 11:59:30.784428358,8768.82
T005311,2024-12-05,S041,P0050,9,1290.86,98.72,INR,2024-08-30 01:44:57.466050625,11519.02
T005312,2024-01-09,S041,P0001,8,1637.49,,INR,2024-09-23 03:32:22.429453611,
T005313,2024-09-11,S048,P0069,0,502.32,150.28,INR,2024-08-27 08:13:31.560101986,-150.28
T005314,2024-09-21,S011,P0011,8,359.32,17.75,INR,2024-09-17 15:05:42.427947998,2856.81
T005315,2024-11-01,S027,P0048,4,1732.18,58.25,INR,2024-05-11 23:28:16.358879805,6870.47
T005316,2024-12-21,S023,P0010,5,312.37,65.29,INR,2024-01-01 12:34:24.038610697,1496.56
T005317,2024-12-22,S038,P0015,2,267.54,230.4,INR,2024-07-12 01:10:02.822601318,304.68000000000006
T005318,2024-01-24,S044,P0047,-1,626.44,60.94,INR,2024-08-04 23:58:31.622478962,-687.3800000000001
T005319,2024-10-26,S003,P0093,0,702.01,168.58,INR,2024-09-07 23:51:13.489798546,-168.58
T005320,2024-08-23,S012,P0025,6,558.16,195.76,INR,2024-03-25 10:18:08.804720879,3153.2
T005321,2024-08-24,S030,P0006,8,1509.08,232.16,INR,2024-03-03 03:13:49.180201530,11840.48
T005322,2024-02-16,S031,P0011,7,1949.37,235.16,INR,2024-10-30 01:28:31.780461550,13410.43
T005323,2024-08-25,S023,P0017,4,479.22,215.28,INR,2024-11-03 01:45:43.973048925,1701.6000000000001
T005324,2024-12-24,S001,P0015,-2,1585.52,63.96,INR,2024-12-26 11:28:06.981477737,-3235.0
T005325,2024-11-28,S041,P0016,0,184.06,163.04,INR,2024-05-04 00:18:12.804088831,-163.04
T005326,2024-06-09,S020,P0056,6,325.92,,INR,2024-01-22 12:59:53.816309214,
T005327,2024-01-15,S006,P0066,4,1078.72,232.53,INR,2024-06-22 16:44:31.602937222,4082.35
T005328,2024-05-12,S011,P0036,9,1999.26,224.43,INR,2024-06-24 02:34:28.662305832,17768.91
T005329,2024-10-28,S035,P0083,-1,1903.79,68.89,INR,2024-01-14 08:00:16.284281015,-1972.68
T005330,2024-09-13,S004,P0038,3,312.69,192.4,INR,2024-07-28 21:32:17.319103241,745.67
T005331,2024-06-16,S029,P0085,6,555.41,17.53,INR,2024-04-05 04:46:29.239472151,3314.93
T005332,2024-01-21,S010,P0075,1,1897.0,230.56,INR,2024-02-13 11:32:19.213895559,1666.44
T005333,2024-06-04,S999,P0003,7,386.38,234.06,INR,2024-08-08 18:50:50.698917389,2470.6
T005334,2024-06-20,S029,P0098,-1,1511.3,104.1,INR,2024-04-13 01:21:00.662732840,-1615.3999999999999
T005335,2024-12-04,S038,P0018,0,102.11,241.88,INR,2024-07-23 23:23:06.657411575,-241.88
T005336,2024-08-21,S001,P0079,4,1300.25,257.49,INR,2024-01-06 13:14:23.806789637,4943.51
T005337,2024-04-23,S040,P0089,1,1039.74,57.02,INR,2024-05-13 16:04:49.493641138,982.72
T005338,2024-07-10,S008,P0054,4,994.95,105.27,INR,2024-11-11 21:06:23.295744658,3874.53
T005339,2024-01-25,S038,P0079,2,1675.46,78.32,INR,2024-08-25 07:01:34.022502661,3272.6
T005340,2024-12-20,S017,P0094,5,253.4,112.31,INR,2024-11-12 15:23:20.610819817,1154.69
T005341,2024-05-11,S019,P0017,5,816.93,134.07,INR,2024-09-27 06:33:23.766250610,3950.5799999999995
T005342,2024-06-23,S033,P0082,2,947.47,,INR,2024-09-19 16:42:26.263230562,
T005343,2024-05-09,S015,P0095,4,335.46,10.53,INR,2024-11-13 13:24:10.389957428,1331.31
T005344,2024-09-06,S045,P0082,8,262.77,16.55,INR,2024-01-08 03:11:51.612547159,2085.6099999999997
T005345,2024-08-29,S031,P0099,3,441.27,196.57,INR,2024-06-02 07:11:06.658663511,1127.24
T005346,2024-09-18,S021,P0013,5,557.99,132.82,INR,2024-12-16 13:13:37.738510370,2657.1299999999997
T005347,2024-04-07,S003,P0063,6,1935.52,26.92,INR,2024-03-05 15:56:12.539818048,11586.199999999999
T005348,2024-04-25,S002,P0014,2,1003.67,115.87,INR,2024-08-26 14:39:05.888895035,1891.4699999999998
T005349,2024-02-15,S035,P0059,4,1069.55,142.65,INR,2024-10-15 10:05:32.670833111,4135.55
T005350,2024-08-27,S041,P0036,-2,1443.3,190.68,INR,2024-12-06 18:22:32.148978233,-3077.2799999999997
T005351,2024-01-15,S016,P0018,8,1400.11,35.5,INR,2024-11-14 04:56:45.694823742,11165.38
T005352,2024-08-06,S045,P0005,5,1055.28,298.44,INR,2024-09-03 22:51:05.853486538,4977.96
T005353,2024-11-13,S999,P0014,0,745.69,142.41,INR,2024-09-16 13:45:53.094250679,-142.41
T005354,2024-11-21,S050,P0025,-2,729.0,204.24,INR,2024-05-05 04:59:52.263966084,-1662.24
T005355,2024-06-12,S021,P0044,3,209.65,272.47,INR,2024-03-22 17:40:32.551910162,356.48
T005356,2024-06-16,S012,P0039,5,1809.3,9.55,INR,2024-12-15 21:32:09.142093658,9036.95
T005357,2024-01-29,S028,P0012,8,1561.85,180.41,INR,2024-12-22 01:57:28.762294054,12314.39
T005358,2024-09-01,S012,P0061,0,1284.35,162.11,INR,2024-06-03 23:31:09.819638968,-162.11
T005359,2024-10-26,S033,P0062,-2,852.56,17.22,INR,2024-05-29 22:49:22.529215573,-1722.34
T005360,2024-03-30,S020,P0053,0,1206.68,207.91,INR,2024-06-13 21:02:53.401472807,-207.91
T005361,2024-06-02,S040,P0053,2,1021.67,66.23,INR,2024-06-17 09:59:08.357288837,1977.11
T005362,2024-11-02,S049,P0028,8,620.48,210.56,INR,2024-11-03 09:22:43.222181797,4753.28
T005363,2024-11-16,S021,P0035,5,667.29,108.79,INR,2024-06-06 04:53:01.277436972,3227.66
T005364,2024-03-29,S039,P0065,6,1761.51,231.04,INR,2024-11-18 01:23:51.878767252,10338.019999999999
T005365,2024-07-19,S041,P0003,9,1306.33,282.53,INR,2024-09-10 17:49:05.652000904,11474.439999999999
T005366,2024-03-11,S049,P0043,6,102.7,258.15,INR,2024-12-18 08:49:41.393493652,358.05000000000007
T005367,2024-02-07,S042,P0050,1,721.06,144.77,INR,2024-09-03 05:08:55.763848543,576.29
T005368,2024-11-28,S036,P0071,5,745.9,67.58,INR,2024-05-30 10:39:53.626582861,3661.92
T005369,2024-10-26,S022,P0009,8,1442.04,,INR,2024-12-01 01:30:02.472818136,
T005370,2024-10-04,S026,P0036,2,1430.86,197.85,INR,2024-03-24 20:59:56.746193886,2663.87
T005371,2024-01-18,S007,P0023,0,981.89,118.79,INR,2024-12-18 05:00:37.680381060,-118.79
T005372,2024-11-03,S007,P0088,2,1906.86,144.46,INR,2024-01-16 20:26:16.780126810,3669.2599999999998
T005373,2024-06-08,S008,P0074,-1,1757.24,38.42,INR,2024-08-21 22:38:22.669677019,-1795.66
T005374,2024-05-04,S026,P0050,8,1745.8,151.59,INR,2024-01-07 15:52:00.994537830,13814.81
T005375,2024-07-18,S024,P0055,8,761.7,51.95,INR,2024-03-15 10:48:36.869051218,6041.650000000001
T005376,2024-02-03,S024,P0012,8,918.9,109.72,INR,2024-06-18 08:25:23.584909678,7241.48
T005377,2024-10-03,S040,P0083,3,896.03,147.53,INR,2024-02-27 18:28:18.369890451,2540.56
T005378,2024-07-31,S048,P0032,-2,936.51,284.34,INR,2024-12-26 22:05:48.608887911,-2157.36
T005379,2024-03-09,S012,P0024,3,1789.5,187.41,INR,2024-10-09 03:35:22.051937580,5181.09
T005380,2024-03-09,S047,P0086,2,573.33,111.57,INR,2024-11-06 13:29:09.232070446,1035.0900000000001
T005381,2024-03-08,S008,P0067,6,1624.17,33.93,INR,2024-12-23 08:39:25.976891994,9711.09
T005382,2024-01-21,S009,P0027,4,1076.68,224.16,INR,2024-09-03 06:58:25.878145695,4082.5600000000004
T005383,2024-08-02,S003,P0061,3,573.26,140.06,INR,2024-04-07 07:24:00.313397408,1579.72
T005384,2024-11-02,S021,P0019,8,1101.86,20.45,INR,2024-10-03 06:54:49.879621267,8794.429999999998
T005385,2024-01-07,S031,P0073,9,471.34,197.06,INR,2024-08-01 06:33:56.016462088,4044.9999999999995
T005386,2024-01-18,S048,P0051,4,305.54,105.03,INR,2024-04-07 15:17:30.275760651,1117.13
T005387,2024-07-28,S047,P0064,7,1692.54,121.17,INR,2024-05-14 01:24:42.618899345,11726.609999999999
T005388,2024-10-26,S024,P0077,2,1428.71,251.66,INR,2024-08-09 20:55:22.834008217,2605.76
T005389,2024-04-29,S004,P0002,-2,489.46,,INR,2024-05-24 08:10:51.544633627,
T005390,2024-05-07,S020,P0036,6,1890.36,102.11,INR,2024-03-26 19:45:22.051095247,11240.05
T005391,2024-08-05,S016,P0093,2,146.36,109.1,INR,2024-06-05 22:07:37.811672211,183.62000000000003
T005392,2024-04-10,S010,P0011,1,733.23,1.0,INR,2024-03-26 06:20:37.183056831,732.23
T005393,2024-01-10,S043,P0098,3,141.14,253.6,INR,2024-11-15 09:58:07.440239429,169.81999999999996
T005394,2024-09-25,S026,P0068,2,370.37,250.59,INR,2024-09-10 08:05:07.076190948,490.15
T005395,2024-08-16,S029,P0068,-2,442.15,198.55,INR,2024-05-17 10:28:06.749119282,-1082.85
T005396,2024-07-30,S005,P0064,-1,1639.64,269.68,INR,2024-12-11 02:03:46.743263960,-1909.3200000000002
T005397,2024-09-27,S011,P0001,1,1986.78,,INR,2024-05-21 23:11:18.617352962,
T005398,2024-09-03,S029,P0089,5,1747.91,66.19,INR,2024-07-28 16:21:00.215085745,8673.36
T005399,2024-03-16,S045,P0026,2,1306.75,20.56,INR,2024-07-05 19:59:59.153895378,2592.94
T005400,2024-05-08,S015,P0011,4,1473.55,177.6,INR,2024-02-14 11:59:19.704313993,5716.599999999999
T005401,2024-02-16,S006,P0087,-1,1093.36,148.91,INR,2024-06-03 16:25:04.065308570,-1242.27
T005402,2024-02-17,S048,P0002,5,902.83,243.12,INR,2024-01-29 07:17:58.443313360,4271.030000000001
T005403,2024-09-03,S015,P0083,2,1415.12,144.39,INR,2024-03-03 06:01:46.165791273,2685.85
T005404,2024-11-09,S043,P0093,1,1948.92,,INR,2024-10-14 10:44:51.368438721,
T005405,2024-12-17,S020,P0040,6,154.9,,INR,2024-04-20 11:19:06.450626850,
T005406,2024-08-17,S034,P0004,3,696.76,136.64,INR,2024-02-02 11:15:12.885152340,1953.6399999999999
T005407,2024-03-08,S002,P0080,1,727.11,286.75,INR,2024-09-19 10:04:40.604097605,440.36
T005408,2024-02-08,S044,P0037,5,887.08,160.34,INR,2024-10-19 20:59:37.104209900,4275.06
T005409,2024-10-23,S016,P0061,0,1291.1,35.02,INR,2024-07-29 23:57:29.270426750,-35.02
T005410,2024-07-30,S019,P0091,7,1076.13,255.31,INR,2024-11-30 04:45:28.449158669,7277.6
T005411,2024-08-13,S034,P0005,-1,135.59,263.52,INR,2024-11-06 01:07:03.695828199,-399.11
T005412,2024-10-12,S049,P0015,4,882.06,,INR,2024-07-20 17:45:53.720738173,
T005413,2024-09-13,S014,P0087,9,1276.95,7.8,INR,2024-09-26 00:12:39.810715437,11484.750000000002
T005414,2024-10-31,S024,P0067,1,1059.17,8.92,INR,2024-04-30 04:09:30.527055740,1050.25
T005415,2024-01-21,S028,P0082,1,1756.92,105.34,INR,2024-08-20 05:51:22.094717979,1651.5800000000002
T005416,2024-09-29,S048,P0026,7,857.33,214.87,INR,2024-12-22 13:53:27.117963314,5786.4400000000005
T005417,2024-11-06,S032,P0006,6,123.86,99.32,INR,2024-10-18 22:52:56.050588131,643.8399999999999
T005418,2024-04-14,S037,P0044,-1,641.31,2.32,INR,2024-05-16 16:56:29.128423928,-643.63
T005419,2024-08-21,S010,P0058,-2,357.78,254.57,INR,2024-12-06 07:31:31.758358240,-970.1299999999999
T005420,2024-04-24,S049,P0081,4,575.44,290.62,INR,2024-10-28 04:11:46.811872721,2011.1400000000003
T005421,2024-12-15,S045,P0046,9,787.97,103.91,INR,2024-01-14 14:03:31.064280510,6987.820000000001
T005422,2024-01-13,S048,P0042,5,1385.65,21.92,INR,2024-09-29 07:00:13.398097277,6906.33
T005423,2024-07-30,S009,P0048,0,715.92,87.42,INR,2024-12-22 09:15:27.514281988,-87.42
T005424,2024-03-01,S024,P0027,-1,1779.81,239.7,INR,2024-04-25 23:06:34.173145294,-2019.51
T005425,2024-09-16,S036,P0020,1,669.18,162.68,INR,2024-04-10 11:56:48.308016777,506.49999999999994
T005426,2024-03-05,S029,P0070,-1,360.17,115.2,INR,2024-08-21 14:59:13.377472639,-475.37
T005427,2024-03-26,S029,P0035,9,420.84,100.27,INR,2024-02-10 04:40:07.262738466,3687.29
T005428,2024-06-29,S048,P0076,-1,1875.7,34.62,INR,2024-09-03 08:47:20.543465614,-1910.32
T005429,2024-11-29,S023,P0048,2,964.15,101.85,INR,2024-03-23 16:50:12.585284472,1826.45
T005430,2024-03-18,S027,P0067,7,865.94,141.03,INR,2024-06-13 19:24:44.387543201,5920.55
T005431,2024-02-22,S031,P0068,2,230.91,201.94,INR,2024-11-21 13:39:32.506153822,259.88
T005432,2024-10-04,S043,P0052,5,1493.31,,INR,2024-10-17 19:51:22.381599665,
T005433,2024-07-01,S007,P0068,6,1419.84,269.21,INR,2024-02-09 10:00:36.298456430,8249.83
T005434,2024-11-28,S049,P0004,-1,813.91,145.44,INR,2024-10-04 21:43:38.763873577,-959.3499999999999
T005435,2024-02-23,S045,P0039,-2,1414.35,,INR,2024-05-30 06:35:12.732161045,
T005436,2024-08-23,S004,P0021,0,798.16,178.19,INR,2024-12-28 23:18:33.204304695,-178.19
T005437,2024-03-26,S014,P0066,3,239.0,50.29,INR,2024-04-19 09:41:18.793462515,666.71
T005438,2024-02-27,S042,P0016,2,1502.39,31.98,INR,2024-06-20 18:26:54.899827242,2972.8
T005439,2024-09-06,S042,P0007,5,1933.88,103.96,INR,2024-05-04 12:43:03.086327553,9565.440000000002
T005440,2024-08-04,S010,P0083,5,1331.75,11.98,INR,2024-08-01 23:02:52.332961559,6646.77
T005441,2024-10-02,S044,P0097,-1,625.28,113.27,INR,2024-04-07 01:04:16.912941456,-738.55
T005442,2024-04-22,S034,P0009,6,612.85,201.45,INR,2024-11-29 02:47:10.227220058,3475.6500000000005
T005443,2024-06-12,S026,P9999,1,1865.06,243.64,INR,2024-08-13 04:49:29.032867193,1621.42
T005444,2024-05-27,S023,P0017,-2,676.25,173.93,INR,2024-12-10 02:08:16.997095585,-1526.43
T005445,2024-12-25,S009,P0091,-1,1559.57,207.4,INR,2024-09-05 09:20:08.992188454,-1766.97
T005446,2024-04-16,S037,P0097,8,1321.54,249.94,INR,2024-03-08 19:54:38.563083410,10322.38
T005447,2024-04-17,S008,P0012,3,1225.94,231.94,INR,2024-01-06 15:04:33.090096474,3445.88
T005448,2024-05-09,S014,P0057,2,444.04,95.99,INR,2024-05-28 18:22:37.928708315,792.09
T005449,2024-07-25,S007,P0045,9,165.38,172.03,INR,2024-12-28 15:09:07.205296278,1316.39
T005450,2024-04-02,S007,P0011,4,1028.49,79.46,INR,2024-11-16 01:53:15.246346951,4034.5
T005451,2024-11-30,S009,P0013,6,1977.5,172.9,INR,2024-11-05 01:58:49.955868006,11692.1
T005452,2024-04-06,S003,P0031,3,471.94,127.8,INR,2024-07-26 13:40:25.376436949,1288.02
T005453,2024-11-22,S014,P0077,3,1120.06,111.84,INR,2024-02-04 14:47:34.851285934,3248.3399999999997
T005454,2024-02-07,S017,P0026,-1,1374.86,55.07,INR,2024-01-06 12:56:01.658582926,-1429.9299999999998
T005455,2024-08-27,S050,P0063,4,1018.99,168.53,INR,2024-11-02 02:20:07.581725836,3907.43
T005456,2024-11-27,S044,P0031,-1,1063.17,218.79,INR,2024-03-05 17:57:33.554854631,-1281.96
T005457,2024-03-02,S022,P0022,4,1356.33,171.38,INR,2024-01-28 23:51:58.360858202,5253.94
T005458,2024-12-19,S046,P0006,5,1648.32,20.77,INR,2024-09-16 01:27:43.276006222,8220.83
T005459,2024-06-14,S026,P0020,9,733.25,277.3,INR,2024-01-01 10:17:13.073074102,6321.95
T005460,2024-12-11,S028,P0085,-2,1808.62,,INR,2024-09-27 09:33:44.159250259,
T005461,2024-09-04,S045,P0010,6,1021.31,265.52,INR,2024-03-11 04:49:33.181500435,5862.34
T005462,2024-04-20,S014,P0083,5,1357.57,229.82,INR,2024-04-27 07:24:54.893932581,6558.03
T005463,2024-03-09,S009,P0035,6,302.38,28.97,INR,2024-03-03 16:04:19.948450327,1785.31
T005464,2024-04-20,S999,P0026,2,1035.71,70.97,INR,2024-10-10 15:49:02.361487627,2000.45
T005465,2024-02-03,S026,P0071,1,130.6,104.69,INR,2024-06-25 22:36:32.031201363,25.909999999999997
T005466,2024-02-22,S002,P0037,-2,842.95,273.09,INR,2024-03-01 12:40:09.753171444,-1958.99
T005467,2024-02-08,S011,P0008,6,203.52,293.98,INR,2024-01-15 01:32:02.416916370,927.1400000000001
T005468,2024-06-03,S017,P0005,1,1804.26,26.15,INR,2024-12-26 03:34:32.431018114,1778.11
T005469,2024-10-17,S034,P0044,1,1378.33,119.08,INR,2024-09-17 17:51:29.737213135,1259.25
T005470,2024-02-21,S019,P0100,1,1604.57,,INR,2024-09-05 04:23:00.827112436,
T005471,2024-02-17,S039,P0092,-1,988.59,83.53,INR,2024-07-02 12:36:21.541438580,-1072.1200000000001
T005472,2024-08-22,S018,P0067,9,1718.61,294.32,INR,2024-06-07 18:28:42.993400812,15173.17
T005473,2024-03-12,S013,P0072,8,1758.78,295.33,INR,2024-10-17 12:38:58.347566128,13774.91
T005474,2024-02-05,S005,P0079,1,777.95,141.64,INR,2024-10-28 17:04:57.669450045,636.3100000000001
T005475,2024-03-01,S050,P0091,-1,816.02,54.94,INR,2024-01-23 07:14:47.783383608,-870.96
T005476,2024-12-03,S023,P0049,5,1065.66,,INR,2024-11-09 16:31:21.506615400,
T005477,2024-10-26,S024,P0036,4,180.26,96.21,INR,2024-10-04 23:10:51.177797794,624.8299999999999
T005478,2024-05-09,S029,P0080,8,1991.96,278.65,INR,2024-06-26 11:13:25.580288649,15657.03
T005479,2024-08-27,S048,P0026,7,782.44,245.46,INR,2024-06-22 20:36:06.647393465,5231.62
T005480,2024-07-15,S047,P0045,-1,994.6,92.65,INR,2024-10-31 16:49:13.756743908,-1087.25
T005481,2024-09-04,S008,P0061,-1,1534.04,5.49,INR,2024-10-16 15:36:09.639894247,-1539.53
T005482,2024-09-06,S026,P0044,-1,665.28,299.41,INR,2024-02-20 15:51:37.404668331,-964.69
T005483,2024-08-17,S015,P0004,-2,483.1,205.0,INR,2024-07-19 10:57:07.248006582,-1171.2
T005484,2024-04-07,S001,P0076,3,342.16,127.72,INR,2024-12-19 19:34:15.864869118,898.76
T005485,2024-01-15,S028,P0081,3,1103.23,86.54,INR,2024-09-25 10:38:43.873733521,3223.15
T005486,2024-06-15,S049,P0058,-2,110.45,1.33,INR,2024-12-21 03:17:23.261856317,-222.23000000000002
T005487,2024-11-21,S047,P0026,8,1448.09,46.19,INR,2024-10-10 05:44:16.322707653,11538.529999999999
T005488,2024-07-26,S046,P0095,-2,976.64,1.76,INR,2024-07-10 12:02:03.201754808,-1955.04
T005489,2024-10-30,S014,P0079,3,1110.46,179.28,INR,2024-08-08 18:56:50.388237238,3152.1
T005490,2024-12-27,S042,P0098,8,600.09,199.0,INR,2024-09-15 22:27:40.431547403,4601.72
T005491,2024-02-29,S034,P0029,3,438.68,,INR,2024-09-23 00:31:18.933026791,
T005492,2024-09-09,S031,P0009,1,1429.98,56.1,INR,2024-09-29 20:36:54.362164497,1373.88
T005493,2024-09-03,S006,P0078,0,499.52,,INR,2024-12-05 13:04:18.650008440,
T005494,2024-12-23,S049,P0036,6,1582.16,195.14,INR,2024-04-22 20:17:05.019988775,9297.820000000002
T005495,2024-12-25,S005,P0004,3,486.98,149.97,INR,2024-10-29 18:10:46.133775473,1310.97
T005496,2024-09-07,S031,P0059,-2,1264.1,262.71,INR,2024-07-26 22:24:42.171530008,-2790.91
T005497,2024-03-29,S037,P0037,0,1323.36,159.98,INR,2024-11-19 03:29:16.729630232,-159.98
T005498,2024-10-18,S015,P0088,-2,1060.73,133.45,INR,2024-08-18 08:22:52.385454893,-2254.91
T005499,2024-02-09,S015,P0081,0,1993.9,146.41,INR,2024-12-07 07:54:10.257685900,-146.41
T005500,2024-10-11,S043,P0013,-1,814.1,234.7,INR,2024-06-03 18:32:01.600074768,-1048.8
T005501,2024-11-28,S005,P0020,2,1778.31,5.49,INR,2024-02-06 05:48:17.544654131,3551.13
T005502,2024-05-19,S028,P0017,0,421.53,275.46,INR,2024-08-23 09:00:09.996096849,-275.46
T005503,2024-08-18,S033,P0051,4,740.7,214.26,INR,2024-10-09 17:24:11.562134027,2748.54
T005504,2024-06-06,S011,P0091,5,376.2,,INR,2024-09-09 08:57:49.118237972,
T005505,2024-06-08,S043,P0055,4,1246.89,287.88,INR,2024-09-21 14:50:15.053725958,4699.68
T005506,2024-04-23,S006,P0033,-1,1312.69,67.8,INR,2024-01-11 12:59:38.618009806,-1380.49
T005507,2024-10-05,S023,P0021,7,961.66,173.5,INR,2024-12-18 04:43:54.671746969,6558.12
T005508,2024-12-07,S040,P0081,7,1468.31,145.81,INR,2024-04-06 10:12:40.856681585,10132.36
T005509,2024-12-09,S002,P0022,4,1748.54,161.29,INR,2024-05-31 01:25:54.588399172,6832.87
T005510,2024-03-04,S015,P0025,7,1575.46,14.19,INR,2024-06-01 17:22:59.408916712,11014.03
T005511,2024-11-15,S023,P0067,0,559.16,274.2,INR,2024-11-26 23:10:43.632646084,-274.2
T005512,2024-09-26,S022,P0091,4,708.76,286.41,INR,2024-09-28 11:41:05.387685299,2548.63
T005513,2024-04-02,S009,P0091,-2,822.53,205.54,INR,2024-08-14 09:00:30.494979143,-1850.6
T005514,2024-01-25,S047,P0012,-1,487.16,77.48,INR,2024-02-13 18:57:28.344325781,-564.64
T005515,2024-04-07,S040,P0015,9,786.35,236.16,INR,2024-04-28 01:14:46.880909443,6840.990000000001
T005516,2024-11-28,S030,P0084,7,552.29,219.25,INR,2024-06-28 11:55:07.509954453,3646.7799999999997
T005517,2024-08-19,S016,P0086,-2,1991.88,,INR,2024-02-11 22:32:02.653821945,
T005518,2024-09-20,S046,P0002,6,1588.18,51.07,INR,2024-07-27 12:39:19.617732525,9478.01
T005519,2024-04-03,S047,P0004,-1,1734.03,,INR,2024-03-19 05:37:34.812709093,
T005520,2024-09-19,S030,P0045,-1,1852.08,176.82,INR,2024-10-27 22:31:33.975431442,-2028.8999999999999
T005521,2024-01-11,S045,P0013,3,1363.5,38.65,INR,2024-10-29 13:30:11.764384508,4051.85
T005522,2024-05-16,S009,P0055,4,434.36,217.18,INR,2024-08-06 14:45:55.667573214,1520.26
T005523,2024-08-16,S001,P0032,-1,1541.2,63.78,INR,2024-05-11 05:14:03.756912470,-1604.98
T005524,2024-02-23,S038,P0022,1,129.66,273.14,INR,2024-01-17 06:18:11.512924433,-143.48
T005525,2024-10-27,S008,P0089,0,315.14,269.92,INR,2024-08-17 13:56:22.215758801,-269.92
T005526,2024-03-26,S018,P0091,2,156.21,88.08,INR,2024-10-13 08:58:26.577546597,224.34000000000003
T005527,2024-08-26,S027,P0055,6,357.35,25.02,INR,2024-10-15 11:53:45.458897352,2119.0800000000004
T005528,2024-05-27,S018,P0017,-1,1528.81,,INR,2024-06-25 19:57:09.405899286,
T005529,2024-08-05,S032,P0070,2,1782.41,134.52,INR,2024-02-21 06:06:53.259768486,3430.3
T005530,2024-02-09,S049,P0051,5,629.8,43.11,INR,2024-01-24 15:46:13.243446112,3105.89
T005531,2024-01-07,S032,P0080,3,326.34,,INR,2024-01-21 08:11:44.443660021,
T005532,2024-11-27,S048,P0008,1,618.62,297.82,INR,2024-04-01 01:25:26.041338921,320.8
T005533,2024-04-08,S045,P0061,7,1329.52,20.69,INR,2024-02-21 15:24:18.448065042,9285.949999999999
T005534,2024-10-26,S036,P0097,5,765.39,79.17,INR,2024-03-02 15:16:32.222358227,3747.7799999999997
T005535,2024-12-30,S036,P0010,0,1926.18,161.58,INR,2024-09-12 03:10:37.284491539,-161.58
T005536,2024-03-18,S021,P0098,1,348.86,238.01,INR,2024-03-06 12:29:00.269135237,110.85000000000002
T005537,2024-04-06,S046,P0019,8,1981.65,5.63,INR,2024-09-09 16:51:19.039824486,15847.570000000002
T005538,2024-08-29,S032,P0014,6,123.66,219.83,INR,2024-05-08 08:05:57.674674988,522.13
T005539,2024-12-18,S031,P0067,2,958.22,41.97,INR,2024-10-09 19:03:36.150340796,1874.47
T005540,2024-11-30,S037,P0055,3,578.44,249.2,INR,2024-02-28 01:18:55.853364944,1486.1200000000001
T005541,2024-07-02,S016,P0061,9,1175.94,207.65,INR,2024-01-09 12:41:01.937726974,10375.810000000001
T005542,2024-10-17,S046,P0056,8,283.45,136.95,INR,2024-02-02 13:33:49.526469706,2130.65
T005543,2024-02-19,S046,P0063,-1,1764.06,246.47,INR,2024-12-18 15:27:18.990960360,-2010.53
T005544,2024-12-22,S014,P0087,6,359.4,219.91,INR,2024-07-15 08:26:34.430102110,1936.4899999999996
T005545,2024-12-17,S024,P0011,5,1216.04,227.76,INR,2024-08-09 13:35:22.597584248,5852.44
T005546,2024-02-29,S025,P0047,4,163.36,87.02,INR,2024-12-18 22:58:14.508742094,566.4200000000001
T005547,2024-04-19,S046,P0006,6,690.88,185.83,INR,2024-10-10 05:48:43.837529421,3959.45
T005548,2024-02-06,S999,P0034,2,384.47,42.33,INR,2024-02-11 02:50:04.759783983,726.61
T005549,2024-04-09,S035,P0065,2,1957.91,246.26,INR,2024-06-02 22:43:40.925282478,3669.5600000000004
T005550,2024-10-24,S017,P0099,8,122.84,158.02,INR,2024-10-26 19:24:09.478763342,824.7
T005551,2024-05-18,S046,P0089,8,769.55,247.47,INR,2024-08-30 17:20:37.338743210,5908.929999999999
T005552,2024-02-02,S042,P0064,6,675.27,63.35,INR,2024-03-19 17:55:03.104759932,3988.27
T005553,2024-05-04,S045,P0093,8,1349.01,39.1,INR,2024-10-21 01:59:52.924924374,10752.98
T005554,2024-12-24,S004,P0087,2,207.12,206.69,INR,2024-07-22 23:23:34.873523951,207.55
T005555,2024-08-17,S011,P0082,6,1640.17,17.52,INR,2024-10-14 17:39:40.662478209,9823.5
T005556,2024-05-31,S047,P0078,-2,986.4,73.2,INR,2024-08-16 15:50:01.812952280,-2046.0
T005557,2024-03-01,S015,P0081,7,960.27,272.61,INR,2024-06-17 22:46:29.709346056,6449.28
T005558,2024-12-25,S030,P0066,7,530.9,39.83,INR,2024-09-22 21:45:28.094388723,3676.47
T005559,2024-10-26,S024,P0031,8,1031.09,112.67,INR,2024-11-11 23:03:59.119378090,8136.049999999999
T005560,2024-04-12,S002,P0083,5,791.4,283.67,INR,2024-06-18 22:21:06.875187159,3673.33
T005561,2024-01-26,S043,P0096,0,565.76,6.0,INR,2024-01-11 20:56:25.844463348,-6.0
T005562,2024-01-21,S034,P0062,5,420.47,133.59,INR,2024-08-04 12:38:59.658708572,1968.7600000000004
T005563,2024-02-13,S023,P0054,2,1483.84,235.94,INR,2024-02-02 23:20:52.757105827,2731.74
T005564,2024-07-30,S031,P0092,-1,369.88,272.69,INR,2024-04-28 10:49:49.077038050,-642.5699999999999
T005565,2024-12-04,S037,P0008,6,419.17,220.67,INR,2024-07-19 16:05:22.398696184,2294.35
T005566,2024-06-30,S013,P0042,1,1196.44,266.52,INR,2024-05-06 00:35:17.618103027,929.9200000000001
T005567,2024-11-03,S033,P0041,4,529.55,10.31,INR,2024-04-12 12:57:31.362332582,2107.89
T005568,2024-06-11,S007,P0059,9,972.82,,INR,2024-01-08 08:10:31.328750372,
T005569,2024-09-15,S032,P0040,5,1150.54,221.32,INR,2024-04-08 06:48:23.928192377,5531.38
T005570,2024-09-24,S007,P0022,4,621.42,226.0,INR,2024-05-20 10:50:01.477309465,2259.68
T005571,2024-03-04,S042,P0024,8,752.75,181.58,INR,2024-04-15 22:37:21.003771305,5840.42
T005572,2024-05-11,S038,P0038,3,499.39,219.08,INR,2024-08-17 08:56:52.159147024,1279.0900000000001
T005573,2024-08-20,S044,P0002,9,974.81,257.42,INR,2024-08-31 00:30:07.624028444,8515.869999999999
T005574,2024-01-26,S013,P0041,4,1985.56,,INR,2024-10-11 15:57:13.597433805,
T005575,2024-05-11,S024,P0019,1,789.15,284.2,INR,2024-03-08 20:31:40.916553974,504.95
T005576,2024-07-14,S028,P0002,7,1341.33,208.27,INR,2024-08-13 21:48:03.271328688,9181.039999999999
T005577,2024-12-29,S032,P0092,-2,1308.2,141.59,INR,2024-06-05 23:19:19.130581617,-2757.9900000000002
T005578,2024-06-22,S043,P0096,2,1594.32,126.46,INR,2024-04-27 20:27:21.937995434,3062.18
T005579,2024-10-24,S018,P0062,5,1452.65,225.05,INR,2024-06-25 05:06:22.074926376,7038.2
T005580,2024-06-06,S034,P0083,7,122.38,189.14,INR,2024-06-24 16:08:23.352510452,667.52
T005581,2024-10-17,S048,P0016,3,687.51,245.23,INR,2024-08-21 08:53:06.523507356,1817.2999999999997
T005582,2024-08-05,S034,P0094,2,1753.44,234.3,INR,2024-07-23 02:45:10.673741579,3272.58
T005583,2024-11-19,S999,P0022,-1,1125.15,157.26,INR,2024-08-18 09:57:50.571042538,-1282.41
T005584,2024-05-29,S038,P0014,7,298.03,283.71,INR,2024-12-23 21:07:49.256638288,1802.5
T005585,2024-08-08,S001,P0056,9,624.66,211.28,INR,2024-10-22 19:40:28.064375401,5410.66
T005586,2024-08-17,S043,P0065,2,638.43,60.25,INR,2024-04-16 14:25:47.528170347,1216.61
T005587,2024-06-01,S050,P0045,7,1759.04,185.55,INR,2024-07-13 17:20:32.204622746,12127.73
T005588,2024-02-22,S042,P0054,9,1151.46,60.54,INR,2024-03-24 17:12:08.696908236,10302.599999999999
T005589,2024-02-04,S031,P0066,0,1255.81,167.65,INR,2024-07-08 09:27:30.309186935,-167.65
T005590,2024-01-07,S050,P0086,-1,797.42,236.98,INR,2024-09-16 21:50:29.371215343,-1034.3999999999999
T005591,2024-11-14,S001,P0046,0,214.59,243.75,INR,2024-01-25 00:09:08.849123716,-243.75
T005592,2024-03-27,S999,P0033,1,242.97,195.25,INR,2024-02-20 03:50:14.322311878,47.72
T005593,2024-03-18,S016,P0079,-1,898.73,234.99,INR,2024-01-03 16:02:28.000142336,-1133.72
T005594,2024-09-25,S039,P0050,1,437.24,141.67,INR,2024-05-18 05:07:43.190349102,295.57000000000005
T005595,2024-04-26,S015,P0022,1,298.1,165.2,INR,2024-10-07 01:40:54.609164238,132.90000000000003
T005596,2024-07-03,S033,P0040,3,598.26,263.88,INR,2024-06-13 01:45:31.893795252,1530.9
T005597,2024-02-29,S023,P0039,9,1509.89,147.92,INR,2024-07-27 08:03:31.170364380,13441.09
T005598,2024-12-16,S041,P0041,2,238.73,105.28,INR,2024-08-03 07:16:01.226584673,372.17999999999995
T005599,2024-11-06,S034,P0075,4,951.63,239.1,INR,2024-02-02 16:22:30.614113808,3567.42
T005600,2024-11-11,S017,P0068,8,1669.57,15.14,INR,2024-03-04 16:14:41.077138424,13341.42
T005601,2024-05-28,S025,P0007,4,609.06,287.51,INR,2024-11-30 01:16:35.827287197,2148.7299999999996
T005602,2024-10-05,S042,P0085,0,673.56,102.02,INR,2024-06-16 10:18:30.675896645,-102.02
T005603,2024-02-22,S006,P0071,6,1779.99,188.88,INR,2024-06-01 19:02:47.021012783,10491.060000000001
T005604,2024-01-04,S031,P0004,4,1335.01,205.64,INR,2024-10-01 02:38:30.056628942,5134.4
T005605,2024-01-08,S005,P0076,4,1615.65,41.12,INR,2024-01-17 11:53:32.587646961,6421.4800000000005
T005606,2024-08-02,S040,P0091,-1,649.49,246.86,INR,2024-11-02 21:14:40.617284298,-896.35
T005607,2024-06-15,S040,P0059,9,1993.88,171.63,INR,2024-09-01 17:00:48.204553604,17773.29
T005608,2024-07-08,S030,P0081,7,367.7,,INR,2024-02-22 21:32:02.186779261,
T005609,2024-01-03,S005,P0084,0,1927.68,255.21,INR,2024-01-24 16:44:12.002837420,-255.21
T005610,2024-06-03,S012,P0095,0,1813.99,,INR,2024-01-02 01:18:12.058853626,
T005611,2024-09-19,S007,P0026,9,1148.6,235.73,INR,2024-04-17 08:46:42.578732729,10101.67
T005612,2024-06-10,S045,P0031,3,1212.06,297.69,INR,2024-04-28 13:14:54.624474049,3338.49
T005613,2024-09-24,S013,P0099,1,1572.59,39.08,INR,2024-03-05 12:49:50.117996693,1533.51
T005614,2024-03-26,S049,P0073,1,682.89,224.88,INR,2024-04-14 18:54:36.644944906,458.01
T005615,2024-10-23,S004,P0069,-2,1102.19,227.3,INR,2024-07-24 03:27:03.939484835,-2431.6800000000003
T005616,2024-08-02,S050,P0052,3,1814.51,,INR,2024-02-11 04:38:51.053594589,
T005617,2024-03-17,S042,P0072,5,229.67,,INR,2024-03-14 09:58:41.563474655,
T005618,2024-03-27,S003,P0021,5,1820.5,260.9,INR,2024-07-24 03:02:09.437934160,8841.6
T005619,2024-08-17,S012,P0016,5,1484.68,191.96,INR,2024-09-14 03:10:59.582399845,7231.4400000000005
T005620,2024-10-29,S001,P0051,2,1562.71,20.63,INR,2024-12-05 21:55:54.438930273,3104.79
T005621,2024-05-31,S027,P0016,7,222.96,9.46,INR,2024-07-05 08:27:12.766149998,1551.26
T005622,2024-04-04,S043,P0018,3,456.74,144.45,INR,2024-02-11 07:50:39.268320560,1225.77
T005623,2024-11-12,S050,P0047,2,1858.0,,INR,2024-08-03 21:47:14.002174377,
T005624,2024-09-01,S013,P0056,1,335.7,115.27,INR,2024-12-29 07:22:58.462581158,220.43
T005625,2024-06-12,S017,P0028,9,1299.25,255.55,INR,2024-11-18 07:38:42.734671831,11437.7
T005626,2024-06-27,S008,P0082,1,1587.12,147.64,INR,2024-10-11 18:13:29.104601860,1439.48
T005627,2024-03-15,S032,P0078,1,539.44,7.89,INR,2024-09-25 03:03:41.570634842,531.5500000000001
T005628,2024-08-16,S020,P0056,1,1427.7,292.1,INR,2024-10-02 18:40:00.238331795,1135.6
T005629,2024-05-10,S999,P0037,3,224.6,146.88,INR,2024-02-03 02:36:27.179245472,526.92
T005630,2024-12-29,S017,P0016,3,1047.66,195.04,INR,2024-07-08 20:46:07.325321913,2947.9400000000005
T005631,2024-06-24,S034,P0085,2,735.42,59.79,INR,2024-09-08 16:43:11.537888765,1411.05
T005632,2024-06-26,S035,P0065,9,1326.91,89.2,INR,2024-01-27 13:02:48.824969530,11852.99
T005633,2024-07-25,S035,P0060,8,1789.11,145.29,INR,2024-11-29 21:16:39.348326921,14167.589999999998
T005634,2024-11-30,S038,P0061,8,338.43,256.86,INR,2024-02-16 14:32:37.812900782,2450.58
T005635,2024-10-19,S042,P0011,6,955.58,30.59,INR,2024-02-02 04:35:42.277169228,5702.89
T005636,2024-06-13,S024,P0075,5,904.07,,INR,2024-02-15 01:21:44.182605505,
T005637,2024-09-19,S018,P0066,7,715.21,173.81,INR,2024-06-03 11:32:41.602691650,4832.66
T005638,2024-08-01,S050,P0032,3,1012.32,149.9,INR,2024-07-17 06:13:10.887448788,2887.06
T005639,2024-06-28,S046,P0019,8,1773.38,262.98,INR,2024-02-04 13:54:48.215199232,13924.060000000001
T005640,2024-03-11,S048,P0056,6,1949.96,35.44,INR,2024-10-13 21:13:29.768680573,11664.32
T005641,2024-06-18,S039,P0005,2,105.4,297.23,INR,2024-03-14 01:24:35.012506723,-86.43
T005642,2024-03-30,S033,P0003,7,1504.16,,INR,2024-07-23 13:40:05.830187321,
T005643,2024-11-29,S049,P0028,1,1268.65,97.72,INR,2024-06-28 06:14:14.899955750,1170.93
T005644,2024-05-02,S023,P0090,3,1989.57,135.47,INR,2024-11-26 13:22:03.622246981,5833.24
T005645,2024-12-13,S025,P0087,1,270.87,7.5,INR,2024-11-22 01:20:18.854886055,263.37
T005646,2024-07-13,S037,P0094,5,1641.56,,INR,2024-03-28 00:29:24.156012058,
T005647,2024-08-18,S027,P0072,4,1874.46,164.32,INR,2024-07-15 12:36:13.701708317,7333.52
T005648,2024-07-17,S001,P0100,2,1833.02,277.97,INR,2024-12-25 16:06:18.703528166,3388.0699999999997
T005649,2024-02-17,S021,P0029,7,1165.09,116.38,INR,2024-05-01 02:58:54.854645491,8039.249999999999
T005650,2024-05-17,S049,P0077,3,722.36,171.19,INR,2024-01-27 21:20:34.153186321,1995.8899999999999
T005651,2024-02-06,S010,P0059,8,1315.82,222.19,INR,2024-09-19 01:57:51.192120790,10304.369999999999
T005652,2024-08-15,S031,P0025,4,681.54,182.55,INR,2024-07-02 15:58:40.152621746,2543.6099999999997
T005653,2024-06-12,S044,P0022,-1,883.31,46.85,INR,2024-12-08 23:11:03.022838831,-930.16
T005654,2024-10-10,S025,P0097,6,946.88,51.54,INR,2024-07-28 22:45:01.046225071,5629.74
T005655,2024-03-21,S020,P9999,4,673.71,41.5,INR,2024-07-05 16:42:31.474267960,2653.34
T005656,2024-03-01,S002,P0071,5,749.47,65.32,INR,2024-11-29 22:03:31.062023640,3682.03
T005657,2024-05-28,S048,P0023,2,113.89,98.5,INR,2024-05-18 20:09:34.093396187,129.28
T005658,2024-12-04,S015,P0070,0,664.45,221.9,INR,2024-08-06 01:37:47.931157589,-221.9
T005659,2024-09-16,S028,P0079,-1,997.38,18.28,INR,2024-11-04 16:22:56.084709406,-1015.66
T005660,2024-06-01,S013,P0079,-1,428.71,246.13,INR,2024-08-06 02:51:36.639499187,-674.8399999999999
T005661,2024-07-07,S050,P0040,0,1630.61,78.74,INR,2024-04-18 16:41:29.708602667,-78.74
T005662,2024-01-31,S014,P0098,-2,1121.51,184.03,INR,2024-07-22 18:54:07.933794975,-2427.05
T005663,2024-12-25,S050,P0014,-2,1608.37,165.83,INR,2024-06-06 16:32:43.016632794,-3382.5699999999997
T005664,2024-08-31,S002,P0029,4,343.4,46.21,INR,2024-12-25 10:05:31.155986547,1327.3899999999999
T005665,2024-04-14,S034,P0016,7,1658.97,86.19,INR,2024-01-19 14:15:25.476626635,11526.6
T005666,2024-08-01,S035,P0093,9,1920.7,,INR,2024-10-07 07:24:11.897991657,
T005667,2024-02-09,S037,P0087,8,769.66,187.15,INR,2024-01-09 18:22:26.574363470,5970.13
T005668,2024-12-18,S025,P0010,5,639.51,,INR,2024-08-08 10:17:30.969497681,
T005669,2024-03-04,S048,P0047,3,1328.98,298.89,INR,2024-06-06 07:00:16.249780178,3688.05
T005670,2024-08-24,S015,P0004,4,1308.24,28.77,INR,2024-11-28 07:29:15.806187630,5204.19
T005671,2024-03-30,S012,P0012,-2,313.69,281.6,INR,2024-07-15 20:37:19.834160566,-908.98
T005672,2024-09-18,S009,P0042,-2,1860.84,,INR,2024-10-28 23:26:29.197837591,
T005673,2024-10-10,S031,P0098,6,1010.21,107.03,INR,2024-09-02 07:57:35.532298803,5954.2300000000005
T005674,2024-09-02,S014,P0004,2,1552.39,85.37,INR,2024-06-12 04:14:13.320836067,3019.4100000000003
T005675,2024-08-12,S029,P0084,4,782.7,62.71,INR,2024-05-03 06:21:04.346523046,3068.09
T005676,2024-11-21,S048,P0092,3,596.92,167.12,INR,2024-02-12 17:14:32.284389257,1623.6399999999999
T005677,2024-01-29,S043,P0092,1,311.42,,INR,2024-01-05 22:25:36.861592293,
T005678,2024-04-30,S038,P0006,-2,621.59,54.65,INR,2024-01-01 12:13:50.834428072,-1297.8300000000002
T005679,2024-03-31,S042,P0014,1,1987.52,130.85,INR,2024-03-23 10:55:38.172065020,1856.67
T005680,2024-12-26,S008,P0035,7,1350.12,61.15,INR,2024-07-23 17:40:23.510712862,9389.69
T005681,2024-05-22,S048,P0047,7,1625.29,52.69,INR,2024-12-22 01:19:55.938363314,11324.339999999998
T005682,2024-09-24,S003,P0058,5,1921.17,,INR,2024-09-14 09:48:21.765337944,
T005683,2024-09-06,S002,P0065,9,250.08,78.59,INR,2024-01-26 19:10:53.469580650,2172.13
T005684,2024-03-18,S016,P0019,8,412.92,,INR,2024-08-23 12:00:52.294729948,
T005685,2024-03-28,S019,P0057,-2,1863.13,272.94,INR,2024-06-26 04:56:30.575099707,-3999.2000000000003
T005686,2024-04-12,S030,P0065,-1,1172.65,115.81,INR,2024-08-20 04:58:00.775120020,-1288.46
T005687,2024-05-30,S041,P0013,5,1306.21,2.62,INR,2024-08-15 11:09:39.597898245,6528.43
T005688,2024-03-26,S016,P0008,-1,912.51,216.36,INR,2024-02-22 12:57:28.526151180,-1128.87
T005689,2024-01-08,S031,P0018,8,1647.41,,INR,2024-12-01 14:27:59.910240412,
T005690,2024-11-16,S028,P0035,9,1082.76,232.24,INR,2024-07-21 09:47:02.102291346,9512.6
T005691,2024-12-18,S004,P0087,7,1669.65,171.09,INR,2024-09-12 18:40:08.397955418,11516.460000000001
T005692,2024-05-04,S010,P0026,6,1985.15,105.38,INR,2024-05-21 06:48:35.874447823,11805.520000000002
T005693,2024-05-03,S999,P0038,0,1328.78,19.97,INR,2024-02-14 15:16:24.037703991,-19.97
T005694,2024-01-03,S045,P0084,0,1104.75,259.78,INR,2024-09-09 04:32:39.157889605,-259.78
T005695,2024-09-05,S018,P0066,3,793.8,62.13,INR,2024-12-10 00:12:05.084895134,2319.2699999999995
T005696,2024-10-28,S047,P0026,0,469.92,291.4,INR,2024-07-31 02:43:14.461441278,-291.4
T005697,2024-02-23,S032,P0057,6,1347.65,73.75,INR,2024-03-13 12:08:49.182213783,8012.150000000001
T005698,2024-02-28,S030,P0100,8,219.01,248.11,INR,2024-08-15 11:41:25.474420547,1503.9699999999998
T005699,2024-10-15,S036,P0025,5,1916.95,236.62,INR,2024-06-05 13:26:32.337308168,9348.13
T005700,2024-08-12,S009,P0030,1,1330.35,138.82,INR,2024-05-25 15:34:29.830949068,1191.53
T005701,2024-01-17,S036,P0082,3,1922.79,120.51,INR,2024-11-29 10:18:06.362988710,5647.86
T005702,2024-08-15,S029,P0007,5,617.32,,INR,2024-09-26 00:50:12.441632986,
T005703,2024-04-22,S016,P0027,1,1898.38,158.57,INR,2024-07-04 16:51:22.384847641,1739.8100000000002
T005704,2024-05-14,S028,P0011,2,1263.04,189.59,INR,2024-06-01 09:18:44.412269831,2336.49
T005705,2024-10-07,S021,P9999,4,1639.5,141.06,INR,2024-03-29 16:02:48.269171715,6416.94
T005706,2024-10-22,S047,P0008,5,439.95,167.15,INR,2024-05-05 08:44:33.740524530,2032.6
T005707,2024-05-26,S002,P0011,4,1050.21,56.75,INR,2024-07-16 07:48:04.874362707,4144.09
T005708,2024-12-11,S046,P0088,5,1181.02,16.62,INR,2024-01-18 15:28:37.485467911,5888.4800000000005
T005709,2024-05-28,S035,P0030,1,846.42,106.78,INR,2024-05-10 11:51:25.729753494,739.64
T005710,2024-10-08,S028,P0094,-2,581.14,139.76,INR,2024-06-29 08:12:10.231365919,-1302.04
T005711,2024-06-25,S036,P0015,3,1819.07,271.81,INR,2024-08-10 00:39:47.569806337,5185.4
T005712,2024-11-23,S031,P0056,2,261.61,124.18,INR,2024-09-28 05:33:44.251827002,399.04
T005713,2024-11-27,S033,P0035,8,392.58,130.18,INR,2024-01-06 01:09:55.002086400,3010.46
T005714,2024-02-01,S023,P0039,1,708.97,202.45,INR,2024-04-17 14:28:50.396263838,506.52000000000004
T005715,2024-12-07,S041,P0024,-1,1847.56,62.04,INR,2024-04-05 05:59:00.611935377,-1909.6
T005716,2024-10-28,S017,P0008,-2,1172.0,,INR,2024-07-09 06:24:31.965696573,
T005717,2024-10-15,S046,P0043,6,809.03,128.29,INR,2024-06-19 02:16:26.180302620,4725.89
T005718,2024-03-14,S049,P0042,9,865.09,279.24,INR,2024-01-30 03:55:49.502391814,7506.570000000001
T005719,2024-10-20,S001,P0084,-1,1691.78,81.38,INR,2024-10-04 21:26:19.973345995,-1773.1599999999999
T005720,2024-11-06,S042,P0041,6,150.88,139.68,INR,2024-09-07 20:29:40.737621069,765.5999999999999
T005721,2024-04-15,S023,P0047,3,121.54,233.45,INR,2024-10-26 17:13:24.024714470,131.17000000000002
T005722,2024-12-13,S048,P0026,3,187.56,166.78,INR,2024-02-10 12:39:52.131679773,395.9000000000001
T005723,2024-01-19,S027,P0052,-1,991.49,198.37,INR,2024-07-03 18:35:43.422322273,-1189.8600000000001
T005724,2024-02-24,S025,P0088,3,1204.37,84.21,INR,2024-08-08 08:36:19.450832129,3528.8999999999996
T005725,2024-07-15,S032,P0022,0,1286.49,98.54,INR,2024-01-18 20:42:40.106020451,-98.54
T005726,2024-07-29,S019,P0005,4,1489.16,152.28,INR,2024-12-16 04:28:54.042201996,5804.360000000001
T005727,2024-08-23,S024,P0015,7,460.48,,INR,2024-10-16 23:14:32.771509171,
T005728,2024-01-07,S003,P0036,1,598.34,37.89,INR,2024-03-29 22:23:20.913734913,560.45
T005729,2024-12-16,S012,P9999,6,562.66,253.14,INR,2024-08-17 11:51:47.006558418,3122.82
T005730,2024-01-17,S035,P0063,2,383.43,232.46,INR,2024-02-22 07:58:43.466617346,534.4
T005731,2024-02-22,S015,P0093,9,564.35,279.62,INR,2024-11-14 17:19:21.645476580,4799.530000000001
T005732,2024-01-06,S017,P0079,7,1265.94,175.97,INR,2024-02-05 21:28:12.548246384,8685.61
T005733,2024-07-25,S050,P0091,0,796.18,126.08,INR,2024-11-25 23:52:03.353329182,-126.08
T005734,2024-12-06,S032,P0049,-2,1559.03,30.91,INR,2024-10-29 04:02:25.846604824,-3148.97
T005735,2024-08-31,S007,P0055,-2,1119.2,255.14,INR,2024-06-23 13:15:41.766412735,-2493.54
T005736,2024-10-27,S019,P0072,1,502.87,136.88,INR,2024-08-26 04:46:14.393991232,365.99
T005737,2024-01-05,S007,P0060,7,988.03,168.34,INR,2024-03-30 17:18:19.271804571,6747.87
T005738,2024-07-16,S005,P0057,7,1227.4,94.06,INR,2024-05-20 06:54:30.462317467,8497.740000000002
T005739,2024-06-16,S040,P0029,1,1745.77,157.16,INR,2024-03-20 08:48:56.097219944,1588.61
T005740,2024-07-01,S021,P0019,6,1684.06,234.53,INR,2024-07-11 13:55:48.379774094,9869.83
T005741,2024-01-27,S048,P0095,5,910.31,213.68,INR,2024-04-26 07:37:51.803081989,4337.869999999999
T005742,2024-09-06,S048,P0073,1,1330.58,296.68,INR,2024-05-08 07:33:16.783240318,1033.8999999999999
T005743,2024-07-02,S999,P0010,3,665.83,148.69,INR,2024-06-10 14:37:22.691072226,1848.8000000000002
T005744,2024-10-06,S047,P9999,4,1302.71,158.91,INR,2024-11-14 11:54:24.987339973,5051.93
T005745,2024-06-26,S007,P0010,7,1834.31,15.82,INR,2024-07-19 05:54:24.377951384,12824.35
T005746,2024-02-24,S037,P0097,5,1286.63,116.81,INR,2024-10-21 09:46:52.877137423,6316.34
T005747,2024-08-24,S023,P0089,1,677.17,276.63,INR,2024-11-05 17:18:57.558342934,400.53999999999996
T005748,2024-03-03,S011,P0057,-2,1323.57,105.14,INR,2024-03-30 13:57:09.398947716,-2752.2799999999997
T005749,2024-11-14,S010,P0054,2,1815.23,229.83,INR,2024-10-10 20:33:37.130282878,3400.63
T005750,2024-08-11,S021,P0056,-2,360.39,293.28,INR,2024-08-24 18:16:51.970694780,-1014.06
T005751,2024-02-27,S041,P0068,8,1016.65,38.05,INR,2024-07-04 04:52:15.800737143,8095.15
T005752,2024-12-17,S033,P0069,8,710.0,100.2,INR,2024-02-02 08:43:20.810506105,5579.8
T005753,2024-07-08,S020,P0087,1,558.79,142.31,INR,2024-07-27 21:41:02.779519081,416.47999999999996
T005754,2024-01-27,S033,P0055,4,852.8,71.21,INR,2024-02-26 17:08:13.892262697,3339.99
T005755,2024-08-16,S040,P0069,4,848.54,3.73,INR,2024-10-24 22:23:47.577085733,3390.43
T005756,2024-04-02,S035,P0072,-2,499.82,140.58,INR,2024-12-07 03:17:13.419963837,-1140.22
T005757,2024-10-20,S034,P0081,6,866.89,160.98,INR,2024-06-23 12:13:22.979878426,5040.360000000001
T005758,2024-10-25,S036,P0001,-1,1304.09,,INR,2024-06-09 19:01:05.071203232,
T005759,2024-12-23,S027,P0012,2,148.89,248.16,INR,2024-06-27 09:43:58.346142530,49.619999999999976
T005760,2024-07-02,S019,P0035,3,1979.53,75.91,INR,2024-01-25 12:30:54.479099512,5862.68
T005761,2024-06-15,S043,P0078,-2,662.29,18.31,INR,2024-03-27 11:57:30.380733490,-1342.8899999999999
T005762,2024-10-02,S005,P0082,9,1284.93,26.95,INR,2024-12-09 07:45:03.927096844,11537.42
T005763,2024-02-18,S029,P0074,-1,638.74,,INR,2024-05-05 22:51:06.278143644,
T005764,2024-07-18,S010,P0079,4,847.72,276.67,INR,2024-08-03 20:17:37.361737967,3114.21
T005765,2024-07-18,S040,P0033,3,1143.55,294.66,INR,2024-08-24 22:28:53.981420994,3135.99
T005766,2024-02-02,S013,P0083,3,1262.52,61.52,INR,2024-11-16 03:53:12.008088827,3726.04
T005767,2024-06-01,S029,P0098,3,1563.87,45.59,INR,2024-03-27 22:26:32.263491154,4646.0199999999995
T005768,2024-11-07,S005,P0025,4,1604.2,106.04,INR,2024-11-20 21:32:22.661308050,6310.76
T005769,2024-11-08,S012,P0016,7,1085.54,139.17,INR,2024-05-22 22:54:24.262580395,7459.61
T005770,2024-02-06,S013,P0008,9,243.88,242.42,INR,2024-12-02 10:46:01.277692795,1952.5
T005771,2024-02-03,S022,P0035,9,1159.79,232.38,INR,2024-05-30 03:08:42.475491762,10205.730000000001
T005772,2024-04-05,S040,P0085,6,1007.4,276.8,INR,2024-02-07 22:41:22.002016544,5767.599999999999
T005773,2024-11-15,S015,P0083,6,509.23,257.43,INR,2024-01-20 00:35:48.091252565,2797.9500000000003
T005774,2024-02-17,S013,P0046,-1,119.31,131.64,INR,2024-12-19 01:26:33.963891506,-250.95
T005775,2024-09-19,S001,P0011,-1,700.34,5.71,INR,2024-02-14 06:54:17.417346478,-706.0500000000001
T005776,2024-02-06,S038,P0061,2,593.03,70.98,INR,2024-07-16 12:50:19.129659653,1115.08
T005777,2024-08-15,S043,P0044,7,1017.53,183.02,INR,2024-07-11 08:20:25.374961376,6939.69
T005778,2024-05-09,S045,P0011,4,1547.04,,INR,2024-05-26 11:53:21.813508272,
T005779,2024-10-14,S001,P0011,9,934.18,72.05,INR,2024-06-01 13:57:02.814998150,8335.57
T005780,2024-03-26,S011,P0022,9,1907.98,39.48,INR,2024-06-22 15:16:23.811356544,17132.34
T005781,2024-08-21,S043,P0085,0,520.5,64.8,INR,2024-02-06 07:55:12.497179508,-64.8
T005782,2024-03-27,S040,P0091,0,519.81,77.92,INR,2024-10-15 16:20:38.881832123,-77.92
T005783,2024-09-17,S022,P0082,1,1248.45,260.19,INR,2024-05-17 15:04:43.649390459,988.26
T005784,2024-11-14,S035,P0062,0,1802.9,213.08,INR,2024-03-30 06:10:00.390299559,-213.08
T005785,2024-02-16,S999,P0048,0,1376.53,165.7,INR,2024-04-26 04:01:17.924530506,-165.7
T005786,2024-11-12,S044,P0094,5,1379.99,6.28,INR,2024-08-11 07:58:45.981287241,6893.67
T005787,2024-08-04,S006,P0063,4,1631.94,246.36,INR,2024-10-09 21:55:13.821182251,6281.400000000001
T005788,2024-02-16,S028,P0051,4,1370.49,165.74,INR,2024-02-25 23:57:23.569724321,5316.22
T005789,2024-06-05,S031,P0045,7,1542.76,188.2,INR,2024-08-04 06:54:09.323261261,10611.119999999999
T005790,2024-02-28,S008,P0033,-1,1745.64,19.69,INR,2024-06-03 04:19:54.201282978,-1765.3300000000002
T005791,2024-09-12,S005,P0085,8,115.03,244.46,INR,2024-11-10 14:52:31.437822104,675.78
T005792,2024-10-03,S042,P0060,6,1782.68,249.61,INR,2024-12-12 11:51:35.812400341,10446.47
T005793,2024-02-08,S048,P0002,3,509.0,265.0,INR,2024-09-04 16:01:52.566477060,1262.0
T005794,2024-07-03,S044,P0013,0,1833.0,158.43,INR,2024-08-03 06:41:34.962905169,-158.43
T005795,2024-10-24,S017,P0066,6,605.75,118.21,INR,2024-10-11 19:54:50.037231922,3516.29
T005796,2024-12-07,S038,P0057,6,964.95,21.91,INR,2024-06-29 23:15:39.463840961,5767.790000000001
T005797,2024-07-06,S009,P0043,3,1874.38,,INR,2024-01-21 05:03:42.487138033,
T005798,2024-12-12,S010,P0045,7,308.52,67.67,INR,2024-09-12 21:35:58.722500801,2091.97
T005799,2024-07-14,S020,P0031,3,1516.04,18.81,INR,2024-07-30 20:10:08.174019575,4529.3099999999995
T005800,2024-05-23,S014,P0010,5,845.65,46.31,INR,2024-02-25 06:35:41.514990091,4181.94
T005801,2024-11-05,S014,P0023,5,145.79,266.04,INR,2024-03-18 17:35:27.179550648,462.9099999999999
T005802,2024-06-28,S026,P0086,3,1884.35,163.62,INR,2024-03-25 04:43:35.850726366,5489.429999999999
T005803,2024-06-21,S029,P0029,4,323.87,229.35,INR,2024-09-24 07:54:31.184696913,1066.13
T005804,2024-06-27,S049,P0097,1,1570.87,82.51,INR,2024-07-08 04:56:18.573186398,1488.36
T005805,2024-11-05,S027,P0031,-2,830.11,40.38,INR,2024-01-18 11:33:16.270013094,-1700.6000000000001
T005806,2024-10-30,S025,P0078,1,1640.11,111.98,INR,2024-11-01 20:34:25.685203791,1528.1299999999999
T005807,2024-05-27,S016,P0074,5,1525.55,,INR,2024-08-23 09:54:21.313871622,
T005808,2024-05-01,S036,P0018,9,1303.12,89.2,INR,2024-09-24 14:23:43.878788948,11638.879999999997
T005809,2024-06-28,S034,P0011,5,1884.52,61.36,INR,2024-12-08 03:56:47.015727281,9361.24
T005810,2024-07-28,S016,P0047,-1,287.95,6.72,INR,2024-04-04 23:04:06.395543098,-294.67
T005811,2024-03-27,S033,P0003,4,1617.3,187.2,INR,2024-08-03 04:58:10.084040880,6282.0
T005812,2024-10-16,S003,P0002,-2,1374.49,130.75,INR,2024-10-04 10:54:01.241773605,-2879.73
T005813,2024-06-26,S023,P0054,-1,697.97,77.63,INR,2024-07-06 04:03:20.676398754,-775.6
T005814,2024-05-01,S011,P0072,5,1137.35,155.93,INR,2024-06-26 09:58:17.752333164,5530.82
T005815,2024-02-08,S048,P0031,8,1324.79,210.19,INR,2024-12-04 23:37:25.844416142,10388.13
T005816,2024-03-28,S018,P0008,7,1498.92,74.24,INR,2024-03-29 21:57:46.854591131,10418.2
T005817,2024-12-12,S047,P0043,1,455.41,182.63,INR,2024-08-26 07:16:10.282327890,272.78000000000003
T005818,2024-04-21,S041,P0048,0,294.02,78.05,INR,2024-12-20 03:43:30.264757872,-78.05
T005819,2024-03-02,S044,P0002,-1,293.91,296.0,INR,2024-03-21 07:05:15.409426451,-589.9100000000001
T005820,2024-06-17,S029,P0022,8,658.35,219.72,INR,2024-06-17 18:43:38.119642019,5047.08
T005821,2024-04-22,S050,P0005,3,392.93,180.8,INR,2024-12-22 00:49:50.442588806,997.99
T005822,2024-01-13,S005,P0007,1,1117.72,51.7,INR,2024-01-14 02:04:56.153252363,1066.02
T005823,2024-04-27,S024,P0020,0,930.38,175.92,INR,2024-08-17 21:31:34.078328848,-175.92
T005824,2024-07-17,S029,P0092,0,1796.83,240.14,INR,2024-05-27 15:46:57.713970661,-240.14
T005825,2024-07-20,S029,P0077,7,1463.06,221.13,INR,2024-10-08 10:45:59.639363766,10020.29
T005826,2024-05-10,S026,P0002,0,491.04,233.41,INR,2024-04-27 23:35:17.456837893,-233.41
T005827,2024-06-12,S040,P0032,9,186.88,95.34,INR,2024-05-16 02:27:29.685088634,1586.5800000000002
T005828,2024-12-18,S003,P0090,5,1447.4,98.48,INR,2024-07-07 04:58:43.021560907,7138.52
T005829,2024-05-17,S002,P0003,6,1707.07,161.67,INR,2024-05-06 05:55:38.428883314,10080.75
T005830,2024-04-04,S025,P0041,6,1431.89,83.6,INR,2024-04-04 17:52:15.061625719,8507.74
T005831,2024-03-29,S019,P0042,2,1323.21,33.9,INR,2024-05-09 16:43:25.754438877,2612.52
T005832,2024-06-16,S040,P0077,-2,573.7,138.34,INR,2024-11-27 09:39:02.516813517,-1285.74
T005833,2024-10-04,S002,P0085,7,1039.75,0.58,INR,2024-05-05 01:50:09.799159527,7277.67
T005834,2024-03-16,S019,P0045,2,1477.43,228.23,INR,2024-11-24 07:01:39.145459652,2726.63
T005835,2024-09-15,S001,P9999,-2,467.41,224.91,INR,2024-03-15 19:58:20.306187153,-1159.73
T005836,2024-01-08,S027,P0087,6,1005.43,165.57,INR,2024-09-02 08:18:13.351835489,5867.01
T005837,2024-06-01,S045,P0071,7,322.35,224.29,INR,2024-09-28 21:52:14.141649723,2032.1600000000003
T005838,2024-10-10,S049,P0017,5,1108.37,187.36,INR,2024-02-10 15:33:52.795325756,5354.49
T005839,2024-05-03,S035,P0092,4,1189.72,209.24,INR,2024-07-17 13:19:05.854704618,4549.64
T005840,2024-07-24,S041,P0047,-1,1117.23,19.4,INR,2024-01-05 18:38:19.058457851,-1136.63
T005841,2024-03-15,S005,P0094,-1,991.98,264.38,INR,2024-12-04 19:15:37.999588490,-1256.3600000000001
T005842,2024-09-27,S038,P0069,1,1216.16,193.18,INR,2024-07-10 08:32:09.759615183,1022.98
T005843,2024-01-20,S004,P0024,6,1993.92,,INR,2024-01-14 10:04:12.336962223,
T005844,2024-11-07,S017,P0071,6,1282.82,,INR,2024-09-06 09:01:57.828411341,
T005845,2024-03-13,S021,P0034,5,1529.88,8.44,INR,2024-11-19 06:47:53.950397968,7640.960000000001
T005846,2024-11-15,S048,P0050,8,465.03,,INR,2024-09-26 04:41:07.591072798,
T005847,2024-05-08,S031,P0042,2,1107.04,295.7,INR,2024-02-18 19:34:37.111715317,1918.3799999999999
T005848,2024-09-20,S048,P0033,4,114.26,242.34,INR,2024-07-16 01:25:01.526281833,214.70000000000002
T005849,2024-04-26,S022,P0027,9,159.77,,INR,2024-09-24 13:56:35.569119692,
T005850,2024-11-26,S011,P0078,6,712.71,36.29,INR,2024-10-19 04:59:37.467051744,4239.97
T005851,2024-02-16,S034,P0059,0,986.54,38.6,INR,2024-01-06 20:10:39.492291212,-38.6
T005852,2024-03-06,S049,P0019,1,1193.71,263.88,INR,2024-04-13 13:33:27.603229284,929.83
T005853,2024-06-28,S015,P0076,-1,1787.21,17.25,INR,2024-11-18 21:28:45.419167042,-1804.46
T005854,2024-01-30,S050,P0003,6,1566.34,27.96,INR,2024-04-04 07:51:47.177334785,9370.08
T005855,2024-03-12,S010,P0071,4,669.96,245.05,INR,2024-06-21 11:22:53.215371609,2434.79
T005856,2024-12-10,S038,P0099,3,1512.62,167.09,INR,2024-09-11 06:47:14.048964500,4370.7699999999995
T005857,2024-12-22,S032,P0025,2,1143.84,117.52,INR,2024-12-25 17:50:41.775462389,2170.16
T005858,2024-05-17,S048,P0015,9,1580.44,166.03,INR,2024-06-04 10:32:12.779528856,14057.93
T005859,2024-12-02,S031,P0083,4,880.99,263.62,INR,2024-07-02 20:11:22.902127028,3260.34
T005860,2024-07-17,S037,P0060,0,274.6,227.14,INR,2024-07-22 21:35:42.146645069,-227.14
T005861,2024-04-08,S044,P0083,2,1275.13,207.48,INR,2024-03-26 11:17:19.716384649,2342.78
T005862,2024-09-13,S028,P0023,-1,1158.37,293.07,INR,2024-05-14 13:37:20.547373056,-1451.4399999999998
T005863,2024-08-28,S031,P0011,2,1911.85,,INR,2024-06-07 13:55:28.875596762,
T005864,2024-12-27,S006,P0059,4,408.05,1.9,INR,2024-01-08 01:16:22.907088995,1630.3
T005865,2024-04-06,S014,P0085,8,1346.65,128.71,INR,2024-01-03 18:42:11.138751507,10644.490000000002
T005866,2024-09-02,S023,P0034,7,1000.74,28.97,INR,2024-03-22 20:56:36.840079069,6976.21
T005867,2024-01-19,S016,P0007,8,819.95,34.94,INR,2024-07-05 23:04:37.918851852,6524.660000000001
T005868,2024-02-11,S025,P0044,4,1609.68,76.47,INR,2024-12-14 19:51:30.356792688,6362.25
T005869,2024-01-02,S039,P0091,6,1640.24,114.41,INR,2024-12-21 00:00:52.125639914,9727.03
T005870,2024-12-30,S002,P0064,0,1457.74,144.48,INR,2024-08-24 05:20:11.867520332,-144.48
T005871,2024-10-19,S038,P0023,5,258.84,50.95,INR,2024-10-28 20:36:06.055548191,1243.2499999999998
T005872,2024-10-14,S041,P0058,2,755.71,93.52,INR,2024-11-24 18:07:35.772079468,1417.9
T005873,2024-07-05,S039,P0020,4,188.83,82.96,INR,2024-11-02 06:50:56.888595343,672.36
T005874,2024-04-19,S034,P0027,-2,752.99,109.57,INR,2024-07-17 10:52:32.836483717,-1615.55
T005875,2024-02-25,S999,P0060,-2,1331.04,32.4,INR,2024-09-14 00:33:38.289376259,-2694.48
T005876,2024-04-13,S040,P0008,1,1085.54,119.2,INR,2024-01-02 07:53:50.163040876,966.3399999999999
T005877,2024-05-17,S043,P9999,2,1435.58,166.31,INR,2024-08-24 13:06:11.253908872,2704.85
T005878,2024-10-03,S025,P0067,7,1147.78,29.08,INR,2024-06-04 10:33:59.073453188,8005.38
T005879,2024-07-15,S036,P0002,0,1156.05,156.23,INR,2024-08-23 07:40:44.416166544,-156.23
T005880,2024-01-29,S016,P0022,3,1070.83,226.77,INR,2024-09-10 11:00:43.916251659,2985.72
T005881,2024-01-07,S018,P0070,0,792.22,2.47,INR,2024-02-05 17:34:03.954324245,-2.47
T005882,2024-02-07,S013,P0036,2,948.47,14.26,INR,2024-11-15 04:58:59.386430502,1882.68
T005883,2024-05-29,S037,P0024,8,313.63,139.94,INR,2024-03-05 03:24:37.964197874,2369.1
T005884,2024-12-06,S027,P0012,-2,1685.57,261.83,INR,2024-01-04 19:37:57.005928040,-3632.97
T005885,2024-08-20,S034,P0081,0,1789.5,299.34,INR,2024-06-05 20:14:02.239944935,-299.34
T005886,2024-10-19,S011,P0022,4,1555.91,28.02,INR,2024-02-02 17:28:22.231131554,6195.62
T005887,2024-06-19,S001,P0083,0,1208.81,5.5,INR,2024-12-14 22:21:39.963509321,-5.5
T005888,2024-05-12,S013,P0073,2,1181.44,68.63,INR,2024-04-13 14:11:40.133940697,2294.25
T005889,2024-02-09,S030,P0076,4,993.61,140.24,INR,2024-03-22 14:43:56.838589907,3834.2
T005890,2024-11-15,S005,P0096,-1,539.56,171.54,INR,2024-04-05 15:01:47.703292131,-711.0999999999999
T005891,2024-10-12,S018,P0095,0,829.23,292.05,INR,2024-04-13 10:11:58.622796535,-292.05
T005892,2024-03-02,S014,P0081,1,1980.82,266.54,INR,2024-01-23 20:08:34.721261978,1714.28
T005893,2024-07-05,S013,P0023,2,377.03,168.63,INR,2024-07-16 02:27:27.676947117,585.43
T005894,2024-06-26,S032,P0074,9,1131.1,108.51,INR,2024-01-07 13:43:32.225171804,10071.39
T005895,2024-08-16,S007,P0063,6,1746.4,96.39,INR,2024-09-29 13:42:28.284027338,10382.010000000002
T005896,2024-12-11,S008,P0030,6,960.7,,INR,2024-10-07 05:19:02.462198019,
T005897,2024-07-30,S050,P0019,1,1250.66,216.41,INR,2024-05-25 21:21:12.679742575,1034.25
T005898,2024-07-16,S007,P0026,6,1672.81,144.5,INR,2024-12-20 08:22:27.681273937,9892.36
T005899,2024-01-19,S049,P0090,1,1140.37,91.32,INR,2024-10-12 08:30:40.779085398,1049.05
T005900,2024-01-23,S016,P0011,-1,1489.79,,INR,2024-02-14 22:03:14.287687302,
T005901,2024-03-09,S043,P0020,7,759.82,167.38,INR,2024-12-23 15:28:14.577275753,5151.360000000001
T005902,2024-01-12,S031,P0056,-2,1492.74,128.21,INR,2024-11-04 11:16:11.814517498,-3113.69
T005903,2024-09-28,S999,P0045,4,177.94,224.51,INR,2024-09-13 22:57:27.460472107,487.25
T005904,2024-09-21,S027,P0068,1,390.51,84.67,INR,2024-08-26 12:12:57.675272226,305.84
T005905,2024-02-19,S033,P0047,9,1310.86,,INR,2024-08-08 17:36:37.559774399,
T005906,2024-11-01,S029,P0076,5,953.01,282.1,INR,2024-12-27 10:22:46.418940544,4482.95
T005907,2024-02-26,S008,P0089,5,1673.86,216.85,INR,2024-06-23 15:35:36.077277660,8152.449999999999
T005908,2024-04-19,S033,P0058,9,749.75,116.39,INR,2024-03-01 12:39:12.217214584,6631.36
T005909,2024-03-31,S041,P0010,5,1557.7,,INR,2024-04-17 11:27:28.133624791,
T005910,2024-05-15,S019,P0022,3,364.31,,INR,2024-05-16 22:53:48.461859941,
T005911,2024-04-02,S021,P0071,6,1867.28,33.76,INR,2024-04-25 11:55:52.390731335,11169.92
T005912,2024-06-27,S041,P0024,1,895.03,100.48,INR,2024-01-12 01:53:07.234870195,794.55
T005913,2024-05-28,S021,P0066,2,538.71,258.13,INR,2024-01-27 21:50:58.765646696,819.2900000000001
T005914,2024-12-26,S025,P0096,1,1599.39,138.36,INR,2024-01-02 19:10:18.152512550,1461.0300000000002
T005915,2024-01-21,S042,P0085,2,1900.98,175.39,INR,2024-09-04 21:01:12.964813709,3626.57
T005916,2024-02-21,S023,P0061,-1,1844.36,54.43,INR,2024-08-30 13:03:24.033421754,-1898.79
T005917,2024-01-20,S011,P0007,2,552.08,106.87,INR,2024-01-25 20:48:38.812635899,997.2900000000001
T005918,2024-08-16,S033,P0072,7,1376.81,278.76,INR,2024-04-25 01:00:56.286434889,9358.91
T005919,2024-01-20,S020,P0038,5,1139.03,94.27,INR,2024-04-13 07:11:13.732601404,5600.879999999999
T005920,2024-11-01,S025,P0021,6,1477.7,75.17,INR,2024-06-14 13:34:36.738946438,8791.03
T005921,2024-07-05,S026,P0008,4,1025.17,16.77,INR,2024-05-10 22:11:00.350307465,4083.9100000000003
T005922,2024-07-11,S040,P0089,4,992.55,29.17,INR,2024-10-26 11:41:08.655784130,3941.0299999999997
T005923,2024-07-23,S012,P0028,3,1777.14,175.44,INR,2024-11-18 04:16:49.514773846,5155.9800000000005
T005924,2024-03-03,S032,P0092,-1,1755.39,198.01,INR,2024-03-16 04:55:08.650688648,-1953.4
T005925,2024-03-13,S033,P0054,7,1596.43,192.47,INR,2024-02-14 03:56:32.193937063,10982.54
T005926,2024-04-26,S010,P0031,9,1439.3,161.95,INR,2024-11-02 08:19:01.674393654,12791.749999999998
T005927,2024-08-04,S004,P0100,8,1388.9,147.29,INR,2024-07-02 01:06:12.061386585,10963.91
T005928,2024-03-17,S015,P0089,7,206.75,21.64,INR,2024-04-28 09:30:41.332202196,1425.61
T005929,2024-02-12,S999,P0041,6,1524.12,,INR,2024-01-19 18:11:53.470083237,
T005930,2024-12-20,S006,P0037,2,1312.4,153.92,INR,2024-08-09 05:39:08.990051985,2470.88
T005931,2024-01-09,S027,P0038,3,674.58,39.57,INR,2024-03-16 19:40:43.581655741,1984.1700000000003
T005932,2024-10-19,S005,P0051,-2,1658.19,40.75,INR,2024-01-14 18:08:08.982061625,-3357.13
T005933,2024-10-14,S005,P0076,2,1681.65,153.89,INR,2024-06-11 08:31:32.119936228,3209.4100000000003
T005934,2024-04-18,S018,P0037,3,1871.16,73.37,INR,2024-08-05 22:55:28.213582039,5540.110000000001
T005935,2024-02-19,S028,P9999,7,894.88,276.59,INR,2024-03-03 13:15:42.783382177,5987.57
T005936,2024-02-23,S035,P0031,8,1147.37,149.68,INR,2024-08-25 18:43:46.955667257,9029.279999999999
T005937,2024-09-11,S022,P0062,-1,1821.31,,INR,2024-03-09 22:39:28.194582462,
T005938,2024-08-22,S034,P0018,4,701.92,220.25,INR,2024-01-08 13:40:52.793076515,2587.43
T005939,2024-10-12,S004,P0090,1,1613.62,243.21,INR,2024-02-24 08:38:52.548862457,1370.4099999999999
T005940,2024-12-08,S018,P0006,2,1984.74,116.66,INR,2024-08-02 06:04:33.348136187,3852.82
T005941,2024-09-09,S041,P0009,0,1338.68,40.21,INR,2024-08-19 21:18:41.212931871,-40.21
T005942,2024-02-26,S999,P0011,2,1969.04,206.91,INR,2024-11-11 15:34:32.889285088,3731.17
T005943,2024-03-29,S026,P0095,9,1080.04,122.12,INR,2024-01-23 18:33:28.537867308,9598.24
T005944,2024-11-03,S042,P0002,1,390.8,284.66,INR,2024-12-13 19:54:34.575370550,106.13999999999999
T005945,2024-03-17,S022,P0029,9,433.63,58.09,INR,2024-07-09 12:03:13.309663296,3844.58
T005946,2024-01-27,S047,P0051,7,1489.61,187.95,INR,2024-03-30 15:21:07.598548174,10239.319999999998
T005947,2024-09-13,S033,P0069,3,101.73,259.82,INR,2024-05-13 09:02:11.693522930,45.370000000000005
T005948,2024-05-26,S043,P0023,-1,1357.59,120.85,INR,2024-01-21 07:44:00.489698887,-1478.4399999999998
T005949,2024-12-01,S014,P0100,0,387.42,286.1,INR,2024-02-10 04:24:08.456760645,-286.1
T005950,2024-08-25,S031,P0007,9,1970.3,22.98,INR,2024-11-18 01:50:11.949774265,17709.72
T005951,2024-02-03,S010,P0056,7,409.94,176.08,INR,2024-02-08 15:45:15.899054766,2693.5
T005952,2024-12-11,S999,P0077,-2,1149.68,233.22,INR,2024-01-21 09:09:17.300466061,-2532.58
T005953,2024-04-04,S024,P0062,4,1371.95,60.54,INR,2024-08-06 08:49:35.912332535,5427.26
T005954,2024-05-03,S021,P0074,6,1657.04,17.36,INR,2024-05-19 16:45:21.213075638,9924.88
T005955,2024-05-26,S048,P0100,-1,972.6,23.97,INR,2024-05-28 03:56:27.041760206,-996.57
T005956,2024-01-19,S008,P0080,4,1874.22,95.77,INR,2024-02-13 21:35:34.751627445,7401.11
T005957,2024-06-30,S032,P0015,0,1012.47,66.95,INR,2024-01-17 02:55:18.449227095,-66.95
T005958,2024-02-15,S031,P0053,2,578.91,67.17,INR,2024-11-11 23:47:19.154411554,1090.6499999999999
T005959,2024-05-26,S034,P0043,3,1226.77,137.56,INR,2024-05-22 04:21:14.504356384,3542.75
T005960,2024-05-08,S023,P0083,5,1350.21,25.48,INR,2024-02-10 04:32:20.609482765,6725.570000000001
T005961,2024-10-09,S025,P0085,1,1064.04,298.65,INR,2024-03-14 02:13:51.913885355,765.39
T005962,2024-10-20,S007,P0035,-1,1493.05,,INR,2024-02-07 13:29:08.943059683,
T005963,2024-02-25,S019,P0079,0,899.29,9.09,INR,2024-06-23 12:04:49.351717710,-9.09
T005964,2024-05-13,S007,P0014,5,108.24,207.57,INR,2024-10-20 06:42:04.239371538,333.62999999999994
T005965,2024-05-16,S047,P0093,4,602.62,237.55,INR,2024-05-23 14:56:33.541434288,2172.93
T005966,2024-02-25,S008,P0069,3,1897.22,57.23,INR,2024-08-14 06:17:15.203269720,5634.43
T005967,2024-10-18,S014,P0049,2,1550.12,252.08,INR,2024-09-03 12:54:21.772293329,2848.16
T005968,2024-09-15,S001,P0018,8,460.11,183.53,INR,2024-09-16 21:46:25.705793142,3497.35
T005969,2024-03-10,S013,P0051,2,226.64,246.26,INR,2024-08-09 00:27:00.995906115,207.01999999999998
T005970,2024-05-13,S003,P0001,-2,766.51,215.01,INR,2024-07-21 05:48:39.152917624,-1748.03
T005971,2024-02-08,S028,P0027,3,1688.97,211.39,INR,2024-06-23 14:39:07.070062399,4855.5199999999995
T005972,2024-08-17,S038,P0064,6,301.36,47.47,INR,2024-06-21 20:46:42.374157190,1760.69
T005973,2024-02-14,S999,P0060,5,1132.37,94.74,INR,2024-05-01 12:29:07.138009071,5567.11
T005974,2024-12-25,S015,P0091,9,622.5,,INR,2024-07-03 03:47:12.493627548,
T005975,2024-10-11,S036,P0089,7,1479.88,33.76,INR,2024-06-23 20:32:30.758295298,10325.4
T005976,2024-05-22,S003,P0041,-2,100.78,143.55,INR,2024-04-26 14:10:32.762068748,-345.11
T005977,2024-07-30,S004,P0021,8,626.63,133.6,INR,2024-04-19 22:03:26.168371201,4879.44
T005978,2024-11-28,S005,P0014,3,1390.58,69.58,INR,2024-06-11 19:33:37.800480604,4102.16
T005979,2024-07-21,S050,P0020,0,1138.83,59.92,INR,2024-10-20 02:42:34.063160418,-59.92
T005980,2024-03-04,S026,P0092,3,1579.84,74.21,INR,2024-03-31 09:53:40.814834118,4665.3099999999995
T005981,2024-05-18,S025,P0085,6,399.58,181.53,INR,2024-11-04 13:39:37.593494892,2215.95
T005982,2024-11-03,S010,P0087,3,1108.85,124.49,INR,2024-09-21 05:53:40.872375965,3202.06
T005983,2024-08-23,S008,P0011,5,471.96,,INR,2024-04-05 14:10:26.499920845,
T005984,2024-08-25,S012,P0066,3,1314.52,54.52,INR,2024-01-06 01:06:56.770552874,3889.04
T005985,2024-11-12,S003,P0084,3,349.55,236.21,INR,2024-01-29 00:56:35.029252529,812.44
T005986,2024-11-22,S027,P0024,4,382.52,210.11,INR,2024-11-18 05:56:50.478378773,1319.9699999999998
T005987,2024-12-01,S050,P0089,8,723.59,128.72,INR,2024-10-21 12:40:54.500608444,5660.0
T005988,2024-02-04,S023,P0037,7,863.62,42.66,INR,2024-05-18 13:05:33.951363564,6002.68
T005989,2024-07-17,S040,P0086,8,1047.26,214.41,INR,2024-01-23 12:31:49.073020458,8163.67
T005990,2024-09-27,S033,P0024,1,1203.34,269.65,INR,2024-10-23 01:31:02.118509293,933.6899999999999
T005991,2024-10-03,S014,P0015,5,990.75,,INR,2024-04-03 03:55:12.214674950,
T005992,2024-08-09,S023,P0012,1,186.71,180.8,INR,2024-12-13 21:18:43.803777218,5.909999999999997
T005993,2024-03-01,S031,P0095,4,752.57,,INR,2024-07-09 20:35:05.400965929,
T005994,2024-10-18,S013,P0064,-2,216.63,26.3,INR,2024-09-18 00:57:42.400580168,-459.56
T005995,2024-09-19,S012,P0031,9,324.36,217.75,INR,2024-06-17 13:31:49.206104994,2701.4900000000002
T005996,2024-02-01,S035,P0053,6,276.36,21.34,INR,2024-01-11 02:31:52.255245686,1636.8200000000002
T005997,2024-06-18,S018,P0094,7,400.38,210.67,INR,2024-01-24 01:22:52.299398184,2591.99
T005998,2024-03-04,S021,P0084,6,1644.55,84.35,INR,2024-12-22 05:36:17.946547031,9782.949999999999
T005999,2024-05-03,S045,P0072,4,1292.39,169.7,INR,2024-05-30 11:15:30.308463573,4999.860000000001
T006000,2024-01-07,S047,P0044,5,1062.88,,INR,2024-03-07 20:36:21.495494127,
T006001,2024-05-26,S042,P0030,-1,1491.29,,INR,2024-09-19 21:47:17.130280733,
T006002,2024-07-19,S001,P0035,7,1926.33,31.23,INR,2024-11-18 00:00:09.444906473,13453.08
T006003,2024-08-14,S038,P0021,9,893.58,140.19,INR,2024-04-07 10:46:26.554759264,7902.030000000001
T006004,2024-08-30,S041,P0063,7,798.08,63.99,INR,2024-07-27 11:02:50.686218500,5522.570000000001
T006005,2024-11-01,S042,P0092,4,1957.77,56.38,INR,2024-03-30 13:35:24.851441860,7774.7
T006006,2024-03-19,S047,P0017,-2,1565.53,32.15,INR,2024-10-27 05:33:21.765971184,-3163.21
T006007,2024-02-13,S009,P0012,0,1576.51,229.63,INR,2024-02-01 16:21:47.024714708,-229.63
T006008,2024-11-06,S023,P0018,3,1239.89,191.86,INR,2024-05-15 23:19:22.026400805,3527.81
T006009,2024-02-27,S014,P0092,2,1063.32,47.07,INR,2024-05-18 15:53:18.670276642,2079.5699999999997
T006010,2024-12-21,S011,P0060,2,1146.12,,INR,2024-08-20 11:27:29.179087639,
T006011,2024-11-03,S007,P0067,6,1338.96,198.27,INR,2024-03-06 01:07:04.203386784,7835.49
T006012,2024-07-01,S031,P0015,3,815.99,263.42,INR,2024-06-22 09:03:35.760928631,2184.55
T006013,2024-12-24,S024,P0016,0,1586.36,17.87,INR,2024-07-20 11:55:16.418603659,-17.87
T006014,2024-02-05,S026,P0022,-1,1827.52,108.71,INR,2024-11-21 04:06:52.870032072,-1936.23
T006015,2024-04-20,S030,P0095,6,1185.44,,INR,2024-07-11 05:28:27.738979101,
T006016,2024-08-20,S034,P0063,7,824.8,4.69,INR,2024-02-18 03:38:48.810776711,5768.91
T006017,2024-05-07,S046,P0031,1,1421.62,73.06,INR,2024-02-06 23:41:28.804650545,1348.56
T006018,2024-12-04,S038,P0001,8,446.11,223.47,INR,2024-12-03 07:26:45.774039507,3345.4100000000003
T006019,2024-01-24,S005,P0075,2,1940.29,106.72,INR,2024-12-23 13:53:49.206614733,3773.86
T006020,2024-07-19,S005,P0006,6,1350.18,25.35,INR,2024-03-01 23:11:55.482064486,8075.73
T006021,2024-08-03,S019,P0087,2,228.38,187.98,INR,2024-10-01 05:51:43.929744720,268.78
T006022,2024-08-26,S999,P0009,4,1106.53,,INR,2024-04-01 12:15:50.653234959,
T006023,2024-04-03,S038,P0052,-1,1525.65,210.5,INR,2024-10-31 00:20:34.832298994,-1736.15
T006024,2024-05-13,S028,P0080,-1,627.91,270.05,INR,2024-02-05 06:16:53.025176764,-897.96
T006025,2024-11-03,S026,P0062,1,196.88,158.36,INR,2024-06-08 13:10:43.460828543,38.51999999999998
T006026,2024-03-12,S042,P0058,5,1029.41,179.74,INR,2024-08-05 13:34:35.650385380,4967.31
T006027,2024-10-28,S023,P0019,-1,1683.89,,INR,2024-11-07 03:54:55.778976917,
T006028,2024-07-24,S046,P0013,7,577.92,245.23,INR,2024-11-08 16:55:31.066890240,3800.2099999999996
T006029,2024-10-05,S049,P0032,4,1462.32,72.51,INR,2024-03-08 06:25:12.270204067,5776.7699999999995
T006030,2024-09-17,S030,P0100,-2,874.8,120.46,INR,2024-12-18 23:57:32.446567774,-1870.06
T006031,2024-03-16,S003,P0009,6,213.3,268.51,INR,2024-08-21 01:43:12.475989819,1011.2900000000002
T006032,2024-07-26,S028,P0049,7,677.53,217.09,INR,2024-08-28 10:51:04.071849346,4525.62
T006033,2024-11-12,S033,P0037,3,696.41,96.03,INR,2024-11-20 11:34:44.705755472,1993.2
T006034,2024-06-06,S042,P0031,8,1818.86,249.79,INR,2024-04-26 21:47:43.801342964,14301.089999999998
T006035,2024-12-18,S003,P0031,-2,1965.32,71.65,INR,2024-05-31 13:18:37.132673025,-4002.29
T006036,2024-06-14,S005,P0059,7,498.56,190.25,INR,2024-12-25 12:30:03.713989258,3299.67
T006037,2024-02-22,S019,P0055,3,917.97,286.94,INR,2024-01-07 00:52:25.551411629,2466.97
T006038,2024-05-22,S042,P0019,2,1955.74,172.41,INR,2024-11-12 12:18:45.156494617,3739.07
T006039,2024-12-13,S048,P0063,9,873.81,239.84,INR,2024-11-03 12:21:13.641101360,7624.449999999999
T006040,2024-04-26,S001,P0002,2,763.43,220.63,INR,2024-04-05 18:44:14.466702223,1306.23
T006041,2024-11-12,S038,P0045,2,308.77,259.72,INR,2024-10-26 22:02:48.292937517,357.81999999999994
T006042,2024-11-17,S009,P0096,1,1531.24,290.63,INR,2024-04-30 12:55:47.140172958,1240.6100000000001
T006043,2024-05-07,S005,P0043,4,949.31,6.69,INR,2024-08-17 13:50:24.041168928,3790.5499999999997
T006044,2024-01-31,S046,P0098,6,1313.46,8.36,INR,2024-06-12 02:39:14.253218412,7872.400000000001
T006045,2024-09-21,S042,P0001,1,1068.73,178.33,INR,2024-02-06 23:38:40.822407484,890.4
T006046,2024-04-23,S034,P0085,-1,431.62,286.27,INR,2024-11-22 19:20:38.846243382,-717.89
T006047,2024-10-12,S037,P0061,-1,435.1,,INR,2024-07-18 00:28:36.875877380,
T006048,2024-06-10,S033,P0003,-1,1885.54,251.93,INR,2024-06-24 20:39:54.092836857,-2137.47
T006049,2024-06-26,S025,P0091,4,1790.09,230.37,INR,2024-11-17 00:23:58.442267656,6929.99
T006050,2024-10-10,S042,P0044,1,1260.2,149.48,INR,2024-04-29 17:27:38.164017916,1110.72
T006051,2024-05-19,S029,P0007,1,102.36,153.95,INR,2024-07-27 04:11:53.928523064,-51.58999999999999
T006052,2024-06-10,S025,P0033,-2,923.26,,INR,2024-11-18 00:43:51.720201492,
T006053,2024-05-17,S009,P0009,1,1107.81,75.66,INR,2024-05-05 03:38:14.126713276,1032.1499999999999
T006054,2024-05-14,S003,P0030,3,953.93,257.61,INR,2024-10-16 15:22:18.875606775,2604.18
T006055,2024-07-10,S015,P0018,-1,1858.35,62.87,INR,2024-07-06 17:53:12.370712757,-1921.2199999999998
T006056,2024-10-22,S004,P0056,1,177.65,272.08,INR,2024-02-27 14:02:07.618907928,-94.42999999999998
T006057,2024-05-12,S045,P0090,8,1344.36,107.92,INR,2024-01-15 19:34:55.679752827,10646.96
T006058,2024-07-10,S038,P0084,4,696.29,7.95,INR,2024-09-22 06:06:52.262401104,2777.21
T006059,2024-09-01,S020,P0031,6,1163.01,50.51,INR,2024-04-05 14:01:32.339757919,6927.549999999999
T006060,2024-04-08,S049,P0072,-1,1346.24,266.35,INR,2024-10-24 17:47:04.052739620,-1612.5900000000001
T006061,2024-04-11,S023,P0063,5,937.56,38.53,INR,2024-03-09 23:00:49.902937174,4649.2699999999995
T006062,2024-12-06,S037,P0087,3,381.91,221.63,INR,2024-07-26 06:25:19.073048353,924.1
T006063,2024-09-21,S047,P0050,5,1086.17,54.84,INR,2024-02-04 02:47:27.157663345,5376.01
T006064,2024-07-29,S008,P0089,-1,1872.62,,INR,2024-09-25 13:19:33.249399424,
T006065,2024-08-24,S037,P0001,8,1118.17,61.56,INR,2024-10-06 11:33:27.688169956,8883.800000000001
T006066,2024-01-11,S045,P0082,-2,333.59,99.95,INR,2024-11-30 12:56:36.331480026,-767.13
T006067,2024-08-13,S033,P0019,4,1665.91,37.45,INR,2024-07-23 21:30:42.402040482,6626.1900000000005
T006068,2024-07-04,S033,P0064,6,521.32,166.8,INR,2024-02-08 20:25:44.682928085,2961.12
T006069,2024-07-18,S007,P0053,6,803.41,109.75,INR,2024-10-29 03:13:23.510052203,4710.71
T006070,2024-05-11,S022,P0006,-1,914.64,109.65,INR,2024-04-24 13:42:45.007332325,-1024.29
T006071,2024-01-30,S005,P0017,1,745.43,11.57,INR,2024-11-24 08:26:18.274444818,733.8599999999999
T006072,2024-03-11,S046,P0046,-2,868.46,40.84,INR,2024-12-22 21:49:51.135834932,-1777.76
T006073,2024-12-13,S015,P0072,8,1611.41,,INR,2024-02-18 08:35:59.160051823,
T006074,2024-05-29,S021,P0073,4,524.38,87.7,INR,2024-01-31 06:43:35.681085825,2009.82
T006075,2024-06-19,S025,P9999,-1,993.8,132.62,INR,2024-11-23 15:00:19.953477859,-1126.42
T006076,2024-01-20,S017,P0055,1,138.02,228.92,INR,2024-11-24 02:09:19.594292164,-90.89999999999998
T006077,2024-01-14,S050,P0091,9,1064.57,133.43,INR,2024-08-01 14:19:55.590024471,9447.699999999999
T006078,2024-09-18,S007,P0100,-1,312.21,67.68,INR,2024-11-20 03:56:31.693107128,-379.89
T006079,2024-07-15,S050,P0006,-2,636.25,,INR,2024-12-05 15:22:07.405492544,
T006080,2024-07-04,S019,P0070,4,717.26,240.36,INR,2024-07-21 17:12:45.340033531,2628.68
T006081,2024-03-29,S007,P0068,3,256.47,179.89,INR,2024-09-07 13:59:12.826097965,589.5200000000001
T006082,2024-09-28,S040,P0086,-1,785.08,,INR,2024-08-11 22:53:50.194486141,
T006083,2024-03-02,S045,P0040,1,1046.31,37.69,INR,2024-03-04 17:29:18.734164000,1008.6199999999999
T006084,2024-03-10,S050,P0091,9,919.08,74.61,INR,2024-06-08 05:25:32.622813225,8197.11
T006085,2024-06-17,S024,P9999,8,632.81,283.84,INR,2024-09-05 16:55:36.233124495,4778.639999999999
T006086,2024-04-14,S011,P0066,0,660.22,231.54,INR,2024-08-10 17:57:19.943208218,-231.54
T006087,2024-03-31,S041,P0009,9,1303.81,26.27,INR,2024-03-19 12:15:24.925724506,11708.019999999999
T006088,2024-08-23,S001,P0011,0,1464.95,1.65,INR,2024-11-28 01:29:24.757844448,-1.65
T006089,2024-08-25,S032,P0020,0,1195.41,52.63,INR,2024-10-13 04:26:19.161413670,-52.63
T006090,2024-10-27,S040,P0043,8,1954.76,283.17,INR,2024-01-25 23:41:17.924102783,15354.91
T006091,2024-06-01,S044,P0058,1,1895.26,174.01,INR,2024-05-05 14:07:34.887654543,1721.25
T006092,2024-01-27,S002,P0078,-2,287.09,251.6,INR,2024-12-29 08:54:50.507087708,-825.78
T006093,2024-04-09,S015,P0026,-2,596.61,139.57,INR,2024-05-22 06:44:09.222168207,-1332.79
T006094,2024-12-23,S021,P0038,4,1749.95,247.99,INR,2024-08-30 03:38:48.137260199,6751.81
T006095,2024-08-05,S024,P0094,2,156.36,10.17,INR,2024-02-06 17:56:07.555817127,302.55
T006096,2024-09-16,S050,P0036,0,1225.17,128.05,INR,2024-04-23 11:41:39.294973135,-128.05
T006097,2024-01-03,S017,P0099,6,1913.55,113.28,INR,2024-11-17 22:47:30.333123446,11368.019999999999
T006098,2024-07-08,S047,P0055,2,1389.56,294.46,INR,2024-07-05 08:19:32.474388361,2484.66
T006099,2024-01-14,S009,P0006,7,274.67,90.14,INR,2024-10-28 03:58:59.743167162,1832.55
T006100,2024-07-26,S035,P0003,0,1520.85,125.08,INR,2024-01-03 19:05:49.095627069,-125.08
T006101,2024-12-02,S020,P0065,6,815.32,227.64,INR,2024-08-31 03:23:36.410297632,4664.28
T006102,2024-12-19,S019,P0064,-2,1850.91,264.21,INR,2024-04-19 11:22:18.211936474,-3966.03
T006103,2024-07-16,S018,P0058,6,644.0,263.52,INR,2024-11-10 04:24:10.777367592,3600.48
T006104,2024-06-16,S020,P0058,2,999.14,118.35,INR,2024-12-10 13:50:53.551429510,1879.93
T006105,2024-12-10,S030,P0018,3,1518.55,,INR,2024-09-07 23:32:31.283229828,
T006106,2024-09-02,S040,P0023,-1,589.33,196.05,INR,2024-02-23 07:39:01.025997639,-785.3800000000001
T006107,2024-01-24,S001,P0096,5,445.39,255.34,INR,2024-06-19 20:37:11.520111799,1971.61
T006108,2024-06-18,S024,P0029,0,105.15,277.88,INR,2024-06-18 12:58:46.261592865,-277.88
T006109,2024-03-28,S024,P0023,-2,1027.13,70.08,INR,2024-10-30 01:24:49.989984274,-2124.34
T006110,2024-06-20,S047,P0036,4,1864.37,149.76,INR,2024-06-17 02:59:34.865736008,7307.719999999999
T006111,2024-06-15,S019,P0070,9,634.83,176.34,INR,2024-05-01 09:52:53.089099646,5537.13
T006112,2024-07-31,S030,P0081,0,182.42,240.73,INR,2024-08-11 03:26:23.039842367,-240.73
T006113,2024-05-10,S026,P0082,1,1278.82,120.35,INR,2024-08-24 04:26:25.179611921,1158.47
T006114,2024-02-29,S042,P0095,2,206.72,63.13,INR,2024-10-22 15:08:38.175360680,350.31
T006115,2024-07-02,S044,P0006,-2,1063.13,222.97,INR,2024-11-24 15:51:59.457533598,-2349.23
T006116,2024-10-30,S038,P0034,8,824.91,177.7,INR,2024-11-20 20:01:19.614495277,6421.58
T006117,2024-08-30,S029,P0044,8,1003.31,269.49,INR,2024-08-16 18:06:10.965997219,7756.99
T006118,2024-05-03,S013,P0044,6,409.02,196.51,INR,2024-07-10 08:41:19.544810772,2257.6099999999997
T006119,2024-12-07,S004,P0027,4,271.38,5.05,INR,2024-10-19 10:41:50.872944832,1080.47
T006120,2024-11-28,S045,P0100,-1,1523.08,290.0,INR,2024-04-21 23:28:38.067327261,-1813.08
T006121,2024-03-17,S017,P0052,-2,566.77,177.93,INR,2024-10-03 15:28:33.023825884,-1311.47
T006122,2024-01-15,S033,P0042,8,1620.81,178.76,INR,2024-07-03 17:27:41.982633591,12787.72
T006123,2024-09-27,S005,P0025,-1,1541.05,272.78,INR,2024-02-15 03:10:53.866916656,-1813.83
T006124,2024-10-29,S028,P0074,0,476.92,,INR,2024-10-01 19:06:47.194169760,
T006125,2024-12-19,S024,P0039,9,1825.75,143.8,INR,2024-08-24 16:35:47.898880005,16287.95
T006126,2024-11-20,S017,P0039,0,406.43,32.19,INR,2024-01-31 02:02:00.354367495,-32.19
T006127,2024-08-07,S050,P0012,5,1614.58,288.66,INR,2024-06-13 09:13:46.573233366,7784.24
T006128,2024-07-12,S039,P0011,2,899.01,23.55,INR,2024-06-26 13:41:37.337926388,1774.47
T006129,2024-01-11,S048,P0003,6,447.73,51.09,INR,2024-08-26 12:45:57.552003384,2635.29
T006130,2024-03-31,S040,P0022,0,1882.41,245.86,INR,2024-09-04 15:33:21.749152184,-245.86
T006131,2024-06-16,S044,P0004,3,1930.19,147.12,INR,2024-03-10 13:00:34.727326155,5643.45
T006132,2024-08-17,S046,P0008,1,1071.61,53.48,INR,2024-01-13 07:12:10.655364513,1018.1299999999999
T006133,2024-07-22,S999,P0014,5,991.43,85.85,INR,2024-10-16 20:04:44.501330853,4871.299999999999
T006134,2024-09-28,S011,P0084,9,1811.6,298.2,INR,2024-12-24 06:46:09.899009228,16006.199999999999
T006135,2024-04-12,S012,P0088,-2,1232.66,175.21,INR,2024-12-09 08:25:16.275254250,-2640.53
T006136,2024-07-25,S013,P0014,1,605.47,120.48,INR,2024-07-01 19:00:18.332172394,484.99
T006137,2024-02-02,S008,P0092,4,907.87,,INR,2024-07-12 01:27:06.725630999,
T006138,2024-05-30,S001,P0016,6,1688.38,143.91,INR,2024-12-05 15:50:41.676687479,9986.37
T006139,2024-09-30,S009,P0032,-2,1733.17,92.38,INR,2024-07-17 14:43:18.734437227,-3558.7200000000003
T006140,2024-09-10,S028,P0064,5,1884.58,49.27,INR,2024-04-11 08:20:40.831726313,9373.63
T006141,2024-12-27,S002,P0076,-1,647.7,223.34,INR,2024-09-04 07:41:44.515110969,-871.0400000000001
T006142,2024-04-11,S014,P0016,1,1391.91,178.87,INR,2024-06-23 04:15:24.824510336,1213.04
T006143,2024-06-30,S013,P0052,1,229.94,27.71,INR,2024-10-13 12:36:12.578581810,202.23
T006144,2024-04-30,S048,P0019,5,1479.22,177.49,INR,2024-10-12 21:46:02.419230461,7218.610000000001
T006145,2024-06-09,S002,P0069,8,1170.08,47.84,INR,2024-12-07 14:59:54.416433811,9312.8
T006146,2024-11-08,S004,P0012,-1,574.56,294.52,INR,2024-02-20 07:18:21.869640112,-869.0799999999999
T006147,2024-09-06,S012,P0093,4,1343.8,77.91,INR,2024-07-09 06:51:00.520140648,5297.29
T006148,2024-11-18,S048,P0005,0,356.85,208.8,INR,2024-10-13 20:08:30.153422832,-208.8
T006149,2024-03-15,S010,P0042,6,734.23,196.81,INR,2024-06-07 17:12:39.184719801,4208.57
T006150,2024-11-14,S003,P0017,2,861.74,207.41,INR,2024-08-16 19:30:11.081798315,1516.07
T006151,2024-01-22,S004,P0072,9,1576.56,129.0,INR,2024-10-25 05:11:52.473905563,14060.039999999999
T006152,2024-11-20,S006,P0094,5,686.69,22.3,INR,2024-06-21 18:41:25.970088482,3411.15
T006153,2024-04-30,S023,P0010,2,193.17,294.0,INR,2024-05-29 00:32:50.207068443,92.33999999999997
T006154,2024-04-24,S005,P0084,-2,443.41,57.46,INR,2024-03-06 21:40:44.199215889,-944.2800000000001
T006155,2024-07-05,S050,P0016,6,1255.38,230.92,INR,2024-10-27 23:03:25.207329512,7301.360000000001
T006156,2024-12-09,S003,P0016,7,128.98,41.27,INR,2024-10-17 11:01:25.015711069,861.5899999999999
T006157,2024-01-18,S010,P0042,8,1605.24,,INR,2024-09-28 05:59:52.511506319,
T006158,2024-05-08,S043,P0003,9,1812.13,167.97,INR,2024-05-23 13:26:51.897936106,16141.200000000003
T006159,2024-11-08,S019,P0023,4,1041.26,124.04,INR,2024-07-31 20:45:00.448871136,4041.0
T006160,2024-05-24,S014,P0086,1,1444.5,287.48,INR,2024-02-15 06:07:27.178925037,1157.02
T006161,2024-03-13,S021,P0028,4,979.09,254.31,INR,2024-04-26 14:59:06.031770706,3662.05
T006162,2024-06-04,S043,P0045,2,686.65,,INR,2024-06-07 23:12:58.218579769,
T006163,2024-05-20,S028,P0100,7,413.25,192.21,INR,2024-01-16 21:24:13.560063839,2700.54
T006164,2024-11-30,S021,P0068,6,1084.51,65.67,INR,2024-02-07 19:25:39.248346567,6441.389999999999
T006165,2024-10-05,S036,P0024,-1,1866.79,155.55,INR,2024-10-29 20:23:11.785657406,-2022.34
T006166,2024-07-03,S024,P0019,1,1790.95,229.66,INR,2024-12-20 11:44:46.478832960,1561.29
T006167,2024-12-26,S038,P0075,3,1847.29,19.42,INR,2024-04-27 12:38:01.816562176,5522.45
T006168,2024-06-18,S017,P0040,8,1936.18,258.94,INR,2024-02-08 23:02:52.938449860,15230.5
T006169,2024-01-22,S022,P0046,2,414.18,189.41,INR,2024-12-07 10:02:12.956615448,638.95
T006170,2024-04-05,S019,P0040,-2,378.4,217.07,INR,2024-11-29 17:22:08.946038008,-973.8699999999999
T006171,2024-06-08,S045,P0062,6,912.75,208.29,INR,2024-08-26 22:48:33.045749426,5268.21
T006172,2024-02-27,S010,P0018,6,1409.69,254.33,INR,2024-05-03 14:03:15.459495783,8203.81
T006173,2024-12-11,S011,P0012,0,935.42,26.26,INR,2024-02-11 02:06:55.736181974,-26.26
T006174,2024-10-06,S038,P0014,1,1795.47,113.11,INR,2024-12-08 21:57:41.817765951,1682.3600000000001
T006175,2024-04-07,S002,P0082,1,1463.05,150.78,INR,2024-12-01 22:32:00.628117085,1312.27
T006176,2024-08-03,S033,P0061,7,1304.54,163.98,INR,2024-09-28 06:27:02.299348354,8967.8
T006177,2024-09-20,S043,P0012,5,234.97,282.77,INR,2024-12-06 20:50:38.353314400,892.0799999999999
T006178,2024-12-09,S031,P0027,3,433.14,,INR,2024-02-21 00:18:04.995701790,
T006179,2024-11-17,S048,P0006,-1,913.49,259.92,INR,2024-02-09 21:01:43.463156939,-1173.41
T006180,2024-07-07,S035,P0088,1,1955.11,165.57,INR,2024-03-11 02:16:25.877517939,1789.54
T006181,2024-10-09,S037,P0033,-2,735.38,166.39,INR,2024-03-19 15:42:46.762091637,-1637.15
T006182,2024-07-24,S047,P0080,0,1296.95,,INR,2024-10-28 22:00:05.445287228,
T006183,2024-07-20,S047,P0050,1,1978.92,193.09,INR,2024-12-02 10:23:52.232307911,1785.8300000000002
T006184,2024-02-11,S036,P0012,5,601.65,193.92,INR,2024-03-19 16:34:17.150114298,2814.33
T006185,2024-02-16,S023,P0095,0,416.67,56.79,INR,2024-06-17 21:12:21.525260210,-56.79
T006186,2024-07-12,S036,P0057,2,1138.03,203.1,INR,2024-06-14 21:17:14.465715647,2072.96
T006187,2024-04-08,S040,P9999,-2,1148.59,80.01,INR,2024-03-05 22:08:27.968995810,-2377.19
T006188,2024-01-08,S039,P0053,1,1851.58,206.64,INR,2024-11-07 11:19:18.509830236,1644.94
T006189,2024-09-20,S026,P0013,-1,150.22,183.58,INR,2024-07-09 17:02:13.962184429,-333.8
T006190,2024-01-12,S025,P0072,1,874.02,214.79,INR,2024-07-25 16:15:03.347327948,659.23
T006191,2024-08-05,S017,P0003,2,693.46,5.91,INR,2024-04-04 07:49:44.334242105,1381.01
T006192,2024-07-15,S015,P0064,0,1185.0,37.61,INR,2024-07-23 02:13:43.492547989,-37.61
T006193,2024-12-19,S037,P0084,3,117.73,252.06,INR,2024-10-16 06:38:58.121881962,101.13
T006194,2024-06-25,S045,P0058,9,1451.02,114.22,INR,2024-04-21 07:12:00.320143223,12944.960000000001
T006195,2024-01-24,S004,P0004,-1,1021.48,251.02,INR,2024-02-11 08:27:56.488690138,-1272.5
T006196,2024-07-20,S022,P0045,2,1431.31,18.8,INR,2024-08-01 04:11:30.809567451,2843.8199999999997
T006197,2024-11-03,S017,P0066,1,950.83,230.81,INR,2024-08-20 01:52:33.446269989,720.02
T006198,2024-12-29,S022,P0036,2,1000.97,25.13,INR,2024-03-14 18:04:51.871254444,1976.81
T006199,2024-06-06,S017,P0023,6,1801.54,140.5,INR,2024-03-31 15:08:55.529694318,10668.74
T006200,2024-04-26,S014,P0019,3,500.71,281.27,INR,2024-02-25 20:52:59.916971684,1220.86
T006201,2024-11-26,S014,P0040,4,513.23,23.3,INR,2024-12-02 07:18:06.379937172,2029.6200000000001
T006202,2024-03-10,S017,P0072,8,1163.01,105.2,INR,2024-03-18 17:59:06.557820082,9198.88
T006203,2024-08-12,S008,P0016,5,1354.43,155.5,INR,2024-01-04 21:11:23.529703139,6616.650000000001
T006204,2024-05-28,S034,P0058,6,773.91,269.84,INR,2024-11-02 15:44:19.221993446,4373.62
T006205,2024-01-15,S026,P0018,2,1087.07,99.78,INR,2024-10-20 04:16:21.393216133,2074.3599999999997
T006206,2024-05-06,S045,P0036,5,532.93,242.11,INR,2024-06-15 15:14:46.897699833,2422.5399999999995
T006207,2024-04-06,S030,P0024,-1,358.23,215.45,INR,2024-10-17 23:08:31.962762356,-573.6800000000001
T006208,2024-09-07,S022,P0001,7,552.7,92.12,INR,2024-06-13 02:38:32.337229013,3776.7800000000007
T006209,2024-12-12,S016,P0001,6,1841.11,102.24,INR,2024-03-22 22:44:48.668500662,10944.42
T006210,2024-04-07,S030,P0064,-1,1623.45,57.3,INR,2024-06-04 12:14:16.513938904,-1680.75
T006211,2024-10-23,S016,P0062,9,366.47,207.89,INR,2024-06-26 17:01:07.751382113,3090.3400000000006
T006212,2024-01-21,S038,P0036,2,188.46,,INR,2024-01-04 06:52:11.650911570,
T006213,2024-07-15,S024,P0075,3,277.05,46.49,INR,2024-02-11 08:45:59.526554584,784.6600000000001
T006214,2024-01-26,S036,P0018,1,657.52,186.02,INR,2024-11-15 06:56:32.156424522,471.5
T006215,2024-12-06,S035,P0016,5,1641.58,149.59,INR,2024-05-23 05:38:48.253405333,8058.3099999999995
T006216,2024-10-06,S006,P0017,7,710.61,27.78,INR,2024-04-30 23:39:08.736637354,4946.490000000001
T006217,2024-08-28,S004,P0024,0,452.75,286.11,INR,2024-11-20 06:00:11.851063728,-286.11
T006218,2024-10-27,S018,P0098,8,852.1,250.43,INR,2024-02-26 10:01:48.996091366,6566.37
T006219,2024-08-24,S006,P0068,2,335.7,21.31,INR,2024-03-20 04:48:31.738237381,650.09
T006220,2024-12-19,S026,P0099,-1,993.41,279.38,INR,2024-10-29 04:50:47.758777618,-1272.79
T006221,2024-09-17,S037,P0079,0,1383.55,275.0,INR,2024-04-12 01:46:29.945458651,-275.0
T006222,2024-12-03,S027,P0002,5,800.81,12.65,INR,2024-08-19 03:06:52.572464228,3991.3999999999996
T006223,2024-07-07,S041,P0095,8,429.86,60.44,INR,2024-09-26 22:38:51.808300495,3378.44
T006224,2024-02-12,S011,P0073,2,961.08,210.72,INR,2024-03-22 07:01:47.276749372,1711.44
T006225,2024-07-11,S038,P0010,0,1548.73,280.37,INR,2024-04-02 11:51:08.987989902,-280.37
T006226,2024-02-16,S016,P0053,2,245.53,246.93,INR,2024-07-07 10:44:42.151905775,244.13
T006227,2024-08-04,S019,P0089,6,234.78,,INR,2024-10-16 03:47:31.401575089,
T006228,2024-06-25,S043,P0051,0,704.41,10.03,INR,2024-07-21 08:20:49.983088493,-10.03
T006229,2024-08-15,S015,P0069,9,888.6,141.87,INR,2024-01-25 13:52:00.803138733,7855.530000000001
T006230,2024-01-04,S026,P0014,7,511.3,27.59,INR,2024-05-08 01:20:01.290624142,3551.5099999999998
T006231,2024-03-12,S041,P0066,4,151.13,73.59,INR,2024-04-30 16:23:15.957024574,530.93
T006232,2024-06-28,S031,P0082,5,517.16,192.03,INR,2024-10-21 18:35:33.721341372,2393.7699999999995
T006233,2024-12-12,S019,P0093,2,927.2,,INR,2024-04-15 17:27:12.804142952,
T006234,2024-05-20,S999,P0053,0,250.91,113.02,INR,2024-11-24 22:39:53.593216896,-113.02
T006235,2024-06-03,S024,P0084,8,1460.19,278.99,INR,2024-05-02 06:27:41.912418842,11402.53
T006236,2024-09-17,S009,P0064,3,1148.99,57.89,INR,2024-03-11 20:23:16.083010912,3389.0800000000004
T006237,2024-08-08,S023,P0072,9,925.44,146.24,INR,2024-07-16 01:52:24.974493027,8182.720000000001
T006238,2024-04-19,S004,P9999,0,1085.55,172.05,INR,2024-05-21 00:45:09.459166288,-172.05
T006239,2024-05-29,S010,P0049,6,1346.03,96.58,INR,2024-08-24 08:53:28.796630383,7979.6
T006240,2024-03-20,S009,P0090,-1,1990.12,,INR,2024-11-30 05:38:43.436975718,
T006241,2024-12-18,S019,P0062,0,1572.73,260.18,INR,2024-12-09 09:11:32.973829269,-260.18
T006242,2024-02-17,S015,P0037,4,1126.69,162.44,INR,2024-03-23 23:42:49.938657284,4344.320000000001
T006243,2024-05-15,S999,P0049,7,1564.01,234.4,INR,2024-02-29 05:29:47.117077112,10713.67
T006244,2024-01-10,S034,P0068,5,1002.93,18.29,INR,2024-12-09 02:01:26.128919601,4996.36
T006245,2024-03-21,S042,P0033,2,690.73,46.13,INR,2024-10-23 12:52:03.337661505,1335.33
T006246,2024-10-11,S019,P0022,2,597.73,,INR,2024-04-05 12:16:54.106744051,
T006247,2024-03-14,S049,P0070,2,859.01,,INR,2024-10-20 19:24:01.440982103,
T006248,2024-01-30,S021,P0033,1,104.34,159.48,INR,2024-09-27 11:38:18.169835806,-55.139999999999986
T006249,2024-06-22,S034,P0028,6,436.22,,INR,2024-04-02 13:12:11.193189859,
T006250,2024-01-04,S999,P0088,3,340.41,180.03,INR,2024-11-26 14:40:15.463021517,841.2
T006251,2024-01-31,S017,P0004,9,1924.65,37.34,INR,2024-04-27 11:00:31.279993534,17284.510000000002
T006252,2024-10-21,S018,P0066,5,223.21,196.1,INR,2024-06-24 06:22:07.450079918,919.9499999999999
T006253,2024-10-08,S017,P0077,5,1051.85,28.21,INR,2024-08-10 09:07:51.717354774,5231.04
T006254,2024-11-30,S002,P0049,2,1847.46,173.04,INR,2024-03-10 19:27:57.982534885,3521.88
T006255,2024-11-07,S999,P0011,9,1254.29,214.32,INR,2024-08-11 02:52:58.673522711,11074.29
T006256,2024-09-06,S001,P0035,6,1041.01,,INR,2024-09-14 18:56:33.003871202,
T006257,2024-01-20,S043,P0039,-1,1511.69,273.27,INR,2024-02-07 01:33:08.914823532,-1784.96
T006258,2024-10-12,S010,P0010,5,771.41,45.61,INR,2024-05-18 11:05:29.745059252,3811.4399999999996
T006259,2024-11-04,S037,P0074,0,468.06,51.29,INR,2024-08-11 09:38:31.500577927,-51.29
T006260,2024-10-18,S048,P0072,4,1709.84,155.07,INR,2024-12-04 01:39:35.816834688,6684.29
T006261,2024-07-04,S005,P0069,6,207.51,279.5,INR,2024-11-21 05:00:54.904024601,965.56
T006262,2024-03-26,S012,P0023,8,1634.81,117.21,INR,2024-03-02 22:17:08.454394579,12961.27
T006263,2024-11-04,S036,P0034,2,296.4,,INR,2024-08-10 20:02:56.985323906,
T006264,2024-09-22,S031,P0032,8,1288.58,208.04,INR,2024-02-05 18:38:10.366986275,10100.599999999999
T006265,2024-12-23,S038,P0016,5,1006.39,234.77,INR,2024-04-17 06:22:44.721858501,4797.179999999999
T006266,2024-02-26,S999,P0068,1,1997.23,281.36,INR,2024-08-06 00:05:14.986342669,1715.87
T006267,2024-03-23,S009,P0054,-2,837.05,171.7,INR,2024-01-30 16:45:18.803260565,-1845.8
T006268,2024-03-18,S044,P0028,-2,1918.84,192.5,INR,2024-11-20 10:25:53.938716173,-4030.18
T006269,2024-10-16,S026,P0060,3,867.18,173.7,INR,2024-10-29 13:56:26.083266497,2427.84
T006270,2024-03-09,S015,P0078,5,1395.23,,INR,2024-06-21 18:53:46.172793627,
T006271,2024-01-25,S016,P0076,7,1322.96,82.02,INR,2024-06-28 11:46:02.186495304,9178.7
T006272,2024-12-30,S013,P0060,-1,264.26,236.41,INR,2024-11-17 16:44:19.745069504,-500.66999999999996
T006273,2024-01-10,S025,P0085,8,1512.4,214.06,INR,2024-01-19 09:49:52.327178717,11885.140000000001
T006274,2024-10-31,S030,P0080,1,496.47,180.62,INR,2024-02-22 12:23:48.683279037,315.85
T006275,2024-05-13,S007,P0044,0,838.04,11.64,INR,2024-04-22 10:07:06.619224787,-11.64
T006276,2024-11-03,S004,P0002,6,1586.18,232.36,INR,2024-05-13 00:00:22.357188463,9284.72
T006277,2024-07-21,S043,P0023,0,1894.2,39.73,INR,2024-12-26 10:02:01.578237534,-39.73
T006278,2024-11-25,S040,P0093,8,1163.63,288.59,INR,2024-02-23 19:45:58.011432886,9020.45
T006279,2024-12-04,S038,P0046,5,1086.83,24.45,INR,2024-04-20 15:11:23.981759787,5409.7
T006280,2024-01-04,S030,P0073,4,1059.35,216.08,INR,2024-10-29 04:50:28.940675974,4021.3199999999997
T006281,2024-01-28,S010,P0054,-2,1651.47,108.13,INR,2024-10-13 06:56:49.251366138,-3411.07
T006282,2024-04-01,S030,P0071,5,1986.92,220.71,INR,2024-08-27 00:11:39.773736477,9713.890000000001
T006283,2024-09-01,S039,P0093,6,1303.82,155.69,INR,2024-04-29 22:06:47.765498638,7667.2300000000005
T006284,2024-11-20,S007,P0081,5,819.38,188.85,INR,2024-02-12 23:43:32.898864746,3908.0499999999997
T006285,2024-06-16,S036,P0009,7,515.46,22.63,INR,2024-12-24 23:52:03.836725235,3585.59
T006286,2024-08-09,S035,P0070,7,477.76,289.94,INR,2024-04-01 18:29:43.349904776,3054.3799999999997
T006287,2024-03-09,S024,P0044,-2,1726.69,1.15,INR,2024-11-04 07:00:56.260300398,-3454.53
T006288,2024-10-20,S039,P0084,8,1985.47,,INR,2024-11-22 16:16:19.159370422,
T006289,2024-12-19,S036,P0074,8,1426.18,170.48,INR,2024-06-09 22:16:51.849329948,11238.960000000001
T006290,2024-04-08,S045,P0073,4,1916.08,77.48,INR,2024-11-06 13:16:35.445243597,7586.84
T006291,2024-06-29,S020,P0012,6,764.99,191.32,INR,2024-04-11 20:21:50.515539646,4398.620000000001
T006292,2024-02-01,S049,P0097,2,1292.43,201.87,INR,2024-11-20 19:37:17.311964035,2382.9900000000002
T006293,2024-07-23,S032,P0032,-1,1072.2,219.1,INR,2024-08-20 03:03:53.737645388,-1291.3
T006294,2024-07-02,S039,P0034,5,1015.83,4.93,INR,2024-03-11 22:42:01.741307497,5074.22
T006295,2024-02-22,S049,P0083,6,1301.51,294.83,INR,2024-10-14 02:09:08.307540178,7514.23
T006296,2024-06-10,S026,P0033,4,689.64,185.37,INR,2024-11-29 11:56:41.363030434,2573.19
T006297,2024-05-01,S026,P0064,9,1317.18,113.26,INR,2024-07-27 04:57:53.237939596,11741.36
T006298,2024-07-09,S036,P0048,2,1378.44,,INR,2024-10-04 12:52:01.025657654,
T006299,2024-08-01,S043,P0016,5,1688.62,53.53,INR,2024-10-17 02:25:30.550065279,8389.569999999998
T006300,2024-01-04,S035,P0050,3,1487.91,74.18,INR,2024-10-14 09:39:44.641679525,4389.55
T006301,2024-10-04,S043,P0023,9,707.57,25.73,INR,2024-06-14 20:43:53.728003263,6342.400000000001
T006302,2024-09-17,S035,P0026,1,956.52,263.77,INR,2024-09-27 01:53:50.263574600,692.75
T006303,2024-05-13,S012,P0054,-2,328.72,,INR,2024-07-19 05:07:39.179565907,
T006304,2024-01-20,S033,P0044,3,588.86,221.91,INR,2024-05-31 08:25:07.878944635,1544.6699999999998
T006305,2024-10-02,S036,P0037,5,1089.8,82.26,INR,2024-03-01 12:31:06.832066059,5366.74
T006306,2024-12-14,S014,P0009,0,291.45,43.8,INR,2024-11-27 19:10:26.861098289,-43.8
T006307,2024-03-28,S033,P0094,9,1184.15,,INR,2024-05-31 10:37:24.104895115,
T006308,2024-04-28,S046,P0013,4,841.53,258.07,INR,2024-03-28 10:35:37.880924940,3108.0499999999997
T006309,2024-03-08,S045,P0060,9,166.06,35.92,INR,2024-03-29 10:30:38.961942196,1458.62
T006310,2024-07-29,S045,P0080,4,925.45,26.14,INR,2024-03-29 08:41:35.457744122,3675.6600000000003
T006311,2024-02-26,S024,P0002,6,634.17,2.81,INR,2024-01-01 21:40:05.668987274,3802.2099999999996
T006312,2024-05-10,S015,P0095,-2,227.26,109.93,INR,2024-06-08 22:47:59.098179817,-564.45
T006313,2024-09-11,S031,P0060,2,657.4,282.81,INR,2024-11-21 02:25:23.746036053,1031.99
T006314,2024-07-23,S017,P0057,5,658.78,272.59,INR,2024-01-10 04:16:57.449802160,3021.3099999999995
T006315,2024-05-21,S012,P0043,0,774.64,34.52,INR,2024-12-15 03:47:38.032488108,-34.52
T006316,2024-06-02,S022,P0019,2,796.3,3.75,INR,2024-03-06 09:07:03.743461609,1588.85
T006317,2024-07-24,S023,P0011,-2,916.57,225.3,INR,2024-09-19 09:20:20.569472790,-2058.44
T006318,2024-01-03,S026,P0078,6,274.72,91.94,INR,2024-10-13 15:28:36.123632193,1556.38
T006319,2024-01-29,S014,P0047,1,110.03,250.4,INR,2024-09-25 07:36:42.157049417,-140.37
T006320,2024-11-17,S012,P0089,2,1498.41,64.63,INR,2024-05-03 19:10:41.917357445,2932.19
T006321,2024-01-29,S050,P0063,0,740.96,147.66,INR,2024-09-13 21:23:45.212361336,-147.66
T006322,2024-09-14,S004,P0007,-1,1265.86,9.88,INR,2024-06-21 15:15:15.009935379,-1275.74
T006323,2024-12-01,S046,P0079,9,683.37,268.41,INR,2024-02-25 13:14:49.087894440,5881.92
T006324,2024-04-08,S999,P0094,4,1969.96,53.39,INR,2024-03-14 08:08:41.368553877,7826.45
T006325,2024-05-15,S013,P0031,8,699.31,88.41,INR,2024-01-10 12:01:07.016042471,5506.07
T006326,2024-07-26,S018,P0088,2,1249.58,143.91,INR,2024-05-01 04:03:37.517302036,2355.25
T006327,2024-11-17,S043,P0055,8,517.95,81.38,INR,2024-09-22 17:11:16.717849970,4062.2200000000003
T006328,2024-12-09,S028,P0025,7,1083.82,12.05,INR,2024-12-19 16:51:46.705375671,7574.69
T006329,2024-09-26,S038,P0072,0,1200.73,,INR,2024-02-18 17:58:11.252379656,
T006330,2024-02-01,S041,P0030,-1,447.37,286.56,INR,2024-05-08 22:44:25.545294046,-733.9300000000001
T006331,2024-09-01,S044,P0036,7,334.95,97.65,INR,2024-03-07 05:55:37.349799156,2247.0
T006332,2024-05-29,S019,P0050,3,1949.84,,INR,2024-10-04 17:22:17.839359760,
T006333,2024-06-20,S046,P0014,7,1797.21,276.87,INR,2024-12-01 15:33:14.629586697,12303.6
T006334,2024-01-18,S047,P0029,3,1354.13,250.85,INR,2024-02-11 14:39:08.113269806,3811.5400000000004
T006335,2024-03-10,S043,P0027,0,1736.0,206.08,INR,2024-11-25 19:25:05.301055431,-206.08
T006336,2024-10-15,S038,P0050,6,281.56,197.55,INR,2024-04-09 02:16:41.522741079,1491.8100000000002
T006337,2024-06-14,S046,P0036,-2,1485.81,240.33,INR,2024-03-22 10:02:09.309075117,-3211.95
T006338,2024-04-20,S003,P0034,0,642.65,50.66,INR,2024-01-21 16:07:02.374101400,-50.66
T006339,2024-05-20,S019,P0021,-2,1125.04,199.28,INR,2024-01-30 08:54:07.613051891,-2449.36
T006340,2024-11-07,S020,P0038,4,1553.15,29.52,INR,2024-01-26 06:24:32.112906933,6183.08
T006341,2024-09-30,S025,P0075,-1,163.61,37.95,INR,2024-06-11 22:34:15.433972597,-201.56
T006342,2024-04-09,S011,P0097,8,1420.19,72.83,INR,2024-08-28 09:43:13.658578396,11288.69
T006343,2024-02-12,S017,P0079,8,926.25,212.94,INR,2024-03-08 07:31:32.444767714,7197.06
T006344,2024-04-01,S049,P0076,9,935.38,267.76,INR,2024-03-20 10:30:58.835408449,8150.66
T006345,2024-12-02,S035,P0088,1,1823.83,,INR,2024-03-04 02:34:35.347488165,
T006346,2024-07-31,S014,P0050,1,1733.5,,INR,2024-10-21 09:27:04.624033451,
T006347,2024-07-13,S039,P0037,5,209.31,154.1,INR,2024-02-20 01:41:45.031807423,892.4499999999999
T006348,2024-08-05,S019,P0075,8,1274.8,213.7,INR,2024-01-27 19:01:43.691631556,9984.699999999999
T006349,2024-05-13,S003,P0019,1,928.11,183.98,INR,2024-01-14 09:38:19.710117340,744.13
T006350,2024-10-21,S034,P0001,0,323.85,158.84,INR,2024-01-15 15:43:01.464378595,-158.84
T006351,2024-07-09,S049,P0081,7,1717.0,71.04,INR,2024-07-18 12:51:14.104875565,11947.96
T006352,2024-02-12,S041,P0040,9,235.87,185.09,INR,2024-02-04 07:18:38.311554193,1937.74
T006353,2024-02-17,S022,P0055,0,160.99,5.6,INR,2024-03-22 04:27:25.444633007,-5.6
T006354,2024-07-14,S038,P0080,2,475.28,168.02,INR,2024-10-30 22:14:57.516932010,782.54
T006355,2024-12-07,S027,P0026,3,676.42,246.22,INR,2024-12-19 08:37:30.482875109,1783.0399999999997
T006356,2024-04-22,S021,P0043,4,215.67,53.93,INR,2024-11-10 05:06:55.088315248,808.75
T006357,2024-11-13,S041,P0059,2,1318.49,34.26,INR,2024-12-16 06:07:07.731611490,2602.72
T006358,2024-10-05,S031,P0051,4,930.59,291.07,INR,2024-09-01 17:09:13.735851049,3431.29
T006359,2024-03-31,S027,P0015,1,883.16,253.04,INR,2024-12-26 08:00:57.058097601,630.12
T006360,2024-01-14,S037,P0008,2,376.15,90.6,INR,2024-06-30 03:58:18.952469110,661.6999999999999
T006361,2024-02-07,S002,P0094,3,931.8,62.57,INR,2024-10-17 01:28:09.449726343,2732.8299999999995
T006362,2024-09-22,S047,P0014,6,841.32,100.21,INR,2024-12-20 15:45:57.619741678,4947.71
T006363,2024-03-13,S009,P0097,3,828.92,129.37,INR,2024-09-15 21:23:28.097726822,2357.39
T006364,2024-05-15,S019,P0007,7,515.28,246.32,INR,2024-12-15 04:52:01.434678316,3360.64
T006365,2024-07-02,S042,P0018,8,279.43,71.76,INR,2024-04-02 13:55:36.016492605,2163.68
T006366,2024-09-21,S036,P0012,-2,595.35,216.25,INR,2024-04-19 14:24:47.595148802,-1406.95
T006367,2024-02-11,S010,P0002,9,1367.81,278.79,INR,2024-05-24 23:49:24.836305618,12031.499999999998
T006368,2024-05-28,S040,P0050,8,238.55,113.85,INR,2024-06-18 13:46:47.970993519,1794.5500000000002
T006369,2024-06-26,S045,P0093,4,826.42,7.81,INR,2024-11-23 13:15:55.141733646,3297.87
T006370,2024-07-16,S039,P0021,8,1077.31,248.28,INR,2024-11-20 01:40:30.379369974,8370.199999999999
T006371,2024-10-25,S007,P0007,8,1929.99,212.52,INR,2024-08-28 03:43:51.709541321,15227.4
T006372,2024-03-03,S004,P0091,0,1703.27,44.72,INR,2024-03-25 18:57:48.969314337,-44.72
T006373,2024-10-21,S015,P0012,3,1841.57,179.07,INR,2024-03-28 17:42:17.960212231,5345.64
T006374,2024-09-09,S012,P0084,-1,1658.0,247.44,INR,2024-08-18 14:04:15.681897879,-1905.44
T006375,2024-07-21,S048,P0057,9,1219.32,54.31,INR,2024-07-02 17:40:43.328501225,10919.57
T006376,2024-09-12,S006,P0078,4,1735.49,66.87,INR,2024-04-04 08:44:50.674535751,6875.09
T006377,2024-05-30,S009,P0074,-2,1173.97,,INR,2024-03-02 09:45:28.932113886,
T006378,2024-02-20,S035,P0023,-1,779.72,299.25,INR,2024-09-20 18:11:56.372023106,-1078.97
T006379,2024-08-31,S008,P0030,6,807.45,68.86,INR,2024-10-23 19:54:35.044690609,4775.840000000001
T006380,2024-07-10,S007,P0058,6,1174.38,80.08,INR,2024-04-05 09:01:50.780926228,6966.200000000001
T006381,2024-08-21,S004,P0095,4,1637.94,14.38,INR,2024-06-04 02:19:16.575664520,6537.38
T006382,2024-05-03,S013,P0052,-1,353.94,,INR,2024-09-17 10:12:32.222885370,
T006383,2024-11-27,S019,P0056,2,174.6,74.03,INR,2024-06-20 06:22:56.437791586,275.16999999999996
T006384,2024-08-02,S007,P0010,1,1600.18,217.57,INR,2024-12-16 20:36:42.967638254,1382.6100000000001
T006385,2024-02-01,S010,P0019,-1,1330.42,7.91,INR,2024-02-17 07:17:20.722850800,-1338.3300000000002
T006386,2024-06-13,S025,P0019,-1,1660.49,235.02,INR,2024-11-07 20:05:10.152691126,-1895.51
T006387,2024-10-03,S044,P0087,7,1955.69,225.18,INR,2024-04-21 17:12:11.537638903,13464.65
T006388,2024-10-16,S035,P0059,5,577.65,25.25,INR,2024-09-07 18:31:50.955410480,2863.0
T006389,2024-06-29,S025,P0044,2,469.15,,INR,2024-04-02 14:22:06.509507179,
T006390,2024-11-22,S029,P0059,5,747.86,88.53,INR,2024-12-18 18:16:26.410956383,3650.77
T006391,2024-04-07,S012,P0096,-1,1768.13,106.4,INR,2024-01-19 07:10:34.159411430,-1874.5300000000002
T006392,2024-05-29,S999,P0084,-1,126.53,235.05,INR,2024-07-06 10:53:05.995534182,-361.58000000000004
T006393,2024-11-23,S047,P0004,8,120.01,18.36,INR,2024-11-28 08:05:46.694929361,941.72
T006394,2024-11-23,S040,P0097,8,511.89,195.07,INR,2024-06-20 11:48:08.664393663,3900.0499999999997
T006395,2024-09-07,S012,P0065,0,814.24,68.56,INR,2024-11-02 17:25:59.614400625,-68.56
T006396,2024-11-09,S006,P0013,8,674.46,114.74,INR,2024-12-12 16:29:55.887741327,5280.9400000000005
T006397,2024-02-02,S010,P0067,7,1667.34,,INR,2024-01-25 18:14:08.617339134,
T006398,2024-11-11,S002,P0012,5,1410.47,87.34,INR,2024-06-27 09:57:07.315781116,6965.01
T006399,2024-04-27,S045,P0093,5,1691.88,51.4,INR,2024-09-07 13:03:41.562483788,8408.000000000002
T006400,2024-03-06,S025,P0055,0,829.14,151.19,INR,2024-10-30 17:52:29.327435255,-151.19
T006401,2024-03-28,S007,P0061,-2,1232.04,47.46,INR,2024-02-29 13:14:36.462360620,-2511.54
T006402,2024-06-01,S040,P0095,4,1079.37,250.75,INR,2024-07-25 21:02:13.890184402,4066.7299999999996
T006403,2024-04-01,S023,P0041,1,1001.98,264.87,INR,2024-02-29 11:11:41.273757696,737.11
T006404,2024-04-27,S048,P0036,0,647.4,,INR,2024-10-02 17:16:33.578908443,
T006405,2024-02-19,S011,P0002,2,1447.52,294.54,INR,2024-04-13 21:25:15.182619810,2600.5
T006406,2024-04-18,S036,P0022,9,1095.66,274.39,INR,2024-04-08 02:50:45.123847723,9586.550000000001
T006407,2024-07-27,S049,P0022,3,249.35,83.94,INR,2024-10-07 23:27:50.590299845,664.1099999999999
T006408,2024-06-10,S048,P0041,-2,100.99,94.34,INR,2024-11-03 07:59:09.081075191,-296.32
T006409,2024-05-06,S999,P0095,9,138.61,159.8,INR,2024-05-05 07:37:34.381772757,1087.6900000000003
T006410,2024-09-29,S023,P0014,9,244.31,,INR,2024-07-01 21:39:28.689868927,
T006411,2024-11-22,S043,P0093,6,804.81,290.97,INR,2024-09-10 02:42:51.985366106,4537.889999999999
T006412,2024-10-03,S007,P0035,3,680.76,101.86,INR,2024-09-28 23:41:26.328028440,1940.42
T006413,2024-05-01,S027,P0050,0,397.62,,INR,2024-10-08 02:14:01.466554165,
T006414,2024-09-28,S013,P0009,-2,1079.35,172.61,INR,2024-05-22 11:47:48.255912066,-2331.31
T006415,2024-02-25,S999,P0096,6,1943.34,286.94,INR,2024-07-14 18:21:16.934292555,11373.099999999999
T006416,2024-02-17,S017,P0059,-1,405.32,223.36,INR,2024-02-09 23:37:57.839367390,-628.6800000000001
T006417,2024-05-06,S032,P0056,7,576.12,91.09,INR,2024-12-12 05:18:45.180337191,3941.75
T006418,2024-10-21,S026,P0091,3,978.0,59.12,INR,2024-09-13 00:24:11.300715446,2874.88
T006419,2024-03-30,S022,P0010,3,1317.6,256.39,INR,2024-05-17 01:50:26.958641529,3696.41
T006420,2024-01-24,S013,P0025,9,1240.47,273.3,INR,2024-05-22 05:00:15.064323425,10890.93
T006421,2024-02-18,S012,P0045,0,1090.28,249.33,INR,2024-02-03 00:38:25.999446630,-249.33
T006422,2024-11-09,S007,P0097,8,1500.81,221.23,INR,2024-06-15 18:38:48.996704102,11785.25
T006423,2024-08-19,S001,P0011,3,1707.3,96.52,INR,2024-09-02 15:41:23.190723419,5025.379999999999
T006424,2024-04-02,S033,P9999,-1,1998.04,151.61,INR,2024-12-13 16:22:39.987491608,-2149.65
T006425,2024-07-21,S014,P0009,5,984.47,274.71,INR,2024-08-24 08:51:24.222589493,4647.64
T006426,2024-07-11,S047,P0007,-2,1990.42,40.47,INR,2024-08-25 12:13:56.885565996,-4021.31
T006427,2024-08-27,S043,P0071,3,1487.95,148.48,INR,2024-10-14 00:59:09.219955444,4315.370000000001
T006428,2024-03-26,S041,P0034,-2,1348.95,106.65,INR,2024-07-05 01:53:32.236937284,-2804.55
T006429,2024-11-11,S017,P0083,6,1315.4,203.25,INR,2024-01-12 17:32:11.848603964,7689.150000000001
T006430,2024-04-22,S004,P0020,6,1830.41,190.22,INR,2024-11-20 19:09:05.326590776,10792.240000000002
T006431,2024-09-10,S999,P0089,3,1901.08,168.02,INR,2024-05-26 21:38:57.108058929,5535.219999999999
T006432,2024-01-06,S039,P0005,3,439.14,83.88,INR,2024-12-25 09:39:47.481262684,1233.54
T006433,2024-05-16,S001,P0093,6,1037.51,47.87,INR,2024-05-28 07:52:12.512588024,6177.19
T006434,2024-05-08,S041,P0055,2,1888.75,235.3,INR,2024-08-31 22:36:36.801110268,3542.2
T006435,2024-07-17,S045,P0091,6,826.01,297.52,INR,2024-06-16 20:29:31.398531914,4658.539999999999
T006436,2024-01-27,S024,P0089,2,542.09,50.73,INR,2024-03-25 19:59:40.300772190,1033.45
T006437,2024-10-15,S034,P9999,1,295.04,22.74,INR,2024-12-05 17:33:30.590522528,272.3
T006438,2024-03-20,S034,P0015,-1,1234.71,223.72,INR,2024-08-16 22:11:12.679945230,-1458.43
T006439,2024-09-04,S024,P0048,-1,1430.52,103.16,INR,2024-06-13 10:34:12.519369841,-1533.68
T006440,2024-10-20,S015,P0004,-2,471.54,63.9,INR,2024-02-22 14:54:25.683557987,-1006.98
T006441,2024-07-24,S017,P0078,7,1379.91,157.54,INR,2024-12-30 16:10:40.611920118,9501.83
T006442,2024-09-27,S013,P0081,0,1809.28,202.56,INR,2024-11-22 17:28:31.818778753,-202.56
T006443,2024-08-29,S007,P0021,-2,562.8,64.45,INR,2024-06-03 07:35:50.277936220,-1190.05
T006444,2024-05-09,S009,P0080,3,331.8,298.35,INR,2024-03-03 13:57:57.695158720,697.0500000000001
T006445,2024-10-22,S044,P0090,8,1687.31,98.47,INR,2024-01-11 20:03:16.772138596,13400.01
T006446,2024-04-17,S035,P0009,4,1841.25,94.49,INR,2024-02-25 10:04:33.629313946,7270.51
T006447,2024-07-27,S023,P0066,6,508.24,126.9,INR,2024-07-14 01:35:57.385300398,2922.54
T006448,2024-09-29,S047,P0079,4,1470.62,223.51,INR,2024-10-24 18:20:27.415229797,5658.969999999999
T006449,2024-05-18,S039,P0035,1,1222.75,261.98,INR,2024-05-12 16:27:00.507191658,960.77
T006450,2024-04-20,S023,P0088,1,554.47,97.2,INR,2024-06-07 09:40:33.166132450,457.27000000000004
T006451,2024-06-16,S026,P0051,5,1664.95,35.62,INR,2024-06-21 17:51:43.519834042,8289.13
T006452,2024-10-25,S001,P0078,1,993.83,76.84,INR,2024-01-07 09:58:09.602091551,916.99
T006453,2024-12-05,S014,P9999,-2,1430.63,25.28,INR,2024-03-05 14:52:44.704456806,-2886.5400000000004
T006454,2024-07-17,S032,P0037,6,672.7,189.1,INR,2024-07-01 19:57:39.591960192,3847.1000000000004
T006455,2024-08-29,S999,P0006,0,1649.99,222.21,INR,2024-04-11 23:29:11.476077318,-222.21
T006456,2024-11-25,S048,P0082,-2,602.14,128.78,INR,2024-07-10 00:18:32.412663937,-1333.06
T006457,2024-02-05,S010,P0086,6,793.1,285.84,INR,2024-02-09 10:57:24.275342464,4472.76
T006458,2024-03-25,S001,P0082,8,843.79,218.26,INR,2024-10-20 00:39:42.779596090,6532.0599999999995
T006459,2024-09-15,S005,P0051,8,492.21,,INR,2024-10-13 01:36:04.898408890,
T006460,2024-10-27,S003,P0066,7,1761.3,,INR,2024-09-01 11:57:54.816382408,
T006461,2024-11-08,S049,P0096,7,315.63,,INR,2024-07-12 23:24:47.440181494,
T006462,2024-05-31,S050,P0017,2,1169.95,151.15,INR,2024-05-22 07:22:49.381698847,2188.75
T006463,2024-02-02,S027,P0065,9,1646.89,165.18,INR,2024-09-06 04:02:36.305962563,14656.83
T006464,2024-06-08,S999,P0009,6,1203.72,204.73,INR,2024-10-12 08:44:06.739095449,7017.59
T006465,2024-03-25,S022,P0013,0,721.1,79.31,INR,2024-10-22 03:16:10.317571878,-79.31
T006466,2024-04-16,S018,P0100,3,1584.57,,INR,2024-05-06 20:48:25.926535606,
T006467,2024-10-08,S016,P9999,8,1048.44,243.85,INR,2024-03-11 18:59:28.991042614,8143.67
T006468,2024-01-28,S002,P0058,9,409.72,247.06,INR,2024-05-04 18:26:21.162687302,3440.4200000000005
T006469,2024-10-29,S047,P0030,8,702.04,273.49,INR,2024-01-03 19:40:21.119451523,5342.83
T006470,2024-06-05,S013,P0031,9,1224.69,290.71,INR,2024-06-03 11:28:17.136368275,10731.500000000002
T006471,2024-08-05,S045,P0023,4,1351.68,47.75,INR,2024-04-09 19:42:10.946739912,5358.97
T006472,2024-02-02,S016,P0063,2,1141.45,106.16,INR,2024-10-15 08:44:59.070884943,2176.7400000000002
T006473,2024-05-03,S008,P0028,9,616.82,255.41,INR,2024-09-03 07:21:21.950896025,5295.97
T006474,2024-02-02,S043,P0059,5,1228.13,,INR,2024-01-10 11:37:28.381901741,
T006475,2024-12-16,S008,P0010,7,731.66,4.36,INR,2024-02-22 15:57:11.311167717,5117.26
T006476,2024-10-21,S010,P0089,3,527.35,116.26,INR,2024-07-16 21:35:46.068382502,1465.7900000000002
T006477,2024-06-16,S033,P0100,9,1896.5,34.02,INR,2024-08-13 14:31:56.048496962,17034.48
T006478,2024-03-22,S031,P0090,3,698.26,236.54,INR,2024-10-07 15:23:04.972948313,1858.2399999999998
T006479,2024-12-06,S012,P0026,4,737.68,224.14,INR,2024-12-19 10:10:58.498049498,2726.58
T006480,2024-05-05,S009,P0077,5,1803.88,226.29,INR,2024-09-13 04:49:00.382603407,8793.11
T006481,2024-02-28,S037,P0017,9,371.12,117.07,INR,2024-07-17 21:17:46.491838694,3223.0099999999998
T006482,2024-07-24,S009,P0040,-1,1210.73,121.87,INR,2024-05-31 06:21:56.333854198,-1332.6
T006483,2024-12-10,S048,P0068,4,1589.05,78.56,INR,2024-09-26 10:34:13.319164515,6277.639999999999
T006484,2024-01-02,S018,P0023,6,619.96,108.27,INR,2024-12-07 04:25:20.048584461,3611.4900000000002
T006485,2024-03-27,S030,P0035,-2,1703.75,294.92,INR,2024-06-03 08:41:05.869138956,-3702.42
T006486,2024-12-08,S032,P0075,9,1562.33,,INR,2024-08-01 09:22:58.773468018,
T006487,2024-03-03,S040,P0076,-2,1023.58,97.2,INR,2024-03-16 13:37:16.971413851,-2144.36
T006488,2024-02-11,S023,P0009,4,325.56,236.98,INR,2024-11-08 23:24:36.284140348,1065.26
T006489,2024-07-27,S011,P0079,2,1943.2,114.7,INR,2024-09-17 10:29:39.098113298,3771.7000000000003
T006490,2024-11-10,S020,P0045,-2,1286.04,285.0,INR,2024-05-09 11:14:07.508095502,-2857.08
T006491,2024-06-23,S019,P0037,-2,1082.49,99.64,INR,2024-11-15 00:39:27.874468803,-2264.62
T006492,2024-12-29,S036,P0069,-1,1782.35,254.93,INR,2024-12-20 08:37:11.732176781,-2037.28
T006493,2024-09-04,S026,P0019,8,900.58,244.53,INR,2024-04-15 07:26:07.010527849,6960.110000000001
T006494,2024-01-28,S010,P0075,7,1170.92,2.76,INR,2024-03-09 02:52:28.269087076,8193.68
T006495,2024-12-28,S024,P0073,6,1730.98,120.9,INR,2024-10-30 15:22:31.460014105,10264.980000000001
T006496,2024-05-28,S013,P0099,9,846.65,,INR,2024-07-31 14:05:23.770147562,
T006497,2024-04-14,S046,P0027,9,1567.54,143.88,INR,2024-11-18 19:03:57.448488474,13963.980000000001
T006498,2024-07-22,S034,P0013,0,586.66,138.83,INR,2024-05-06 20:15:24.238657475,-138.83
T006499,2024-04-21,S029,P0057,6,1434.49,271.66,INR,2024-07-31 03:47:09.251068114,8335.28
T006500,2024-02-01,S036,P0060,3,1069.83,55.07,INR,2024-07-29 16:22:35.372804403,3154.4199999999996
T006501,2024-01-01,S007,P0012,7,413.32,54.66,INR,2024-03-09 16:54:39.236029625,2838.58
T006502,2024-06-13,S999,P0009,3,358.41,32.42,INR,2024-12-28 01:19:17.984075785,1042.81
T006503,2024-11-01,S030,P0092,4,969.61,221.6,INR,2024-08-30 09:09:33.866809845,3656.84
T006504,2024-07-27,S017,P0077,7,1450.61,275.36,INR,2024-08-30 09:54:47.867369175,9878.909999999998
T006505,2024-12-30,S048,P0084,8,1246.26,110.55,INR,2024-04-18 08:34:40.954469919,9859.53
T006506,2024-04-14,S013,P0077,5,1723.98,18.55,INR,2024-08-25 09:20:54.623057127,8601.35
T006507,2024-04-12,S024,P0027,8,840.36,46.81,INR,2024-10-31 00:52:12.937115192,6676.07
T006508,2024-02-28,S031,P0090,0,1702.92,30.72,INR,2024-10-23 22:16:55.192495346,-30.72
T006509,2024-02-29,S027,P0063,5,170.35,177.7,INR,2024-12-01 16:47:28.429251432,674.05
T006510,2024-04-14,S050,P0093,3,795.03,84.69,INR,2024-02-24 06:25:13.031667709,2300.4
T006511,2024-10-16,S021,P0029,3,238.67,269.23,INR,2024-03-07 17:34:05.860012054,446.78
T006512,2024-11-26,S044,P0022,8,1846.56,48.68,INR,2024-09-16 05:04:40.652651787,14723.8
T006513,2024-12-21,S001,P0073,0,1003.09,279.05,INR,2024-10-21 19:47:26.100854874,-279.05
T006514,2024-03-25,S015,P0088,3,700.7,99.82,INR,2024-09-03 02:57:22.305749416,2002.2800000000004
T006515,2024-11-17,S003,P0019,8,1035.73,260.19,INR,2024-02-22 03:26:15.354674339,8025.650000000001
T006516,2024-04-29,S006,P0038,5,1112.41,284.7,INR,2024-08-05 03:44:52.579131603,5277.35
T006517,2024-02-11,S014,P0095,4,1707.84,295.91,INR,2024-09-30 03:49:17.176093578,6535.45
T006518,2024-11-13,S038,P0039,7,1130.61,,INR,2024-02-19 23:56:57.920880079,
T006519,2024-08-20,S033,P0015,7,919.62,30.51,INR,2024-01-21 09:06:28.268113135,6406.83
T006520,2024-03-01,S038,P0054,4,1926.57,16.61,INR,2024-04-03 00:01:50.144953728,7689.67
T006521,2024-06-05,S008,P0032,0,1940.26,221.92,INR,2024-02-03 02:59:09.018818140,-221.92
T006522,2024-04-14,S026,P0046,7,172.99,269.11,INR,2024-02-24 05:12:17.858191729,941.82
T006523,2024-09-25,S015,P0061,0,1443.01,49.82,INR,2024-03-15 05:33:22.065615891,-49.82
T006524,2024-06-14,S014,P0093,2,806.34,282.32,INR,2024-07-12 16:51:36.878729105,1330.3600000000001
T006525,2024-12-27,S048,P0052,9,1382.88,183.07,INR,2024-02-26 21:19:16.218125820,12262.850000000002
T006526,2024-01-20,S020,P0034,2,1310.15,37.2,INR,2024-08-08 17:00:56.933721781,2583.1000000000004
T006527,2024-05-09,S048,P0073,6,727.2,50.11,INR,2024-04-16 02:11:03.129131794,4313.090000000001
T006528,2024-06-24,S019,P0035,6,1974.65,19.79,INR,2024-04-23 08:27:40.865349054,11828.11
T006529,2024-07-02,S033,P0070,7,778.51,42.96,INR,2024-12-19 02:24:40.275004148,5406.61
T006530,2024-04-25,S036,P0037,2,1300.77,219.64,INR,2024-10-20 21:08:10.845005274,2381.9
T006531,2024-09-23,S024,P0078,9,1645.43,,INR,2024-06-03 19:29:15.892946482,
T006532,2024-11-15,S010,P0061,2,376.38,168.5,INR,2024-06-12 07:41:59.800909519,584.26
T006533,2024-12-08,S050,P0049,3,671.08,,INR,2024-02-11 21:35:00.939093113,
T006534,2024-10-20,S034,P0009,5,478.05,268.58,INR,2024-11-04 06:11:03.699605942,2121.67
T006535,2024-11-06,S036,P0019,3,1585.46,176.98,INR,2024-01-02 10:56:37.104159355,4579.400000000001
T006536,2024-07-19,S047,P0087,8,1622.3,170.92,INR,2024-02-22 17:39:00.466859818,12807.48
T006537,2024-10-28,S036,P0028,9,586.29,273.85,INR,2024-07-13 22:24:09.355722189,5002.759999999999
T006538,2024-04-20,S016,P0080,3,107.85,,INR,2024-03-09 18:37:55.854830503,
T006539,2024-05-25,S015,P0026,6,904.37,61.11,INR,2024-08-18 23:09:14.401706696,5365.110000000001
T006540,2024-04-25,S018,P0038,-2,1405.56,261.84,INR,2024-01-02 07:53:25.252943992,-3072.96
T006541,2024-06-19,S007,P0040,1,1282.75,22.36,INR,2024-02-05 22:05:23.452011108,1260.39
T006542,2024-04-14,S047,P0025,7,946.83,56.9,INR,2024-10-06 02:37:38.186948538,6570.910000000001
T006543,2024-12-16,S022,P0099,7,673.69,123.38,INR,2024-07-29 10:19:41.485868216,4592.45
T006544,2024-04-24,S032,P0069,9,1001.34,108.38,INR,2024-01-08 02:27:12.473443747,8903.68
T006545,2024-02-05,S043,P0071,-1,128.7,211.83,INR,2024-03-16 02:55:56.827474833,-340.53
T006546,2024-07-11,S019,P0023,6,240.35,27.54,INR,2024-03-28 05:19:07.685266972,1414.56
T006547,2024-01-21,S040,P0089,0,409.09,143.15,INR,2024-11-05 21:46:14.196619272,-143.15
T006548,2024-02-10,S001,P0065,7,1288.27,242.57,INR,2024-07-31 15:01:42.810710192,8775.32
T006549,2024-03-21,S035,P0022,8,515.72,,INR,2024-07-16 14:52:51.138668299,
T006550,2024-06-18,S005,P0064,-1,904.42,189.49,INR,2024-02-01 15:29:32.418658733,-1093.9099999999999
T006551,2024-06-07,S050,P0068,5,1280.68,71.81,INR,2024-08-27 18:50:09.003580093,6331.59
T006552,2024-10-18,S012,P0058,1,1678.1,118.09,INR,2024-02-26 21:35:17.140552998,1560.01
T006553,2024-09-26,S012,P0028,8,1144.35,54.22,INR,2024-07-09 10:27:15.474020481,9100.58
T006554,2024-06-04,S021,P0078,-1,436.54,152.68,INR,2024-08-04 07:29:10.389277935,-589.22
T006555,2024-05-01,S019,P0097,1,1908.31,175.25,INR,2024-11-03 06:50:05.525024175,1733.06
T006556,2024-04-25,S009,P0068,4,271.03,189.35,INR,2024-10-21 08:28:34.597998619,894.7699999999999
T006557,2024-10-09,S043,P0075,4,797.53,262.79,INR,2024-03-10 09:19:30.600848436,2927.33
T006558,2024-01-20,S049,P0096,-2,1850.52,18.55,INR,2024-11-30 09:50:22.722500086,-3719.59
T006559,2024-01-05,S048,P0004,9,1244.43,116.49,INR,2024-01-02 00:07:46.950833321,11083.380000000001
T006560,2024-10-17,S036,P0001,9,1359.04,177.29,INR,2024-04-30 11:54:01.585691929,12054.07
T006561,2024-06-23,S042,P0026,-2,673.22,171.04,INR,2024-01-25 05:22:12.891517639,-1517.48
T006562,2024-02-17,S047,P0033,0,249.22,6.51,INR,2024-09-20 03:39:10.333637476,-6.51
T006563,2024-03-26,S999,P0081,-1,794.95,56.79,INR,2024-07-01 13:58:12.821190357,-851.74
T006564,2024-12-06,S032,P0027,0,864.1,253.72,INR,2024-03-04 20:30:05.501111745,-253.72
T006565,2024-11-09,S035,P0042,1,613.52,154.62,INR,2024-02-01 01:44:45.628816128,458.9
T006566,2024-09-16,S031,P0069,4,509.42,124.07,INR,2024-03-23 12:29:51.921791553,1913.6100000000001
T006567,2024-06-25,S032,P0071,-1,775.47,,INR,2024-12-02 01:46:57.632476807,
T006568,2024-07-08,S037,P0064,4,1314.89,22.49,INR,2024-09-04 08:15:19.833847284,5237.070000000001
T006569,2024-12-21,S032,P0025,2,1903.17,276.69,INR,2024-03-29 10:01:42.168390512,3529.65
T006570,2024-12-18,S043,P0072,5,1437.18,8.33,INR,2024-11-22 05:12:10.289278984,7177.570000000001
T006571,2024-03-19,S037,P0098,5,1581.25,168.8,INR,2024-02-19 19:41:35.976617098,7737.45
T006572,2024-10-23,S039,P0004,2,681.53,,INR,2024-09-08 06:45:04.723826408,
T006573,2024-03-12,S038,P0012,7,298.92,191.72,INR,2024-06-04 01:38:46.331616640,1900.72
T006574,2024-03-18,S030,P0058,5,653.88,8.89,INR,2024-04-07 22:26:57.878226280,3260.51
T006575,2024-09-03,S032,P0095,9,865.04,159.16,INR,2024-04-05 17:48:47.252767324,7626.2
T006576,2024-05-27,S045,P0011,6,1410.77,34.08,INR,2024-07-01 19:02:14.329394341,8430.539999999999
T006577,2024-12-06,S002,P9999,4,1884.78,46.79,INR,2024-12-05 23:52:55.517677546,7492.33
T006578,2024-02-02,S999,P0059,3,1637.66,64.61,INR,2024-09-27 22:45:36.573609591,4848.370000000001
T006579,2024-07-05,S011,P0036,4,606.16,183.95,INR,2024-08-29 16:09:37.298283339,2240.69
T006580,2024-12-01,S020,P0022,4,1658.57,,INR,2024-11-15 13:33:46.389638186,
T006581,2024-11-26,S037,P0065,0,882.32,25.6,INR,2024-07-27 04:08:32.747380733,-25.6
T006582,2024-02-27,S009,P0050,3,433.33,86.7,INR,2024-03-11 01:21:26.940709114,1213.29
T006583,2024-05-13,S038,P0004,3,976.38,22.99,INR,2024-12-22 15:58:52.220922947,2906.15
T006584,2024-08-13,S049,P0100,8,1170.12,199.24,INR,2024-07-14 04:21:26.993816376,9161.72
T006585,2024-02-28,S019,P0072,6,1550.47,167.24,INR,2024-04-25 01:57:58.876592636,9135.58
T006586,2024-12-19,S040,P0089,-2,764.8,122.31,INR,2024-10-11 00:46:29.059772968,-1651.9099999999999
T006587,2024-11-29,S007,P0092,4,378.88,278.3,INR,2024-06-18 08:36:06.523368359,1237.22
T006588,2024-03-01,S005,P0052,-2,279.27,155.62,INR,2024-01-05 13:09:52.110679388,-714.16
T006589,2024-02-14,S047,P0100,7,313.65,266.26,INR,2024-04-26 18:43:47.310988903,1929.2899999999997
T006590,2024-02-01,S042,P0100,1,1905.04,,INR,2024-06-15 21:01:07.542420626,
T006591,2024-11-27,S024,P0043,4,1908.33,113.04,INR,2024-05-16 00:09:17.883684158,7520.28
T006592,2024-03-11,S048,P0046,3,1940.64,161.7,INR,2024-07-20 09:17:14.161350250,5660.22
T006593,2024-05-31,S041,P0004,3,674.73,,INR,2024-03-07 22:13:50.896984577,
T006594,2024-06-12,S007,P0013,2,464.07,202.43,INR,2024-07-27 22:32:18.365462303,725.71
T006595,2024-08-06,S011,P0038,8,1963.74,294.64,INR,2024-12-26 01:56:38.505618572,15415.28
T006596,2024-01-27,S009,P0045,4,1977.7,74.23,INR,2024-10-02 03:23:36.022069931,7836.570000000001
T006597,2024-03-23,S049,P0025,6,248.87,96.96,INR,2024-09-06 20:39:06.168826580,1396.26
T006598,2024-12-05,S030,P0067,3,1529.8,121.83,INR,2024-03-14 05:20:38.760658741,4467.57
T006599,2024-11-27,S041,P0055,7,648.46,145.04,INR,2024-07-31 08:20:23.007557154,4394.18
T006600,2024-10-12,S003,P0096,4,1827.67,215.73,INR,2024-10-26 04:21:15.709525585,7094.950000000001
T006601,2024-01-08,S022,P0039,6,269.53,,INR,2024-03-28 19:59:33.897145987,
T006602,2024-04-29,S040,P0065,4,1788.3,90.74,INR,2024-02-01 16:14:07.788325787,7062.46
T006603,2024-08-17,S999,P0075,3,104.98,161.6,INR,2024-08-29 13:03:31.693316221,153.34
T006604,2024-04-10,S020,P0002,0,1091.76,176.87,INR,2024-09-02 20:37:55.932452679,-176.87
T006605,2024-11-27,S032,P0069,-2,737.57,160.99,INR,2024-10-20 14:26:54.246331692,-1636.13
T006606,2024-08-19,S048,P0086,7,911.93,130.65,INR,2024-08-17 18:59:14.094754696,6252.86
T006607,2024-01-27,S007,P0062,6,924.19,213.44,INR,2024-11-05 13:05:08.902060747,5331.700000000001
T006608,2024-11-27,S007,P0046,4,1341.85,61.34,INR,2024-04-07 03:00:32.719618320,5306.0599999999995
T006609,2024-12-15,S020,P0077,0,143.88,84.82,INR,2024-01-13 21:04:44.344240189,-84.82
T006610,2024-01-29,S025,P0087,7,1413.59,133.35,INR,2024-09-24 11:14:44.346173048,9761.779999999999
T006611,2024-07-13,S045,P0031,6,142.18,208.65,INR,2024-05-20 20:49:49.584588528,644.4300000000001
T006612,2024-04-20,S035,P0099,0,452.02,,INR,2024-03-17 12:21:25.729117632,
T006613,2024-05-23,S044,P0035,0,1252.81,34.7,INR,2024-01-19 20:20:59.895533323,-34.7
T006614,2024-03-06,S024,P0045,4,264.23,,INR,2024-10-02 17:05:41.995491028,
T006615,2024-07-29,S040,P0077,-1,1982.72,78.29,INR,2024-10-28 14:35:28.095049381,-2061.01
T006616,2024-12-15,S013,P0054,7,1590.33,289.05,INR,2024-05-21 23:50:25.096782923,10843.26
T006617,2024-07-02,S048,P0071,4,1440.77,288.42,INR,2024-11-19 01:24:54.673668385,5474.66
T006618,2024-01-31,S039,P0069,4,608.59,205.78,INR,2024-05-31 16:16:32.885859489,2228.58
T006619,2024-08-14,S004,P0029,-2,192.27,215.06,INR,2024-12-13 07:33:38.633613586,-599.6
T006620,2024-05-04,S012,P0072,7,1959.68,195.3,INR,2024-12-24 20:54:34.065274000,13522.460000000001
T006621,2024-11-08,S017,P0008,8,380.91,,INR,2024-10-25 10:24:26.193289280,
T006622,2024-06-07,S001,P0054,-1,1678.08,150.14,INR,2024-04-03 12:35:58.823212624,-1828.2199999999998
T006623,2024-03-11,S017,P0007,2,475.28,,INR,2024-05-13 17:00:12.702427149,
T006624,2024-03-10,S002,P0083,1,810.78,232.4,INR,2024-07-13 10:03:29.911171436,578.38
T006625,2024-10-07,S006,P0023,0,1417.82,269.63,INR,2024-04-29 23:14:28.277005434,-269.63
T006626,2024-04-06,S044,P0100,7,1896.19,270.24,INR,2024-10-25 21:49:30.072630167,13003.09
T006627,2024-10-07,S011,P0032,8,137.59,78.45,INR,2024-12-04 13:19:18.786850214,1022.27
T006628,2024-03-16,S043,P0062,5,595.46,216.52,INR,2024-12-25 19:30:01.283274174,2760.78
T006629,2024-04-27,S018,P0045,4,1553.43,195.4,INR,2024-05-02 17:58:07.818974972,6018.320000000001
T006630,2024-06-18,S040,P0068,6,429.45,265.75,INR,2024-04-08 15:20:17.006429434,2310.95
T006631,2024-12-10,S025,P0030,0,311.76,55.04,INR,2024-02-28 18:57:16.707028627,-55.04
T006632,2024-12-06,S039,P0039,7,187.75,221.94,INR,2024-01-18 07:46:18.376623631,1092.31
T006633,2024-03-16,S028,P0005,-2,1054.73,127.0,INR,2024-03-05 14:38:58.152905226,-2236.46
T006634,2024-05-10,S046,P0067,6,1558.69,118.35,INR,2024-04-13 20:17:33.301293612,9233.789999999999
T006635,2024-02-24,S016,P0022,6,1927.3,10.74,INR,2024-05-22 17:42:25.289460182,11553.06
T006636,2024-07-05,S012,P0028,9,608.22,288.44,INR,2024-02-10 01:04:01.667581320,5185.540000000001
T006637,2024-06-17,S041,P0022,9,330.61,202.73,INR,2024-10-26 09:15:23.600305796,2772.76
T006638,2024-11-24,S029,P0086,-2,864.85,,INR,2024-08-13 22:46:27.581173182,
T006639,2024-12-05,S023,P0098,5,205.34,75.35,INR,2024-07-24 08:40:41.032665729,951.35
T006640,2024-05-20,S021,P0029,7,729.58,,INR,2024-07-18 00:36:51.529774427,
T006641,2024-06-28,S016,P0043,-2,1321.85,,INR,2024-04-15 20:02:21.054739714,
T006642,2024-11-23,S999,P0042,3,419.52,48.99,INR,2024-12-08 04:52:33.215551138,1209.57
T006643,2024-10-21,S048,P0060,6,1300.57,,INR,2024-03-25 13:59:32.399727345,
T006644,2024-01-02,S041,P0077,0,1946.7,128.23,INR,2024-09-01 01:36:54.788913488,-128.23
T006645,2024-04-26,S045,P0071,3,1741.98,293.47,INR,2024-04-02 09:13:13.022772789,4932.47
T006646,2024-06-02,S026,P0074,0,777.99,190.16,INR,2024-12-27 05:04:06.165143490,-190.16
T006647,2024-03-24,S037,P0092,8,900.84,97.23,INR,2024-11-28 18:10:17.232480049,7109.490000000001
T006648,2024-03-13,S022,P0068,2,896.71,112.33,INR,2024-04-06 13:30:55.662737846,1681.0900000000001
T006649,2024-01-14,S999,P0059,8,1733.81,,INR,2024-12-26 10:14:27.388262749,
T006650,2024-08-22,S010,P0096,4,1988.27,100.43,INR,2024-08-16 11:24:15.717304468,7852.65
T006651,2024-04-05,S007,P0086,8,1669.2,193.96,INR,2024-09-22 22:07:58.357014894,13159.640000000001
T006652,2024-01-20,S009,P0084,7,1160.42,4.98,INR,2024-04-13 06:20:37.605790377,8117.960000000001
T006653,2024-03-25,S025,P0084,9,285.0,290.29,INR,2024-03-19 19:53:15.118669987,2274.71
T006654,2024-10-19,S046,P0006,1,1913.52,,INR,2024-11-09 04:41:05.615014315,
T006655,2024-11-06,S015,P0073,1,1734.09,282.3,INR,2024-04-10 10:40:41.950124025,1451.79
T006656,2024-06-25,S013,P0028,4,1698.68,215.26,INR,2024-11-30 21:33:26.741655827,6579.46
T006657,2024-05-31,S042,P0077,2,844.45,144.31,INR,2024-05-13 19:48:55.615999222,1544.5900000000001
T006658,2024-12-22,S046,P0031,-2,949.63,,INR,2024-01-04 08:07:51.491085768,
T006659,2024-03-14,S026,P0039,8,327.36,154.9,INR,2024-08-04 03:20:52.769171000,2463.98
T006660,2024-03-19,S021,P0050,7,1881.96,213.51,INR,2024-05-09 01:46:02.501724720,12960.210000000001
T006661,2024-04-16,S023,P0078,9,1892.15,256.25,INR,2024-12-22 05:31:43.198232174,16773.100000000002
T006662,2024-03-04,S044,P0086,-1,583.44,97.24,INR,2024-05-21 03:38:21.563445807,-680.6800000000001
T006663,2024-05-18,S028,P0037,3,1422.41,153.14,INR,2024-04-24 18:44:35.930780172,4114.09
T006664,2024-11-28,S999,P0088,9,486.63,185.99,INR,2024-07-25 17:37:02.102881670,4193.68
T006665,2024-08-12,S038,P0072,6,846.6,176.58,INR,2024-09-23 09:48:58.016439915,4903.02
T006666,2024-05-30,S012,P0015,4,674.52,15.71,INR,2024-12-18 18:41:07.207475662,2682.37
T006667,2024-12-07,S024,P0051,1,840.22,,INR,2024-01-26 09:49:32.754757166,
T006668,2024-01-18,S013,P0070,9,687.05,242.71,INR,2024-06-02 02:53:43.827560186,5940.74
T006669,2024-03-17,S040,P0023,9,756.05,240.69,INR,2024-08-30 05:48:56.625440836,6563.76
T006670,2024-07-25,S048,P0025,-1,1603.01,152.14,INR,2024-01-02 19:31:39.130755424,-1755.15
T006671,2024-08-12,S002,P0095,1,670.05,285.71,INR,2024-06-27 11:55:40.181920290,384.34
T006672,2024-01-15,S039,P0046,2,1647.92,247.87,INR,2024-10-21 09:13:03.683367968,3047.9700000000003
T006673,2024-05-27,S012,P0093,-1,1179.05,221.2,INR,2024-01-19 13:38:08.337743521,-1400.25
T006674,2024-08-24,S039,P0023,-2,1582.85,154.68,INR,2024-05-04 07:11:26.385080576,-3320.3799999999997
T006675,2024-09-11,S999,P0010,1,1845.89,177.2,INR,2024-05-26 08:02:40.135915279,1668.69
T006676,2024-08-20,S014,P0073,8,363.01,,INR,2024-09-18 10:39:16.848707438,
T006677,2024-04-27,S030,P0077,3,753.39,159.72,INR,2024-04-17 22:29:53.435239315,2100.4500000000003
T006678,2024-02-04,S041,P0032,-2,205.56,157.81,INR,2024-03-30 21:18:20.148612976,-568.9300000000001
T006679,2024-06-04,S050,P0051,-2,873.13,60.83,INR,2024-02-12 03:48:50.424241543,-1807.09
T006680,2024-02-16,S043,P0041,6,551.07,285.34,INR,2024-12-29 11:54:16.837587595,3021.08
T006681,2024-12-11,S048,P0065,2,1186.19,73.43,INR,2024-06-21 03:47:44.933533192,2298.9500000000003
T006682,2024-06-22,S019,P0065,-1,1588.44,31.27,INR,2024-01-18 14:20:06.022727013,-1619.71
T006683,2024-04-25,S031,P9999,8,1024.1,140.1,INR,2024-01-28 22:25:42.982329130,8052.699999999999
T006684,2024-10-06,S043,P0040,-1,733.88,205.82,INR,2024-02-16 16:52:41.464220047,-939.7
T006685,2024-06-30,S050,P0018,1,389.86,58.55,INR,2024-03-18 06:52:52.487346172,331.31
T006686,2024-04-23,S043,P0036,8,150.98,54.87,INR,2024-09-27 06:07:30.748894930,1152.97
T006687,2024-10-23,S025,P0031,-1,1387.98,78.44,INR,2024-07-22 22:06:31.369440794,-1466.42
T006688,2024-11-12,S004,P0054,1,158.04,90.82,INR,2024-10-10 11:32:11.416260719,67.22
T006689,2024-09-02,S050,P0063,8,1849.59,73.86,INR,2024-01-08 05:36:27.523371696,14722.859999999999
T006690,2024-01-18,S999,P0001,3,1229.04,141.21,INR,2024-04-06 18:24:57.473686457,3545.91
T006691,2024-07-25,S013,P0052,4,771.26,5.48,INR,2024-05-28 00:24:16.146868229,3079.56
T006692,2024-10-05,S036,P0100,3,179.64,26.26,INR,2024-06-05 14:09:37.073828936,512.66
T006693,2024-02-19,S042,P0057,1,885.62,218.81,INR,2024-01-20 13:11:11.857543945,666.81
T006694,2024-03-24,S037,P0009,7,1747.87,123.7,INR,2024-07-05 16:55:04.881841660,12111.39
T006695,2024-11-18,S003,P0086,0,1942.66,108.1,INR,2024-04-14 14:49:20.002331495,-108.1
T006696,2024-01-08,S016,P0092,1,261.36,3.13,INR,2024-03-10 21:18:15.276415348,258.23
T006697,2024-10-01,S026,P0090,9,1576.56,,INR,2024-09-01 23:22:30.308102369,
T006698,2024-06-21,S040,P0074,2,590.88,246.36,INR,2024-01-31 14:31:18.799997091,935.4
T006699,2024-06-12,S039,P0056,1,820.93,102.11,INR,2024-11-12 10:59:11.937760830,718.8199999999999
T006700,2024-01-03,S019,P0047,0,1140.58,289.11,INR,2024-11-24 10:28:12.046082497,-289.11
T006701,2024-10-26,S046,P0003,-2,1989.98,116.99,INR,2024-04-28 19:41:58.176687956,-4096.95
T006702,2024-05-11,S015,P0002,0,496.75,139.24,INR,2024-12-26 05:14:26.929112673,-139.24
T006703,2024-07-16,S032,P0054,8,347.95,240.57,INR,2024-05-26 11:05:44.999090910,2543.0299999999997
T006704,2024-09-04,S049,P0037,2,1230.46,294.91,INR,2024-12-17 05:52:55.540569782,2166.01
T006705,2024-09-13,S021,P0056,3,1720.79,111.48,INR,2024-12-26 05:03:18.451960325,5050.89
T006706,2024-12-14,S001,P0031,9,1331.61,35.98,INR,2024-10-28 19:44:00.638505936,11948.51
T006707,2024-07-12,S006,P0097,1,760.4,156.92,INR,2024-02-15 13:31:01.939523220,603.48
T006708,2024-05-25,S027,P0096,-2,1956.27,177.53,INR,2024-08-01 07:30:46.355764151,-4090.07
T006709,2024-12-14,S023,P0012,7,1990.56,287.84,INR,2024-09-24 03:37:13.070077896,13646.08
T006710,2024-08-22,S047,P0058,4,1564.23,124.18,INR,2024-01-29 06:35:21.012585402,6132.74
T006711,2024-04-18,S031,P0067,6,1624.59,27.24,INR,2024-11-22 04:18:10.215129375,9720.3
T006712,2024-02-16,S012,P0026,3,1545.6,195.28,INR,2024-11-06 21:48:30.563931465,4441.5199999999995
T006713,2024-11-03,S021,P0078,3,589.56,6.33,INR,2024-12-06 20:34:56.013650656,1762.35
T006714,2024-05-12,S002,P0012,6,385.5,127.63,INR,2024-07-06 17:14:01.519991875,2185.37
T006715,2024-08-29,S005,P0090,1,1153.27,122.89,INR,2024-04-28 08:54:30.720866919,1030.3799999999999
T006716,2024-06-20,S009,P0016,2,1912.88,76.45,INR,2024-07-03 19:34:50.693393469,3749.3100000000004
T006717,2024-03-13,S020,P0053,2,1768.76,289.29,INR,2024-09-23 05:09:06.663552046,3248.23
T006718,2024-08-07,S046,P0072,9,303.03,121.02,INR,2024-05-31 21:57:26.596432447,2606.2499999999995
T006719,2024-01-23,S018,P0049,2,208.28,268.41,INR,2024-05-08 09:26:30.783535957,148.14999999999998
T006720,2024-05-30,S022,P0049,5,1760.16,154.53,INR,2024-01-29 03:00:29.219027758,8646.27
T006721,2024-07-18,S008,P0092,8,1264.73,246.16,INR,2024-06-12 05:47:30.032339811,9871.68
T006722,2024-06-08,S034,P0007,-2,678.21,135.42,INR,2024-05-23 09:42:52.086921215,-1491.8400000000001
T006723,2024-09-30,S009,P0015,7,1167.36,297.46,INR,2024-08-30 02:26:20.933932304,7874.0599999999995
T006724,2024-10-29,S007,P0036,8,521.17,192.01,INR,2024-06-09 03:24:21.896644592,3977.3499999999995
T006725,2024-10-08,S030,P0072,7,1899.21,46.78,INR,2024-01-02 11:22:46.081660032,13247.69
T006726,2024-01-15,S018,P0074,8,1671.68,1.93,INR,2024-06-25 18:56:21.830388069,13371.51
T006727,2024-03-11,S027,P0015,0,1928.25,278.67,INR,2024-10-09 09:44:29.048359632,-278.67
T006728,2024-07-14,S016,P0062,5,455.41,206.04,INR,2024-12-11 00:52:07.833571672,2071.01
T006729,2024-12-07,S021,P0018,8,1702.97,31.89,INR,2024-03-11 10:17:33.921629906,13591.87
T006730,2024-10-31,S005,P0046,6,1164.54,223.05,INR,2024-06-03 05:24:52.147220373,6764.19
T006731,2024-11-03,S029,P9999,-1,717.48,68.14,INR,2024-11-05 07:45:23.255197287,-785.62
T006732,2024-04-20,S047,P0061,9,1011.36,242.77,INR,2024-01-16 15:20:00.026478052,8859.47
T006733,2024-06-05,S037,P0043,1,1894.33,182.98,INR,2024-05-07 17:04:59.020657778,1711.35
T006734,2024-06-20,S043,P0044,5,1413.76,37.1,INR,2024-08-03 17:52:05.176264524,7031.7
T006735,2024-02-27,S022,P0099,2,783.84,,INR,2024-05-05 00:26:26.303606510,
T006736,2024-01-12,S014,P0066,-2,1999.81,139.84,INR,2024-06-27 15:01:26.018794298,-4139.46
T006737,2024-12-11,S019,P0055,3,756.91,281.07,INR,2024-12-08 18:35:00.470693827,1989.66
T006738,2024-03-28,S035,P0086,6,1646.07,169.39,INR,2024-01-09 17:35:46.118271828,9707.03
T006739,2024-03-28,S024,P0079,6,1590.32,,INR,2024-01-29 10:31:56.507263184,
T006740,2024-01-31,S042,P9999,8,1473.56,,INR,2024-03-12 21:23:45.291246414,
T006741,2024-12-04,S006,P0039,-2,1371.93,115.22,INR,2024-05-20 11:42:57.881662846,-2859.08
T006742,2024-07-30,S003,P0100,1,306.46,246.66,INR,2024-06-20 20:07:09.487085581,59.79999999999998
T006743,2024-08-31,S034,P0005,-2,1990.42,139.02,INR,2024-01-14 09:14:31.875647783,-4119.860000000001
T006744,2024-11-28,S045,P0057,4,405.98,42.46,INR,2024-11-18 03:16:30.921360970,1581.46
T006745,2024-05-06,S050,P0015,0,1232.65,82.36,INR,2024-10-03 21:14:49.910563231,-82.36
T006746,2024-08-14,S002,P0091,-1,573.38,168.42,INR,2024-04-07 19:46:13.040955782,-741.8
T006747,2024-01-15,S015,P0016,5,420.68,120.77,INR,2024-04-03 17:17:23.034647465,1982.63
T006748,2024-03-09,S037,P0057,6,1162.98,109.92,INR,2024-01-10 08:07:42.782529831,6867.96
T006749,2024-10-30,S015,P0100,4,1689.05,200.63,INR,2024-05-25 16:23:48.728557825,6555.57
T006750,2024-10-06,S032,P0082,3,816.2,190.9,INR,2024-04-02 21:14:51.280238867,2257.7000000000003
T006751,2024-05-07,S021,P0099,7,246.62,94.21,INR,2024-08-13 17:21:32.295074701,1632.13
T006752,2024-05-17,S017,P0025,8,1285.14,107.83,INR,2024-07-18 23:27:20.244782448,10173.29
T006753,2024-07-13,S034,P0022,3,1556.22,225.62,INR,2024-12-15 08:29:12.576544046,4443.04
T006754,2024-01-01,S032,P0031,6,662.56,276.39,INR,2024-10-17 06:20:14.102513075,3698.97
T006755,2024-03-29,S050,P9999,2,1412.12,97.26,INR,2024-01-30 12:22:29.300339460,2726.9799999999996
T006756,2024-03-17,S047,P0034,2,244.0,87.56,INR,2024-09-14 01:33:14.675919056,400.44
T006757,2024-04-01,S023,P0087,-1,786.71,79.58,INR,2024-02-09 02:19:42.355627537,-866.2900000000001
T006758,2024-10-21,S035,P0016,3,1000.85,42.45,INR,2024-04-27 22:14:55.914376020,2960.1000000000004
T006759,2024-04-12,S037,P0070,9,1585.73,113.15,INR,2024-07-21 13:57:21.703791380,14158.42
T006760,2024-03-10,S043,P0059,9,742.47,154.8,INR,2024-06-29 22:29:09.991223335,6527.43
T006761,2024-07-03,S041,P0015,9,962.03,161.23,INR,2024-09-10 01:36:44.760117054,8497.04
T006762,2024-11-11,S037,P0082,3,1293.87,207.31,INR,2024-10-22 15:50:54.055565596,3674.2999999999997
T006763,2024-03-29,S033,P0013,3,1285.75,15.77,INR,2024-10-29 17:24:59.282196522,3841.48
T006764,2024-01-29,S025,P0024,1,1083.74,168.42,INR,2024-01-22 07:00:13.506363868,915.32
T006765,2024-05-10,S046,P0013,8,724.1,76.5,INR,2024-08-22 04:54:12.727154255,5716.3
T006766,2024-09-29,S037,P0065,4,1372.86,71.74,INR,2024-12-16 21:40:14.918750286,5419.7
T006767,2024-07-20,S040,P0036,6,1690.59,236.92,INR,2024-10-02 13:59:00.805080891,9906.619999999999
T006768,2024-10-25,S021,P0049,-2,392.25,46.04,INR,2024-07-08 18:21:01.667341709,-830.54
T006769,2024-12-16,S046,P0082,0,746.88,98.73,INR,2024-12-30 11:12:26.914601803,-98.73
T006770,2024-10-16,S048,P0048,7,1370.62,191.29,INR,2024-01-17 01:16:58.071767807,9403.05
T006771,2024-08-08,S038,P0097,6,1535.97,192.86,INR,2024-02-02 04:13:09.152026892,9022.96
T006772,2024-06-29,S040,P0043,2,1584.77,,INR,2024-10-07 08:55:28.707437754,
T006773,2024-01-15,S034,P0006,3,1341.22,21.77,INR,2024-07-19 15:47:27.438462496,4001.89
T006774,2024-12-25,S019,P0081,5,1008.71,196.61,INR,2024-02-15 09:57:29.271083593,4846.9400000000005
T006775,2024-05-19,S027,P0068,6,1327.02,285.95,INR,2024-05-16 23:44:16.734955072,7676.17
T006776,2024-02-25,S009,P0014,5,356.58,299.55,INR,2024-01-24 11:10:06.284050941,1483.35
T006777,2024-08-31,S005,P0030,0,494.75,296.13,INR,2024-07-11 03:26:29.952593088,-296.13
T006778,2024-04-13,S005,P0084,7,1862.31,105.47,INR,2024-02-07 23:38:52.630713940,12930.7
T006779,2024-08-01,S025,P0008,-2,1852.12,72.54,INR,2024-01-03 12:25:54.107426167,-3776.7799999999997
T006780,2024-08-02,S026,P0054,8,1475.38,29.59,INR,2024-04-27 16:26:07.267703295,11773.45
T006781,2024-06-11,S019,P0066,9,721.39,97.75,INR,2024-03-26 08:40:50.216303587,6394.76
T006782,2024-11-01,S030,P9999,2,1332.8,83.06,INR,2024-05-12 03:58:35.486453772,2582.54
T006783,2024-04-06,S036,P0004,4,1406.8,173.04,INR,2024-05-07 22:00:00.345062971,5454.16
T006784,2024-06-12,S048,P0074,-1,1078.72,110.64,INR,2024-08-17 22:54:46.363057852,-1189.3600000000001
T006785,2024-07-15,S048,P0084,-2,1522.2,69.46,INR,2024-09-05 04:55:46.601116657,-3113.86
T006786,2024-08-30,S016,P0060,1,156.41,183.76,INR,2024-02-16 11:39:53.871258497,-27.349999999999994
T006787,2024-10-13,S007,P0053,0,586.82,,INR,2024-06-27 08:40:31.173249006,
T006788,2024-05-24,S018,P0099,1,1609.46,106.09,INR,2024-11-20 12:57:57.340931177,1503.3700000000001
T006789,2024-08-23,S021,P0074,-2,1883.53,179.53,INR,2024-02-24 04:04:34.740297794,-3946.59
T006790,2024-02-24,S031,P0092,-1,1764.57,35.47,INR,2024-12-18 21:49:14.896440983,-1800.04
T006791,2024-12-06,S001,P0015,-2,1461.34,232.27,INR,2024-01-08 01:27:49.293164968,-3154.95
T006792,2024-05-19,S003,P0100,0,414.44,289.63,INR,2024-02-06 09:30:54.834921598,-289.63
T006793,2024-09-23,S031,P0001,1,800.57,147.25,INR,2024-03-05 19:34:45.353239536,653.32
T006794,2024-01-08,S025,P0022,-2,195.4,167.96,INR,2024-06-20 11:23:19.300387383,-558.76
T006795,2024-03-15,S008,P0091,3,1315.74,,INR,2024-04-19 04:34:34.548636436,
T006796,2024-06-26,S001,P0093,-1,954.74,287.02,INR,2024-06-01 15:10:10.526377200,-1241.76
T006797,2024-11-16,S007,P0015,7,1188.72,39.88,INR,2024-12-09 09:30:39.433191299,8281.160000000002
T006798,2024-07-11,S007,P0074,9,1960.77,244.06,INR,2024-05-04 14:29:58.666358232,17402.87
T006799,2024-12-05,S008,P0084,8,864.28,195.13,INR,2024-11-05 13:29:46.515236139,6719.11
T006800,2024-06-25,S019,P0022,2,682.75,237.45,INR,2024-01-27 13:47:29.832039356,1128.05
T006801,2024-06-28,S017,P0050,5,386.15,285.14,INR,2024-10-23 08:38:28.034965038,1645.6100000000001
T006802,2024-02-13,S011,P0048,9,372.86,148.85,INR,2024-11-25 01:39:28.745652437,3206.8900000000003
T006803,2024-10-19,S047,P0073,1,1085.29,86.5,INR,2024-04-14 00:35:36.526925325,998.79
T006804,2024-03-31,S041,P0051,2,1523.53,,INR,2024-07-18 16:35:11.843544722,
T006805,2024-11-24,S049,P0096,6,1172.48,253.37,INR,2024-03-09 07:31:49.189411402,6781.51
T006806,2024-11-28,S011,P0017,-1,1759.26,205.88,INR,2024-02-03 03:54:05.216123581,-1965.1399999999999
T006807,2024-12-10,S038,P0083,9,700.16,254.7,INR,2024-10-08 04:42:58.794767857,6046.74
T006808,2024-07-08,S041,P0091,9,1230.59,219.1,INR,2024-08-17 21:18:36.148283005,10856.21
T006809,2024-09-04,S050,P0051,-1,1356.36,287.24,INR,2024-10-01 13:39:04.385338306,-1643.6
T006810,2024-10-11,S002,P0037,3,633.31,171.2,INR,2024-06-09 11:38:55.630396366,1728.7299999999998
T006811,2024-02-17,S004,P0098,3,852.98,114.14,INR,2024-04-01 02:33:00.923745155,2444.8
T006812,2024-08-07,S050,P0049,0,1222.79,204.16,INR,2024-06-04 19:12:20.346157551,-204.16
T006813,2024-01-13,S028,P0059,9,139.77,20.73,INR,2024-01-24 15:33:45.033410072,1237.2
T006814,2024-06-30,S033,P0010,6,1784.56,149.52,INR,2024-04-13 11:41:46.764384270,10557.84
T006815,2024-02-26,S011,P0030,-2,311.02,232.02,INR,2024-04-18 14:17:57.692306042,-854.06
T006816,2024-03-07,S003,P0085,9,190.36,50.69,INR,2024-09-17 19:14:09.387743235,1662.5500000000002
T006817,2024-05-13,S040,P0021,0,508.57,120.12,INR,2024-01-20 09:27:48.719348431,-120.12
T006818,2024-06-06,S005,P0034,5,1054.4,105.09,INR,2024-03-30 12:34:51.854022980,5166.91
T006819,2024-08-15,S021,P0073,5,724.53,100.49,INR,2024-04-10 23:06:24.481320143,3522.16
T006820,2024-01-28,S022,P0098,1,936.28,,INR,2024-07-20 05:55:06.991605043,
T006821,2024-07-02,S037,P0050,5,260.12,149.25,INR,2024-03-30 07:31:24.842532873,1151.35
T006822,2024-03-07,S011,P0076,8,542.9,239.19,INR,2024-02-18 08:04:43.362964392,4104.01
T006823,2024-07-28,S044,P0047,7,285.56,17.35,INR,2024-04-04 03:54:41.370668888,1981.5700000000002
T006824,2024-08-20,S022,P0085,5,536.44,136.17,INR,2024-06-02 23:41:41.516704559,2546.03
T006825,2024-07-22,S041,P0084,-2,1436.29,4.2,INR,2024-07-10 19:10:34.103675604,-2876.7799999999997
T006826,2024-09-26,S013,P0006,0,1193.05,66.26,INR,2024-01-14 08:20:46.136507034,-66.26
T006827,2024-05-02,S003,P0050,-2,734.54,232.61,INR,2024-04-23 01:56:35.014235973,-1701.69
T006828,2024-10-06,S013,P0100,-1,596.33,31.82,INR,2024-10-05 22:06:49.614605665,-628.1500000000001
T006829,2024-06-06,S028,P0063,1,1995.3,31.67,INR,2024-08-06 03:07:36.308827400,1963.6299999999999
T006830,2024-06-25,S011,P0012,0,1558.95,120.43,INR,2024-06-15 10:54:17.847069263,-120.43
T006831,2024-08-24,S011,P0041,8,1661.88,233.08,INR,2024-06-14 08:01:51.973646879,13061.960000000001
T006832,2024-01-07,S021,P0031,3,150.09,191.41,INR,2024-05-14 15:33:30.927134752,258.86
T006833,2024-08-26,S021,P0002,9,213.21,234.53,INR,2024-05-04 20:18:18.779636860,1684.3600000000001
T006834,2024-08-13,S007,P0016,9,1453.97,14.86,INR,2024-05-26 05:34:16.693310976,13070.869999999999
T006835,2024-04-23,S017,P0001,2,464.48,169.12,INR,2024-11-13 06:15:17.020791292,759.84
T006836,2024-02-01,S048,P0004,2,908.75,135.99,INR,2024-06-20 02:57:44.337163925,1681.51
T006837,2024-02-03,S014,P0047,7,449.92,268.81,INR,2024-09-01 06:49:02.815036297,2880.63
T006838,2024-12-02,S033,P0065,4,436.44,,INR,2024-10-21 20:45:15.466105461,
T006839,2024-09-08,S011,P0052,4,307.25,127.3,INR,2024-06-06 16:01:38.952732563,1101.7
T006840,2024-02-16,S013,P0047,6,1229.09,166.15,INR,2024-11-02 07:05:10.053820133,7208.389999999999
T006841,2024-05-10,S001,P0099,5,1504.67,127.45,INR,2024-12-28 07:54:12.400475025,7395.900000000001
T006842,2024-08-04,S034,P0077,0,208.0,132.34,INR,2024-07-03 00:27:08.050621986,-132.34
T006843,2024-10-31,S009,P0050,-1,623.55,,INR,2024-05-27 00:03:33.856995106,
T006844,2024-01-16,S013,P0045,-2,1350.9,64.96,INR,2024-10-21 02:46:29.372638941,-2766.76
T006845,2024-03-27,S037,P0042,7,845.4,99.96,INR,2024-08-24 22:43:42.443950415,5817.84
T006846,2024-11-20,S030,P0095,3,1438.87,83.75,INR,2024-08-11 19:35:28.915865898,4232.86
T006847,2024-01-04,S041,P0084,1,1542.53,240.24,INR,2024-11-19 10:27:16.605353117,1302.29
T006848,2024-03-14,S045,P0056,0,161.36,282.58,INR,2024-08-25 01:13:08.353428364,-282.58
T006849,2024-12-16,S037,P0071,8,823.63,124.29,INR,2024-08-22 04:13:05.460301161,6464.75
T006850,2024-08-11,S047,P0057,8,1485.36,23.13,INR,2024-03-16 12:28:04.286546469,11859.75
T006851,2024-04-05,S007,P0033,-1,818.99,28.07,INR,2024-09-08 04:52:39.385769367,-847.0600000000001
T006852,2024-01-25,S014,P0028,-1,111.08,119.88,INR,2024-11-29 05:51:40.654580116,-230.95999999999998
T006853,2024-01-11,S048,P0044,8,738.98,,INR,2024-07-29 08:45:23.527247667,
T006854,2024-03-30,S006,P0056,1,1758.04,43.85,INR,2024-11-25 17:32:46.748321295,1714.19
T006855,2024-11-17,S034,P0044,-2,1908.68,242.14,INR,2024-05-03 22:38:20.881207228,-4059.5
T006856,2024-05-31,S016,P0084,3,1164.98,150.04,INR,2024-01-16 13:00:41.524534701,3344.9
T006857,2024-09-19,S999,P0096,7,682.08,,INR,2024-06-11 11:19:30.619222403,
T006858,2024-12-01,S037,P0073,8,985.52,,INR,2024-01-02 10:39:45.751293421,
T006859,2024-05-28,S036,P0034,2,548.79,133.79,INR,2024-02-26 12:11:50.280971289,963.79
T006860,2024-03-10,S046,P0014,7,419.44,35.05,INR,2024-03-10 13:35:09.251311302,2901.0299999999997
T006861,2024-07-07,S006,P0068,6,1037.72,168.36,INR,2024-07-13 20:23:50.537516594,6057.96
T006862,2024-11-27,S008,P0029,-1,1499.7,115.5,INR,2024-12-12 17:23:02.945942879,-1615.2
T006863,2024-10-20,S024,P0079,6,522.68,,INR,2024-01-08 05:36:28.065190077,
T006864,2024-01-25,S003,P0017,6,1828.12,125.67,INR,2024-03-27 09:24:01.968416214,10843.05
T006865,2024-09-09,S004,P0083,7,419.63,184.33,INR,2024-12-19 20:25:00.009234428,2753.08
T006866,2024-07-27,S032,P0009,6,1160.98,243.41,INR,2024-11-17 19:16:40.987827301,6722.47
T006867,2024-11-27,S001,P0027,7,1575.13,,INR,2024-10-31 17:17:08.316554546,
T006868,2024-02-14,S034,P0049,7,505.44,153.57,INR,2024-02-03 12:10:09.808995008,3384.5099999999998
T006869,2024-07-13,S045,P0079,1,663.24,36.28,INR,2024-08-23 02:18:03.404067516,626.96
T006870,2024-11-17,S009,P0037,2,197.82,129.83,INR,2024-03-15 03:27:54.819677114,265.80999999999995
T006871,2024-05-29,S012,P0028,5,1893.5,112.75,INR,2024-08-25 14:58:28.683732748,9354.75
T006872,2024-06-24,S010,P0050,5,1025.25,128.46,INR,2024-06-05 01:10:21.359133482,4997.79
T006873,2024-01-26,S010,P0055,-2,222.18,32.22,INR,2024-08-20 00:27:55.759895563,-476.58000000000004
T006874,2024-04-11,S050,P0004,7,1677.24,119.52,INR,2024-06-05 12:49:16.170366764,11621.16
T006875,2024-04-28,S044,P0085,-2,1181.75,261.08,INR,2024-11-27 07:29:19.277136326,-2624.58
T006876,2024-12-10,S048,P0098,7,205.04,,INR,2024-01-10 05:42:04.577050686,
T006877,2024-04-13,S023,P0019,3,956.7,72.52,INR,2024-03-10 22:07:07.185154676,2797.5800000000004
T006878,2024-06-17,S006,P0037,4,925.37,90.15,INR,2024-10-31 01:03:13.606517792,3611.33
T006879,2024-09-02,S024,P0004,-1,377.56,2.87,INR,2024-09-25 21:55:14.559364080,-380.43
T006880,2024-02-29,S024,P0037,-1,898.71,34.67,INR,2024-03-08 23:55:19.317929983,-933.38
T006881,2024-06-26,S021,P0051,2,637.33,103.54,INR,2024-02-14 07:47:00.612912893,1171.1200000000001
T006882,2024-09-26,S042,P0032,6,1429.89,205.53,INR,2024-04-23 14:38:51.556763172,8373.81
T006883,2024-11-12,S031,P0045,2,110.43,87.66,INR,2024-06-24 21:10:05.374439240,133.20000000000002
T006884,2024-08-16,S047,P0012,5,302.11,22.62,INR,2024-01-18 03:10:58.655581474,1487.9300000000003
T006885,2024-09-01,S041,P0041,5,1845.43,219.26,INR,2024-11-04 15:21:32.063174725,9007.89
T006886,2024-02-16,S030,P0056,2,923.33,140.03,INR,2024-07-09 03:32:42.287685156,1706.63
T006887,2024-12-11,S034,P0080,5,434.75,155.76,INR,2024-12-01 14:40:23.157990932,2017.99
T006888,2024-02-18,S018,P0014,5,1607.13,97.81,INR,2024-04-28 21:10:44.211189508,7937.84
T006889,2024-10-09,S012,P0054,2,1718.03,183.91,INR,2024-01-18 19:45:05.292124510,3252.15
T006890,2024-04-06,S035,P0063,2,501.31,267.23,INR,2024-11-14 01:06:57.543704748,735.39
T006891,2024-12-06,S007,P0065,1,1455.84,166.13,INR,2024-02-24 14:39:02.622075796,1289.71
T006892,2024-09-19,S041,P0058,-2,1268.76,,INR,2024-05-02 12:13:26.392421484,
T006893,2024-10-02,S040,P0096,6,1515.61,112.07,INR,2024-06-18 11:37:13.051894188,8981.59
T006894,2024-03-20,S025,P0021,-1,1597.01,24.79,INR,2024-06-28 13:27:02.369747639,-1621.8
T006895,2024-06-10,S006,P0004,-2,1355.78,128.56,INR,2024-01-09 13:41:40.859222889,-2840.12
T006896,2024-08-13,S001,P0073,3,1916.81,277.39,INR,2024-07-11 06:15:36.997645378,5473.04
T006897,2024-10-08,S046,P0046,2,1742.03,204.06,INR,2024-01-29 02:48:04.229306459,3280.0
T006898,2024-02-07,S016,P0086,8,535.05,147.07,INR,2024-04-29 07:07:35.801015377,4133.33
T006899,2024-12-17,S048,P0012,-2,1835.78,186.26,INR,2024-12-22 01:08:04.124062300,-3857.8199999999997
T006900,2024-11-20,S004,P0030,4,783.23,167.56,INR,2024-04-12 08:02:53.048657894,2965.36
T006901,2024-04-08,S029,P0094,4,1480.43,273.72,INR,2024-10-23 16:45:30.605259418,5648.0
T006902,2024-10-27,S038,P0096,0,1711.22,67.15,INR,2024-07-05 06:23:29.699546576,-67.15
T006903,2024-07-08,S047,P0060,5,929.1,266.61,INR,2024-03-14 21:09:04.956184387,4378.89
T006904,2024-06-17,S028,P0100,3,197.87,206.54,INR,2024-09-20 12:09:45.847278118,387.07000000000005
T006905,2024-04-24,S022,P0071,1,1904.36,38.32,INR,2024-07-21 15:01:16.457815409,1866.04
T006906,2024-07-31,S008,P0081,7,237.71,,INR,2024-07-13 13:22:22.535613774,
T006907,2024-09-23,S032,P0065,7,761.41,130.89,INR,2024-01-11 21:56:41.878295183,5198.98
T006908,2024-05-29,S033,P0014,7,1233.25,24.88,INR,2024-05-01 20:29:04.388304949,8607.87
T006909,2024-08-17,S013,P0044,9,323.32,166.26,INR,2024-09-25 04:01:43.968834877,2743.62
T006910,2024-09-12,S027,P0026,0,1692.59,77.81,INR,2024-10-17 13:43:06.353276491,-77.81
T006911,2024-09-16,S018,P0091,-2,486.5,137.44,INR,2024-10-24 09:42:29.020369530,-1110.44
T006912,2024-01-19,S018,P0016,-1,1973.41,131.63,INR,2024-01-14 15:33:53.891370296,-2105.04
T006913,2024-11-09,S013,P0007,-1,1841.22,156.5,INR,2024-02-29 09:21:01.387090683,-1997.72
T006914,2024-06-16,S022,P0032,8,1248.66,253.86,INR,2024-12-25 17:39:06.409033060,9735.42
T006915,2024-04-05,S014,P0089,2,1354.02,,INR,2024-02-26 17:42:33.913354635,
T006916,2024-03-29,S011,P0095,1,1113.85,261.9,INR,2024-03-18 18:00:50.692316532,851.9499999999999
T006917,2024-06-25,S039,P0016,-1,843.1,171.7,INR,2024-10-19 22:59:21.319269896,-1014.8
T006918,2024-11-19,S050,P0078,8,768.25,184.74,INR,2024-05-23 14:30:50.161856890,5961.26
T006919,2024-05-18,S022,P0089,6,1794.14,129.15,INR,2024-02-12 10:55:52.301730394,10635.69
T006920,2024-09-30,S036,P0062,4,1195.58,215.17,INR,2024-02-15 15:49:37.415016890,4567.15
T006921,2024-02-05,S017,P0030,5,1664.26,61.47,INR,2024-01-31 13:53:17.235541821,8259.83
T006922,2024-06-22,S999,P0071,5,1076.73,142.56,INR,2024-03-06 22:39:15.790626526,5241.089999999999
T006923,2024-12-27,S032,P0012,-1,683.35,214.25,INR,2024-06-30 09:34:01.240830421,-897.6
T006924,2024-10-08,S014,P0067,2,274.34,233.36,INR,2024-01-06 12:02:49.102156401,315.31999999999994
T006925,2024-03-17,S042,P0091,0,715.02,74.38,INR,2024-02-12 18:04:09.248643875,-74.38
T006926,2024-07-02,S029,P0046,7,1772.22,54.46,INR,2024-11-27 02:23:59.111174107,12351.080000000002
T006927,2024-03-26,S006,P0083,6,1452.73,86.56,INR,2024-11-15 22:51:10.120860100,8629.820000000002
T006928,2024-05-29,S050,P0043,6,1593.08,276.05,INR,2024-10-31 01:47:02.766606331,9282.43
T006929,2024-10-11,S004,P9999,3,1569.53,38.74,INR,2024-09-14 19:01:37.260442495,4669.85
T006930,2024-10-08,S011,P0055,1,327.95,285.93,INR,2024-08-29 10:55:46.971816778,42.01999999999998
T006931,2024-03-24,S045,P0045,5,401.84,,INR,2024-04-10 13:31:06.620813608,
T006932,2024-12-02,S040,P0060,2,702.75,235.03,INR,2024-05-02 06:33:07.577632427,1170.47
T006933,2024-08-04,S010,P0071,0,671.95,228.13,INR,2024-03-27 01:37:37.535746097,-228.13
T006934,2024-05-18,S028,P0080,8,225.55,285.99,INR,2024-12-23 19:32:50.700496435,1518.41
T006935,2024-07-02,S011,P0032,5,391.6,87.16,INR,2024-08-19 12:30:35.709462881,1870.84
T006936,2024-08-08,S035,P0008,9,1726.84,38.69,INR,2024-12-18 12:07:19.758617401,15502.869999999999
T006937,2024-07-23,S015,P0077,3,1219.19,246.93,INR,2024-04-09 04:50:57.445013523,3410.6400000000003
T006938,2024-06-26,S008,P0062,2,750.34,51.28,INR,2024-08-14 17:47:30.545994520,1449.4
T006939,2024-07-03,S020,P0075,-2,1100.31,13.62,INR,2024-10-04 00:24:30.975377083,-2214.24
T006940,2024-03-05,S050,P0020,0,596.5,58.94,INR,2024-02-04 13:54:51.852714777,-58.94
T006941,2024-10-23,S021,P0018,4,1209.3,131.37,INR,2024-08-31 10:34:40.635436773,4705.83
T006942,2024-07-16,S001,P9999,0,241.8,148.53,INR,2024-03-02 17:04:32.491092205,-148.53
T006943,2024-02-17,S029,P0006,-2,1815.04,18.75,INR,2024-04-29 18:00:08.004719734,-3648.83
T006944,2024-10-06,S024,P0084,5,556.85,133.02,INR,2024-09-18 09:30:01.129306554,2651.23
T006945,2024-12-06,S030,P0096,4,1656.24,181.29,INR,2024-06-09 14:58:01.492856741,6443.67
T006946,2024-12-11,S040,P0029,2,1354.0,279.54,INR,2024-12-02 05:22:40.206099749,2428.46
T006947,2024-05-14,S035,P0004,9,1093.71,,INR,2024-03-29 00:55:52.653935194,
T006948,2024-02-19,S033,P0071,7,1866.61,63.29,INR,2024-02-26 03:07:24.209863186,13002.979999999998
T006949,2024-07-08,S020,P0043,2,397.95,116.83,INR,2024-05-03 01:37:35.263871670,679.0699999999999
T006950,2024-02-11,S016,P0084,3,326.63,295.1,INR,2024-11-06 22:50:50.779585600,684.79
T006951,2024-12-06,S009,P0034,4,711.53,100.87,INR,2024-11-05 07:26:20.777196407,2745.25
T006952,2024-03-08,S031,P0100,0,1677.42,13.16,INR,2024-05-14 19:07:00.769782305,-13.16
T006953,2024-04-02,S017,P0071,8,166.88,79.68,INR,2024-10-22 14:13:07.341340065,1255.36
T006954,2024-05-28,S031,P0033,9,554.87,167.49,INR,2024-01-29 09:25:30.338741779,4826.34
T006955,2024-05-19,S048,P0015,9,906.93,123.76,INR,2024-01-03 18:35:24.051387310,8038.61
T006956,2024-10-17,S023,P0096,1,1454.59,232.27,INR,2024-11-11 15:41:22.624779701,1222.32
T006957,2024-06-15,S006,P0086,-2,668.69,182.18,INR,2024-11-15 00:52:04.696050406,-1519.5600000000002
T006958,2024-03-03,S030,P0040,4,951.41,167.84,INR,2024-02-22 08:10:27.184951544,3637.7999999999997
T006959,2024-04-07,S007,P0093,7,740.02,96.9,INR,2024-04-18 15:58:39.254343033,5083.24
T006960,2024-07-04,S048,P0089,-1,274.91,,INR,2024-11-06 11:13:23.112979412,
T006961,2024-02-23,S040,P0005,4,1503.48,184.68,INR,2024-01-31 13:47:54.517590283,5829.24
T006962,2024-08-11,S042,P0078,3,976.62,53.76,INR,2024-11-11 00:41:34.109605789,2876.1
T006963,2024-07-25,S046,P0050,1,1643.77,220.76,INR,2024-07-28 18:13:09.602922440,1423.01
T006964,2024-09-17,S011,P0099,8,1419.92,117.88,INR,2024-08-27 21:44:53.749323606,11241.480000000001
T006965,2024-12-08,S034,P0066,-1,209.85,,INR,2024-08-05 02:36:50.268241167,
T006966,2024-11-28,S012,P0089,4,1050.14,53.31,INR,2024-07-31 14:58:59.564973354,4147.25
T006967,2024-12-11,S045,P0054,4,1982.63,196.96,INR,2024-03-08 13:08:06.461488008,7733.56
T006968,2024-03-30,S047,P0080,2,684.95,8.06,INR,2024-03-27 03:52:07.174610138,1361.8400000000001
T006969,2024-02-18,S027,P0046,6,1036.62,47.69,INR,2024-07-30 17:16:12.193505764,6172.03
T006970,2024-04-20,S012,P0080,0,1338.86,267.34,INR,2024-05-26 12:18:41.141008615,-267.34
T006971,2024-11-22,S013,P0011,6,484.3,138.44,INR,2024-07-16 13:41:34.299776316,2767.36
T006972,2024-12-20,S008,P0049,2,1434.76,152.36,INR,2024-04-02 11:29:10.345432281,2717.16
T006973,2024-11-09,S016,P0099,-1,1353.58,,INR,2024-06-18 07:05:11.177513838,
T006974,2024-02-10,S029,P0023,6,812.42,,INR,2024-02-22 08:13:29.571310520,
T006975,2024-12-11,S035,P0055,-2,640.43,196.38,INR,2024-01-15 00:20:36.690469265,-1477.2399999999998
T006976,2024-06-03,S029,P0005,-2,1846.3,66.59,INR,2024-12-13 03:46:45.995281696,-3759.19
T006977,2024-01-04,S031,P0064,4,341.34,24.47,INR,2024-09-20 21:57:47.073299885,1340.8899999999999
T006978,2024-06-10,S013,P0035,0,920.86,106.01,INR,2024-06-30 19:02:21.762297869,-106.01
T006979,2024-01-17,S012,P0093,5,1557.27,239.6,INR,2024-07-20 02:51:47.581876040,7546.75
T006980,2024-07-17,S999,P0069,4,381.46,134.05,INR,2024-07-05 13:52:55.873668671,1391.79
T006981,2024-05-03,S002,P0054,8,1872.56,,INR,2024-11-24 01:34:15.520458221,
T006982,2024-06-21,S033,P0003,4,1099.88,,INR,2024-10-09 09:04:25.819596291,
T006983,2024-08-11,S008,P0006,-2,1059.15,,INR,2024-04-28 16:15:00.431818008,
T006984,2024-11-13,S041,P0087,-2,906.13,,INR,2024-03-20 15:18:59.206592560,
T006985,2024-08-29,S040,P0056,9,1748.16,173.22,INR,2024-01-25 06:47:47.676323891,15560.220000000001
T006986,2024-06-07,S049,P0002,-1,1902.04,,INR,2024-02-23 22:37:57.780697823,
T006987,2024-10-26,S041,P0082,-1,822.13,12.92,INR,2024-06-27 20:56:07.931034088,-835.05
T006988,2024-11-26,S032,P0094,8,1130.55,3.47,INR,2024-03-14 22:30:56.820951223,9040.93
T006989,2024-02-13,S038,P0038,2,699.3,143.13,INR,2024-04-24 00:34:14.597455740,1255.4699999999998
T006990,2024-07-13,S028,P0056,6,799.23,,INR,2024-02-18 15:57:46.899170637,
T006991,2024-04-13,S015,P0005,4,153.83,157.32,INR,2024-12-02 19:51:07.043264627,458.00000000000006
T006992,2024-01-18,S023,P0046,-1,1593.28,262.86,INR,2024-01-13 07:25:52.814662933,-1856.1399999999999
T006993,2024-09-01,S024,P0011,2,1941.73,39.17,INR,2024-05-08 09:51:42.861064911,3844.29
T006994,2024-11-10,S013,P0065,2,1562.1,209.8,INR,2024-04-04 05:26:05.731127977,2914.3999999999996
T006995,2024-02-29,S021,P0010,5,1084.6,197.96,INR,2024-01-04 00:43:53.596803904,5225.04
T006996,2024-10-23,S012,P0041,6,1672.27,163.49,INR,2024-12-04 22:31:07.467151403,9870.13
T006997,2024-11-07,S013,P0044,5,1729.97,121.53,INR,2024-04-24 11:12:04.979158401,8528.32
T006998,2024-11-29,S039,P0090,-1,1134.59,194.12,INR,2024-07-02 07:55:47.076739550,-1328.71
T006999,2024-04-06,S023,P0033,1,1880.6,165.03,INR,2024-07-31 15:37:58.502913237,1715.57
T007000,2024-11-25,S050,P0091,-1,157.32,,INR,2024-08-10 19:48:09.621712923,
T007001,2024-04-27,S046,P0056,3,119.18,31.38,INR,2024-06-16 23:53:02.321125984,326.16
T007002,2024-07-20,S043,P0012,1,254.77,115.99,INR,2024-08-04 17:56:43.763530493,138.78000000000003
T007003,2024-01-19,S028,P0002,4,209.93,153.73,INR,2024-10-01 09:25:35.027789354,685.99
T007004,2024-01-17,S014,P0001,-1,906.76,152.55,INR,2024-12-13 12:17:59.599215031,-1059.31
T007005,2024-09-19,S017,P0065,6,1886.61,127.67,INR,2024-08-27 19:38:47.357201338,11191.99
T007006,2024-06-11,S024,P0033,2,1382.92,98.21,INR,2024-06-17 17:07:50.233330011,2667.63
T007007,2024-04-03,S034,P0086,-2,1352.96,,INR,2024-06-11 06:44:07.697866678,
T007008,2024-03-10,S999,P0076,9,831.28,79.75,INR,2024-09-16 02:21:01.830142975,7401.7699999999995
T007009,2024-09-01,S048,P0036,8,1114.16,173.97,INR,2024-08-16 20:49:42.487134457,8739.310000000001
T007010,2024-01-01,S022,P0021,0,677.93,,INR,2024-06-02 10:35:11.508578300,
T007011,2024-10-21,S010,P0084,1,1083.89,263.91,INR,2024-05-02 14:22:06.518361329,819.98
T007012,2024-01-29,S008,P0036,0,1518.66,298.12,INR,2024-12-28 11:58:55.617142916,-298.12
T007013,2024-03-10,S021,P0026,3,1161.52,26.65,INR,2024-10-06 21:08:29.802348375,3457.91
T007014,2024-05-20,S037,P0047,3,895.86,64.28,INR,2024-03-16 11:21:18.416792154,2623.2999999999997
T007015,2024-06-25,S007,P0095,7,1705.35,219.06,INR,2024-04-16 15:25:25.845273972,11718.39
T007016,2024-05-09,S026,P0001,8,646.14,193.57,INR,2024-11-22 04:42:45.891206026,4975.55
T007017,2024-04-27,S013,P0038,4,1014.83,40.16,INR,2024-08-29 04:51:49.296721935,4019.1600000000003
T007018,2024-12-17,S016,P0014,6,1958.48,189.31,INR,2024-04-23 10:11:41.475004435,11561.570000000002
T007019,2024-08-22,S030,P0090,7,1937.91,121.94,INR,2024-05-12 22:28:56.128129244,13443.43
T007020,2024-01-09,S031,P0046,6,111.94,287.06,INR,2024-05-18 07:13:52.112144947,384.58
T007021,2024-06-06,S005,P0042,4,1111.24,256.57,INR,2024-03-08 23:56:45.321359396,4188.39
T007022,2024-11-15,S032,P0007,8,740.15,21.97,INR,2024-07-05 13:50:17.019975901,5899.23
T007023,2024-04-20,S016,P0055,-2,653.33,27.0,INR,2024-10-06 10:23:55.821816206,-1333.66
T007024,2024-02-04,S047,P0056,0,1232.88,125.12,INR,2024-07-24 21:09:54.536079883,-125.12
T007025,2024-10-03,S009,P0076,2,947.98,2.51,INR,2024-08-27 10:03:05.324253321,1893.45
T007026,2024-08-09,S022,P0063,7,1492.4,28.32,INR,2024-08-05 07:35:05.133564471,10418.480000000001
T007027,2024-07-27,S044,P0024,9,151.55,279.78,INR,2024-01-22 11:55:26.261611938,1084.17
T007028,2024-01-20,S040,P0083,8,1861.09,237.73,INR,2024-03-09 15:24:22.074739695,14650.99
T007029,2024-02-21,S045,P0073,3,1178.43,,INR,2024-05-07 21:03:08.304211617,
T007030,2024-08-15,S037,P0099,3,1399.73,249.07,INR,2024-11-20 13:41:55.052877188,3950.1200000000003
T007031,2024-03-16,S014,P0004,2,1248.71,75.02,INR,2024-05-07 06:32:41.453254938,2422.4
T007032,2024-07-02,S016,P0042,3,1979.35,217.67,INR,2024-04-29 09:32:40.818829536,5720.379999999999
T007033,2024-07-17,S043,P0096,6,1973.97,184.67,INR,2024-01-30 09:56:20.466817617,11659.15
T007034,2024-04-13,S020,P0070,-2,1258.79,254.59,INR,2024-12-20 19:24:52.103964090,-2772.17
T007035,2024-12-12,S044,P0028,-2,1399.53,84.81,INR,2024-10-11 04:05:42.389519453,-2883.87
T007036,2024-11-03,S015,P0092,6,1275.28,229.11,INR,2024-10-06 13:31:21.007823943,7422.570000000001
T007037,2024-09-20,S044,P0040,5,690.29,255.8,INR,2024-05-20 01:15:37.107108831,3195.6499999999996
T007038,2024-01-29,S026,P0051,6,465.97,164.7,INR,2024-01-29 14:30:59.098998785,2631.1200000000003
T007039,2024-02-08,S009,P0029,4,865.25,124.14,INR,2024-04-06 04:26:15.184985399,3336.86
T007040,2024-06-28,S001,P0042,7,1397.24,284.6,INR,2024-11-07 07:24:03.190525532,9496.08
T007041,2024-02-28,S035,P0069,3,206.36,50.69,INR,2024-03-06 19:24:34.904858351,568.3900000000001
T007042,2024-12-23,S044,P0005,6,1077.18,10.88,INR,2024-11-22 09:37:35.047686338,6452.2
T007043,2024-02-27,S020,P9999,-1,875.95,53.74,INR,2024-07-14 13:12:34.396817207,-929.69
T007044,2024-06-26,S045,P0041,1,1102.22,205.04,INR,2024-09-17 19:20:23.982134819,897.1800000000001
T007045,2024-05-12,S006,P0061,-1,1734.43,236.68,INR,2024-06-14 13:53:55.033293723,-1971.1100000000001
T007046,2024-08-21,S042,P0055,3,190.46,215.05,INR,2024-12-06 07:01:48.341439962,356.33
T007047,2024-02-17,S010,P0028,-2,1550.89,125.96,INR,2024-03-28 11:24:25.151633263,-3227.7400000000002
T007048,2024-06-06,S048,P0041,4,1367.13,290.27,INR,2024-07-27 22:31:00.656571627,5178.25
T007049,2024-04-10,S033,P0009,4,487.31,133.29,INR,2024-01-26 05:27:22.585856915,1815.95
T007050,2024-11-20,S016,P0029,4,1494.95,294.39,INR,2024-06-24 08:32:33.509643078,5685.41
T007051,2024-01-15,S036,P0078,1,1043.11,275.43,INR,2024-12-21 00:58:39.803395033,767.6799999999998
T007052,2024-11-29,S006,P0038,5,1013.95,122.14,INR,2024-02-02 04:01:55.760078907,4947.61
T007053,2024-10-31,S019,P0062,2,1017.83,48.3,INR,2024-07-03 22:53:37.463612318,1987.3600000000001
T007054,2024-04-18,S031,P0054,-1,1903.54,,INR,2024-08-07 20:12:11.839047909,
T007055,2024-10-15,S002,P0052,2,1894.29,159.44,INR,2024-12-06 02:05:37.349276543,3629.14
T007056,2024-01-12,S018,P0034,9,1835.86,,INR,2024-04-18 13:20:54.269845009,
T007057,2024-12-18,S042,P0037,7,1784.81,52.81,INR,2024-07-02 13:45:35.901516676,12440.86
T007058,2024-07-11,S028,P0049,6,171.42,,INR,2024-12-26 07:50:08.395700216,
T007059,2024-04-20,S004,P0042,7,861.13,189.16,INR,2024-10-07 16:36:23.226561069,5838.75
T007060,2024-05-12,S001,P0014,-2,1800.27,138.26,INR,2024-10-22 19:13:54.124808788,-3738.8
T007061,2024-01-25,S047,P0082,8,1534.74,181.16,INR,2024-10-11 21:16:43.583928585,12096.76
T007062,2024-12-27,S042,P0033,-1,967.65,202.91,INR,2024-07-07 01:22:47.879510164,-1170.56
T007063,2024-01-15,S050,P0098,7,1569.18,114.21,INR,2024-06-07 12:56:29.871803761,10870.050000000001
T007064,2024-08-27,S016,P0092,5,495.55,235.79,INR,2024-04-03 00:09:48.366559267,2241.96
T007065,2024-06-10,S045,P0100,2,1239.62,210.86,INR,2024-06-19 01:52:10.285746098,2268.3799999999997
T007066,2024-12-12,S047,P9999,9,1112.7,206.27,INR,2024-01-08 11:36:02.604022980,9808.03
T007067,2024-03-30,S002,P0087,6,1189.74,44.85,INR,2024-02-05 10:41:32.166142464,7093.59
T007068,2024-07-13,S036,P0017,3,1471.41,142.27,INR,2024-04-14 20:22:35.759001017,4271.96
T007069,2024-06-25,S001,P0075,5,1904.62,173.15,INR,2024-05-01 18:35:42.286011457,9349.949999999999
T007070,2024-09-13,S039,P0032,9,601.62,67.92,INR,2024-09-15 05:51:06.775664091,5346.66
T007071,2024-01-25,S023,P9999,-2,1540.3,227.57,INR,2024-03-03 15:14:13.826838255,-3308.17
T007072,2024-03-11,S026,P0079,6,1325.77,,INR,2024-10-17 10:58:11.857018948,
T007073,2024-03-19,S011,P0068,6,1420.78,44.96,INR,2024-10-19 07:01:18.014941931,8479.720000000001
T007074,2024-09-26,S042,P0039,0,914.95,124.0,INR,2024-08-02 06:26:52.151627779,-124.0
T007075,2024-03-10,S001,P0094,-2,1894.7,,INR,2024-06-28 09:30:34.222205400,
T007076,2024-07-28,S011,P0010,5,1011.35,3.49,INR,2024-06-19 14:24:50.972853899,5053.26
T007077,2024-03-19,S024,P0087,5,331.02,123.42,INR,2024-06-02 11:55:22.480048418,1531.6799999999998
T007078,2024-11-10,S010,P0024,9,1393.32,194.57,INR,2024-02-02 07:54:59.176515579,12345.31
T007079,2024-12-09,S014,P0100,6,344.85,148.54,INR,2024-08-27 05:41:07.698662519,1920.5600000000004
T007080,2024-07-08,S014,P0058,3,713.08,15.65,INR,2024-07-29 17:07:07.750204086,2123.59
T007081,2024-05-08,S007,P0069,6,533.21,69.74,INR,2024-01-06 18:07:24.026609659,3129.5200000000004
T007082,2024-03-26,S023,P9999,9,1123.98,157.3,INR,2024-03-14 23:36:53.660116911,9958.52
T007083,2024-01-19,S043,P0064,7,760.26,221.43,INR,2024-06-08 06:12:02.841151953,5100.389999999999
T007084,2024-04-08,S022,P0019,6,403.72,238.18,INR,2024-11-24 23:27:21.265298843,2184.1400000000003
T007085,2024-08-26,S036,P9999,9,1602.55,155.81,INR,2024-12-27 10:50:31.318816185,14267.14
T007086,2024-07-13,S027,P0008,1,990.13,193.84,INR,2024-10-01 05:37:06.349406719,796.29
T007087,2024-12-10,S002,P0071,8,963.45,271.03,INR,2024-09-30 12:14:01.916326523,7436.570000000001
T007088,2024-05-24,S039,P0040,2,1784.09,19.56,INR,2024-05-31 13:48:20.166087151,3548.62
T007089,2024-09-10,S999,P0013,3,1123.77,29.75,INR,2024-07-27 09:31:26.736173153,3341.56
T007090,2024-06-27,S046,P9999,3,1448.8,137.36,INR,2024-03-25 23:28:40.374337435,4209.04
T007091,2024-07-06,S019,P0027,7,723.32,,INR,2024-09-26 10:12:41.150216341,
T007092,2024-04-07,S007,P0082,-1,1166.45,1.39,INR,2024-01-22 19:42:48.817875385,-1167.8400000000001
T007093,2024-06-15,S012,P0088,1,1480.19,135.76,INR,2024-06-01 07:04:38.397801638,1344.43
T007094,2024-06-20,S003,P0002,9,663.3,,INR,2024-10-30 10:43:37.732803106,
T007095,2024-09-14,S047,P0016,6,1408.21,193.53,INR,2024-12-23 15:34:12.155547380,8255.73
T007096,2024-12-09,S005,P0014,4,1180.65,,INR,2024-09-11 05:51:12.423166990,
T007097,2024-04-30,S008,P0017,6,924.97,270.58,INR,2024-03-13 00:02:49.238577127,5279.24
T007098,2024-01-16,S014,P0060,3,1454.64,19.15,INR,2024-07-27 10:36:15.193067074,4344.77
T007099,2024-06-30,S036,P0070,8,702.12,242.76,INR,2024-07-23 14:05:35.567492485,5374.2
T007100,2024-07-17,S007,P0099,4,1457.56,117.7,INR,2024-12-18 12:06:03.743798733,5712.54
T007101,2024-03-02,S007,P0017,6,1147.12,257.15,INR,2024-11-02 16:02:08.088086367,6625.57
T007102,2024-10-04,S050,P0045,9,566.65,244.54,INR,2024-01-18 21:20:25.700930119,4855.3099999999995
T007103,2024-12-25,S046,P0038,1,1369.72,71.79,INR,2024-03-21 08:00:58.980793476,1297.93
T007104,2024-12-11,S032,P0064,6,1781.05,15.17,INR,2024-11-03 07:15:12.735942364,10671.13
T007105,2024-03-12,S008,P0006,0,689.03,,INR,2024-12-20 22:51:17.779804945,
T007106,2024-11-15,S012,P0060,9,1643.43,61.32,INR,2024-04-17 13:19:42.651632786,14729.550000000001
T007107,2024-09-14,S010,P0049,8,738.65,279.15,INR,2024-09-09 02:47:03.972932816,5630.05
T007108,2024-06-14,S014,P0021,9,1660.13,20.17,INR,2024-04-22 08:20:39.002835274,14921.000000000002
T007109,2024-07-16,S009,P0099,5,197.19,97.19,INR,2024-01-16 00:00:28.816390514,888.76
T007110,2024-11-06,S038,P0023,0,113.71,3.79,INR,2024-10-29 18:14:54.435947180,-3.79
T007111,2024-06-24,S030,P0076,0,315.2,,INR,2024-09-26 16:19:20.512814522,
T007112,2024-05-16,S005,P0057,0,1760.49,162.38,INR,2024-01-20 10:56:11.361470222,-162.38
T007113,2024-06-29,S001,P0064,6,1114.07,196.46,INR,2024-02-23 02:14:54.637276888,6487.96
T007114,2024-07-30,S001,P0029,7,1228.79,217.93,INR,2024-12-30 19:54:27.043107510,8383.599999999999
T007115,2024-03-10,S020,P0027,0,1700.19,250.04,INR,2024-08-25 12:40:08.115012646,-250.04
T007116,2024-11-24,S049,P0006,3,196.23,33.24,INR,2024-10-19 03:46:25.944748878,555.4499999999999
T007117,2024-09-03,S011,P0021,8,835.5,228.56,INR,2024-05-21 20:21:25.933287859,6455.44
T007118,2024-08-19,S026,P0071,1,1321.87,83.51,INR,2024-07-08 03:50:27.071856737,1238.36
T007119,2024-02-06,S044,P0041,-1,868.89,41.47,INR,2024-08-14 06:09:47.538566113,-910.36
T007120,2024-08-08,S003,P0080,9,161.05,79.7,INR,2024-10-21 04:44:25.169496536,1369.75
T007121,2024-02-14,S006,P0005,9,1336.79,,INR,2024-05-03 16:49:12.439760685,
T007122,2024-01-29,S043,P0015,0,843.66,188.22,INR,2024-09-02 09:01:19.453177691,-188.22
T007123,2024-07-11,S045,P0021,2,136.5,179.21,INR,2024-10-10 02:45:44.785970688,93.78999999999999
T007124,2024-05-27,S011,P0058,7,423.98,175.39,INR,2024-10-20 20:57:40.567675591,2792.4700000000003
T007125,2024-08-02,S008,P0004,1,513.41,122.59,INR,2024-07-01 05:21:08.987042665,390.81999999999994
T007126,2024-02-02,S029,P0069,2,1070.17,125.1,INR,2024-06-21 18:40:01.251159668,2015.2400000000002
T007127,2024-06-06,S010,P0007,9,454.11,44.5,INR,2024-02-08 03:42:27.350563526,4042.4900000000002
T007128,2024-03-04,S034,P0035,8,786.52,99.78,INR,2024-06-30 16:04:17.517883062,6192.38
T007129,2024-12-26,S024,P0036,-2,1526.26,153.61,INR,2024-09-13 04:56:12.742789507,-3206.13
T007130,2024-07-23,S046,P0015,1,1634.67,181.81,INR,2024-12-02 00:21:02.762544394,1452.8600000000001
T007131,2024-09-07,S048,P0092,8,1611.28,21.49,INR,2024-02-15 16:44:54.118790865,12868.75
T007132,2024-04-28,S017,P0002,7,1420.66,100.14,INR,2024-12-19 15:26:06.872280836,9844.480000000001
T007133,2024-02-04,S032,P0057,0,1129.44,101.83,INR,2024-03-26 10:28:26.768739223,-101.83
T007134,2024-12-22,S011,P0005,-1,1146.2,154.52,INR,2024-03-05 04:35:07.784527540,-1300.72
T007135,2024-04-14,S034,P0071,4,1911.44,213.01,INR,2024-02-11 19:10:29.521821737,7432.75
T007136,2024-06-03,S024,P0086,7,1767.95,190.57,INR,2024-12-27 09:35:42.774213314,12185.08
T007137,2024-08-25,S005,P0095,6,1334.59,171.27,INR,2024-07-23 18:31:19.815521717,7836.269999999999
T007138,2024-01-10,S029,P0032,-2,990.14,87.43,INR,2024-04-08 18:27:20.916726112,-2067.71
T007139,2024-10-22,S048,P0072,9,1485.23,,INR,2024-04-25 21:35:58.169542551,
T007140,2024-07-14,S048,P0041,4,219.16,235.59,INR,2024-12-12 20:22:31.837225914,641.05
T007141,2024-04-11,S034,P0042,8,1894.76,55.08,INR,2024-11-24 11:43:25.493805408,15103.0
T007142,2024-01-23,S016,P0075,9,1140.4,196.54,INR,2024-05-07 17:51:22.240786791,10067.06
T007143,2024-02-29,S025,P0065,-2,1055.3,272.0,INR,2024-01-24 05:00:30.882027388,-2382.6
T007144,2024-11-22,S037,P0040,2,652.59,,INR,2024-10-31 05:39:22.630049467,
T007145,2024-09-07,S008,P0083,-2,106.44,277.43,INR,2024-11-29 18:20:16.123912811,-490.31
T007146,2024-04-01,S029,P0038,0,216.36,6.59,INR,2024-11-01 16:47:30.736010313,-6.59
T007147,2024-01-24,S046,P0042,5,599.72,154.87,INR,2024-11-29 05:41:54.518225430,2843.7300000000005
T007148,2024-09-09,S025,P0037,1,1128.94,76.88,INR,2024-07-29 04:54:06.449070215,1052.06
T007149,2024-07-27,S042,P0056,9,258.8,78.65,INR,2024-11-02 11:24:41.685732603,2250.55
T007150,2024-05-27,S023,P0071,-2,1946.9,263.26,INR,2024-12-10 12:40:05.683085203,-4157.06
T007151,2024-05-12,S034,P0055,-2,880.83,93.45,INR,2024-11-20 19:33:08.440392971,-1855.1100000000001
T007152,2024-03-20,S003,P0089,5,701.0,7.0,INR,2024-08-02 07:39:47.142402649,3498.0
T007153,2024-09-01,S030,P0054,5,1097.87,161.91,INR,2024-09-29 11:36:42.246546984,5327.44
T007154,2024-12-20,S050,P0022,1,223.47,291.26,INR,2024-09-20 06:36:49.949128151,-67.78999999999999
T007155,2024-03-05,S034,P0027,1,1715.86,23.73,INR,2024-10-20 01:58:12.728129864,1692.1299999999999
T007156,2024-08-05,S032,P0047,7,974.53,85.89,INR,2024-03-24 12:43:25.475004435,6735.82
T007157,2024-06-03,S029,P0038,8,438.84,140.85,INR,2024-01-01 19:04:48.810437202,3369.87
T007158,2024-06-12,S009,P0039,-1,407.3,249.14,INR,2024-07-05 02:43:13.638807774,-656.44
T007159,2024-04-02,S002,P0015,-1,785.81,80.67,INR,2024-10-06 10:13:31.809585333,-866.4799999999999
T007160,2024-10-28,S039,P0066,9,1189.39,103.11,INR,2024-02-15 16:04:20.708734751,10601.4
T007161,2024-06-26,S007,P0061,3,892.12,,INR,2024-07-13 11:12:58.245082140,
T007162,2024-07-17,S046,P0060,5,1233.91,113.89,INR,2024-04-24 18:13:21.722702265,6055.66
T007163,2024-04-21,S005,P0008,4,1440.41,60.1,INR,2024-11-01 22:59:04.133614301,5701.54
T007164,2024-03-07,S008,P0044,4,1522.13,274.7,INR,2024-02-06 14:13:30.759226799,5813.820000000001
T007165,2024-02-01,S032,P0043,0,861.82,237.87,INR,2024-11-05 11:33:06.516820191,-237.87
T007166,2024-09-17,S018,P0006,9,1462.31,292.69,INR,2024-08-10 22:19:14.530261754,12868.099999999999
T007167,2024-03-12,S038,P0084,-1,368.86,111.3,INR,2024-12-01 14:20:07.510992527,-480.16
T007168,2024-09-08,S046,P0027,7,1074.88,13.59,INR,2024-12-07 12:05:22.964056730,7510.570000000001
T007169,2024-05-22,S018,P0045,4,237.78,34.65,INR,2024-10-22 05:45:57.106479645,916.47
T007170,2024-05-31,S049,P0023,1,563.8,107.25,INR,2024-07-12 11:45:53.840045691,456.54999999999995
T007171,2024-06-20,S041,P0081,-2,1208.05,273.32,INR,2024-02-22 00:49:00.456476450,-2689.42
T007172,2024-05-14,S045,P0013,-2,1506.8,,INR,2024-03-23 06:42:47.388639927,
T007173,2024-02-06,S016,P0068,1,281.09,246.6,INR,2024-06-01 11:30:22.926096439,34.48999999999998
T007174,2024-04-23,S021,P0084,2,493.43,71.53,INR,2024-09-23 02:13:39.370033979,915.33
T007175,2024-08-30,S010,P0064,2,1984.61,197.91,INR,2024-07-17 20:55:23.198405504,3771.31
T007176,2024-08-31,S042,P0025,-2,741.55,178.98,INR,2024-06-08 23:31:34.992867231,-1662.08
T007177,2024-04-14,S004,P0086,0,639.68,246.98,INR,2024-06-23 07:12:03.620455503,-246.98
T007178,2024-06-16,S044,P0052,3,261.99,152.92,INR,2024-09-27 15:25:20.420636654,633.0500000000001
T007179,2024-03-11,S008,P0048,7,1420.2,,INR,2024-01-13 12:57:44.523820399,
T007180,2024-03-17,S047,P0061,4,1065.68,5.78,INR,2024-06-10 13:26:49.229975462,4256.9400000000005
T007181,2024-01-09,S019,P0017,8,399.35,238.51,INR,2024-07-28 00:52:46.720336676,2956.29
T007182,2024-11-23,S047,P0040,-2,1302.51,159.07,INR,2024-08-02 21:07:44.567074537,-2764.09
T007183,2024-03-17,S040,P0075,5,1098.94,160.26,INR,2024-08-13 19:41:56.534797667,5334.4400000000005
T007184,2024-03-24,S040,P0089,1,1173.4,287.12,INR,2024-01-20 12:13:00.132247686,886.2800000000001
T007185,2024-04-12,S999,P0069,6,1990.22,145.87,INR,2024-07-22 15:37:25.265490294,11795.449999999999
T007186,2024-02-16,S009,P0085,8,154.36,94.74,INR,2024-07-19 22:48:45.950677156,1140.14
T007187,2024-08-21,S030,P0026,8,1838.45,101.95,INR,2024-11-08 00:31:11.082431793,14605.65
T007188,2024-01-28,S017,P0080,3,1699.59,3.52,INR,2024-10-04 10:16:31.064660549,5095.249999999999
T007189,2024-02-18,S040,P0056,-2,889.15,36.71,INR,2024-01-12 09:32:44.163036108,-1815.01
T007190,2024-08-23,S044,P0040,-1,1773.8,13.14,INR,2024-07-21 21:49:06.919606924,-1786.94
T007191,2024-05-03,S015,P0085,0,1332.27,,INR,2024-09-09 04:40:13.198065996,
T007192,2024-09-15,S004,P0096,-1,1789.77,19.4,INR,2024-07-30 18:03:16.854111195,-1809.17
T007193,2024-07-22,S006,P0068,7,1229.99,99.33,INR,2024-09-03 20:59:39.646040916,8510.6
T007194,2024-04-03,S016,P0008,4,510.68,37.84,INR,2024-02-12 13:54:23.137250185,2004.88
T007195,2024-08-25,S026,P0073,9,1194.82,275.38,INR,2024-03-02 18:33:31.654725552,10478.0
T007196,2024-02-12,S037,P0045,-2,440.22,281.52,INR,2024-07-31 16:46:41.431883812,-1161.96
T007197,2024-07-14,S023,P0017,6,367.57,181.04,INR,2024-10-19 06:00:20.472762585,2024.38
T007198,2024-06-08,S013,P0041,-1,1342.72,241.65,INR,2024-01-10 11:39:47.154540777,-1584.3700000000001
T007199,2024-04-07,S047,P0077,1,1900.21,203.16,INR,2024-06-08 05:27:52.209907770,1697.05
T007200,2024-08-08,S017,P0009,5,1218.14,243.33,INR,2024-12-28 02:23:26.915652752,5847.370000000001
T007201,2024-11-14,S027,P0070,8,1612.0,191.94,INR,2024-10-06 11:55:58.397378206,12704.06
T007202,2024-12-30,S022,P0091,0,419.89,,INR,2024-06-13 07:38:01.579663992,
T007203,2024-08-09,S037,P9999,6,1343.0,262.13,INR,2024-02-05 18:50:02.917910576,7795.87
T007204,2024-05-27,S019,P0024,4,1492.66,131.42,INR,2024-05-11 02:26:21.502447604,5839.22
T007205,2024-03-23,S039,P0073,7,179.07,118.86,INR,2024-02-26 08:47:45.576264858,1134.63
T007206,2024-04-03,S035,P0011,9,284.61,187.31,INR,2024-12-02 02:01:24.531197308,2374.1800000000003
T007207,2024-06-24,S013,P0035,9,1585.0,281.38,INR,2024-09-07 06:14:41.280808210,13983.62
T007208,2024-05-14,S014,P0029,0,935.91,132.66,INR,2024-11-08 07:54:36.920863390,-132.66
T007209,2024-11-29,S048,P0008,0,870.6,172.48,INR,2024-11-23 13:47:21.211961031,-172.48
T007210,2024-05-14,S031,P0017,2,1848.7,147.7,INR,2024-08-09 12:21:17.835618734,3549.7000000000003
T007211,2024-05-16,S045,P0071,2,1984.74,272.92,INR,2024-01-03 09:48:06.401991129,3696.56
T007212,2024-05-19,S002,P0012,7,1552.33,203.02,INR,2024-07-21 23:11:28.749087095,10663.289999999999
T007213,2024-11-01,S046,P0079,2,1605.93,125.88,INR,2024-10-19 21:51:22.361408472,3085.98
T007214,2024-08-25,S039,P0093,9,495.81,182.07,INR,2024-04-24 18:55:47.801107645,4280.22
T007215,2024-08-12,S037,P0050,6,465.23,46.82,INR,2024-12-04 15:06:12.059994221,2744.56
T007216,2024-05-01,S014,P0024,6,1963.3,102.58,INR,2024-12-29 20:08:10.120902538,11677.22
T007217,2024-10-25,S009,P0037,3,1420.67,220.85,INR,2024-07-19 11:32:34.825288296,4041.1600000000003
T007218,2024-01-15,S010,P0078,8,1404.75,,INR,2024-07-12 21:40:19.706401348,
T007219,2024-11-13,S007,P0011,8,643.76,,INR,2024-08-27 03:27:30.233522892,
T007220,2024-07-06,S028,P0099,4,1784.31,108.69,INR,2024-07-25 17:07:40.328116655,7028.55
T007221,2024-05-25,S046,P0081,7,184.44,242.93,INR,2024-02-28 13:35:38.813904047,1048.1499999999999
T007222,2024-06-30,S025,P0059,5,621.72,162.26,INR,2024-04-08 22:54:49.552170038,2946.34
T007223,2024-08-31,S046,P0055,6,442.27,71.63,INR,2024-03-14 15:40:10.998528004,2581.99
T007224,2024-01-05,S028,P0027,3,1451.08,89.04,INR,2024-01-27 07:49:07.639886856,4264.2
T007225,2024-11-14,S002,P0067,5,1459.16,140.37,INR,2024-02-21 05:48:32.058304071,7155.43
T007226,2024-06-12,S017,P0060,-1,1115.99,228.85,INR,2024-12-20 21:35:11.316603899,-1344.84
T007227,2024-05-05,S004,P0002,7,109.99,299.23,INR,2024-07-21 13:37:37.959996700,470.69999999999993
T007228,2024-02-20,S013,P0068,5,1760.14,,INR,2024-02-15 22:54:50.754840136,
T007229,2024-06-09,S018,P0018,8,1915.62,226.48,INR,2024-09-17 06:42:51.818114042,15098.48
T007230,2024-06-30,S003,P0020,-1,484.39,,INR,2024-06-23 00:39:43.584419250,
T007231,2024-05-27,S999,P0085,5,1700.24,159.36,INR,2024-03-23 00:07:10.926226854,8341.84
T007232,2024-09-04,S037,P0063,-1,1949.24,289.94,INR,2024-12-10 09:40:35.229826927,-2239.18
T007233,2024-06-02,S033,P0078,0,721.25,96.83,INR,2024-03-22 22:59:53.037876606,-96.83
T007234,2024-12-16,S041,P0072,4,451.61,53.09,INR,2024-02-05 14:53:11.165145159,1753.3500000000001
T007235,2024-08-06,S024,P0002,8,1957.33,263.28,INR,2024-03-16 02:34:10.347984314,15395.359999999999
T007236,2024-10-21,S008,P0090,6,213.51,20.61,INR,2024-11-28 20:29:31.870891571,1260.45
T007237,2024-02-09,S035,P0083,0,624.33,245.14,INR,2024-11-09 02:17:28.531665087,-245.14
T007238,2024-05-25,S002,P0042,2,1509.86,176.77,INR,2024-11-22 10:17:01.317800999,2842.95
T007239,2024-05-02,S033,P0028,6,1272.97,49.2,INR,2024-11-30 09:43:38.665868759,7588.62
T007240,2024-07-26,S012,P0029,4,1400.57,68.21,INR,2024-01-29 06:53:18.134624720,5534.07
T007241,2024-11-10,S022,P0069,-1,1445.37,46.75,INR,2024-09-16 15:16:08.658056736,-1492.12
T007242,2024-01-29,S013,P0028,2,1403.67,215.5,INR,2024-08-30 13:12:21.372791767,2591.84
T007243,2024-01-27,S010,P0060,2,750.26,44.19,INR,2024-12-28 09:52:38.639551163,1456.33
T007244,2024-11-06,S017,P0090,6,691.85,204.41,INR,2024-09-17 20:32:46.231528044,3946.6900000000005
T007245,2024-03-18,S043,P0005,-1,914.09,38.45,INR,2024-10-16 02:11:42.600789547,-952.5400000000001
T007246,2024-09-01,S005,P0015,-2,1634.6,240.68,INR,2024-09-17 23:16:53.596913815,-3509.8799999999997
T007247,2024-07-17,S009,P0073,1,1882.71,275.85,INR,2024-08-14 12:17:47.262731551,1606.8600000000001
T007248,2024-10-31,S013,P0032,1,964.97,167.79,INR,2024-07-20 20:29:06.580273867,797.1800000000001
T007249,2024-02-15,S023,P0052,-2,262.96,289.86,INR,2024-12-19 18:43:16.845118284,-815.78
T007250,2024-02-17,S030,P0090,7,1882.77,117.11,INR,2024-12-07 18:21:23.060308456,13062.279999999999
T007251,2024-07-22,S043,P0037,4,252.81,73.38,INR,2024-06-08 19:34:02.768306494,937.86
T007252,2024-12-11,S004,P0015,-1,402.31,53.19,INR,2024-04-13 17:11:16.601737738,-455.5
T007253,2024-05-31,S021,P0041,8,1748.59,,INR,2024-07-04 19:26:51.327295065,
T007254,2024-04-29,S043,P0004,6,1147.81,39.22,INR,2024-09-29 07:57:49.674869776,6847.639999999999
T007255,2024-08-09,S009,P0053,4,770.1,262.74,INR,2024-05-26 08:18:07.285437584,2817.66
T007256,2024-12-05,S007,P0100,9,1868.73,235.43,INR,2024-07-15 02:08:35.241807222,16583.14
T007257,2024-11-01,S016,P0084,9,1924.96,168.64,INR,2024-04-19 00:39:49.583607674,17156.0
T007258,2024-12-29,S023,P0027,4,728.45,216.44,INR,2024-06-05 02:41:24.961678267,2697.36
T007259,2024-01-09,S023,P0021,-2,1750.01,15.0,INR,2024-12-15 09:54:27.699889183,-3515.02
T007260,2024-02-11,S031,P0060,6,1389.2,61.06,INR,2024-03-19 10:09:33.530252457,8274.140000000001
T007261,2024-08-10,S005,P0086,7,621.53,186.36,INR,2024-12-26 21:18:49.049208164,4164.35
T007262,2024-10-26,S006,P0064,6,1888.72,143.24,INR,2024-03-19 16:07:45.761329412,11189.08
T007263,2024-04-14,S999,P0071,-1,219.83,181.39,INR,2024-04-26 12:30:25.925127983,-401.22
T007264,2024-03-28,S001,P0047,7,704.09,,INR,2024-02-01 19:33:54.882091284,
T007265,2024-10-14,S048,P0054,6,852.9,195.73,INR,2024-10-01 12:21:23.338536024,4921.67
T007266,2024-01-21,S028,P0031,-1,1412.24,241.08,INR,2024-01-07 10:28:41.144161224,-1653.32
T007267,2024-05-14,S018,P0017,-1,173.02,,INR,2024-10-14 13:29:10.722008705,
T007268,2024-07-03,S024,P0050,5,1790.58,107.22,INR,2024-07-29 15:41:15.124531507,8845.68
T007269,2024-07-23,S013,P0007,0,1352.3,52.39,INR,2024-09-30 07:12:00.125070571,-52.39
T007270,2024-09-22,S033,P0083,0,622.54,79.61,INR,2024-10-12 20:08:06.955247641,-79.61
T007271,2024-05-09,S010,P0028,4,1350.85,156.76,INR,2024-02-15 09:35:18.555931091,5246.639999999999
T007272,2024-08-11,S007,P0010,7,1120.16,76.66,INR,2024-01-08 19:23:17.722166777,7764.460000000001
T007273,2024-08-01,S037,P0027,3,738.92,233.38,INR,2024-03-02 14:23:39.771980286,1983.3799999999997
T007274,2024-07-18,S032,P0013,4,154.33,39.52,INR,2024-05-20 04:25:54.142586946,577.8000000000001
T007275,2024-08-21,S045,P0066,3,1147.09,154.93,INR,2024-01-27 18:15:07.313032389,3286.3399999999997
T007276,2024-04-04,S022,P0086,6,256.14,148.79,INR,2024-06-15 17:02:19.104130030,1388.05
T007277,2024-01-31,S016,P0084,-1,1639.34,41.67,INR,2024-04-14 01:22:58.472794056,-1681.01
T007278,2024-02-13,S024,P0060,5,268.2,298.5,INR,2024-05-12 19:11:39.797105074,1042.5
T007279,2024-03-22,S014,P0043,8,914.6,246.94,INR,2024-12-09 05:37:06.823055267,7069.860000000001
T007280,2024-07-01,S011,P0069,3,925.65,115.96,INR,2024-09-21 08:36:41.493504047,2660.99
T007281,2024-11-02,S019,P0063,1,1156.78,205.47,INR,2024-08-28 05:28:53.362933397,951.31
T007282,2024-09-12,S023,P0070,3,175.06,214.97,INR,2024-08-26 13:13:52.224090099,310.21000000000004
T007283,2024-10-14,S034,P0099,3,487.28,195.34,INR,2024-07-21 17:08:14.936900854,1266.5
T007284,2024-05-08,S040,P0065,9,479.05,129.75,INR,2024-07-06 05:42:31.013934612,4181.7
T007285,2024-05-27,S013,P0099,7,1238.04,265.53,INR,2024-11-17 23:39:22.909246683,8400.749999999998
T007286,2024-05-23,S039,P0067,0,600.91,231.47,INR,2024-01-28 09:01:00.789539576,-231.47
T007287,2024-03-11,S044,P0054,5,373.97,162.61,INR,2024-04-15 07:26:07.054242134,1707.2400000000002
T007288,2024-01-23,S028,P0036,2,134.87,,INR,2024-02-08 00:09:13.412672281,
T007289,2024-08-03,S040,P0071,8,1697.04,67.01,INR,2024-01-05 00:49:22.773963928,13509.31
T007290,2024-12-27,S016,P0093,7,1945.94,152.65,INR,2024-01-06 01:28:31.965093136,13468.93
T007291,2024-03-01,S050,P0015,8,1436.2,269.68,INR,2024-01-09 18:19:32.459990740,11219.92
T007292,2024-01-18,S999,P0075,1,884.15,188.59,INR,2024-09-05 20:01:14.612148523,695.56
T007293,2024-10-11,S028,P0018,-1,331.82,125.36,INR,2024-02-10 15:54:26.211772919,-457.18
T007294,2024-04-02,S004,P0004,7,1002.7,14.37,INR,2024-03-14 21:06:12.832003355,7004.530000000001
T007295,2024-10-29,S028,P0088,-2,968.91,,INR,2024-06-01 22:18:01.530700445,
T007296,2024-09-13,S012,P0011,4,897.76,105.23,INR,2024-04-08 06:37:56.022231102,3485.81
T007297,2024-12-11,S016,P0006,7,818.78,161.21,INR,2024-10-25 02:16:16.635972500,5570.25
T007298,2024-05-29,S049,P0051,8,1043.83,229.93,INR,2024-08-15 13:27:28.081115723,8120.709999999999
T007299,2024-08-29,S036,P0058,0,239.04,241.12,INR,2024-05-01 15:47:00.149709940,-241.12
T007300,2024-06-18,S020,P0060,0,172.76,259.28,INR,2024-04-25 23:46:43.056534767,-259.28
T007301,2024-08-18,S026,P0018,0,221.52,,INR,2024-09-06 13:09:25.217287540,
T007302,2024-06-13,S026,P0079,7,480.0,,INR,2024-03-03 07:04:08.131548643,
T007303,2024-03-09,S022,P0067,9,628.33,207.19,INR,2024-04-12 09:34:48.925604582,5447.780000000001
T007304,2024-07-04,S009,P0017,0,421.97,235.17,INR,2024-05-09 00:04:46.893450499,-235.17
T007305,2024-07-11,S005,P0097,-1,578.64,205.64,INR,2024-06-14 22:41:46.567485809,-784.28
T007306,2024-10-22,S017,P0034,3,453.09,261.56,INR,2024-03-10 13:03:31.549711704,1097.71
T007307,2024-09-25,S049,P0030,7,386.41,66.87,INR,2024-02-27 09:21:39.881071568,2638.0000000000005
T007308,2024-08-30,S034,P0019,0,656.67,227.97,INR,2024-12-27 08:03:01.162237406,-227.97
T007309,2024-02-11,S002,P0009,-2,855.27,35.15,INR,2024-11-29 07:36:52.906693935,-1745.69
T007310,2024-09-20,S007,P0040,7,1514.11,27.6,INR,2024-07-10 02:53:44.393897533,10571.169999999998
T007311,2024-07-01,S036,P0044,6,1915.54,147.49,INR,2024-10-06 10:13:14.686764956,11345.75
T007312,2024-11-22,S013,P0095,3,1846.03,90.07,INR,2024-09-03 00:16:23.066949843,5448.02
T007313,2024-12-01,S020,P0059,3,1004.27,169.01,INR,2024-01-28 10:00:05.410599709,2843.8
T007314,2024-01-21,S030,P0091,7,976.56,203.32,INR,2024-07-08 00:46:53.681981325,6632.6
T007315,2024-10-26,S030,P0025,6,338.83,67.97,INR,2024-03-08 03:08:02.657306910,1965.01
T007316,2024-01-14,S011,P0071,-1,1946.31,209.98,INR,2024-08-01 04:21:03.005649567,-2156.29
T007317,2024-05-14,S031,P0053,7,1544.19,,INR,2024-01-23 13:17:36.014383793,
T007318,2024-07-16,S003,P0048,6,1710.38,227.99,INR,2024-02-29 11:04:50.444274664,10034.29
T007319,2024-02-24,S002,P0071,9,544.91,52.14,INR,2024-10-12 07:50:54.131275177,4852.049999999999
T007320,2024-09-29,S048,P0084,0,862.06,190.11,INR,2024-11-03 18:50:49.919220448,-190.11
T007321,2024-01-04,S003,P0053,0,295.03,2.85,INR,2024-11-27 05:21:17.719351768,-2.85
T007322,2024-03-02,S015,P0049,0,1887.54,140.92,INR,2024-11-23 07:19:28.394370317,-140.92
T007323,2024-07-30,S017,P0043,-2,643.08,159.99,INR,2024-11-27 01:34:24.911595583,-1446.15
T007324,2024-09-17,S048,P0100,7,1232.42,291.71,INR,2024-02-04 13:39:02.689194918,8335.230000000001
T007325,2024-11-30,S007,P0019,4,389.22,221.16,INR,2024-08-28 17:07:13.914426804,1335.72
T007326,2024-09-14,S048,P0066,7,1625.31,211.79,INR,2024-09-12 21:13:51.142114162,11165.38
T007327,2024-09-02,S005,P0034,4,454.05,159.72,INR,2024-04-07 21:23:18.634779692,1656.48
T007328,2024-05-23,S034,P0081,-1,1637.83,153.95,INR,2024-12-28 10:04:24.297487259,-1791.78
T007329,2024-01-01,S033,P0088,3,863.35,297.62,INR,2024-04-14 07:51:28.858780384,2292.4300000000003
T007330,2024-02-13,S045,P0073,1,1197.74,6.38,INR,2024-07-28 20:01:05.088726759,1191.36
T007331,2024-07-14,S016,P0054,8,612.45,90.96,INR,2024-11-14 09:50:00.598705769,4808.64
T007332,2024-09-03,S037,P0001,4,1777.28,40.14,INR,2024-04-15 13:16:13.290378094,7068.98
T007333,2024-06-01,S003,P0092,4,1543.75,94.49,INR,2024-08-09 08:59:11.757818937,6080.51
T007334,2024-09-23,S047,P0055,1,773.12,,INR,2024-09-19 19:19:42.758836031,
T007335,2024-07-09,S048,P0015,0,1212.19,102.58,INR,2024-08-16 17:59:06.358826876,-102.58
T007336,2024-01-28,S043,P0085,4,345.08,288.81,INR,2024-05-28 04:15:09.452290297,1091.51
T007337,2024-03-11,S999,P0015,6,404.9,204.18,INR,2024-12-10 20:03:10.002701044,2225.22
T007338,2024-11-02,S050,P0023,1,1113.99,218.41,INR,2024-08-11 11:50:06.887944937,895.58
T007339,2024-09-21,S021,P0066,3,1317.14,222.69,INR,2024-03-22 21:23:44.760120869,3728.73
T007340,2024-11-22,S041,P0046,4,1159.12,269.77,INR,2024-10-21 05:41:31.897421122,4366.709999999999
T007341,2024-02-12,S008,P0100,7,1162.88,230.41,INR,2024-08-27 09:29:40.199092865,7909.750000000001
T007342,2024-12-27,S022,P0009,0,1510.35,4.86,INR,2024-02-09 23:21:11.401896000,-4.86
T007343,2024-03-17,S999,P0066,2,1814.57,78.42,INR,2024-04-11 12:31:29.700993061,3550.72
T007344,2024-01-05,S005,P0066,9,836.44,296.73,INR,2024-02-27 17:17:19.473850489,7231.230000000001
T007345,2024-12-30,S017,P0018,-2,1120.17,195.64,INR,2024-01-27 12:36:56.946167946,-2435.98
T007346,2024-04-12,S037,P0017,3,1796.75,20.44,INR,2024-03-25 00:32:59.393007517,5369.81
T007347,2024-08-31,S014,P0072,2,982.13,139.99,INR,2024-04-11 12:29:29.635417938,1824.27
T007348,2024-03-05,S039,P0098,4,945.78,294.25,INR,2024-06-19 06:45:37.637334108,3488.87
T007349,2024-07-30,S041,P0034,6,1556.38,297.85,INR,2024-12-19 18:44:38.000304222,9040.43
T007350,2024-11-25,S028,P0069,8,1766.87,129.73,INR,2024-12-10 07:02:04.355830193,14005.23
T007351,2024-04-26,S031,P0064,1,1501.58,267.92,INR,2024-10-02 02:15:53.047617912,1233.6599999999999
T007352,2024-09-01,S017,P0044,6,290.24,177.6,INR,2024-08-23 23:26:24.672688246,1563.8400000000001
T007353,2024-03-09,S035,P0029,3,983.06,152.83,INR,2024-12-11 18:06:30.897110939,2796.35
T007354,2024-08-16,S040,P0062,2,502.74,123.58,INR,2024-02-21 23:50:14.984097719,881.9
T007355,2024-05-02,S022,P0092,-1,702.96,267.64,INR,2024-04-30 13:41:43.542240381,-970.6
T007356,2024-03-18,S045,P0016,-2,990.63,186.34,INR,2024-07-20 23:08:46.547148943,-2167.6
T007357,2024-04-24,S048,P0078,5,520.9,100.14,INR,2024-10-24 02:03:47.948895454,2504.36
T007358,2024-03-06,S029,P0052,9,1080.27,147.58,INR,2024-08-15 16:22:15.325999737,9574.85
T007359,2024-11-25,S010,P0002,9,1322.22,,INR,2024-10-22 05:41:38.711530685,
T007360,2024-05-24,S018,P0061,3,1762.31,135.35,INR,2024-02-25 20:56:14.872021914,5151.58
T007361,2024-03-30,S035,P0004,4,501.78,93.48,INR,2024-03-11 08:21:26.147515535,1913.6399999999999
T007362,2024-06-12,S044,P0052,3,690.07,189.89,INR,2024-09-27 07:21:05.017989397,1880.3200000000002
T007363,2024-04-26,S016,P0041,7,871.02,,INR,2024-05-07 03:14:39.255534887,
T007364,2024-09-28,S050,P0052,4,526.64,265.85,INR,2024-06-08 04:11:12.749735355,1840.71
T007365,2024-12-20,S049,P0031,6,730.88,124.62,INR,2024-10-15 22:58:52.829790592,4260.66
T007366,2024-06-08,S007,P0026,2,1778.37,,INR,2024-01-26 13:31:02.244683027,
T007367,2024-11-10,S030,P0027,-2,363.44,218.85,INR,2024-03-02 07:30:01.341126204,-945.73
T007368,2024-07-25,S019,P0051,-2,943.12,141.56,INR,2024-04-17 23:18:09.796904802,-2027.8
T007369,2024-02-27,S023,P0098,6,690.84,59.61,INR,2024-11-18 11:24:10.059919834,4085.43
T007370,2024-09-09,S008,P0095,2,246.61,,INR,2024-05-27 18:45:23.224849939,
T007371,2024-07-06,S017,P0048,8,282.64,284.42,INR,2024-04-02 00:28:24.672633886,1976.6999999999998
T007372,2024-08-25,S021,P0011,-1,1591.27,55.73,INR,2024-09-04 15:01:25.490744591,-1647.0
T007373,2024-11-20,S026,P0008,0,1719.43,76.8,INR,2024-01-12 01:20:29.713815451,-76.8
T007374,2024-06-09,S028,P0012,-2,1508.67,297.9,INR,2024-10-09 21:56:06.925309420,-3315.2400000000002
T007375,2024-11-24,S039,P0099,3,1124.54,267.77,INR,2024-09-11 17:32:24.529434203,3105.85
T007376,2024-09-30,S033,P0045,9,1568.05,164.86,INR,2024-01-21 02:31:46.377070189,13947.589999999998
T007377,2024-06-27,S040,P0034,3,388.83,208.42,INR,2024-06-30 18:43:57.732447147,958.07
T007378,2024-08-08,S019,P0077,0,1582.38,132.92,INR,2024-05-27 12:21:27.503212690,-132.92
T007379,2024-04-28,S029,P0091,0,904.6,121.23,INR,2024-02-27 17:17:58.194676399,-121.23
T007380,2024-12-25,S020,P0072,4,1525.6,132.96,INR,2024-02-26 05:25:55.679742813,5969.44
T007381,2024-08-31,S020,P0047,-2,532.72,124.32,INR,2024-02-28 11:20:10.826877117,-1189.76
T007382,2024-01-17,S010,P0021,2,1681.83,202.67,INR,2024-08-06 21:02:32.956486702,3160.99
T007383,2024-04-29,S012,P0041,0,1179.42,99.14,INR,2024-03-03 10:53:39.355737925,-99.14
T007384,2024-08-15,S033,P0075,2,113.94,,INR,2024-01-22 18:03:37.562419415,
T007385,2024-01-21,S025,P0022,8,1086.61,211.97,INR,2024-12-15 12:22:27.919597387,8480.91
T007386,2024-01-09,S025,P0021,1,689.53,9.39,INR,2024-01-15 07:08:40.461788893,680.14
T007387,2024-06-13,S004,P0028,3,209.25,215.63,INR,2024-08-30 07:43:45.778619051,412.12
T007388,2024-05-01,S004,P0067,9,949.89,78.97,INR,2024-12-07 15:38:54.281378984,8470.04
T007389,2024-06-08,S009,P0071,6,691.79,57.08,INR,2024-01-14 20:18:48.664505482,4093.66
T007390,2024-04-05,S015,P0014,-1,488.34,113.69,INR,2024-12-18 11:48:40.631358147,-602.03
T007391,2024-03-01,S026,P0079,7,763.33,35.25,INR,2024-07-02 08:29:26.103066921,5308.06
T007392,2024-09-08,S015,P0073,5,441.25,,INR,2024-10-13 13:20:47.411190510,
T007393,2024-07-06,S026,P0052,-1,669.64,30.7,INR,2024-08-16 04:04:04.931927919,-700.34
T007394,2024-03-14,S028,P0043,1,319.14,145.05,INR,2024-08-13 03:34:46.403190851,174.08999999999997
T007395,2024-04-26,S007,P0071,6,260.19,52.85,INR,2024-10-14 21:31:28.819593906,1508.29
T007396,2024-08-04,S032,P0076,1,1829.04,39.0,INR,2024-01-24 21:15:16.558803320,1790.04
T007397,2024-01-27,S012,P0019,4,1815.26,,INR,2024-05-23 05:20:07.228929281,
T007398,2024-02-23,S035,P0027,8,1673.21,,INR,2024-12-19 21:24:59.449815035,
T007399,2024-01-27,S032,P0018,2,537.62,1.66,INR,2024-01-20 22:11:04.480978966,1073.58
T007400,2024-10-23,S009,P0013,-1,1479.19,116.3,INR,2024-04-05 22:05:28.502834319,-1595.49
T007401,2024-10-01,S014,P0001,5,1220.45,23.39,INR,2024-09-02 07:39:24.555821419,6078.86
T007402,2024-10-01,S013,P0085,8,197.34,221.59,INR,2024-02-06 15:48:57.763503551,1357.13
T007403,2024-09-18,S044,P0034,7,1809.21,204.46,INR,2024-07-14 21:15:37.690269470,12460.010000000002
T007404,2024-09-01,S033,P0013,7,1996.17,14.92,INR,2024-09-17 09:07:29.542846441,13958.27
T007405,2024-06-23,S032,P0051,-1,1446.57,282.38,INR,2024-10-03 11:00:09.099108219,-1728.9499999999998
T007406,2024-08-22,S019,P0087,0,539.86,287.99,INR,2024-07-23 20:01:15.008731127,-287.99
T007407,2024-01-15,S030,P0001,7,1153.38,100.4,INR,2024-07-01 17:31:17.427879572,7973.260000000001
T007408,2024-08-14,S016,P0087,4,307.82,39.18,INR,2024-09-17 13:39:54.975557089,1192.1
T007409,2024-10-10,S012,P0028,2,667.68,34.3,INR,2024-02-22 22:43:20.041340828,1301.06
T007410,2024-07-01,S010,P0032,7,1462.79,252.22,INR,2024-09-05 09:20:13.123466492,9987.31
T007411,2024-05-10,S002,P0072,8,672.04,137.75,INR,2024-12-01 12:35:20.669668198,5238.57
T007412,2024-04-11,S018,P0055,0,379.69,2.85,INR,2024-09-06 04:55:00.812244415,-2.85
T007413,2024-08-22,S013,P0026,9,114.2,277.61,INR,2024-01-17 23:22:18.651589870,750.1899999999999
T007414,2024-09-09,S029,P0014,-1,1187.78,177.82,INR,2024-07-03 16:26:20.239943743,-1365.6
T007415,2024-11-13,S024,P0088,8,1940.47,207.12,INR,2024-09-22 02:10:17.481860161,15316.64
T007416,2024-05-04,S038,P0093,3,1019.85,247.07,INR,2024-01-16 18:49:09.589448690,2812.48
T007417,2024-10-07,S012,P0068,7,503.96,245.57,INR,2024-10-05 04:51:24.652708054,3282.1499999999996
T007418,2024-07-23,S029,P0063,-2,980.23,,INR,2024-04-12 18:50:26.100308180,
T007419,2024-11-18,S022,P0082,5,1243.96,172.2,INR,2024-08-02 21:39:11.343060255,6047.6
T007420,2024-07-11,S036,P0014,2,1622.6,208.87,INR,2024-12-18 17:10:09.858487606,3036.33
T007421,2024-07-07,S001,P0027,2,960.09,25.69,INR,2024-12-29 03:34:56.237069130,1894.49
T007422,2024-07-29,S043,P0041,-1,428.61,,INR,2024-08-19 13:24:41.140875578,
T007423,2024-09-30,S040,P0003,4,457.22,118.74,INR,2024-06-28 09:23:50.771044731,1710.14
T007424,2024-12-18,S034,P0094,2,1809.48,265.96,INR,2024-03-05 20:35:04.536374806,3353.0
T007425,2024-01-27,S034,P0059,5,548.86,255.19,INR,2024-03-17 01:00:12.962223530,2489.11
T007426,2024-01-20,S048,P0100,2,1483.23,234.63,INR,2024-06-05 15:47:31.593860149,2731.83
T007427,2024-12-08,S033,P0023,6,611.0,297.08,INR,2024-09-13 08:01:41.921841145,3368.92
T007428,2024-07-12,S004,P0018,2,1469.07,72.8,INR,2024-10-07 19:05:43.083765030,2865.3399999999997
T007429,2024-08-12,S038,P0074,0,248.89,140.34,INR,2024-03-21 23:55:02.626397848,-140.34
T007430,2024-06-25,S030,P0076,-1,494.05,134.02,INR,2024-07-14 10:15:03.405547142,-628.07
T007431,2024-02-04,S046,P0041,2,876.53,203.68,INR,2024-08-03 22:27:37.312016010,1549.3799999999999
T007432,2024-10-07,S020,P0008,7,1079.1,255.05,INR,2024-11-21 23:21:48.437683344,7298.649999999999
T007433,2024-09-29,S026,P0032,7,770.61,147.5,INR,2024-11-15 21:27:10.371789932,5246.77
T007434,2024-04-23,S015,P0081,2,1189.68,147.46,INR,2024-10-25 08:17:39.709448576,2231.9
T007435,2024-04-21,S007,P0041,3,718.2,182.5,INR,2024-07-07 13:57:16.750609636,1972.1000000000004
T007436,2024-11-01,S007,P0045,-1,1389.03,222.74,INR,2024-01-24 18:07:42.335534573,-1611.77
T007437,2024-01-27,S050,P0078,2,1071.29,60.39,INR,2024-05-02 01:59:15.743739843,2082.19
T007438,2024-11-17,S029,P9999,-2,1439.71,,INR,2024-08-14 22:16:17.093082666,
T007439,2024-04-03,S023,P0009,0,918.86,27.62,INR,2024-08-20 17:26:20.626477718,-27.62
T007440,2024-08-04,S034,P0090,0,1765.35,6.93,INR,2024-11-05 21:52:45.711745024,-6.93
T007441,2024-12-07,S020,P0048,0,826.05,107.64,INR,2024-05-18 11:29:28.113779306,-107.64
T007442,2024-09-04,S015,P0024,0,685.45,210.43,INR,2024-12-07 20:48:35.680517912,-210.43
T007443,2024-05-31,S033,P0087,5,1158.46,293.42,INR,2024-02-29 13:56:27.411256552,5498.88
T007444,2024-09-08,S017,P0095,-2,1067.43,279.83,INR,2024-01-19 04:49:28.871042013,-2414.69
T007445,2024-05-05,S020,P0044,3,1084.39,206.55,INR,2024-03-05 11:48:50.910552025,3046.62
T007446,2024-04-11,S013,P0058,3,1612.65,130.96,INR,2024-06-17 17:57:02.887674809,4706.990000000001
T007447,2024-12-29,S044,P0066,-2,1218.33,178.74,INR,2024-10-27 08:40:41.971233130,-2615.3999999999996
T007448,2024-10-01,S024,P0018,-2,1782.0,290.6,INR,2024-02-26 03:36:22.849168777,-3854.6
T007449,2024-08-23,S047,P0080,0,1276.28,79.65,INR,2024-07-19 02:06:48.204417706,-79.65
T007450,2024-05-09,S037,P0029,5,141.23,143.48,INR,2024-10-10 10:56:26.656148672,562.67
T007451,2024-01-18,S007,P0075,3,1753.75,207.87,INR,2024-01-13 17:23:15.917545795,5053.38
T007452,2024-01-12,S008,P0002,1,1695.59,3.09,INR,2024-01-16 03:42:55.851319551,1692.5
T007453,2024-07-21,S023,P0078,2,192.81,114.38,INR,2024-06-28 01:34:43.695465088,271.24
T007454,2024-10-05,S014,P0068,7,338.04,170.37,INR,2024-03-07 15:58:53.069372177,2195.9100000000003
T007455,2024-07-15,S004,P0098,0,1157.08,,INR,2024-06-13 10:59:03.845497370,
T007456,2024-11-02,S021,P0039,8,181.42,297.6,INR,2024-01-17 00:52:29.607436180,1153.7599999999998
T007457,2024-01-13,S046,P0073,8,881.22,166.9,INR,2024-12-22 13:23:12.827074051,6882.860000000001
T007458,2024-05-13,S010,P0041,3,1953.19,283.37,INR,2024-08-26 18:41:39.708698511,5576.2
T007459,2024-03-27,S022,P0071,3,428.27,29.78,INR,2024-09-07 15:27:25.014459372,1255.03
T007460,2024-06-12,S030,P0081,3,491.58,210.38,INR,2024-07-05 01:13:24.195077896,1264.3600000000001
T007461,2024-01-27,S030,P0087,6,1385.06,120.17,INR,2024-10-28 02:12:47.462301970,8190.1900000000005
T007462,2024-12-14,S016,P0075,7,183.56,225.29,INR,2024-10-31 04:39:07.907690763,1059.63
T007463,2024-03-22,S011,P0022,8,1659.3,260.32,INR,2024-02-28 01:38:03.415453196,13014.08
T007464,2024-12-02,S022,P0082,5,478.16,16.12,INR,2024-10-07 11:08:36.242216110,2374.6800000000003
T007465,2024-06-04,S029,P0049,3,1109.95,280.64,INR,2024-07-25 20:04:17.498756886,3049.2100000000005
T007466,2024-12-25,S025,P0028,-1,572.65,20.45,INR,2024-10-05 06:29:35.615611076,-593.1
T007467,2024-07-21,S014,P0016,1,1351.88,226.02,INR,2024-12-01 07:48:29.051992893,1125.8600000000001
T007468,2024-12-05,S014,P0068,3,1215.71,,INR,2024-05-02 07:26:32.923301220,
T007469,2024-01-02,S002,P0062,6,1898.24,258.5,INR,2024-07-27 09:11:06.363210201,11130.94
T007470,2024-09-30,S013,P0036,8,946.64,61.49,INR,2024-10-14 10:21:01.103170633,7511.63
T007471,2024-11-25,S003,P0022,-1,1762.27,130.22,INR,2024-12-26 04:05:34.314261198,-1892.49
T007472,2024-02-20,S030,P0011,3,1194.06,,INR,2024-08-11 14:10:05.449647188,
T007473,2024-02-05,S018,P0085,7,1837.48,237.62,INR,2024-09-20 05:57:26.598679304,12624.74
T007474,2024-06-03,S036,P0080,8,654.46,235.73,INR,2024-11-04 21:58:57.726639032,4999.950000000001
T007475,2024-12-06,S021,P0042,7,1144.55,229.0,INR,2024-10-01 05:13:27.531900167,7782.849999999999
T007476,2024-07-16,S019,P0055,7,841.06,170.83,INR,2024-12-09 22:49:42.555017710,5716.59
T007477,2024-07-11,S016,P0073,4,225.2,285.43,INR,2024-03-24 20:15:12.638840437,615.3699999999999
T007478,2024-02-21,S028,P0035,5,1191.11,249.49,INR,2024-11-27 08:17:27.573677778,5706.0599999999995
T007479,2024-01-01,S004,P0057,6,1609.03,132.09,INR,2024-03-16 14:14:46.814661980,9522.09
T007480,2024-10-22,S999,P0034,2,1156.79,222.77,INR,2024-07-25 06:31:15.606384754,2090.81
T007481,2024-02-01,S015,P0073,6,630.75,299.43,INR,2024-07-09 20:34:23.385770321,3485.07
T007482,2024-08-19,S001,P0077,6,601.28,261.3,INR,2024-10-30 10:27:56.691423655,3346.3799999999997
T007483,2024-11-29,S048,P0070,8,551.89,0.37,INR,2024-05-25 11:16:25.231770039,4414.75
T007484,2024-03-17,S047,P0004,4,1961.3,221.37,INR,2024-02-22 06:16:54.705391407,7623.83
T007485,2024-08-30,S016,P0046,-1,858.52,269.36,INR,2024-09-14 23:31:48.692514896,-1127.88
T007486,2024-01-29,S020,P0092,5,702.05,,INR,2024-08-09 10:05:46.721029043,
T007487,2024-08-08,S033,P0011,9,895.09,293.25,INR,2024-10-28 21:07:04.258750439,7762.56
T007488,2024-02-29,S017,P0098,2,320.02,120.39,INR,2024-10-03 21:36:19.633497238,519.65
T007489,2024-09-25,S005,P0061,8,472.44,126.35,INR,2024-11-22 14:40:07.947877645,3653.17
T007490,2024-04-19,S005,P0035,5,1066.91,48.26,INR,2024-11-02 06:40:12.086973429,5286.29
T007491,2024-06-18,S039,P0069,-1,1617.81,28.98,INR,2024-09-07 09:40:40.981150389,-1646.79
T007492,2024-08-06,S013,P0057,4,1765.21,160.98,INR,2024-06-18 23:35:46.800534964,6899.860000000001
T007493,2024-03-03,S044,P0011,2,1745.37,180.83,INR,2024-01-08 10:23:29.407523870,3309.91
T007494,2024-09-27,S036,P0012,1,1895.03,110.07,INR,2024-04-22 06:31:12.261507749,1784.96
T007495,2024-04-20,S030,P0043,7,338.97,181.98,INR,2024-09-22 13:05:44.469221115,2190.81
T007496,2024-08-29,S004,P0019,3,177.84,,INR,2024-01-22 17:14:47.471579075,
T007497,2024-02-27,S023,P0077,2,300.89,260.46,INR,2024-10-03 03:46:09.161078453,341.32
T007498,2024-09-08,S021,P0068,3,1241.41,286.15,INR,2024-07-07 11:31:11.625162125,3438.0800000000004
T007499,2024-02-16,S021,P0078,6,1156.63,178.06,INR,2024-11-12 17:48:13.525465965,6761.72
T007500,2024-06-04,S006,P0059,-2,1375.3,252.68,INR,2024-08-28 19:59:19.261480570,-3003.2799999999997
T007501,2024-03-31,S024,P0002,8,805.07,256.12,INR,2024-10-18 10:21:02.428025961,6184.4400000000005
T007502,2024-09-30,S047,P0008,-2,844.02,214.13,INR,2024-03-03 14:22:56.043104649,-1902.17
T007503,2024-04-05,S031,P0022,3,1136.59,57.6,INR,2024-03-04 02:43:41.090790272,3352.1699999999996
T007504,2024-11-17,S019,P0077,-1,250.21,46.48,INR,2024-03-18 01:09:29.619188070,-296.69
T007505,2024-11-21,S038,P0021,5,1619.76,275.85,INR,2024-05-01 15:48:39.887456417,7822.95
T007506,2024-03-12,S012,P0085,4,1853.43,79.52,INR,2024-11-26 02:47:09.225665092,7334.2
T007507,2024-08-12,S014,P0092,3,835.96,73.9,INR,2024-10-09 14:56:00.419633865,2433.98
T007508,2024-02-02,S050,P0097,1,1505.19,49.84,INR,2024-05-13 02:16:21.881697655,1455.3500000000001
T007509,2024-05-22,S012,P0029,6,1142.79,158.24,INR,2024-12-01 05:53:36.359808207,6698.5
T007510,2024-09-17,S015,P9999,4,548.42,203.1,INR,2024-10-11 07:23:28.013131142,1990.58
T007511,2024-08-28,S019,P0086,4,228.82,202.85,INR,2024-08-27 11:03:47.182012081,712.43
T007512,2024-08-16,S028,P0090,2,567.21,78.32,INR,2024-06-08 08:19:29.051562309,1056.1000000000001
T007513,2024-04-13,S040,P0075,-2,1249.32,28.44,INR,2024-08-25 20:32:26.732575893,-2527.08
T007514,2024-05-17,S041,P0075,-1,176.44,93.06,INR,2024-08-04 12:41:11.675328016,-269.5
T007515,2024-02-07,S005,P0098,5,1688.76,151.03,INR,2024-10-12 09:08:43.637032032,8292.769999999999
T007516,2024-09-19,S005,P0083,8,1943.58,183.73,INR,2024-03-23 08:04:36.108453989,15364.91
T007517,2024-07-02,S006,P0037,2,258.65,81.18,INR,2024-11-19 05:39:40.559274673,436.11999999999995
T007518,2024-09-15,S023,P0078,-1,568.73,54.95,INR,2024-08-04 00:46:51.402013302,-623.6800000000001
T007519,2024-03-31,S003,P0029,9,1383.7,252.47,INR,2024-10-21 11:12:17.918255806,12200.830000000002
T007520,2024-04-28,S037,P0083,2,1631.55,257.38,INR,2024-05-06 18:22:20.150490284,3005.72
T007521,2024-05-01,S033,P0037,5,757.39,83.99,INR,2024-05-23 01:10:07.608349323,3702.96
T007522,2024-01-10,S043,P0021,1,1078.95,168.03,INR,2024-12-08 02:38:38.931163788,910.9200000000001
T007523,2024-05-04,S021,P0088,0,1794.34,131.95,INR,2024-08-15 00:19:35.795169592,-131.95
T007524,2024-10-20,S020,P0090,2,830.36,42.59,INR,2024-04-25 23:22:41.004010677,1618.13
T007525,2024-11-23,S001,P0012,4,254.92,282.18,INR,2024-01-30 23:42:01.475214720,737.5
T007526,2024-07-08,S039,P0048,-1,1990.3,2.93,INR,2024-06-07 12:55:50.689551115,-1993.23
T007527,2024-06-15,S047,P0083,-2,442.53,56.27,INR,2024-11-05 21:57:55.892278194,-941.3299999999999
T007528,2024-01-12,S017,P0047,8,192.69,103.67,INR,2024-04-01 18:32:33.441468239,1437.85
T007529,2024-11-16,S029,P0094,2,880.24,256.94,INR,2024-11-10 00:06:51.973592997,1503.54
T007530,2024-01-05,S008,P0015,4,330.78,236.6,INR,2024-02-29 00:01:38.028544903,1086.52
T007531,2024-12-10,S026,P0067,5,1959.59,173.97,INR,2024-02-17 10:12:30.727652073,9623.98
T007532,2024-06-27,S028,P0013,8,823.51,208.51,INR,2024-08-09 01:51:45.528193712,6379.57
T007533,2024-05-04,S034,P0059,5,1669.04,102.27,INR,2024-10-20 16:37:41.375526190,8242.93
T007534,2024-12-03,S026,P0073,7,435.55,282.16,INR,2024-10-11 17:15:49.001984119,2766.69
T007535,2024-01-09,S013,P0013,6,363.75,8.04,INR,2024-07-17 10:00:42.876829386,2174.46
T007536,2024-07-31,S044,P0080,8,1333.66,30.28,INR,2024-08-21 02:56:22.488357544,10639.0
T007537,2024-07-19,S037,P0078,8,1827.69,277.67,INR,2024-04-04 05:49:32.832089186,14343.85
T007538,2024-03-21,S013,P0072,9,317.62,283.52,INR,2024-07-20 04:41:42.639296055,2575.06
T007539,2024-06-05,S038,P0019,-2,1219.58,147.17,INR,2024-03-16 19:27:54.655224085,-2586.33
T007540,2024-08-26,S025,P0057,4,261.39,172.94,INR,2024-12-04 20:25:13.820959806,872.6199999999999
T007541,2024-09-22,S047,P0032,7,1643.11,270.76,INR,2024-09-04 11:46:37.216849089,11231.009999999998
T007542,2024-01-01,S023,P0099,5,1827.68,256.03,INR,2024-07-25 02:16:53.685816526,8882.369999999999
T007543,2024-12-07,S022,P0087,3,1294.71,258.59,INR,2024-03-31 04:57:59.184732199,3625.54
T007544,2024-03-01,S021,P0021,7,1407.85,111.54,INR,2024-05-29 06:38:56.098259211,9743.409999999998
T007545,2024-03-26,S030,P0082,9,205.33,249.16,INR,2024-10-11 18:41:55.153052807,1598.81
T007546,2024-04-06,S011,P0014,1,238.66,20.79,INR,2024-03-28 09:13:01.494396925,217.87
T007547,2024-01-14,S004,P0080,4,441.37,146.09,INR,2024-02-17 00:47:20.593341589,1619.39
T007548,2024-02-14,S033,P0024,0,620.27,71.22,INR,2024-04-22 04:25:04.400062799,-71.22
T007549,2024-12-26,S047,P0049,-1,1543.73,,INR,2024-10-16 23:34:21.031358242,
T007550,2024-04-25,S012,P0032,3,927.32,185.16,INR,2024-11-18 08:05:48.811511755,2596.8
T007551,2024-02-12,S009,P0075,-1,248.67,22.85,INR,2024-05-31 05:49:22.033890009,-271.52
T007552,2024-02-09,S032,P0011,3,1720.03,36.05,INR,2024-10-12 03:49:02.910876989,5124.04
T007553,2024-09-19,S011,P0060,7,1988.27,24.52,INR,2024-05-01 06:16:57.054874420,13893.369999999999
T007554,2024-11-07,S037,P0068,0,964.55,,INR,2024-07-04 17:00:19.712770224,
T007555,2024-04-03,S024,P0061,-1,1072.35,11.77,INR,2024-01-08 08:48:57.333255053,-1084.12
T007556,2024-01-08,S007,P0090,5,249.17,80.93,INR,2024-09-16 21:05:01.923992157,1164.9199999999998
T007557,2024-03-22,S008,P0005,1,827.73,195.6,INR,2024-09-19 07:54:28.178368807,632.13
T007558,2024-01-21,S033,P0036,9,806.43,247.01,INR,2024-02-06 13:47:04.713659286,7010.86
T007559,2024-02-07,S025,P0097,1,1935.0,182.46,INR,2024-05-10 23:07:58.993382454,1752.54
T007560,2024-06-06,S001,P0064,4,1354.82,292.95,INR,2024-06-25 11:52:07.988781929,5126.33
T007561,2024-03-24,S003,P0078,5,1586.15,101.31,INR,2024-10-09 13:10:20.908509970,7829.44
T007562,2024-07-07,S040,P0032,9,343.83,141.6,INR,2024-10-27 14:47:35.587757826,2952.87
T007563,2024-04-02,S028,P0071,6,892.16,246.39,INR,2024-09-19 11:49:49.129288673,5106.57
T007564,2024-12-09,S043,P0074,7,463.95,204.51,INR,2024-03-19 18:49:09.473282576,3043.1400000000003
T007565,2024-11-26,S033,P0066,5,1734.36,64.22,INR,2024-05-10 01:32:41.160355806,8607.58
T007566,2024-07-25,S046,P0010,1,389.51,149.6,INR,2024-03-31 06:22:23.336526155,239.91
T007567,2024-05-09,S001,P0099,-1,933.86,292.79,INR,2024-08-20 13:44:35.908664942,-1226.65
T007568,2024-05-19,S038,P0021,7,201.94,258.91,INR,2024-08-24 06:46:56.320056677,1154.6699999999998
T007569,2024-05-30,S027,P0040,2,1305.16,57.54,INR,2024-01-06 21:38:30.611608267,2552.78
T007570,2024-09-22,S038,P0042,4,1015.66,53.94,INR,2024-09-24 01:47:26.684843063,4008.7
T007571,2024-06-13,S035,P0072,-1,1046.14,248.52,INR,2024-03-24 18:30:42.678291082,-1294.66
T007572,2024-11-08,S010,P0046,1,293.08,59.67,INR,2024-10-19 12:03:09.861135960,233.40999999999997
T007573,2024-12-10,S012,P0082,3,1076.56,135.84,INR,2024-10-30 23:27:20.472625017,3093.8399999999997
T007574,2024-05-02,S010,P0073,5,1171.19,54.23,INR,2024-10-17 21:30:36.710844040,5801.720000000001
T007575,2024-07-23,S034,P0041,7,1929.4,4.4,INR,2024-05-28 23:04:12.166795969,13501.400000000001
T007576,2024-02-04,S024,P0094,3,163.12,262.62,INR,2024-05-07 03:07:39.814195156,226.74
T007577,2024-03-14,S028,P0004,3,1853.16,233.7,INR,2024-06-07 19:39:38.525511980,5325.780000000001
T007578,2024-05-30,S022,P0099,3,1011.17,141.18,INR,2024-07-11 10:35:35.562259197,2892.33
T007579,2024-03-16,S045,P0014,1,499.22,47.87,INR,2024-04-01 05:17:54.767664909,451.35
T007580,2024-11-15,S016,P0014,0,1364.54,241.93,INR,2024-12-06 01:08:05.304642200,-241.93
T007581,2024-02-27,S013,P0053,-2,1082.4,107.81,INR,2024-07-02 23:36:32.581724405,-2272.61
T007582,2024-06-15,S036,P9999,-1,530.83,,INR,2024-01-27 17:12:20.769064426,
T007583,2024-08-09,S036,P0084,-1,1290.97,95.01,INR,2024-12-29 23:29:25.135103941,-1385.98
T007584,2024-09-09,S043,P0029,7,999.2,129.69,INR,2024-06-25 16:45:05.017589092,6864.710000000001
T007585,2024-05-19,S023,P0023,4,1409.13,160.64,INR,2024-12-11 15:37:20.987930059,5475.88
T007586,2024-11-13,S014,P0085,8,1409.25,,INR,2024-05-22 10:53:07.323685169,
T007587,2024-07-26,S032,P0031,3,998.35,249.62,INR,2024-03-23 00:54:16.670974255,2745.4300000000003
T007588,2024-06-09,S003,P0096,5,842.51,133.06,INR,2024-09-25 23:04:11.152849197,4079.4900000000002
T007589,2024-01-25,S027,P0071,6,220.16,69.91,INR,2024-06-06 20:39:00.671010733,1251.05
T007590,2024-06-18,S019,P0077,2,1038.31,46.09,INR,2024-11-17 17:34:38.964154243,2030.53
T007591,2024-10-26,S022,P0061,8,561.92,102.22,INR,2024-06-18 12:56:31.130385160,4393.139999999999
T007592,2024-08-12,S001,P0023,0,201.17,240.54,INR,2024-05-03 11:51:51.073067665,-240.54
T007593,2024-10-30,S005,P0008,1,727.72,82.19,INR,2024-12-18 20:05:56.134998083,645.53
T007594,2024-06-29,S049,P0076,8,266.19,14.26,INR,2024-10-30 02:04:53.864843130,2115.2599999999998
T007595,2024-02-13,S033,P0100,5,1201.51,169.28,INR,2024-03-16 01:02:59.757163525,5838.27
T007596,2024-01-05,S999,P0016,0,1056.97,10.08,INR,2024-06-27 10:22:18.338799953,-10.08
T007597,2024-04-20,S019,P0026,-1,1605.62,265.48,INR,2024-02-11 08:39:12.055418253,-1871.1
T007598,2024-09-11,S036,P0029,4,608.5,203.42,INR,2024-02-09 07:50:31.780378103,2230.58
T007599,2024-10-15,S999,P0093,1,805.91,,INR,2024-11-07 11:47:04.573147774,
T007600,2024-04-17,S006,P0006,5,1409.01,,INR,2024-12-06 02:47:38.659039974,
T007601,2024-06-29,S015,P0037,-2,1986.59,221.77,INR,2024-09-26 16:10:27.081935644,-4194.95
T007602,2024-06-02,S036,P0033,5,1817.92,,INR,2024-12-27 01:42:48.612962246,
T007603,2024-05-29,S033,P0095,2,1089.57,262.34,INR,2024-01-17 12:38:33.517760515,1916.8
T007604,2024-03-25,S024,P0046,9,1388.1,20.86,INR,2024-05-01 00:01:20.995593071,12472.039999999999
T007605,2024-02-19,S027,P0061,-1,1110.65,24.34,INR,2024-02-18 05:24:32.248574972,-1134.99
T007606,2024-03-12,S049,P0041,-2,926.13,179.32,INR,2024-10-12 10:28:55.518625735,-2031.58
T007607,2024-01-21,S011,P0018,3,1244.37,148.95,INR,2024-11-21 00:01:05.151954174,3584.16
T007608,2024-03-13,S049,P0095,6,834.35,87.88,INR,2024-06-12 04:45:30.256217957,4918.22
T007609,2024-01-04,S023,P0016,6,632.36,292.85,INR,2024-10-29 15:50:03.213034153,3501.31
T007610,2024-08-16,S033,P0051,6,1440.78,223.88,INR,2024-11-05 09:09:55.237975121,8420.800000000001
T007611,2024-04-25,S041,P0037,8,1756.75,206.2,INR,2024-02-20 23:41:18.389685869,13847.8
T007612,2024-12-21,S046,P0014,1,647.25,54.4,INR,2024-05-17 14:23:38.866787434,592.85
T007613,2024-03-11,S047,P0068,3,1443.09,85.18,INR,2024-03-09 15:07:38.299419165,4244.089999999999
T007614,2024-05-06,S029,P0030,9,924.64,181.51,INR,2024-09-01 13:38:47.103302240,8140.25
T007615,2024-05-10,S031,P0060,7,673.96,238.68,INR,2024-05-21 09:01:13.403018951,4479.04
T007616,2024-01-04,S001,P0053,3,1280.11,279.32,INR,2024-08-31 17:42:26.555306435,3561.0099999999998
T007617,2024-11-02,S034,P0097,2,1884.89,209.32,INR,2024-11-15 16:40:34.297378302,3560.46
T007618,2024-01-12,S018,P0036,-1,768.21,125.59,INR,2024-05-30 15:42:37.911399603,-893.8000000000001
T007619,2024-12-09,S018,P0030,4,1543.01,207.32,INR,2024-12-20 18:03:07.651988029,5964.72
T007620,2024-11-21,S006,P0064,-2,697.93,20.75,INR,2024-05-29 03:27:33.439586401,-1416.61
T007621,2024-07-14,S040,P0014,3,1627.35,180.02,INR,2024-03-19 00:18:56.084797859,4702.029999999999
T007622,2024-07-17,S001,P0023,2,1543.97,268.39,INR,2024-07-12 04:25:48.012303591,2819.55
T007623,2024-08-26,S047,P0048,2,1554.7,191.08,INR,2024-05-25 15:34:39.201550961,2918.32
T007624,2024-05-21,S042,P0028,5,1995.65,2.26,INR,2024-02-15 15:00:47.562413216,9975.99
T007625,2024-08-24,S030,P0007,6,366.98,208.36,INR,2024-01-09 11:09:41.132721662,1993.52
T007626,2024-01-17,S004,P0042,4,838.79,217.93,INR,2024-09-28 13:28:35.586064100,3137.23
T007627,2024-01-20,S032,P0010,7,1298.54,162.37,INR,2024-12-06 11:50:56.773330212,8927.409999999998
T007628,2024-06-15,S010,P0068,5,1221.9,244.83,INR,2024-06-09 18:33:24.440464258,5864.67
T007629,2024-07-19,S043,P0044,-1,1583.2,60.69,INR,2024-01-24 20:57:57.591318607,-1643.89
T007630,2024-11-20,S005,P0013,-1,189.13,122.69,INR,2024-09-27 08:02:01.095473051,-311.82
T007631,2024-02-08,S009,P0085,9,1439.6,242.28,INR,2024-11-12 11:33:01.526336193,12714.119999999999
T007632,2024-10-27,S005,P0033,5,1501.68,181.11,INR,2024-04-28 03:12:03.725062609,7327.290000000001
T007633,2024-03-17,S011,P0092,3,216.09,298.31,INR,2024-03-22 00:51:13.646543741,349.96
T007634,2024-05-23,S035,P0087,5,1123.5,20.78,INR,2024-05-03 00:36:56.912750959,5596.72
T007635,2024-04-25,S027,P0032,6,565.49,73.29,INR,2024-11-27 12:50:29.761257887,3319.65
T007636,2024-05-26,S004,P0048,6,1623.09,59.74,INR,2024-06-01 13:20:22.143126726,9678.8
T007637,2024-02-24,S010,P0005,8,194.27,292.92,INR,2024-08-26 18:25:24.485244751,1261.24
T007638,2024-07-02,S039,P0061,3,377.71,260.78,INR,2024-01-28 03:21:02.346630812,872.3499999999999
T007639,2024-10-19,S033,P0090,5,298.46,39.94,INR,2024-04-12 18:16:51.017868519,1452.36
T007640,2024-06-10,S038,P0090,-1,223.91,,INR,2024-03-24 05:30:24.067631245,
T007641,2024-06-28,S008,P0003,5,1240.14,,INR,2024-01-23 20:35:18.072811842,
T007642,2024-11-05,S049,P0024,0,1750.24,189.77,INR,2024-02-14 00:33:52.998550892,-189.77
T007643,2024-09-14,S024,P0098,-2,1070.85,99.36,INR,2024-06-01 01:27:14.497964382,-2241.06
T007644,2024-06-28,S039,P0034,4,500.1,,INR,2024-07-22 16:07:20.926221132,
T007645,2024-04-04,S033,P0084,-2,753.21,156.94,INR,2024-04-23 20:24:32.659192324,-1663.3600000000001
T007646,2024-11-18,S041,P0094,8,784.7,238.67,INR,2024-06-02 02:50:04.819833517,6038.93
T007647,2024-07-29,S043,P0042,-2,958.11,,INR,2024-10-04 05:09:18.094631195,
T007648,2024-03-21,S019,P0020,-2,899.02,227.23,INR,2024-03-31 05:21:23.858627796,-2025.27
T007649,2024-04-08,S002,P0041,1,1375.19,133.84,INR,2024-01-13 10:54:43.523382902,1241.3500000000001
T007650,2024-10-20,S011,P0082,9,745.83,64.36,INR,2024-04-03 19:13:19.357671738,6648.110000000001
T007651,2024-01-17,S035,P0020,9,1359.63,133.86,INR,2024-12-02 07:28:31.932412386,12102.810000000001
T007652,2024-12-28,S017,P0006,1,1138.87,161.42,INR,2024-01-07 13:54:03.752441406,977.4499999999999
T007653,2024-02-17,S042,P0057,7,192.17,138.47,INR,2024-02-17 01:30:40.788053036,1206.7199999999998
T007654,2024-10-17,S003,P0042,8,1847.38,82.3,INR,2024-01-24 18:06:22.129609345,14696.740000000002
T007655,2024-05-24,S022,P0025,3,438.12,,INR,2024-05-17 13:52:48.449112654,
T007656,2024-06-28,S035,P0041,9,957.9,284.09,INR,2024-08-24 10:16:16.966823339,8337.01
T007657,2024-11-17,S021,P0041,7,1900.43,89.25,INR,2024-11-28 06:36:53.530129910,13213.76
T007658,2024-05-30,S025,P0003,9,569.93,211.61,INR,2024-10-16 20:01:26.935196400,4917.76
T007659,2024-07-15,S039,P0043,0,142.11,,INR,2024-04-01 12:11:01.675222635,
T007660,2024-01-18,S002,P0046,7,1031.09,290.89,INR,2024-08-19 17:11:52.438446760,6926.739999999999
T007661,2024-01-01,S001,P0057,3,525.47,296.48,INR,2024-08-30 07:16:44.051424980,1279.93
T007662,2024-03-30,S007,P0083,4,1205.85,247.53,INR,2024-02-03 00:53:21.319320202,4575.87
T007663,2024-09-05,S020,P0074,8,1652.51,174.44,INR,2024-06-04 21:41:45.565019608,13045.64
T007664,2024-02-14,S043,P0051,-2,1071.32,162.62,INR,2024-04-23 14:32:58.019075632,-2305.2599999999998
T007665,2024-02-11,S006,P0005,3,1325.56,98.69,INR,2024-02-27 08:19:04.995106459,3877.99
T007666,2024-05-30,S036,P0086,7,1365.69,,INR,2024-01-22 09:57:49.184651613,
T007667,2024-08-24,S999,P0073,-2,1659.02,23.72,INR,2024-01-10 21:42:33.739761829,-3341.7599999999998
T007668,2024-09-16,S021,P0097,4,1407.06,139.63,INR,2024-11-09 10:27:46.684699774,5488.61
T007669,2024-03-06,S999,P0015,7,1954.73,293.64,INR,2024-04-30 16:25:40.394834280,13389.470000000001
T007670,2024-01-30,S046,P0088,2,966.8,74.06,INR,2024-06-28 23:19:47.363143921,1859.54
T007671,2024-12-09,S035,P0094,7,195.49,123.29,INR,2024-04-16 10:41:56.442051411,1245.14
T007672,2024-04-05,S036,P0100,1,848.65,192.43,INR,2024-03-01 12:53:50.499671459,656.22
T007673,2024-11-07,S008,P0039,-2,1695.77,105.32,INR,2024-04-05 08:59:27.397098541,-3496.86
T007674,2024-11-11,S050,P0070,6,352.83,1.09,INR,2024-03-03 01:04:41.505548239,2115.89
T007675,2024-10-08,S004,P0079,4,1498.29,118.87,INR,2024-10-03 15:00:26.149431944,5874.29
T007676,2024-03-02,S043,P0038,-1,1117.76,241.39,INR,2024-11-27 05:49:12.444316387,-1359.15
T007677,2024-10-26,S016,P0039,1,1811.27,283.19,INR,2024-06-07 14:14:03.700306177,1528.08
T007678,2024-10-07,S003,P0052,1,1489.26,,INR,2024-10-27 08:49:01.505412816,
T007679,2024-08-05,S007,P0086,5,1355.0,276.49,INR,2024-06-04 09:53:35.991153240,6498.51
T007680,2024-05-03,S002,P0003,-1,1785.07,260.14,INR,2024-06-12 01:48:30.849499226,-2045.21
T007681,2024-04-05,S001,P0029,8,1825.62,122.02,INR,2024-06-26 01:36:47.870971680,14482.939999999999
T007682,2024-02-14,S001,P0093,2,831.34,1.4,INR,2024-10-26 09:16:12.641813993,1661.28
T007683,2024-07-05,S038,P0031,7,1862.91,253.46,INR,2024-12-07 18:12:16.003057480,12786.910000000002
T007684,2024-08-01,S999,P0066,5,203.93,,INR,2024-09-28 17:19:17.968863726,
T007685,2024-05-11,S007,P0099,3,1548.88,226.77,INR,2024-11-20 06:45:48.063040257,4419.87
T007686,2024-06-22,S024,P0045,1,739.41,171.45,INR,2024-08-22 14:16:36.760160923,567.96
T007687,2024-05-12,S005,P0073,2,1026.05,66.5,INR,2024-11-02 07:53:40.405632496,1985.6
T007688,2024-08-21,S021,P0022,-1,1687.92,,INR,2024-07-22 05:46:31.434841156,
T007689,2024-11-24,S028,P0083,2,1310.37,229.45,INR,2024-10-09 00:54:10.421837330,2391.29
T007690,2024-02-29,S018,P9999,0,969.23,142.33,INR,2024-09-14 10:00:12.054530621,-142.33
T007691,2024-05-19,S024,P0010,9,411.47,,INR,2024-09-30 11:32:07.631432772,
T007692,2024-02-21,S032,P0021,0,1884.6,121.49,INR,2024-03-26 13:08:22.175317049,-121.49
T007693,2024-08-16,S045,P0017,4,731.71,294.08,INR,2024-02-26 02:51:31.775482655,2632.76
T007694,2024-09-23,S033,P0067,0,292.21,71.94,INR,2024-08-26 08:32:19.048165560,-71.94
T007695,2024-12-06,S010,P0007,1,1171.88,233.36,INR,2024-06-25 06:05:32.286167383,938.5200000000001
T007696,2024-04-11,S009,P9999,4,871.93,224.88,INR,2024-10-06 02:25:19.714118242,3262.8399999999997
T007697,2024-12-12,S049,P0036,0,1221.97,158.83,INR,2024-02-23 11:22:40.587489843,-158.83
T007698,2024-01-24,S033,P0067,7,543.71,105.1,INR,2024-12-11 21:47:14.417601585,3700.8700000000003
T007699,2024-08-08,S033,P0077,7,819.58,133.73,INR,2024-09-13 23:21:54.551408052,5603.330000000001
T007700,2024-01-21,S007,P0030,-1,1947.77,188.85,INR,2024-01-09 09:23:02.684039354,-2136.62
T007701,2024-11-22,S004,P0087,7,1879.42,159.1,INR,2024-07-29 10:26:11.550947666,12996.84
T007702,2024-07-12,S028,P0071,4,1742.33,228.46,INR,2024-04-24 02:33:03.649972916,6740.86
T007703,2024-09-01,S023,P0094,2,1580.33,108.2,INR,2024-04-10 06:09:45.358669758,3052.46
T007704,2024-10-30,S032,P0029,-2,397.46,32.17,INR,2024-11-25 06:57:45.203295469,-827.0899999999999
T007705,2024-02-24,S044,P0072,9,987.17,151.68,INR,2024-11-01 02:54:35.450880289,8732.849999999999
T007706,2024-01-15,S016,P0074,7,1483.02,77.7,INR,2024-01-04 11:41:22.451086283,10303.439999999999
T007707,2024-11-16,S046,P0033,5,597.36,184.99,INR,2024-03-07 07:26:29.593381166,2801.8100000000004
T007708,2024-04-24,S010,P0059,0,162.84,156.1,INR,2024-09-19 15:05:56.038735151,-156.1
T007709,2024-02-17,S014,P0020,8,894.39,233.62,INR,2024-11-05 14:08:59.667872429,6921.5
T007710,2024-06-19,S039,P0093,4,907.77,172.57,INR,2024-09-18 22:12:32.661635637,3458.5099999999998
T007711,2024-08-06,S036,P0029,3,223.69,129.23,INR,2024-07-10 17:39:49.447927237,541.8399999999999
T007712,2024-01-12,S034,P0053,7,709.17,,INR,2024-12-25 08:53:45.570344210,
T007713,2024-04-10,S024,P0085,9,1842.87,36.04,INR,2024-10-18 00:10:10.553376436,16549.789999999997
T007714,2024-01-12,S018,P0001,3,575.56,192.11,INR,2024-06-19 19:03:07.381064177,1534.5699999999997
T007715,2024-06-02,S016,P0034,5,1181.4,,INR,2024-07-31 23:15:14.465589046,
T007716,2024-11-22,S041,P0044,9,1026.98,124.44,INR,2024-01-17 08:36:52.315378189,9118.38
T007717,2024-12-24,S037,P0096,1,1738.04,,INR,2024-12-18 03:04:53.688383818,
T007718,2024-08-20,S041,P0014,1,1341.75,177.36,INR,2024-05-12 09:35:29.211923361,1164.3899999999999
T007719,2024-02-28,S025,P0037,9,401.02,143.19,INR,2024-08-29 10:54:24.060997725,3465.99
T007720,2024-11-26,S008,P0035,0,371.45,17.87,INR,2024-08-31 10:29:02.314616919,-17.87
T007721,2024-07-07,S024,P0059,-2,1159.23,176.74,INR,2024-01-21 18:48:43.944049597,-2495.2
T007722,2024-02-26,S020,P0024,7,188.29,41.13,INR,2024-04-07 00:52:16.243161917,1276.8999999999999
T007723,2024-12-02,S048,P0065,0,847.71,166.74,INR,2024-08-27 12:14:32.572316647,-166.74
T007724,2024-10-03,S030,P0006,-2,858.12,232.61,INR,2024-11-28 22:29:59.436448574,-1948.85
T007725,2024-09-24,S020,P0068,3,473.03,1.63,INR,2024-10-11 04:49:31.383486032,1417.4599999999998
T007726,2024-09-15,S018,P0038,5,671.92,129.14,INR,2024-07-30 18:00:45.327724695,3230.46
T007727,2024-03-14,S004,P0001,0,726.9,223.71,INR,2024-03-25 20:33:54.738178730,-223.71
T007728,2024-03-18,S048,P0041,9,122.34,158.56,INR,2024-12-12 07:51:38.492833614,942.5
T007729,2024-09-08,S036,P0031,1,1631.19,,INR,2024-05-27 08:08:06.087385416,
T007730,2024-03-21,S006,P0036,2,1919.15,209.27,INR,2024-02-24 17:10:04.396886587,3629.03
T007731,2024-06-09,S003,P0073,4,649.61,235.04,INR,2024-01-08 21:33:23.250761271,2363.4
T007732,2024-10-12,S018,P0054,9,312.77,108.76,INR,2024-12-12 19:19:20.568498611,2706.1699999999996
T007733,2024-10-13,S047,P0087,8,1911.75,89.22,INR,2024-10-10 22:32:19.669972181,15204.78
T007734,2024-06-14,S040,P0031,3,1507.05,163.54,INR,2024-03-19 23:31:35.895437717,4357.61
T007735,2024-10-16,S018,P0029,-1,1793.17,109.63,INR,2024-02-21 17:57:59.486885786,-1902.8000000000002
T007736,2024-11-02,S023,P0085,4,785.66,250.78,INR,2024-12-16 05:01:34.411858559,2891.8599999999997
T007737,2024-08-26,S035,P0003,5,1019.72,233.72,INR,2024-03-28 21:20:00.142738819,4864.88
T007738,2024-03-24,S006,P0058,9,1867.46,93.57,INR,2024-06-17 14:34:03.809471607,16713.57
T007739,2024-04-10,S026,P0090,-2,973.15,137.09,INR,2024-08-10 23:04:36.863729477,-2083.39
T007740,2024-04-24,S021,P0061,3,1376.98,266.85,INR,2024-01-23 18:27:08.660264969,3864.0900000000006
T007741,2024-02-12,S024,P0006,8,1439.12,44.21,INR,2024-05-05 17:14:06.829644680,11468.75
T007742,2024-04-09,S015,P0020,6,1690.52,226.27,INR,2024-12-10 10:17:16.513680696,9916.849999999999
T007743,2024-03-17,S027,P0061,4,1952.84,95.04,INR,2024-09-12 15:02:43.648875237,7716.32
T007744,2024-06-15,S032,P0046,2,736.31,35.84,INR,2024-05-14 05:47:55.132349491,1436.78
T007745,2024-11-27,S012,P0013,7,570.16,35.09,INR,2024-10-15 23:33:23.579537868,3956.0299999999997
T007746,2024-02-08,S005,P0023,8,247.64,82.89,INR,2024-11-01 13:45:23.336106539,1898.2299999999998
T007747,2024-09-19,S007,P0079,7,1727.42,164.42,INR,2024-02-25 09:35:13.624905348,11927.52
T007748,2024-09-07,S022,P0031,6,656.09,272.37,INR,2024-08-02 02:34:01.930226326,3664.17
T007749,2024-02-04,S027,P0004,-1,194.26,,INR,2024-05-13 20:46:13.081816196,
T007750,2024-12-02,S015,P0075,4,1744.01,59.77,INR,2024-07-04 00:07:13.890542984,6916.2699999999995
T007751,2024-07-26,S039,P0066,6,1068.83,143.6,INR,2024-06-20 04:59:29.935862541,6269.379999999999
T007752,2024-05-12,S045,P0016,-1,1692.8,46.99,INR,2024-07-02 21:29:54.517163277,-1739.79
T007753,2024-10-03,S035,P0031,8,1153.52,81.51,INR,2024-07-09 12:15:53.305735350,9146.65
T007754,2024-04-03,S026,P0048,7,696.09,295.99,INR,2024-01-26 06:41:10.407704592,4576.64
T007755,2024-09-10,S023,P0043,3,346.59,167.42,INR,2024-03-05 20:36:08.881609678,872.35
T007756,2024-01-15,S013,P0004,6,930.61,235.17,INR,2024-07-25 15:53:26.644720316,5348.49
T007757,2024-11-02,S026,P0062,0,150.44,63.54,INR,2024-12-07 15:39:55.484301329,-63.54
T007758,2024-06-12,S003,P0048,5,1244.67,,INR,2024-09-29 11:28:43.385604620,
T007759,2024-08-20,S029,P0028,2,912.56,,INR,2024-03-28 02:30:50.803905010,
T007760,2024-03-21,S002,P0016,4,368.89,243.8,INR,2024-05-12 00:39:01.390635014,1231.76
T007761,2024-09-04,S028,P0089,9,1107.45,6.47,INR,2024-05-02 09:55:47.003397942,9960.580000000002
T007762,2024-10-08,S023,P0077,0,1621.73,258.14,INR,2024-10-07 20:57:57.869953394,-258.14
T007763,2024-06-21,S036,P0069,5,1952.12,23.88,INR,2024-12-20 20:26:39.355726719,9736.72
T007764,2024-08-13,S049,P0030,-1,1101.98,274.98,INR,2024-05-09 17:21:16.940008163,-1376.96
T007765,2024-06-15,S006,P0065,5,346.15,42.85,INR,2024-01-06 09:18:13.306093216,1687.9
T007766,2024-11-22,S011,P0069,-1,1640.34,159.67,INR,2024-12-07 23:05:25.006011248,-1800.01
T007767,2024-06-30,S038,P0014,4,1422.0,29.82,INR,2024-10-01 22:16:43.000034094,5658.18
T007768,2024-11-03,S034,P0075,-1,1912.55,134.16,INR,2024-10-31 12:57:21.098007679,-2046.71
T007769,2024-10-19,S017,P0034,4,1116.9,89.78,INR,2024-03-17 04:02:36.332856655,4377.820000000001
T007770,2024-05-29,S003,P0056,-2,778.5,126.03,INR,2024-08-23 15:57:27.567097664,-1683.03
T007771,2024-03-24,S044,P0029,3,1929.4,163.51,INR,2024-03-25 22:31:41.492251635,5624.6900000000005
T007772,2024-05-28,S046,P0082,7,1123.04,137.83,INR,2024-01-05 05:46:03.241632700,7723.45
T007773,2024-10-28,S034,P0079,4,130.22,,INR,2024-02-27 07:54:07.140047312,
T007774,2024-03-24,S022,P0025,1,999.97,259.04,INR,2024-12-02 19:47:23.013983727,740.9300000000001
T007775,2024-07-10,S029,P0094,8,104.52,28.49,INR,2024-03-19 14:12:04.248011351,807.67
T007776,2024-10-21,S029,P0066,8,1501.64,294.19,INR,2024-08-01 13:50:42.831212759,11718.93
T007777,2024-05-09,S005,P0040,-2,1175.3,255.4,INR,2024-12-19 07:47:45.047677517,-2606.0
T007778,2024-08-22,S010,P0091,9,308.62,168.41,INR,2024-01-28 15:00:43.914458990,2609.17
T007779,2024-03-30,S010,P0015,3,1644.72,73.56,INR,2024-10-21 21:31:45.769846201,4860.599999999999
T007780,2024-02-09,S009,P0032,1,1119.23,25.87,INR,2024-08-06 02:35:55.048774242,1093.3600000000001
T007781,2024-10-16,S021,P0020,0,316.71,201.55,INR,2024-04-28 00:58:56.526896237,-201.55
T007782,2024-02-06,S013,P0053,1,404.02,60.45,INR,2024-05-12 22:52:11.595133543,343.57
T007783,2024-04-09,S010,P0078,3,1662.0,219.97,INR,2024-01-10 22:07:15.167409658,4766.03
T007784,2024-11-08,S038,P0091,2,775.43,249.75,INR,2024-04-03 09:07:00.035694838,1301.11
T007785,2024-05-06,S011,P0067,-1,1660.08,296.69,INR,2024-06-03 12:59:19.593269587,-1956.77
T007786,2024-12-21,S004,P0049,-1,232.06,,INR,2024-09-18 16:09:46.328530788,
T007787,2024-12-23,S046,P0067,0,563.33,292.4,INR,2024-04-10 07:03:32.934126616,-292.4
T007788,2024-04-07,S031,P0077,8,1552.71,44.8,INR,2024-07-30 19:30:58.982388496,12376.880000000001
T007789,2024-01-15,S049,P0089,3,1319.23,250.87,INR,2024-09-24 01:35:07.037868500,3706.82
T007790,2024-09-14,S034,P0082,9,682.97,107.94,INR,2024-09-11 23:07:50.034005404,6038.790000000001
T007791,2024-06-13,S042,P0001,-2,1878.45,109.44,INR,2024-08-03 10:57:13.186797142,-3866.34
T007792,2024-02-06,S035,P0039,8,501.03,80.59,INR,2024-07-30 18:28:34.632186890,3927.6499999999996
T007793,2024-09-15,S039,P0061,4,1714.58,52.02,INR,2024-09-20 05:48:27.116843462,6806.299999999999
T007794,2024-01-12,S039,P0055,5,1421.91,132.66,INR,2024-05-02 11:04:58.928197861,6976.89
T007795,2024-11-13,S033,P0069,4,330.12,296.19,INR,2024-06-13 07:52:57.164295197,1024.29
T007796,2024-02-20,S008,P0002,8,1154.72,98.97,INR,2024-12-18 15:37:18.093194723,9138.79
T007797,2024-02-16,S032,P0094,0,1866.82,,INR,2024-09-01 00:57:08.053310156,
T007798,2024-03-05,S033,P0017,3,1275.9,68.55,INR,2024-07-08 18:15:20.321241856,3759.15
T007799,2024-12-16,S008,P0029,1,1104.73,101.14,INR,2024-07-30 02:00:49.842072487,1003.59
T007800,2024-09-10,S046,P0004,2,796.01,16.54,INR,2024-02-08 02:47:46.198902369,1575.48
T007801,2024-10-19,S014,P0073,0,1598.7,286.81,INR,2024-08-04 01:49:17.402563334,-286.81
T007802,2024-05-25,S034,P0064,2,1834.81,152.94,INR,2024-11-01 07:43:51.471946239,3516.68
T007803,2024-05-02,S008,P0085,3,1531.3,,INR,2024-07-10 02:52:24.371096373,
T007804,2024-03-26,S999,P0043,5,1477.97,153.99,INR,2024-03-05 13:37:27.599700212,7235.860000000001
T007805,2024-06-24,S042,P0076,9,465.73,231.06,INR,2024-06-12 14:19:07.798617125,3960.5099999999998
T007806,2024-07-20,S007,P0012,3,1684.57,160.23,INR,2024-04-11 11:29:17.597648144,4893.4800000000005
T007807,2024-08-18,S013,P0050,6,177.32,210.46,INR,2024-05-11 07:19:47.015100002,853.46
T007808,2024-04-03,S021,P0068,7,1538.99,205.44,INR,2024-03-23 03:04:43.801125050,10567.49
T007809,2024-12-12,S047,P0061,7,500.65,160.07,INR,2024-05-01 21:03:46.939765930,3344.4799999999996
T007810,2024-03-02,S032,P0092,7,1025.8,69.18,INR,2024-10-26 22:04:38.195976973,7111.419999999999
T007811,2024-12-18,S011,P0073,7,1420.94,63.55,INR,2024-10-03 13:30:21.605141163,9883.03
T007812,2024-01-06,S014,P0051,1,1542.25,262.29,INR,2024-06-28 01:07:21.544518232,1279.96
T007813,2024-06-24,S011,P0096,-1,1787.36,36.21,INR,2024-10-12 14:42:57.882268190,-1823.57
T007814,2024-05-01,S002,P0077,9,636.93,167.77,INR,2024-12-22 01:57:03.641920328,5564.599999999999
T007815,2024-06-12,S034,P0098,6,526.21,150.76,INR,2024-05-28 05:49:33.159326792,3006.5
T007816,2024-07-27,S044,P0083,8,1992.87,239.52,INR,2024-12-23 16:41:16.055040836,15703.439999999999
T007817,2024-06-07,S047,P0078,0,494.36,40.62,INR,2024-03-30 18:08:16.332492113,-40.62
T007818,2024-05-31,S017,P0005,8,1364.41,206.19,INR,2024-12-14 09:45:04.633283138,10709.09
T007819,2024-09-24,S014,P0091,4,1910.21,181.76,INR,2024-11-11 12:26:23.952555180,7459.08
T007820,2024-09-07,S025,P0028,1,1803.46,210.36,INR,2024-03-13 16:23:13.937662840,1593.1
T007821,2024-10-31,S048,P0090,9,942.2,186.37,INR,2024-05-07 16:37:44.710961342,8293.43
T007822,2024-04-01,S027,P0010,9,1311.41,168.76,INR,2024-09-15 09:23:19.349294424,11633.93
T007823,2024-08-10,S008,P0088,-2,1105.28,277.88,INR,2024-03-10 22:36:02.479925871,-2488.44
T007824,2024-08-01,S017,P0081,5,758.65,104.6,INR,2024-08-03 14:35:21.239510298,3688.65
T007825,2024-05-14,S005,P0052,9,374.4,,INR,2024-07-14 04:54:37.620289564,
T007826,2024-06-26,S012,P0080,1,1626.45,238.62,INR,2024-04-16 12:49:01.048928261,1387.83
T007827,2024-04-24,S038,P0017,8,271.84,,INR,2024-04-19 16:40:22.555144548,
T007828,2024-02-21,S018,P0065,3,1258.29,203.92,INR,2024-07-07 10:51:37.621639490,3570.95
T007829,2024-03-19,S026,P0021,4,1229.3,164.87,INR,2024-04-19 10:40:50.729941130,4752.33
T007830,2024-02-08,S031,P0054,5,736.17,0.39,INR,2024-03-06 19:01:52.079373121,3680.46
T007831,2024-09-06,S037,P0049,7,357.28,71.96,INR,2024-10-09 06:37:19.866659641,2429.0
T007832,2024-08-29,S006,P0022,-1,1619.31,148.77,INR,2024-07-31 08:13:53.728405952,-1768.08
T007833,2024-12-12,S041,P0069,6,977.66,98.91,INR,2024-06-08 17:41:30.174697399,5767.05
T007834,2024-09-23,S015,P0064,7,1478.02,128.07,INR,2024-03-07 03:43:43.833600283,10218.07
T007835,2024-01-19,S042,P0036,0,131.32,180.38,INR,2024-08-04 22:38:29.706843853,-180.38
T007836,2024-11-18,S049,P0021,-2,241.56,219.25,INR,2024-08-17 10:35:37.413875103,-702.37
T007837,2024-11-10,S026,P0056,-1,434.11,45.36,INR,2024-06-24 02:39:33.268850565,-479.47
T007838,2024-06-10,S999,P0073,5,316.29,84.87,INR,2024-05-16 01:11:50.118624926,1496.58
T007839,2024-08-01,S012,P0091,7,464.24,190.95,INR,2024-11-12 13:04:52.943237066,3058.7300000000005
T007840,2024-12-22,S041,P0048,3,1404.33,176.53,INR,2024-09-14 06:08:02.081047773,4036.4599999999996
T007841,2024-07-13,S047,P0076,8,189.29,221.05,INR,2024-05-10 00:03:42.312036753,1293.27
T007842,2024-11-26,S014,P0018,-2,171.94,192.15,INR,2024-08-04 11:28:20.400775194,-536.03
T007843,2024-01-31,S001,P0099,8,160.14,99.05,INR,2024-03-26 07:29:05.079057217,1182.07
T007844,2024-03-10,S017,P0015,6,1425.53,149.77,INR,2024-01-05 04:28:36.846139669,8403.41
T007845,2024-06-09,S033,P0044,4,1118.66,,INR,2024-11-13 03:06:08.589785576,
T007846,2024-08-01,S029,P0094,7,803.46,55.83,INR,2024-10-25 21:28:04.380006313,5568.39
T007847,2024-10-24,S045,P0045,8,1383.66,113.02,INR,2024-08-21 09:10:19.186208725,10956.26
T007848,2024-12-26,S031,P0097,0,1151.85,252.52,INR,2024-10-23 03:06:26.709978342,-252.52
T007849,2024-05-21,S008,P0036,4,113.94,109.26,INR,2024-10-12 00:00:21.793076277,346.5
T007850,2024-01-18,S030,P0040,3,1693.24,123.67,INR,2024-11-09 23:50:40.475989103,4956.05
T007851,2024-10-19,S013,P0051,0,765.35,,INR,2024-11-21 12:43:43.899381876,
T007852,2024-08-08,S016,P0030,5,859.17,269.86,INR,2024-10-25 20:42:59.099837542,4025.9899999999993
T007853,2024-03-13,S002,P0026,-2,1586.35,199.0,INR,2024-11-06 21:19:07.361556292,-3371.7
T007854,2024-06-29,S045,P0085,2,455.47,62.63,INR,2024-07-02 02:51:18.608680725,848.3100000000001
T007855,2024-09-27,S018,P9999,5,119.14,,INR,2024-09-15 10:08:42.514910220,
T007856,2024-10-08,S035,P0031,0,1826.79,11.55,INR,2024-05-01 15:14:26.221823692,-11.55
T007857,2024-07-01,S045,P0056,8,1060.41,118.92,INR,2024-11-10 07:30:54.797880888,8364.36
T007858,2024-04-21,S019,P0061,7,764.1,272.93,INR,2024-11-09 09:15:14.304070950,5075.7699999999995
T007859,2024-12-21,S013,P0017,8,1656.19,206.94,INR,2024-01-25 03:24:29.218111277,13042.58
T007860,2024-08-30,S999,P0081,9,149.96,237.93,INR,2024-05-06 15:53:37.905834198,1111.71
T007861,2024-05-29,S004,P0098,3,484.35,279.39,INR,2024-03-03 13:51:23.310868979,1173.6600000000003
T007862,2024-04-12,S019,P0024,7,395.05,232.37,INR,2024-02-19 13:36:26.773558617,2532.98
T007863,2024-09-23,S050,P0097,8,1501.88,26.58,INR,2024-05-31 10:27:38.515142679,11988.460000000001
T007864,2024-03-29,S025,P0004,-1,692.96,69.19,INR,2024-08-16 08:47:37.821180344,-762.1500000000001
T007865,2024-03-03,S038,P0009,6,1568.52,150.0,INR,2024-05-05 11:02:16.584118605,9261.119999999999
T007866,2024-07-12,S999,P0002,-1,178.81,4.16,INR,2024-04-22 20:43:23.270718336,-182.97
T007867,2024-04-15,S031,P0035,2,1255.42,187.38,INR,2024-02-04 11:26:54.624636412,2323.46
T007868,2024-08-17,S036,P0038,0,704.62,197.17,INR,2024-05-19 18:22:38.471974850,-197.17
T007869,2024-02-13,S004,P0045,7,455.15,208.93,INR,2024-06-20 21:45:52.963152647,2977.12
T007870,2024-08-27,S039,P0015,9,1651.85,166.72,INR,2024-05-25 12:39:52.147439957,14699.93
T007871,2024-04-13,S007,P0042,6,883.28,135.71,INR,2024-09-05 05:32:19.192465305,5163.97
T007872,2024-01-01,S016,P0003,6,1186.1,256.66,INR,2024-04-15 04:15:54.800905704,6859.94
T007873,2024-02-16,S048,P0031,4,162.86,230.2,INR,2024-09-18 08:32:01.025795698,421.24000000000007
T007874,2024-12-06,S005,P0052,7,1604.09,183.71,INR,2024-11-18 05:03:32.819487095,11044.92
T007875,2024-11-12,S047,P0041,2,645.08,13.8,INR,2024-08-03 19:15:54.068463087,1276.3600000000001
T007876,2024-03-26,S023,P0057,6,1417.47,208.18,INR,2024-05-21 20:48:58.599290848,8296.64
T007877,2024-10-11,S036,P0042,4,1544.9,167.45,INR,2024-03-06 14:06:34.798524857,6012.150000000001
T007878,2024-08-10,S032,P0053,-1,322.52,208.05,INR,2024-12-06 08:01:54.660066366,-530.5699999999999
T007879,2024-12-20,S024,P0056,7,662.21,93.42,INR,2024-10-01 10:15:18.665861368,4542.05
T007880,2024-05-16,S025,P0087,-2,1474.54,233.1,INR,2024-03-30 22:49:26.995931387,-3182.18
T007881,2024-09-05,S045,P0076,7,541.14,,INR,2024-02-24 23:33:38.600062609,
T007882,2024-01-24,S028,P0072,7,1711.53,268.34,INR,2024-01-18 23:57:26.873965740,11712.369999999999
T007883,2024-05-24,S019,P0053,1,692.75,31.2,INR,2024-03-10 13:14:38.698730707,661.55
T007884,2024-12-17,S007,P0085,7,864.43,145.36,INR,2024-09-24 07:36:24.943372250,5905.65
T007885,2024-07-15,S044,P0085,5,289.51,61.72,INR,2024-08-17 18:42:51.350024700,1385.83
T007886,2024-04-15,S041,P0032,3,380.58,,INR,2024-12-19 02:44:42.225822210,
T007887,2024-02-13,S017,P0081,-1,623.3,106.13,INR,2024-04-27 12:27:56.115904808,-729.43
T007888,2024-09-13,S002,P0054,2,192.93,241.03,INR,2024-10-14 02:37:03.662494183,144.83
T007889,2024-08-23,S016,P0037,6,466.76,50.15,INR,2024-02-13 23:13:13.589740515,2750.41
T007890,2024-05-16,S039,P0088,3,876.99,179.62,INR,2024-07-24 08:13:27.955770254,2451.3500000000004
T007891,2024-12-13,S018,P0008,3,821.93,121.95,INR,2024-06-19 09:05:13.789472818,2343.84
T007892,2024-01-09,S039,P0082,4,477.52,155.42,INR,2024-11-01 22:37:37.841402531,1754.6599999999999
T007893,2024-04-20,S001,P0011,8,252.86,214.32,INR,2024-09-13 02:02:39.517037153,1808.5600000000002
T007894,2024-12-02,S003,P0054,2,704.48,107.13,INR,2024-03-11 22:12:09.830648899,1301.83
T007895,2024-04-27,S021,P0060,0,1516.16,110.12,INR,2024-12-25 02:49:40.462969780,-110.12
T007896,2024-04-02,S030,P0010,0,1069.19,23.04,INR,2024-10-27 10:44:08.569099903,-23.04
T007897,2024-07-13,S011,P0090,2,1898.93,165.58,INR,2024-05-09 10:33:43.939836740,3632.28
T007898,2024-10-27,S022,P0070,1,365.78,125.07,INR,2024-10-28 12:01:30.114881754,240.70999999999998
T007899,2024-02-07,S047,P0081,2,493.9,243.69,INR,2024-12-15 06:32:14.021040916,744.1099999999999
T007900,2024-12-10,S025,P0087,6,632.57,131.78,INR,2024-11-20 22:52:11.243537188,3663.64
T007901,2024-10-17,S003,P0042,2,124.7,291.24,INR,2024-07-22 00:23:58.331537247,-41.84
T007902,2024-03-07,S030,P0037,1,1892.42,51.54,INR,2024-07-29 15:48:53.901201725,1840.88
T007903,2024-09-16,S024,P0092,1,946.19,80.12,INR,2024-02-08 21:48:19.106437683,866.07
T007904,2024-05-20,S045,P0080,-2,1015.13,117.57,INR,2024-03-01 02:49:45.037914276,-2147.83
T007905,2024-05-26,S036,P0076,7,399.93,51.13,INR,2024-12-24 15:39:06.026059866,2748.38
T007906,2024-10-12,S023,P0058,1,1758.13,,INR,2024-10-07 23:21:42.837216854,
T007907,2024-12-17,S008,P0085,9,1416.0,192.29,INR,2024-01-10 07:26:28.837294340,12551.71
T007908,2024-02-16,S004,P0059,1,919.59,3.36,INR,2024-07-18 20:28:29.686605453,916.23
T007909,2024-06-02,S050,P0024,6,1768.15,173.55,INR,2024-05-06 00:48:01.885787249,10435.350000000002
T007910,2024-06-24,S039,P0028,8,1820.37,234.37,INR,2024-04-23 16:51:12.355536699,14328.589999999998
T007911,2024-05-17,S043,P0037,1,194.01,15.39,INR,2024-07-22 03:50:57.249686003,178.62
T007912,2024-05-12,S031,P0021,4,326.72,173.38,INR,2024-04-26 20:31:16.050520182,1133.5
T007913,2024-01-20,S029,P0033,-2,152.49,112.29,INR,2024-04-01 19:37:04.131300449,-417.27000000000004
T007914,2024-09-07,S036,P0002,4,1205.29,174.44,INR,2024-12-08 07:16:02.437647581,4646.72
T007915,2024-06-08,S013,P9999,-1,514.09,,INR,2024-01-15 13:08:56.818793058,
T007916,2024-03-12,S041,P0083,9,1705.36,199.8,INR,2024-06-08 04:51:28.755484343,15148.44
T007917,2024-10-24,S009,P0028,8,985.24,201.4,INR,2024-07-05 13:59:25.036144972,7680.52
T007918,2024-10-19,S021,P0015,5,1691.65,161.85,INR,2024-06-09 13:58:39.594993353,8296.4
T007919,2024-06-26,S999,P0001,-2,1155.65,277.13,INR,2024-08-27 21:31:15.043609142,-2588.4300000000003
T007920,2024-04-18,S003,P0028,7,1612.72,272.84,INR,2024-01-10 08:55:18.932595968,11016.2
T007921,2024-08-20,S025,P0050,0,806.52,14.26,INR,2024-11-19 00:35:10.856744051,-14.26
T007922,2024-04-15,S025,P0035,5,1896.25,86.97,INR,2024-07-01 13:51:33.112651587,9394.28
T007923,2024-03-27,S012,P0096,7,1367.6,109.28,INR,2024-07-21 02:11:17.511396407,9463.919999999998
T007924,2024-09-23,S029,P0028,5,1231.43,16.58,INR,2024-06-17 21:52:28.939928532,6140.570000000001
T007925,2024-01-15,S011,P0009,8,769.48,157.09,INR,2024-06-11 05:53:40.732397795,5998.75
T007926,2024-02-04,S011,P0024,2,1880.65,7.37,INR,2024-03-09 03:29:12.450268269,3753.9300000000003
T007927,2024-01-03,S049,P0063,2,741.7,203.42,INR,2024-07-03 02:30:16.710499525,1279.98
T007928,2024-02-25,S026,P0004,5,1688.13,0.81,INR,2024-06-02 19:00:06.373714685,8439.840000000002
T007929,2024-01-26,S014,P0056,7,868.19,9.58,INR,2024-06-19 20:43:34.951255322,6067.75
T007930,2024-12-29,S016,P0041,2,1557.65,250.13,INR,2024-01-06 01:09:30.654068232,2865.17
T007931,2024-04-15,S010,P0067,6,1832.57,,INR,2024-02-17 18:37:36.854021072,
T007932,2024-02-24,S031,P0048,-2,984.65,24.37,INR,2024-10-05 13:22:50.224210262,-1993.6699999999998
T007933,2024-03-28,S031,P0086,2,1099.66,119.84,INR,2024-06-01 23:21:03.200532675,2079.48
T007934,2024-12-07,S036,P0058,0,727.65,15.28,INR,2024-09-28 03:51:55.455448151,-15.28
T007935,2024-07-08,S010,P0039,0,203.92,225.12,INR,2024-03-03 10:56:04.729827404,-225.12
T007936,2024-05-13,S026,P0025,-1,1339.71,148.24,INR,2024-09-11 20:19:20.187125206,-1487.95
T007937,2024-11-14,S020,P0060,0,327.32,165.58,INR,2024-04-15 12:37:04.933786154,-165.58
T007938,2024-05-24,S044,P0086,4,772.71,225.9,INR,2024-09-14 08:51:55.671070337,2864.94
T007939,2024-05-02,S009,P0047,5,764.04,235.34,INR,2024-02-01 16:13:32.337095976,3584.8599999999997
T007940,2024-03-16,S015,P0098,9,386.91,40.88,INR,2024-05-01 18:41:57.398433924,3441.31
T007941,2024-05-17,S009,P0061,5,1366.75,,INR,2024-02-13 13:33:43.885429144,
T007942,2024-04-25,S007,P0084,8,431.74,52.7,INR,2024-08-17 19:40:59.737047911,3401.2200000000003
T007943,2024-09-04,S026,P0100,5,1578.84,,INR,2024-05-23 07:09:32.701799154,
T007944,2024-04-15,S024,P9999,-2,573.63,161.26,INR,2024-01-28 02:39:57.157443523,-1308.52
T007945,2024-07-29,S012,P0027,8,645.85,74.94,INR,2024-07-11 02:57:56.761963367,5091.860000000001
T007946,2024-01-25,S020,P0096,4,753.08,46.19,INR,2024-01-10 02:05:51.786210775,2966.13
T007947,2024-03-10,S014,P0042,-1,390.23,153.04,INR,2024-10-25 17:51:51.648590326,-543.27
T007948,2024-05-28,S022,P0052,8,925.1,190.2,INR,2024-12-08 11:54:48.965945482,7210.6
T007949,2024-12-07,S016,P0093,7,252.62,231.63,INR,2024-10-22 16:13:12.419271946,1536.71
T007950,2024-05-17,S029,P0048,1,911.52,,INR,2024-12-13 07:11:28.017618418,
T007951,2024-08-30,S032,P0032,2,745.83,157.89,INR,2024-11-23 10:41:54.667752266,1333.77
T007952,2024-04-03,S019,P0024,9,742.7,80.12,INR,2024-11-22 15:35:25.134060860,6604.18
T007953,2024-02-16,S035,P0003,-2,1355.28,,INR,2024-03-30 14:03:19.906531334,
T007954,2024-01-22,S043,P0027,1,1561.14,47.08,INR,2024-03-25 09:02:20.223589182,1514.0600000000002
T007955,2024-04-21,S032,P0073,1,776.4,131.35,INR,2024-10-22 10:32:47.154359579,645.05
T007956,2024-02-27,S020,P0040,6,597.83,291.01,INR,2024-06-28 08:31:47.033669949,3295.9700000000003
T007957,2024-03-04,S999,P0023,6,1039.26,,INR,2024-12-09 22:39:28.654837370,
T007958,2024-10-04,S040,P0007,8,1596.67,242.07,INR,2024-11-23 11:59:10.880431175,12531.29
T007959,2024-01-06,S020,P0081,7,1324.69,72.91,INR,2024-11-22 00:14:29.262117147,9199.92
T007960,2024-07-22,S008,P0037,-2,172.2,22.58,INR,2024-04-29 00:48:31.869823217,-366.97999999999996
T007961,2024-05-18,S035,P0007,5,1011.87,12.83,INR,2024-02-18 12:13:24.682656765,5046.52
T007962,2024-07-03,S042,P0094,1,1982.83,284.62,INR,2024-09-04 10:47:18.415539503,1698.21
T007963,2024-07-24,S013,P0077,1,770.94,63.87,INR,2024-06-09 19:27:10.124018192,707.07
T007964,2024-04-24,S041,P0082,2,937.36,87.59,INR,2024-12-06 21:20:09.755329132,1787.13
T007965,2024-04-17,S006,P0095,-1,646.07,290.07,INR,2024-11-07 15:49:49.104568958,-936.1400000000001
T007966,2024-09-24,S047,P0022,-2,1045.62,197.22,INR,2024-12-05 00:32:32.507297039,-2288.4599999999996
T007967,2024-11-14,S016,P0078,2,405.75,146.44,INR,2024-07-26 06:30:30.432084560,665.06
T007968,2024-03-11,S005,P0082,4,569.33,130.63,INR,2024-07-11 01:45:18.259873866,2146.69
T007969,2024-02-05,S045,P0099,7,1452.3,14.57,INR,2024-11-05 04:27:07.266072750,10151.53
T007970,2024-11-23,S999,P0017,6,362.74,251.68,INR,2024-07-05 20:09:24.088408709,1924.76
T007971,2024-05-07,S034,P0019,9,1859.67,,INR,2024-11-24 12:15:09.582145691,
T007972,2024-07-20,S006,P0095,9,685.12,27.21,INR,2024-01-13 13:35:32.925706387,6138.87
T007973,2024-05-11,S033,P0039,-1,1192.55,106.04,INR,2024-05-10 22:59:45.414225101,-1298.59
T007974,2024-02-15,S015,P0036,9,711.48,265.62,INR,2024-10-31 17:08:33.633650064,6137.7
T007975,2024-08-03,S015,P0015,5,1008.26,70.93,INR,2024-03-17 15:10:02.837059259,4970.37
T007976,2024-07-10,S014,P0063,4,1817.22,183.37,INR,2024-05-25 14:57:02.260257721,7085.51
T007977,2024-03-15,S039,P0029,-1,230.3,146.38,INR,2024-01-04 15:58:23.449370384,-376.68
T007978,2024-06-13,S005,P0060,2,1727.05,245.56,INR,2024-04-20 03:03:02.396247149,3208.54
T007979,2024-10-17,S026,P0056,4,1159.39,,INR,2024-04-26 07:16:07.362233639,
T007980,2024-08-03,S048,P0040,0,1363.64,244.84,INR,2024-09-24 09:06:04.415454149,-244.84
T007981,2024-02-05,S017,P0016,-1,206.19,40.72,INR,2024-09-04 05:25:58.817534208,-246.91
T007982,2024-07-19,S043,P0033,3,1546.66,4.52,INR,2024-06-11 09:49:37.575068235,4635.46
T007983,2024-09-13,S047,P0089,7,342.78,178.65,INR,2024-09-22 21:41:15.545843601,2220.81
T007984,2024-10-16,S016,P0016,3,1933.16,77.59,INR,2024-06-05 08:12:51.253797531,5721.89
T007985,2024-08-17,S035,P0030,8,1618.65,212.78,INR,2024-06-07 15:11:25.481422424,12736.42
T007986,2024-02-25,S038,P0098,1,1036.45,140.93,INR,2024-08-23 15:03:23.293301821,895.52
T007987,2024-09-16,S023,P0066,-2,1855.92,181.66,INR,2024-09-20 20:27:21.330457211,-3893.5
T007988,2024-09-04,S013,P0044,2,421.24,206.91,INR,2024-11-05 02:52:54.594347954,635.57
T007989,2024-01-09,S033,P0038,-2,1984.16,278.08,INR,2024-10-01 06:17:10.330915928,-4246.400000000001
T007990,2024-05-30,S029,P0051,8,1461.96,,INR,2024-09-01 15:57:38.346565723,
T007991,2024-05-01,S046,P0060,8,286.92,148.53,INR,2024-07-23 22:32:34.153439045,2146.83
T007992,2024-09-01,S034,P0018,5,1119.52,131.4,INR,2024-04-22 11:01:53.348439455,5466.200000000001
T007993,2024-03-19,S034,P0005,-1,1450.67,196.4,INR,2024-04-05 07:05:39.958574533,-1647.0700000000002
T007994,2024-08-03,S027,P0040,6,1264.74,220.06,INR,2024-11-03 18:52:43.577668905,7368.38
T007995,2024-11-29,S015,P0006,6,905.5,51.8,INR,2024-09-18 19:56:08.315447569,5381.2
T007996,2024-10-18,S050,P0076,0,571.47,9.76,INR,2024-08-30 21:00:28.903445721,-9.76
T007997,2024-12-02,S009,P0012,3,552.64,,INR,2024-04-04 11:24:56.328077078,
T007998,2024-12-23,S026,P0012,6,1861.21,29.84,INR,2024-12-19 23:25:36.963010311,11137.42
T007999,2024-01-04,S003,P0073,4,546.01,81.82,INR,2024-01-30 16:18:07.457016706,2102.22
T008000,2024-08-15,S036,P0022,1,1928.57,175.42,INR,2024-11-01 23:05:51.338977337,1753.1499999999999
T008001,2024-05-30,S047,P0049,0,499.43,45.44,INR,2024-03-17 22:26:04.712929726,-45.44
T008002,2024-11-09,S005,P0050,-1,830.14,8.55,INR,2024-05-23 04:13:24.750994205,-838.6899999999999
T008003,2024-04-01,S020,P0080,7,123.41,166.38,INR,2024-06-05 04:13:26.109084606,697.49
T008004,2024-12-24,S020,P0004,7,1815.97,139.87,INR,2024-08-29 21:15:46.644419670,12571.92
T008005,2024-08-12,S005,P0050,-2,298.27,91.89,INR,2024-07-18 12:45:44.262073039,-688.43
T008006,2024-10-16,S010,P0003,8,778.93,140.64,INR,2024-03-08 22:05:44.509868622,6090.799999999999
T008007,2024-02-01,S016,P0016,7,1700.78,205.06,INR,2024-01-11 22:56:39.922382355,11700.4
T008008,2024-03-07,S025,P0014,8,1604.61,32.7,INR,2024-09-18 18:47:21.059025288,12804.179999999998
T008009,2024-10-03,S044,P0064,-2,1698.85,76.71,INR,2024-07-03 07:07:30.717542410,-3474.41
T008010,2024-01-09,S025,P0041,9,1836.8,238.49,INR,2024-05-12 01:14:38.397936344,16292.710000000001
T008011,2024-10-25,S030,P0068,1,1831.03,201.04,INR,2024-04-13 20:33:51.128477812,1629.99
T008012,2024-01-06,S014,P0059,1,1563.95,79.88,INR,2024-10-27 09:52:05.574595213,1484.0700000000002
T008013,2024-08-27,S022,P0002,6,1206.6,119.45,INR,2024-10-17 08:51:14.046614647,7120.15
T008014,2024-05-13,S043,P0010,7,1166.94,,INR,2024-10-28 12:12:02.971715689,
T008015,2024-08-11,S028,P0075,-2,124.55,75.94,INR,2024-03-20 23:21:33.640726805,-325.03999999999996
T008016,2024-09-11,S030,P0090,8,1472.88,252.35,INR,2024-11-06 23:10:07.914904118,11530.69
T008017,2024-05-05,S019,P9999,1,530.69,132.12,INR,2024-12-25 17:19:49.044066191,398.57000000000005
T008018,2024-02-09,S038,P0026,0,1674.53,192.09,INR,2024-08-06 16:34:39.186508894,-192.09
T008019,2024-01-26,S042,P0004,6,1152.23,47.92,INR,2024-01-18 05:13:06.022134542,6865.46
T008020,2024-08-02,S020,P0090,2,1975.77,54.99,INR,2024-09-13 07:50:40.675751925,3896.55
T008021,2024-07-09,S035,P0028,6,499.52,282.28,INR,2024-07-15 09:48:58.557402611,2714.84
T008022,2024-09-27,S022,P0002,7,1474.58,252.43,INR,2024-09-16 21:32:03.899965763,10069.63
T008023,2024-07-05,S015,P0066,3,1140.31,237.1,INR,2024-03-09 16:56:31.565438509,3183.83
T008024,2024-06-03,S011,P0016,8,1870.43,98.88,INR,2024-08-09 02:47:51.866176367,14864.560000000001
T008025,2024-05-25,S034,P0057,6,605.39,168.83,INR,2024-07-15 19:20:32.823559761,3463.51
T008026,2024-01-10,S024,P0023,-2,212.93,147.7,INR,2024-08-07 21:49:08.604819775,-573.56
T008027,2024-05-02,S006,P0023,1,1133.34,286.87,INR,2024-09-22 15:04:04.727323294,846.4699999999999
T008028,2024-12-22,S017,P0077,1,1091.06,71.89,INR,2024-07-17 15:20:20.165112257,1019.17
T008029,2024-11-14,S028,P0021,7,692.24,284.17,INR,2024-04-27 11:03:34.210966825,4561.51
T008030,2024-04-30,S050,P0025,7,1974.42,212.06,INR,2024-04-22 18:52:24.162723541,13608.880000000001
T008031,2024-08-02,S031,P0058,3,232.45,124.11,INR,2024-09-10 16:40:05.926789045,573.2399999999999
T008032,2024-11-05,S036,P0037,7,1182.09,79.91,INR,2024-08-30 07:20:35.355523348,8194.72
T008033,2024-06-10,S009,P0049,-2,594.41,227.21,INR,2024-06-03 00:44:37.304255009,-1416.03
T008034,2024-01-07,S010,P0077,7,103.63,246.88,INR,2024-05-09 01:00:06.798259974,478.53
T008035,2024-01-28,S021,P0015,2,1976.91,107.26,INR,2024-08-14 08:19:11.373972654,3846.56
T008036,2024-07-05,S034,P0028,0,1015.06,51.56,INR,2024-04-23 22:31:40.203261614,-51.56
T008037,2024-12-19,S031,P0067,-2,1728.66,147.67,INR,2024-12-17 14:11:51.814095497,-3604.9900000000002
T008038,2024-09-10,S029,P0087,3,1696.13,140.55,INR,2024-08-05 17:07:32.239340544,4947.84
T008039,2024-01-26,S043,P0004,0,1643.33,217.62,INR,2024-08-04 01:25:02.685509443,-217.62
T008040,2024-03-10,S043,P0047,1,972.13,291.96,INR,2024-02-19 18:16:49.055486202,680.1700000000001
T008041,2024-10-08,S011,P0050,9,1802.26,159.38,INR,2024-08-10 12:30:57.168304920,16060.960000000001
T008042,2024-11-03,S033,P0060,6,797.82,219.52,INR,2024-04-17 15:32:38.779892921,4567.4
T008043,2024-08-13,S046,P0062,-1,875.94,105.17,INR,2024-06-13 22:01:32.350154161,-981.11
T008044,2024-08-23,S001,P0067,-2,585.84,179.87,INR,2024-07-15 10:37:35.967337370,-1351.5500000000002
T008045,2024-01-11,S021,P0072,7,951.36,34.6,INR,2024-06-23 10:51:21.896160364,6624.92
T008046,2024-10-29,S023,P0043,3,1974.35,,INR,2024-10-22 10:17:05.570421934,
T008047,2024-10-14,S009,P0089,9,1189.16,103.3,INR,2024-02-06 07:17:55.541427851,10599.140000000001
T008048,2024-04-04,S001,P0058,-2,1679.09,24.01,INR,2024-03-02 01:48:03.426653862,-3382.19
T008049,2024-09-15,S021,P0052,-2,600.35,,INR,2024-02-27 07:13:57.453148365,
T008050,2024-03-19,S022,P0076,4,1916.25,270.54,INR,2024-10-25 03:27:37.215748310,7394.46
T008051,2024-01-15,S004,P0069,-1,125.03,59.23,INR,2024-02-13 03:38:40.984665394,-184.26
T008052,2024-03-14,S001,P0097,1,1867.47,108.96,INR,2024-12-20 13:50:08.519590377,1758.51
T008053,2024-03-06,S999,P0046,1,1806.21,281.02,INR,2024-12-19 17:53:16.599611044,1525.19
T008054,2024-05-03,S010,P0025,-1,227.98,238.9,INR,2024-12-28 00:18:47.005285263,-466.88
T008055,2024-06-01,S015,P0025,3,1249.21,271.92,INR,2024-12-23 14:04:37.356427670,3475.71
T008056,2024-07-04,S036,P0035,7,1591.96,168.76,INR,2024-02-24 09:24:46.157056808,10974.960000000001
T008057,2024-06-23,S029,P0061,-1,867.23,72.93,INR,2024-08-27 22:58:33.650311470,-940.1600000000001
T008058,2024-04-08,S046,P0015,9,274.53,68.12,INR,2024-05-25 21:17:14.739601135,2402.6499999999996
T008059,2024-01-11,S005,P0090,5,1675.86,,INR,2024-09-24 02:46:18.761231899,
T008060,2024-08-08,S029,P0074,1,986.35,277.2,INR,2024-05-28 03:50:28.158848524,709.1500000000001
T008061,2024-05-24,S047,P0088,-2,600.18,189.48,INR,2024-05-19 21:10:13.248579979,-1389.84
T008062,2024-04-19,S047,P0035,4,234.63,10.32,INR,2024-11-25 22:36:42.667656422,928.1999999999999
T008063,2024-11-12,S027,P0029,3,1316.33,168.14,INR,2024-06-29 12:13:45.147321463,3780.85
T008064,2024-09-29,S025,P0038,9,180.37,,INR,2024-09-27 00:16:54.324215651,
T008065,2024-11-09,S016,P0069,3,1603.08,174.47,INR,2024-08-25 05:16:27.193181038,4634.7699999999995
T008066,2024-06-29,S016,P0024,8,1564.43,207.32,INR,2024-08-28 01:31:34.304982662,12308.12
T008067,2024-02-17,S036,P0019,0,713.59,88.05,INR,2024-05-07 10:16:13.640059710,-88.05
T008068,2024-09-11,S025,P0046,7,997.35,43.13,INR,2024-04-02 03:26:50.892292500,6938.32
T008069,2024-03-16,S041,P0049,4,1371.52,225.01,INR,2024-11-19 04:22:48.620574474,5261.07
T008070,2024-06-10,S001,P0044,3,1922.34,58.91,INR,2024-01-09 23:24:26.188718796,5708.11
T008071,2024-01-24,S005,P0073,7,1088.29,34.25,INR,2024-03-04 02:49:41.308008194,7583.78
T008072,2024-10-28,S041,P0026,7,1993.69,107.81,INR,2024-02-18 11:12:58.393836737,13848.02
T008073,2024-02-15,S020,P0025,6,717.7,249.83,INR,2024-12-12 12:37:52.310536146,4056.370000000001
T008074,2024-11-25,S005,P0035,0,1100.33,24.63,INR,2024-01-02 20:01:51.691423178,-24.63
T008075,2024-11-11,S036,P0036,0,319.67,,INR,2024-01-03 22:16:31.252950430,
T008076,2024-06-18,S029,P0014,1,1157.24,142.58,INR,2024-03-23 18:08:21.715225458,1014.66
T008077,2024-09-28,S048,P0056,0,1119.0,86.29,INR,2024-04-11 20:48:21.790805101,-86.29
T008078,2024-08-14,S034,P0006,1,1712.75,,INR,2024-07-23 08:03:50.209352732,
T008079,2024-10-20,S048,P0032,3,1993.45,202.47,INR,2024-12-16 20:22:06.445375681,5777.88
T008080,2024-06-06,S018,P0026,-2,1973.74,252.75,INR,2024-06-18 17:46:20.207211733,-4200.23
T008081,2024-10-13,S002,P0015,-1,548.97,61.15,INR,2024-04-15 09:42:30.547804356,-610.12
T008082,2024-06-17,S016,P0049,7,743.05,194.68,INR,2024-10-25 04:55:21.989629507,5006.669999999999
T008083,2024-12-09,S029,P0095,3,621.85,232.42,INR,2024-05-20 19:27:04.999779463,1633.13
T008084,2024-06-26,S033,P0056,9,479.39,,INR,2024-02-21 17:42:08.563540697,
T008085,2024-06-17,S016,P0037,3,385.26,11.05,INR,2024-10-17 00:30:50.003793955,1144.73
T008086,2024-10-13,S035,P0053,9,1072.31,167.78,INR,2024-01-01 21:09:00.158693075,9483.009999999998
T008087,2024-10-26,S047,P0058,-2,1757.75,176.36,INR,2024-03-15 20:48:21.809163094,-3691.86
T008088,2024-07-21,S043,P9999,3,1220.75,117.84,INR,2024-08-19 19:45:58.524241686,3544.41
T008089,2024-03-06,S042,P0083,8,1758.06,,INR,2024-02-07 09:34:14.162449360,
T008090,2024-06-19,S017,P0078,9,1923.04,120.58,INR,2024-04-03 08:58:04.458964586,17186.78
T008091,2024-12-19,S004,P0036,6,827.97,192.63,INR,2024-05-23 13:20:46.108923197,4775.19
T008092,2024-10-01,S049,P9999,5,1687.77,210.56,INR,2024-05-24 16:37:38.888747215,8228.29
T008093,2024-10-23,S004,P0011,7,199.44,147.84,INR,2024-12-21 01:45:14.601560354,1248.24
T008094,2024-01-12,S999,P0027,2,1014.04,,INR,2024-09-03 13:46:49.083877802,
T008095,2024-06-19,S025,P0002,1,799.76,201.8,INR,2024-01-14 12:18:27.459200382,597.96
T008096,2024-08-24,S033,P0022,3,489.22,134.79,INR,2024-03-21 19:01:41.233838320,1332.8700000000001
T008097,2024-10-29,S014,P0066,8,932.95,79.05,INR,2024-08-12 23:56:09.289884806,7384.55
T008098,2024-01-18,S024,P0084,9,943.03,66.89,INR,2024-09-17 09:35:02.317850828,8420.380000000001
T008099,2024-11-07,S011,P0017,2,1636.23,225.83,INR,2024-05-18 22:01:23.349679470,3046.63
T008100,2024-07-19,S025,P0004,3,1750.95,146.26,INR,2024-11-08 15:34:05.283909559,5106.59
T008101,2024-03-13,S028,P0014,7,1348.21,187.23,INR,2024-12-10 08:25:45.099842310,9250.240000000002
T008102,2024-04-25,S007,P0007,8,1303.44,141.33,INR,2024-08-12 03:11:09.062272072,10286.19
T008103,2024-04-12,S049,P0079,0,309.35,245.65,INR,2024-07-24 06:32:00.190436840,-245.65
T008104,2024-07-12,S036,P0094,4,1193.0,149.05,INR,2024-10-01 01:03:20.768593550,4622.95
T008105,2024-01-19,S010,P0016,5,621.45,296.42,INR,2024-10-12 10:42:12.903262854,2810.83
T008106,2024-02-27,S049,P0066,2,660.05,72.78,INR,2024-03-19 15:12:37.155807972,1247.32
T008107,2024-10-23,S036,P0019,2,280.07,41.56,INR,2024-06-25 12:04:18.767655373,518.5799999999999
T008108,2024-02-18,S031,P0001,9,1308.15,112.08,INR,2024-06-12 07:30:36.383194923,11661.27
T008109,2024-03-26,S019,P0031,1,1209.24,275.6,INR,2024-12-09 15:14:56.630702972,933.64
T008110,2024-06-14,S018,P0004,7,518.52,255.69,INR,2024-02-10 19:04:10.705505133,3373.95
T008111,2024-07-07,S049,P0091,2,599.77,74.21,INR,2024-12-10 08:48:04.763888359,1125.33
T008112,2024-10-05,S006,P0058,9,1568.7,179.91,INR,2024-07-27 23:55:41.588273764,13938.390000000001
T008113,2024-06-12,S028,P0056,7,1606.57,176.68,INR,2024-04-15 03:20:37.613691330,11069.31
T008114,2024-10-15,S007,P0053,8,1036.86,,INR,2024-11-13 07:26:55.507585764,
T008115,2024-08-13,S038,P0089,5,383.11,,INR,2024-01-19 09:43:19.173265934,
T008116,2024-02-11,S012,P0086,2,205.63,117.01,INR,2024-04-26 09:54:57.664602757,294.25
T008117,2024-02-27,S041,P0043,6,615.79,236.59,INR,2024-10-01 16:13:14.664115191,3458.1499999999996
T008118,2024-06-08,S050,P0074,9,1489.25,57.51,INR,2024-10-29 02:34:46.673828363,13345.74
T008119,2024-05-24,S034,P0097,-2,1241.55,133.72,INR,2024-03-02 03:16:53.369811773,-2616.8199999999997
T008120,2024-09-28,S025,P0049,4,1464.4,144.51,INR,2024-12-09 17:53:59.726415634,5713.09
T008121,2024-07-30,S017,P0060,2,996.32,281.74,INR,2024-01-20 14:36:33.261805296,1710.9
T008122,2024-05-21,S033,P0094,1,1533.94,91.06,INR,2024-06-07 05:56:26.302445650,1442.88
T008123,2024-03-03,S023,P0094,0,1013.53,5.89,INR,2024-02-05 13:38:22.291642904,-5.89
T008124,2024-03-23,S009,P0016,9,259.63,208.12,INR,2024-02-05 15:49:56.237170458,2128.55
T008125,2024-07-29,S006,P0073,7,251.73,226.74,INR,2024-11-29 13:45:06.992642641,1535.37
T008126,2024-06-03,S002,P0081,4,1679.86,210.91,INR,2024-11-25 22:44:01.608796597,6508.53
T008127,2024-07-06,S038,P0099,9,1296.29,210.22,INR,2024-08-12 13:39:47.437658787,11456.390000000001
T008128,2024-03-03,S009,P0060,-1,630.34,144.97,INR,2024-12-18 16:41:21.193561077,-775.3100000000001
T008129,2024-08-29,S003,P0047,2,1538.63,5.6,INR,2024-06-28 05:37:36.337039471,3071.6600000000003
T008130,2024-11-07,S016,P0015,-1,357.9,218.98,INR,2024-10-12 17:48:51.344978809,-576.88
T008131,2024-04-04,S025,P0063,4,1325.96,280.96,INR,2024-02-05 12:04:47.023012638,5022.88
T008132,2024-06-28,S024,P0028,3,1980.02,47.22,INR,2024-05-24 09:36:33.189796686,5892.839999999999
T008133,2024-12-22,S047,P0020,7,385.04,,INR,2024-07-07 00:12:18.921533823,
T008134,2024-05-01,S029,P0097,4,369.7,,INR,2024-10-11 00:35:25.151350260,
T008135,2024-08-05,S044,P0063,9,988.89,254.94,INR,2024-05-02 02:03:25.338236809,8645.07
T008136,2024-02-02,S040,P0033,6,1321.06,31.84,INR,2024-12-23 19:44:46.933295727,7894.5199999999995
T008137,2024-08-09,S026,P0036,-1,150.44,214.55,INR,2024-09-25 05:06:40.877966404,-364.99
T008138,2024-02-02,S038,P0013,6,1049.37,18.88,INR,2024-07-13 12:47:55.950306177,6277.339999999999
T008139,2024-12-16,S035,P0062,4,258.02,9.84,INR,2024-04-30 17:30:02.864616632,1022.2399999999999
T008140,2024-09-18,S023,P0068,-1,558.52,267.39,INR,2024-08-22 08:20:46.435015202,-825.91
T008141,2024-10-14,S004,P0023,7,1453.56,231.17,INR,2024-09-02 16:01:55.934856892,9943.75
T008142,2024-09-13,S042,P0072,-1,1503.84,179.58,INR,2024-09-04 21:38:04.171166897,-1683.4199999999998
T008143,2024-08-03,S014,P0013,1,1486.49,51.6,INR,2024-08-01 23:06:19.160897255,1434.89
T008144,2024-06-13,S047,P0088,-1,223.78,83.65,INR,2024-05-26 04:14:29.485744953,-307.43
T008145,2024-11-09,S039,P0040,-2,1594.85,14.58,INR,2024-10-25 01:53:56.933354139,-3204.2799999999997
T008146,2024-12-15,S007,P0030,3,921.19,193.61,INR,2024-04-04 06:28:45.109713793,2569.96
T008147,2024-07-01,S008,P0094,7,1003.09,205.83,INR,2024-08-16 06:23:15.344565630,6815.8
T008148,2024-12-06,S042,P0025,8,897.41,98.04,INR,2024-06-21 03:50:41.617604494,7081.24
T008149,2024-07-31,S999,P0097,2,1728.34,101.52,INR,2024-11-21 21:15:30.439230919,3355.16
T008150,2024-07-15,S019,P0073,9,1391.94,188.69,INR,2024-08-03 13:15:39.059743881,12338.77
T008151,2024-06-14,S002,P0026,0,1050.05,,INR,2024-11-08 07:40:38.081252337,
T008152,2024-03-17,S047,P0024,8,1685.15,118.41,INR,2024-12-13 23:03:04.404368639,13362.79
T008153,2024-01-02,S001,P0097,-2,1630.19,148.08,INR,2024-02-16 08:43:53.002417088,-3408.46
T008154,2024-03-29,S042,P0039,6,109.58,209.48,INR,2024-07-21 15:29:09.025152683,448.0
T008155,2024-07-05,S038,P0089,5,1009.87,102.7,INR,2024-11-18 15:37:40.422672987,4946.650000000001
T008156,2024-05-18,S013,P0079,3,180.27,260.66,INR,2024-11-14 07:21:56.160374403,280.15000000000003
T008157,2024-06-12,S042,P0061,3,683.65,253.85,INR,2024-03-12 12:09:56.276676655,1797.1
T008158,2024-12-23,S044,P0049,9,1627.29,202.28,INR,2024-06-24 16:46:29.538763762,14443.33
T008159,2024-05-07,S024,P0041,1,1893.7,161.08,INR,2024-03-22 10:19:31.859586239,1732.6200000000001
T008160,2024-06-14,S032,P0070,-1,559.93,,INR,2024-11-23 08:07:22.066090344,
T008161,2024-02-18,S030,P0020,9,140.71,210.71,INR,2024-01-02 04:17:20.560635567,1055.68
T008162,2024-01-18,S006,P0044,1,864.44,192.97,INR,2024-03-20 17:11:01.627675772,671.47
T008163,2024-10-10,S038,P0016,-1,736.73,263.05,INR,2024-05-29 07:08:15.628915787,-999.78
T008164,2024-07-27,S033,P0021,4,1386.24,,INR,2024-03-21 17:09:23.430101871,
T008165,2024-10-04,S044,P0015,6,1040.61,72.88,INR,2024-12-21 08:34:20.680572271,6170.78
T008166,2024-02-24,S023,P0039,-1,857.81,41.33,INR,2024-03-30 01:40:22.684167862,-899.14
T008167,2024-07-27,S010,P0042,6,536.16,141.31,INR,2024-05-12 05:52:43.877986431,3075.65
T008168,2024-04-02,S046,P0061,6,1674.11,,INR,2024-03-04 12:52:03.474647284,
T008169,2024-03-24,S015,P0004,5,571.94,248.31,INR,2024-12-04 05:37:26.470791340,2611.3900000000003
T008170,2024-01-05,S023,P0024,-2,204.0,41.84,INR,2024-05-30 02:46:55.944495916,-449.84000000000003
T008171,2024-02-17,S036,P0003,2,1172.76,204.37,INR,2024-04-05 13:47:19.830264807,2141.15
T008172,2024-04-22,S001,P0001,7,702.96,91.24,INR,2024-03-30 20:00:05.852954865,4829.4800000000005
T008173,2024-02-12,S008,P0094,8,1453.63,281.71,INR,2024-08-01 17:59:46.124425888,11347.330000000002
T008174,2024-12-25,S003,P0013,1,253.66,141.13,INR,2024-12-22 20:10:23.933059216,112.53
T008175,2024-04-22,S014,P0054,4,1935.98,,INR,2024-12-21 13:44:50.975469828,
T008176,2024-02-17,S017,P0082,8,455.03,195.03,INR,2024-12-24 07:31:24.662102461,3445.2099999999996
T008177,2024-03-13,S034,P0040,5,778.41,27.3,INR,2024-05-21 02:59:38.955186605,3864.7499999999995
T008178,2024-08-02,S047,P0011,7,1013.81,255.66,INR,2024-11-29 18:18:43.271944046,6841.01
T008179,2024-01-24,S006,P0042,8,1791.22,49.27,INR,2024-06-11 04:51:39.819875240,14280.49
T008180,2024-11-10,S005,P0093,5,1472.83,119.23,INR,2024-07-05 08:34:01.248773098,7244.92
T008181,2024-12-16,S046,P0004,-1,375.17,201.77,INR,2024-07-08 18:19:26.135439873,-576.94
T008182,2024-03-31,S999,P0025,0,933.37,16.57,INR,2024-01-24 05:03:54.791136980,-16.57
T008183,2024-06-13,S041,P0100,7,1131.53,174.13,INR,2024-03-05 15:06:51.085367680,7746.58
T008184,2024-01-09,S040,P0036,7,1434.04,122.97,INR,2024-11-19 10:10:56.024773836,9915.31
T008185,2024-08-21,S029,P0064,4,1186.45,19.16,INR,2024-11-23 04:04:57.571081877,4726.64
T008186,2024-05-31,S035,P0044,1,968.94,,INR,2024-03-14 17:27:45.897820950,
T008187,2024-04-08,S018,P0040,3,1554.54,,INR,2024-04-20 11:06:20.529613495,
T008188,2024-03-16,S040,P0092,5,818.31,91.03,INR,2024-10-29 21:07:36.289036989,4000.5199999999995
T008189,2024-08-26,S048,P0045,5,1975.63,25.3,INR,2024-03-15 12:30:45.155825615,9852.850000000002
T008190,2024-05-31,S030,P0008,4,1900.79,164.24,INR,2024-11-17 12:01:25.336221695,7438.92
T008191,2024-03-06,S015,P0085,9,1444.02,91.79,INR,2024-10-27 11:09:12.962975025,12904.39
T008192,2024-09-08,S015,P0035,-1,1776.96,284.01,INR,2024-10-21 18:08:23.872798920,-2060.9700000000003
T008193,2024-07-25,S016,P0044,-1,847.03,177.45,INR,2024-11-21 11:41:37.411698818,-1024.48
T008194,2024-11-09,S033,P0018,0,1204.79,85.52,INR,2024-11-19 17:25:31.792113543,-85.52
T008195,2024-02-12,S010,P0047,1,618.04,158.59,INR,2024-11-30 18:44:28.470412731,459.44999999999993
T008196,2024-10-13,S019,P0025,-2,1782.71,161.85,INR,2024-11-17 00:47:23.423790932,-3727.27
T008197,2024-09-02,S037,P0041,2,994.95,218.03,INR,2024-08-09 12:38:22.137817144,1771.8700000000001
T008198,2024-02-11,S050,P0005,4,1118.67,270.66,INR,2024-02-27 13:40:20.764503479,4204.02
T008199,2024-09-10,S003,P0064,9,1742.68,288.78,INR,2024-08-10 08:04:17.211481810,15395.34
T008200,2024-06-10,S036,P0062,7,1614.83,215.37,INR,2024-12-09 21:46:26.955222368,11088.439999999999
T008201,2024-12-10,S004,P0072,8,711.31,,INR,2024-12-19 04:49:58.913640738,
T008202,2024-02-21,S011,P0087,2,266.11,67.48,INR,2024-09-22 21:20:26.960767031,464.74
T008203,2024-08-22,S041,P0003,4,407.98,120.91,INR,2024-09-10 05:59:56.166317463,1511.01
T008204,2024-05-19,S033,P0037,2,744.28,146.64,INR,2024-12-08 12:41:27.409207821,1341.92
T008205,2024-12-15,S028,P0095,8,680.05,38.51,INR,2024-04-16 07:35:19.451247215,5401.889999999999
T008206,2024-04-30,S032,P0093,7,172.79,76.92,INR,2024-02-25 02:35:53.331799269,1132.61
T008207,2024-12-17,S016,P0041,5,920.92,295.34,INR,2024-04-15 20:24:23.543226719,4309.259999999999
T008208,2024-11-25,S009,P0020,4,301.12,,INR,2024-12-12 08:47:20.809364319,
T008209,2024-04-08,S011,P0067,-2,519.69,144.6,INR,2024-03-18 11:48:51.625566244,-1183.98
T008210,2024-10-20,S006,P0087,8,1596.22,,INR,2024-03-23 00:42:14.739229679,
T008211,2024-12-29,S049,P0040,-2,1040.27,172.03,INR,2024-03-11 10:14:02.755205870,-2252.57
T008212,2024-04-02,S027,P0085,9,808.61,,INR,2024-06-25 22:50:42.511989832,
T008213,2024-06-08,S012,P0077,2,452.33,57.93,INR,2024-10-17 16:21:45.922704697,846.73
T008214,2024-07-08,S022,P0008,-1,1745.93,,INR,2024-05-19 09:01:28.790602922,
T008215,2024-04-17,S040,P0005,6,1817.01,103.76,INR,2024-02-06 13:03:35.306773663,10798.3
T008216,2024-01-06,S048,P0025,-1,1085.49,162.52,INR,2024-09-27 04:10:14.164361477,-1248.01
T008217,2024-03-21,S037,P0039,9,1850.42,47.8,INR,2024-08-10 14:06:17.337595463,16605.98
T008218,2024-04-12,S021,P0037,6,983.1,60.13,INR,2024-06-23 21:21:14.315952539,5838.47
T008219,2024-06-10,S033,P0005,7,303.76,117.34,INR,2024-12-17 21:30:16.479508638,2008.9799999999998
T008220,2024-03-03,S017,P0008,-1,132.38,146.86,INR,2024-06-20 16:55:03.570060253,-279.24
T008221,2024-11-14,S029,P0004,1,343.92,228.68,INR,2024-09-24 08:57:18.057562590,115.24000000000001
T008222,2024-09-14,S040,P0041,0,1283.05,169.99,INR,2024-02-27 20:27:44.394185543,-169.99
T008223,2024-02-01,S010,P0060,3,709.72,,INR,2024-06-01 00:51:13.021409512,
T008224,2024-08-25,S018,P0054,1,1331.79,,INR,2024-03-18 11:27:36.112115383,
T008225,2024-08-26,S047,P0022,6,1065.15,135.29,INR,2024-05-07 01:41:59.423337698,6255.610000000001
T008226,2024-12-15,S013,P0078,6,732.72,102.94,INR,2024-06-24 02:19:11.123483896,4293.38
T008227,2024-01-02,S027,P0019,7,515.49,240.13,INR,2024-03-04 16:35:28.976152182,3368.3
T008228,2024-03-31,S010,P0077,6,253.98,,INR,2024-10-20 02:40:37.183087349,
T008229,2024-12-04,S032,P0099,0,1586.54,46.19,INR,2024-05-17 05:51:24.484865427,-46.19
T008230,2024-12-06,S041,P0068,0,1656.11,,INR,2024-11-23 06:06:16.373266220,
T008231,2024-09-20,S045,P0033,1,1128.76,278.98,INR,2024-09-03 05:59:31.897473097,849.78
T008232,2024-10-06,S003,P0022,6,398.48,261.26,INR,2024-03-05 11:04:04.527952671,2129.62
T008233,2024-02-03,S022,P0065,3,600.71,126.8,INR,2024-08-22 07:40:09.145356894,1675.3300000000002
T008234,2024-07-06,S027,P0011,6,1914.78,252.65,INR,2024-01-09 11:38:57.402006626,11236.03
T008235,2024-03-25,S003,P0016,5,529.29,,INR,2024-10-21 16:37:17.286550760,
T008236,2024-03-07,S033,P0068,4,207.93,61.62,INR,2024-12-21 14:12:16.447396994,770.1
T008237,2024-10-22,S002,P0093,2,1145.09,232.46,INR,2024-09-04 09:09:19.907384634,2057.72
T008238,2024-02-19,S011,P0044,6,597.64,121.83,INR,2024-12-04 04:05:11.360670090,3464.01
T008239,2024-06-20,S046,P0088,1,1919.13,,INR,2024-04-17 14:26:24.252774000,
T008240,2024-12-08,S010,P0009,1,1192.06,263.49,INR,2024-06-03 14:38:15.575921297,928.5699999999999
T008241,2024-03-08,S039,P0072,5,1935.05,258.68,INR,2024-06-03 23:28:23.460550785,9416.57
T008242,2024-12-22,S033,P0078,1,1592.6,259.31,INR,2024-02-10 21:22:41.361319542,1333.29
T008243,2024-12-28,S007,P0079,4,1473.86,257.86,INR,2024-10-17 16:50:29.725378036,5637.58
T008244,2024-07-21,S015,P0062,1,1677.69,166.27,INR,2024-06-29 16:46:55.954924583,1511.42
T008245,2024-03-03,S026,P0086,8,1249.28,185.08,INR,2024-06-28 00:08:53.176470757,9809.16
T008246,2024-04-25,S011,P9999,-2,121.13,284.66,INR,2024-08-31 23:47:11.041168928,-526.9200000000001
T008247,2024-06-03,S038,P0015,7,845.68,,INR,2024-03-03 09:50:54.507960320,
T008248,2024-04-22,S027,P0006,6,516.13,241.88,INR,2024-10-22 16:58:02.930862427,2854.8999999999996
T008249,2024-04-12,S039,P0001,1,925.19,157.88,INR,2024-05-13 13:02:09.658757210,767.3100000000001
T008250,2024-12-20,S007,P0020,0,994.04,,INR,2024-01-30 01:39:16.657289028,
T008251,2024-02-25,S001,P0036,0,342.88,191.77,INR,2024-03-10 11:14:56.231736660,-191.77
T008252,2024-09-24,S010,P0002,6,144.52,48.76,INR,2024-04-02 06:59:15.116105795,818.3600000000001
T008253,2024-01-01,S021,P0070,5,362.58,244.65,INR,2024-03-05 22:48:06.539809227,1568.2499999999998
T008254,2024-08-05,S015,P0002,7,1729.11,201.8,INR,2024-03-29 09:53:56.584512949,11901.97
T008255,2024-11-30,S030,P0003,4,1536.12,44.68,INR,2024-12-29 11:39:46.451120377,6099.799999999999
T008256,2024-04-15,S030,P0007,4,1617.9,2.7,INR,2024-07-15 06:29:12.656704903,6468.900000000001
T008257,2024-03-08,S008,P0084,1,624.98,163.09,INR,2024-08-08 01:38:07.234051466,461.89
T008258,2024-08-25,S024,P0064,0,548.59,72.45,INR,2024-03-01 14:23:38.553312063,-72.45
T008259,2024-09-17,S019,P0041,9,171.01,260.17,INR,2024-01-17 01:37:15.475480318,1278.9199999999998
T008260,2024-09-08,S003,P0054,1,997.31,75.28,INR,2024-04-23 06:40:18.327617645,922.03
T008261,2024-04-26,S015,P0041,3,826.58,198.86,INR,2024-10-07 23:34:48.926717281,2280.88
T008262,2024-04-02,S036,P0005,9,1688.18,103.54,INR,2024-07-22 22:55:43.590144873,15090.08
T008263,2024-12-14,S006,P0089,1,1395.55,105.1,INR,2024-01-04 22:27:39.711769342,1290.45
T008264,2024-12-03,S042,P0082,1,374.14,54.54,INR,2024-10-14 21:37:10.129492998,319.59999999999997
T008265,2024-06-15,S050,P0063,-1,1975.59,150.82,INR,2024-02-07 23:02:12.607873917,-2126.41
T008266,2024-11-04,S048,P0001,4,1564.22,,INR,2024-06-09 17:44:12.408372402,
T008267,2024-06-14,S018,P0025,3,1468.45,174.3,INR,2024-12-30 19:23:20.428879738,4231.05
T008268,2024-06-03,S038,P0081,-1,511.57,256.98,INR,2024-02-14 07:10:29.207478762,-768.55
T008269,2024-02-27,S019,P0046,2,1819.8,195.7,INR,2024-10-24 11:37:51.727306843,3443.9
T008270,2024-06-04,S049,P0015,3,1000.45,222.07,INR,2024-10-18 17:03:44.800323248,2779.28
T008271,2024-07-15,S050,P0069,2,665.55,97.03,INR,2024-06-11 10:33:32.412952185,1234.07
T008272,2024-01-09,S030,P0017,1,1344.18,126.21,INR,2024-12-26 17:12:11.027228117,1217.97
T008273,2024-06-11,S013,P0021,8,502.33,5.49,INR,2024-04-22 09:48:09.236567020,4013.15
T008274,2024-10-12,S039,P0053,8,1824.37,23.73,INR,2024-04-25 06:15:07.979885817,14571.23
T008275,2024-09-05,S012,P0055,6,1723.25,,INR,2024-02-25 14:58:37.279392719,
T008276,2024-08-19,S034,P0087,0,983.33,62.92,INR,2024-05-14 23:02:54.614914179,-62.92
T008277,2024-11-27,S012,P0010,8,462.25,243.89,INR,2024-04-18 04:35:10.552438974,3454.11
T008278,2024-01-07,S044,P0081,-1,1043.36,202.95,INR,2024-08-08 15:19:27.576355457,-1246.31
T008279,2024-07-22,S024,P0057,6,383.36,291.09,INR,2024-01-15 20:49:07.265609026,2009.07
T008280,2024-10-14,S004,P0065,5,612.71,266.11,INR,2024-04-23 05:51:55.692680836,2797.44
T008281,2024-07-16,S036,P0037,6,1017.19,293.3,INR,2024-01-02 17:13:47.420428991,5809.84
T008282,2024-04-28,S050,P0007,7,140.17,,INR,2024-01-03 07:16:41.553481817,
T008283,2024-02-19,S048,P0076,8,1554.87,,INR,2024-10-26 09:49:28.733420610,
T008284,2024-11-19,S014,P0040,0,474.14,111.79,INR,2024-09-30 16:23:13.972229481,-111.79
T008285,2024-06-20,S017,P0050,-2,1746.56,,INR,2024-09-28 14:40:24.694634199,
T008286,2024-11-16,S049,P0001,8,142.29,120.81,INR,2024-05-09 01:50:28.918305159,1017.51
T008287,2024-08-01,S003,P0020,-2,1111.05,35.03,INR,2024-09-12 05:22:23.648021698,-2257.13
T008288,2024-09-03,S038,P0031,0,1575.64,75.15,INR,2024-04-03 15:15:01.252075434,-75.15
T008289,2024-10-20,S023,P0068,1,552.1,127.45,INR,2024-04-22 22:21:19.487140894,424.65000000000003
T008290,2024-08-28,S013,P0090,-1,1444.35,180.9,INR,2024-07-24 07:21:47.619042873,-1625.25
T008291,2024-05-25,S009,P0012,5,1469.65,185.43,INR,2024-09-12 08:40:56.763150215,7162.82
T008292,2024-07-06,S021,P0022,9,1311.9,227.64,INR,2024-04-06 23:46:02.419492483,11579.460000000001
T008293,2024-10-20,S041,P0001,0,792.08,194.36,INR,2024-09-04 22:31:51.981738806,-194.36
T008294,2024-05-16,S008,P0001,1,1591.62,147.46,INR,2024-12-17 07:26:23.203738451,1444.1599999999999
T008295,2024-05-21,S017,P0003,3,1294.02,9.05,INR,2024-06-29 06:00:19.131616353,3873.0099999999998
T008296,2024-02-04,S016,P0076,7,1221.74,,INR,2024-05-28 14:15:33.579664469,
T008297,2024-11-29,S016,P0021,3,1656.41,25.64,INR,2024-03-25 20:41:38.636704683,4943.59
T008298,2024-02-03,S028,P0013,-1,564.81,140.64,INR,2024-05-09 23:51:45.422302246,-705.4499999999999
T008299,2024-08-24,S999,P0061,3,541.73,268.92,INR,2024-07-12 00:28:03.481412888,1356.27
T008300,2024-05-30,S016,P0013,1,834.25,179.06,INR,2024-12-10 14:22:53.565413713,655.19
T008301,2024-05-28,S046,P0082,2,238.95,,INR,2024-04-05 04:11:36.561681986,
T008302,2024-09-05,S046,P0033,4,741.05,242.39,INR,2024-03-25 11:37:05.697729588,2721.81
T008303,2024-01-25,S014,P0006,4,871.92,90.12,INR,2024-12-16 14:43:57.216926336,3397.56
T008304,2024-08-04,S046,P0025,3,1040.61,173.18,INR,2024-08-09 03:11:33.615851164,2948.65
T008305,2024-10-08,S044,P0023,7,582.63,190.75,INR,2024-09-25 08:57:56.709688425,3887.66
T008306,2024-10-29,S038,P0088,3,1823.0,219.34,INR,2024-10-29 20:08:04.535463572,5249.66
T008307,2024-03-03,S020,P9999,3,641.65,19.49,INR,2024-01-30 20:28:59.255403996,1905.4599999999998
T008308,2024-11-23,S045,P0026,1,1717.95,256.28,INR,2024-06-25 22:57:52.399939060,1461.67
T008309,2024-08-27,S048,P0004,0,945.41,34.16,INR,2024-02-21 03:17:42.279125690,-34.16
T008310,2024-11-17,S041,P0035,-2,1464.5,28.36,INR,2024-08-15 20:59:20.743693590,-2957.36
T008311,2024-06-26,S034,P0075,0,310.71,137.07,INR,2024-12-14 02:41:34.409543276,-137.07
T008312,2024-07-16,S029,P0100,0,1134.81,111.65,INR,2024-01-21 12:46:50.757685661,-111.65
T008313,2024-12-01,S003,P0025,6,1925.57,16.38,INR,2024-04-10 01:09:25.430148125,11537.04
T008314,2024-11-24,S010,P0020,0,1365.88,49.8,INR,2024-12-30 21:12:36.878777504,-49.8
T008315,2024-06-12,S020,P0001,5,1658.55,131.76,INR,2024-01-03 00:04:13.619698048,8160.99
T008316,2024-04-10,S002,P0094,5,596.03,248.72,INR,2024-02-20 22:30:35.521422862,2731.43
T008317,2024-05-23,S027,P0068,0,1620.32,36.39,INR,2024-01-30 11:33:23.289065599,-36.39
T008318,2024-05-21,S032,P0023,7,767.38,31.36,INR,2024-10-05 21:11:40.335869312,5340.3
T008319,2024-04-14,S010,P0099,7,1021.65,241.45,INR,2024-10-01 02:08:27.824278831,6910.1
T008320,2024-04-08,S040,P0022,9,457.12,147.69,INR,2024-10-10 19:38:34.712004423,3966.39
T008321,2024-11-10,S017,P0095,3,1022.83,108.07,INR,2024-10-09 19:44:28.178795815,2960.42
T008322,2024-01-26,S033,P0062,9,1079.83,138.41,INR,2024-10-31 20:31:46.749918222,9580.06
T008323,2024-09-04,S006,P0001,5,1282.42,123.25,INR,2024-10-09 02:25:18.045618296,6288.85
T008324,2024-03-04,S039,P0059,5,1750.4,234.57,INR,2024-06-25 11:52:00.486343384,8517.43
T008325,2024-05-05,S047,P0068,7,679.22,2.8,INR,2024-09-29 02:26:35.943136454,4751.74
T008326,2024-01-23,S018,P0019,7,1969.86,129.95,INR,2024-08-06 03:07:13.716379166,13659.069999999998
T008327,2024-04-08,S009,P0030,6,1710.61,47.66,INR,2024-05-13 18:44:15.895013094,10216.0
T008328,2024-10-07,S008,P0001,6,865.55,92.49,INR,2024-11-01 08:23:37.870290756,5100.8099999999995
T008329,2024-11-19,S025,P0048,5,530.66,33.65,INR,2024-10-14 15:13:39.456488132,2619.6499999999996
T008330,2024-03-21,S031,P0019,4,235.84,128.1,INR,2024-03-04 07:47:06.596264839,815.26
T008331,2024-06-18,S042,P0052,7,545.29,192.99,INR,2024-01-09 21:59:35.917444468,3624.04
T008332,2024-06-20,S004,P0085,0,1780.59,198.48,INR,2024-04-25 07:56:22.612456083,-198.48
T008333,2024-11-14,S020,P0022,4,654.86,239.02,INR,2024-05-27 09:00:11.785775900,2380.42
T008334,2024-10-05,S028,P0050,1,362.16,244.5,INR,2024-03-04 15:22:19.979428291,117.66000000000003
T008335,2024-07-06,S040,P0066,-1,143.08,179.32,INR,2024-11-08 02:54:22.136942387,-322.4
T008336,2024-09-01,S001,P0006,5,665.59,105.94,INR,2024-01-13 06:09:57.376254082,3222.01
T008337,2024-11-05,S040,P0064,-1,510.69,15.39,INR,2024-06-25 12:30:06.220690250,-526.08
T008338,2024-01-04,S044,P0021,-2,294.18,10.76,INR,2024-01-21 05:58:55.406343937,-599.12
T008339,2024-05-27,S023,P0097,9,1907.06,33.98,INR,2024-07-14 20:56:31.948824406,17129.56
T008340,2024-11-27,S047,P0019,9,608.48,295.15,INR,2024-06-18 05:34:02.448718548,5181.17
T008341,2024-09-27,S013,P0091,2,111.74,235.79,INR,2024-10-11 18:07:59.609610796,-12.310000000000002
T008342,2024-07-17,S016,P0037,7,1894.12,121.46,INR,2024-09-08 17:33:11.098082304,13137.380000000001
T008343,2024-07-12,S026,P0063,6,1199.18,139.86,INR,2024-11-04 01:02:56.329053879,7055.22
T008344,2024-05-06,S031,P0029,2,257.34,221.21,INR,2024-07-17 16:28:31.870347500,293.4699999999999
T008345,2024-07-08,S050,P0060,8,159.7,154.32,INR,2024-10-27 04:32:56.918730497,1123.28
T008346,2024-08-27,S001,P0092,-1,304.91,108.12,INR,2024-09-19 11:37:37.988799095,-413.03000000000003
T008347,2024-06-01,S017,P0034,7,1223.83,104.87,INR,2024-10-11 12:25:39.515297413,8461.939999999999
T008348,2024-09-17,S016,P0001,1,217.56,62.89,INR,2024-08-07 05:55:54.067681551,154.67000000000002
T008349,2024-11-10,S037,P0048,5,1179.47,,INR,2024-09-19 15:29:14.089406490,
T008350,2024-02-26,S010,P0089,4,1339.83,124.25,INR,2024-05-26 15:01:23.154099464,5235.07
T008351,2024-06-13,S038,P0021,2,380.4,225.71,INR,2024-02-01 00:26:34.119505644,535.0899999999999
T008352,2024-05-28,S044,P0034,1,1028.02,172.13,INR,2024-06-01 01:17:16.588714361,855.89
T008353,2024-09-07,S031,P0026,2,1931.37,226.23,INR,2024-03-04 06:59:15.067244291,3636.5099999999998
T008354,2024-04-01,S010,P0036,4,1689.33,96.27,INR,2024-08-17 17:21:44.792951584,6661.049999999999
T008355,2024-08-21,S049,P0099,2,1474.39,,INR,2024-04-06 02:00:10.775483370,
T008356,2024-11-16,S034,P0023,5,1083.7,236.99,INR,2024-12-15 17:19:10.267074584,5181.51
T008357,2024-06-01,S999,P0081,4,849.12,31.28,INR,2024-04-08 23:39:23.438856840,3365.2
T008358,2024-11-28,S006,P0047,4,957.73,27.44,INR,2024-02-05 19:38:32.831259727,3803.48
T008359,2024-12-28,S028,P0076,6,1552.76,295.65,INR,2024-11-17 10:15:40.882230997,9020.91
T008360,2024-02-08,S028,P0044,5,1153.17,,INR,2024-05-31 06:14:35.385675669,
T008361,2024-03-26,S013,P0020,9,1552.84,205.45,INR,2024-05-09 20:41:26.962218523,13770.109999999999
T008362,2024-12-12,S041,P0027,5,1942.76,224.34,INR,2024-11-19 04:00:07.392869234,9489.46
T008363,2024-12-15,S012,P0061,3,1316.98,,INR,2024-08-26 12:15:48.831965923,
T008364,2024-02-05,S050,P0037,4,1245.9,223.95,INR,2024-07-13 05:49:24.182677984,4759.650000000001
T008365,2024-01-06,S040,P0084,5,871.71,,INR,2024-04-29 09:38:54.157482147,
T008366,2024-02-28,S050,P0052,2,473.83,82.4,INR,2024-04-16 18:14:55.467935085,865.26
T008367,2024-12-29,S002,P0075,7,810.98,199.6,INR,2024-07-30 12:31:06.627807140,5477.26
T008368,2024-03-06,S008,P0092,-1,1088.18,249.94,INR,2024-07-02 00:13:00.954982519,-1338.1200000000001
T008369,2024-07-02,S042,P0062,4,166.23,171.84,INR,2024-04-10 17:47:03.430854082,493.0799999999999
T008370,2024-11-05,S009,P0066,7,1004.03,261.19,INR,2024-03-08 04:15:41.758159876,6767.02
T008371,2024-01-08,S050,P0024,0,1738.08,6.71,INR,2024-10-25 13:45:48.071679115,-6.71
T008372,2024-08-08,S008,P0080,7,1955.59,,INR,2024-09-08 00:39:46.255578517,
T008373,2024-04-11,S999,P0012,8,1725.54,50.82,INR,2024-12-28 13:14:48.800584793,13753.5
T008374,2024-11-10,S003,P0016,5,426.77,85.82,INR,2024-07-07 06:24:32.142555237,2048.0299999999997
T008375,2024-04-13,S009,P0036,3,394.53,171.68,INR,2024-12-28 22:50:17.608214378,1011.9099999999999
T008376,2024-09-07,S013,P0002,8,847.29,82.33,INR,2024-06-17 04:50:25.641134024,6695.99
T008377,2024-09-03,S009,P0089,1,528.32,,INR,2024-07-14 06:13:17.017704248,
T008378,2024-03-21,S031,P0062,-1,1384.39,265.65,INR,2024-03-17 07:46:39.653724909,-1650.04
T008379,2024-01-13,S025,P0064,4,260.66,272.02,INR,2024-02-24 13:41:59.333327770,770.6200000000001
T008380,2024-05-29,S044,P0029,-2,943.07,10.91,INR,2024-12-09 04:19:21.983814240,-1897.0500000000002
T008381,2024-04-15,S045,P0092,4,632.68,150.04,INR,2024-12-24 03:26:57.969630480,2380.68
T008382,2024-10-22,S008,P0074,7,1231.27,61.1,INR,2024-07-18 20:37:22.695240021,8557.789999999999
T008383,2024-10-19,S047,P0087,7,1614.42,259.02,INR,2024-04-09 08:56:40.521744966,11041.92
T008384,2024-06-15,S031,P0096,4,1854.77,138.76,INR,2024-12-13 06:17:19.298379898,7280.32
T008385,2024-08-09,S045,P0031,7,1931.32,143.54,INR,2024-10-17 19:30:42.298404455,13375.699999999999
T008386,2024-08-08,S045,P0083,0,767.27,188.24,INR,2024-03-06 15:07:16.641894102,-188.24
T008387,2024-10-28,S031,P0015,1,1726.11,,INR,2024-04-18 21:27:51.429641247,
T008388,2024-06-04,S017,P0055,9,1224.73,38.19,INR,2024-01-02 12:50:57.611825228,10984.38
T008389,2024-04-10,S047,P0033,1,1415.29,149.52,INR,2024-07-31 10:20:29.650492668,1265.77
T008390,2024-04-06,S019,P0081,1,1717.15,290.01,INR,2024-07-11 03:13:51.368469238,1427.14
T008391,2024-07-14,S003,P0052,6,347.22,253.08,INR,2024-02-29 19:40:01.825921059,1830.2400000000002
T008392,2024-06-12,S046,P0100,3,1900.07,266.81,INR,2024-05-03 20:30:03.333216429,5433.4
T008393,2024-06-09,S030,P0020,7,1140.05,,INR,2024-12-08 19:34:19.808009386,
T008394,2024-02-03,S010,P0073,6,738.41,,INR,2024-08-24 21:11:01.813378572,
T008395,2024-09-19,S049,P0038,9,743.59,219.0,INR,2024-11-10 23:52:35.259980916,6473.31
T008396,2024-03-19,S029,P0003,1,1526.9,97.71,INR,2024-11-01 23:36:33.646488428,1429.19
T008397,2024-03-12,S040,P0054,4,1389.45,259.34,INR,2024-12-02 00:58:36.588911533,5298.46
T008398,2024-05-30,S018,P0066,9,1486.01,224.19,INR,2024-01-16 03:53:47.338469028,13149.9
T008399,2024-03-24,S012,P0018,7,580.69,220.95,INR,2024-04-05 19:14:41.236944199,3843.8800000000006
T008400,2024-08-01,S049,P0087,9,423.37,220.39,INR,2024-05-31 16:25:11.498702049,3589.94
T008401,2024-05-15,S023,P0083,9,1471.53,240.26,INR,2024-08-21 15:15:19.698103666,13003.51
T008402,2024-06-12,S011,P0007,6,667.11,284.56,INR,2024-08-09 23:11:24.689790487,3718.1
T008403,2024-07-15,S009,P0035,7,522.63,41.06,INR,2024-03-30 19:53:24.039381981,3617.35
T008404,2024-03-15,S024,P0084,0,507.76,299.86,INR,2024-03-11 08:57:45.223829985,-299.86
T008405,2024-02-26,S025,P0084,0,381.96,261.7,INR,2024-06-08 15:43:37.719643831,-261.7
T008406,2024-11-17,S025,P0083,3,910.95,132.49,INR,2024-04-01 11:25:32.129413366,2600.3600000000006
T008407,2024-06-07,S047,P0080,5,595.8,,INR,2024-12-18 06:22:47.337113857,
T008408,2024-05-30,S009,P0085,-2,1798.34,136.14,INR,2024-12-18 09:25:20.975326061,-3732.8199999999997
T008409,2024-01-13,S012,P0093,1,1409.37,233.58,INR,2024-02-11 08:58:11.354761124,1175.79
T008410,2024-06-30,S011,P0060,5,1513.34,,INR,2024-09-14 08:37:18.002689123,
T008411,2024-07-21,S049,P0024,3,866.86,83.87,INR,2024-03-24 07:16:36.188870430,2516.71
T008412,2024-07-22,S038,P9999,-1,1240.4,122.04,INR,2024-09-18 20:42:19.890200377,-1362.44
T008413,2024-09-15,S028,P0093,5,1051.52,286.29,INR,2024-10-06 23:51:15.250872135,4971.31
T008414,2024-03-05,S008,P0095,-2,418.16,241.15,INR,2024-01-18 13:56:31.708887815,-1077.47
T008415,2024-04-02,S010,P0039,9,190.92,37.22,INR,2024-09-10 19:15:04.886515141,1681.06
T008416,2024-10-22,S025,P0012,-2,1398.69,163.62,INR,2024-11-23 07:56:29.807769299,-2961.0
T008417,2024-12-11,S047,P0094,4,330.23,279.3,INR,2024-03-19 22:48:32.600911617,1041.6200000000001
T008418,2024-02-19,S036,P0053,7,208.96,10.29,INR,2024-02-12 04:22:21.905787706,1452.43
T008419,2024-06-30,S050,P0064,0,939.55,12.76,INR,2024-07-25 21:22:58.635568619,-12.76
T008420,2024-03-19,S043,P0004,9,1502.25,,INR,2024-07-07 20:56:34.944385290,
T008421,2024-01-22,S009,P0094,9,1560.85,172.66,INR,2024-11-19 07:20:39.810067654,13874.99
T008422,2024-04-28,S041,P0005,5,1759.59,13.8,INR,2024-06-13 15:30:44.864360809,8784.15
T008423,2024-02-22,S008,P0016,6,478.51,298.8,INR,2024-05-30 22:41:37.607971907,2572.2599999999998
T008424,2024-09-16,S003,P0027,5,1972.69,174.03,INR,2024-09-17 14:22:39.848731279,9689.42
T008425,2024-07-13,S018,P0004,-2,1550.1,,INR,2024-01-29 06:16:08.841858149,
T008426,2024-02-22,S046,P0072,-2,398.71,134.31,INR,2024-01-21 19:41:58.747835159,-931.73
T008427,2024-01-04,S035,P0048,3,1697.37,210.21,INR,2024-07-03 07:04:47.713622332,4881.9
T008428,2024-10-21,S017,P0008,9,1048.02,137.51,INR,2024-02-02 11:54:59.749140263,9294.67
T008429,2024-03-05,S036,P0081,-2,226.44,197.72,INR,2024-12-08 18:47:28.776542664,-650.6
T008430,2024-08-09,S028,P0046,5,350.88,146.5,INR,2024-08-26 19:09:11.983294487,1607.9
T008431,2024-05-02,S050,P0044,3,924.4,183.22,INR,2024-10-02 01:57:39.825733185,2589.98
T008432,2024-08-01,S015,P0067,2,1107.96,241.56,INR,2024-03-24 12:55:31.481493473,1974.3600000000001
T008433,2024-04-25,S019,P0091,3,1900.24,245.15,INR,2024-06-29 07:40:14.385259151,5455.570000000001
T008434,2024-02-01,S022,P0052,1,509.85,254.71,INR,2024-02-18 20:29:33.644800663,255.14000000000001
T008435,2024-03-22,S006,P0034,-2,1000.8,60.89,INR,2024-03-15 03:11:17.326202393,-2062.49
T008436,2024-03-09,S047,P0062,4,529.19,18.34,INR,2024-07-26 09:30:33.819530249,2098.42
T008437,2024-06-05,S007,P0021,7,1160.96,250.84,INR,2024-04-12 04:02:01.682796240,7875.88
T008438,2024-08-28,S044,P0024,6,1827.7,12.69,INR,2024-11-30 18:02:34.173631907,10953.51
T008439,2024-04-06,S048,P0044,1,1178.73,64.05,INR,2024-12-29 06:19:42.162142515,1114.68
T008440,2024-01-05,S009,P0041,1,1069.13,157.86,INR,2024-01-02 10:23:51.973522186,911.2700000000001
T008441,2024-07-08,S020,P0029,6,1525.25,256.63,INR,2024-10-04 01:42:20.367098331,8894.87
T008442,2024-08-09,S037,P0006,1,380.47,269.03,INR,2024-02-12 02:20:30.616189718,111.44000000000005
T008443,2024-12-17,S011,P0056,7,1820.67,188.42,INR,2024-07-28 17:41:49.182594776,12556.27
T008444,2024-08-03,S002,P0014,1,1197.5,290.03,INR,2024-03-24 09:30:57.169414043,907.47
T008445,2024-06-20,S022,P0050,5,1403.99,218.98,INR,2024-12-18 04:17:44.237165689,6800.97
T008446,2024-07-28,S048,P0078,8,1656.03,158.32,INR,2024-11-15 16:04:09.200415850,13089.92
T008447,2024-12-04,S036,P9999,1,1306.57,40.31,INR,2024-08-05 07:41:08.763347149,1266.26
T008448,2024-10-29,S005,P0052,6,1318.29,128.64,INR,2024-03-05 05:54:19.484532118,7781.099999999999
T008449,2024-04-27,S007,P0088,8,1486.28,,INR,2024-10-12 16:17:16.663586855,
T008450,2024-03-27,S006,P0077,5,199.25,85.09,INR,2024-07-08 21:48:38.351021290,911.16
T008451,2024-04-05,S022,P0001,2,826.2,,INR,2024-08-11 05:17:35.590134144,
T008452,2024-07-03,S010,P0012,6,1929.58,295.03,INR,2024-09-19 01:10:57.436197042,11282.449999999999
T008453,2024-09-28,S046,P0024,5,590.08,52.33,INR,2024-05-31 23:04:06.020624876,2898.07
T008454,2024-07-02,S040,P0037,7,1130.29,,INR,2024-01-03 19:47:36.602307081,
T008455,2024-01-25,S046,P0084,1,433.31,,INR,2024-05-12 22:08:36.869243860,
T008456,2024-09-21,S046,P0070,1,714.22,7.48,INR,2024-05-30 23:21:54.973781109,706.74
T008457,2024-10-21,S020,P0076,-2,1462.45,192.98,INR,2024-05-13 22:16:00.493698835,-3117.88
T008458,2024-04-15,S028,P0085,1,1321.88,100.72,INR,2024-10-30 08:02:27.534028053,1221.16
T008459,2024-08-30,S023,P0003,9,887.2,217.14,INR,2024-05-01 07:24:19.507576704,7767.66
T008460,2024-06-04,S035,P0027,5,1882.34,36.08,INR,2024-05-31 23:06:53.851824999,9375.619999999999
T008461,2024-11-20,S001,P0053,9,1572.59,99.01,INR,2024-01-23 11:38:42.908134222,14054.3
T008462,2024-11-04,S029,P0100,9,609.06,,INR,2024-09-18 15:40:28.869977713,
T008463,2024-07-10,S009,P0017,2,984.35,,INR,2024-03-19 15:04:06.124193907,
T008464,2024-09-09,S009,P0015,3,1768.27,144.98,INR,2024-03-26 18:42:04.139647245,5159.83
T008465,2024-11-18,S022,P0039,1,142.68,53.28,INR,2024-08-02 04:50:32.933797359,89.4
T008466,2024-06-29,S002,P0004,2,1204.79,179.9,INR,2024-12-24 23:55:41.955014229,2229.68
T008467,2024-04-24,S016,P0017,7,540.72,35.44,INR,2024-05-29 16:52:02.602686405,3749.6
T008468,2024-10-02,S040,P0011,5,221.26,223.57,INR,2024-04-29 09:53:59.912034273,882.73
T008469,2024-03-21,S006,P0012,9,1834.44,276.5,INR,2024-01-14 05:10:00.924816608,16233.46
T008470,2024-05-21,S013,P0032,6,1650.94,115.78,INR,2024-10-14 09:23:42.363618851,9789.859999999999
T008471,2024-11-11,S033,P0027,0,452.06,158.46,INR,2024-04-05 08:52:41.481441021,-158.46
T008472,2024-09-21,S019,P0044,7,1690.2,146.55,INR,2024-10-07 15:02:17.556048393,11684.85
T008473,2024-05-27,S015,P0043,1,378.21,235.62,INR,2024-04-13 00:38:43.359131098,142.58999999999997
T008474,2024-03-19,S033,P0091,-2,1004.71,298.26,INR,2024-01-11 21:49:38.257300854,-2307.6800000000003
T008475,2024-05-09,S010,P0049,8,1478.97,220.71,INR,2024-06-30 20:20:01.324657440,11611.050000000001
T008476,2024-04-13,S001,P0093,2,1114.23,64.36,INR,2024-11-26 17:04:06.297357559,2164.1
T008477,2024-03-05,S012,P0073,1,1716.48,208.82,INR,2024-03-17 20:46:38.660106182,1507.66
T008478,2024-09-28,S043,P0043,3,1272.07,184.73,INR,2024-02-26 04:20:25.307546377,3631.48
T008479,2024-04-02,S029,P0003,3,920.71,63.04,INR,2024-03-08 10:42:48.414012671,2699.09
T008480,2024-06-14,S017,P0029,7,1857.81,72.29,INR,2024-09-08 22:49:21.326137543,12932.38
T008481,2024-05-20,S004,P0085,3,168.96,,INR,2024-05-14 02:23:53.154439211,
T008482,2024-12-24,S029,P0035,0,1027.96,242.35,INR,2024-04-03 11:05:34.312539816,-242.35
T008483,2024-05-22,S007,P0048,4,1355.48,228.72,INR,2024-05-03 06:13:49.723187447,5193.2
T008484,2024-01-30,S044,P0074,0,1688.51,181.92,INR,2024-04-22 19:40:47.953428507,-181.92
T008485,2024-02-02,S013,P0087,3,1128.2,281.26,INR,2024-07-17 11:29:14.111975193,3103.34
T008486,2024-08-03,S005,P0039,7,1782.48,219.31,INR,2024-02-18 16:00:06.494473696,12258.050000000001
T008487,2024-08-06,S006,P0089,-2,909.93,162.57,INR,2024-07-04 16:23:57.583791018,-1982.4299999999998
T008488,2024-06-01,S034,P0024,5,702.54,244.86,INR,2024-04-23 18:54:54.020362616,3267.8399999999997
T008489,2024-06-06,S007,P0020,4,1950.24,87.15,INR,2024-12-06 09:51:06.516213178,7713.81
T008490,2024-01-20,S046,P0015,9,1367.64,79.05,INR,2024-06-02 23:06:44.160349846,12229.710000000001
T008491,2024-07-07,S028,P0085,6,908.98,291.44,INR,2024-02-06 12:04:59.106956720,5162.4400000000005
T008492,2024-07-03,S046,P0076,0,1768.56,,INR,2024-12-06 18:24:50.115354061,
T008493,2024-02-24,S010,P0018,9,1397.85,264.15,INR,2024-12-08 04:30:04.293065310,12316.5
T008494,2024-02-07,S004,P0060,5,1312.08,64.31,INR,2024-03-05 01:19:48.802083969,6496.089999999999
T008495,2024-02-15,S003,P0087,-1,1484.22,176.31,INR,2024-10-24 23:52:42.340864658,-1660.53
T008496,2024-02-06,S025,P0093,6,1502.76,160.52,INR,2024-11-10 14:36:06.168563843,8856.039999999999
T008497,2024-08-10,S023,P0041,-2,1036.67,60.93,INR,2024-05-09 19:01:29.175325871,-2134.27
T008498,2024-03-12,S027,P0100,9,896.68,134.34,INR,2024-02-28 05:13:28.301097393,7935.78
T008499,2024-04-01,S014,P0069,7,1827.64,139.54,INR,2024-10-18 10:24:35.512606621,12653.94
T008500,2024-03-04,S038,P0090,4,1044.77,72.19,INR,2024-01-11 07:57:40.829173803,4106.89
T008501,2024-12-15,S032,P0075,7,510.06,286.46,INR,2024-08-14 02:00:34.260351181,3283.96
T008502,2024-11-07,S023,P0011,-2,1091.05,147.81,INR,2024-05-04 19:42:06.604052067,-2329.91
T008503,2024-03-25,S047,P0056,3,165.4,157.47,INR,2024-08-05 13:11:39.434778214,338.73
T008504,2024-04-29,S040,P0018,-2,1474.3,179.57,INR,2024-10-14 22:18:15.096983910,-3128.17
T008505,2024-03-17,S037,P0012,1,341.27,266.09,INR,2024-10-29 11:44:48.345270634,75.18
T008506,2024-06-28,S003,P0016,4,312.28,159.99,INR,2024-12-30 10:34:25.041709185,1089.1299999999999
T008507,2024-01-08,S035,P0027,-1,1898.08,162.29,INR,2024-08-21 16:22:26.575802565,-2060.37
T008508,2024-09-02,S013,P0100,0,1567.86,72.06,INR,2024-03-22 13:32:42.944047689,-72.06
T008509,2024-07-09,S034,P0017,1,887.03,180.85,INR,2024-04-10 18:39:23.034119129,706.18
T008510,2024-11-24,S024,P0085,3,555.19,114.34,INR,2024-06-08 04:37:51.238564014,1551.2300000000002
T008511,2024-03-01,S001,P9999,9,1702.63,194.03,INR,2024-11-05 16:36:09.603806734,15129.640000000001
T008512,2024-10-20,S012,P0031,6,1940.31,90.22,INR,2024-05-13 21:39:00.108116150,11551.640000000001
T008513,2024-10-16,S008,P0035,1,1065.87,214.72,INR,2024-09-08 05:14:41.231665134,851.1499999999999
T008514,2024-02-16,S019,P0027,3,1202.14,185.67,INR,2024-01-17 10:58:07.446510077,3420.75
T008515,2024-05-25,S009,P0087,9,561.8,142.35,INR,2024-06-05 23:18:28.301139355,4913.849999999999
T008516,2024-03-03,S028,P0032,4,1219.58,29.0,INR,2024-03-01 23:08:55.890892267,4849.32
T008517,2024-04-02,S014,P0017,1,861.14,,INR,2024-12-08 12:45:36.946112156,
T008518,2024-04-06,S027,P0011,3,1706.6,257.78,INR,2024-10-15 20:58:29.324901342,4862.0199999999995
T008519,2024-07-22,S018,P0001,0,816.51,51.32,INR,2024-02-20 15:22:08.191277981,-51.32
T008520,2024-05-30,S042,P0092,2,1332.68,25.42,INR,2024-05-26 16:13:03.871767044,2639.94
T008521,2024-12-11,S041,P0082,9,486.59,11.87,INR,2024-01-30 09:59:00.461632967,4367.44
T008522,2024-02-16,S006,P0049,9,272.28,9.55,INR,2024-09-29 11:51:14.580799103,2440.9699999999993
T008523,2024-12-21,S033,P0041,8,176.67,252.62,INR,2024-03-10 20:21:43.340374708,1160.7399999999998
T008524,2024-03-25,S037,P0020,7,889.73,218.28,INR,2024-10-20 13:57:56.366487503,6009.830000000001
T008525,2024-10-09,S042,P0071,1,410.7,60.69,INR,2024-01-28 00:26:18.354572535,350.01
T008526,2024-05-03,S025,P0037,4,1987.61,275.14,INR,2024-07-28 03:06:26.234151363,7675.299999999999
T008527,2024-02-22,S013,P0016,3,1616.93,40.6,INR,2024-08-09 23:50:33.307651281,4810.19
T008528,2024-11-09,S023,P0039,4,1417.41,,INR,2024-05-02 00:46:20.251643181,
T008529,2024-04-22,S036,P0045,3,1626.31,135.63,INR,2024-02-29 22:27:50.516128063,4743.3
T008530,2024-08-28,S033,P0064,9,599.22,22.77,INR,2024-04-28 04:44:37.497366905,5370.21
T008531,2024-07-25,S021,P0047,-1,1770.6,104.24,INR,2024-06-29 20:40:58.730349302,-1874.84
T008532,2024-06-21,S034,P0023,4,1991.71,30.56,INR,2024-12-19 17:22:58.677585840,7936.28
T008533,2024-06-29,S036,P0032,5,650.72,236.93,INR,2024-06-12 03:12:37.690970421,3016.6700000000005
T008534,2024-09-24,S017,P0049,4,1970.83,14.05,INR,2024-03-10 02:59:05.610180378,7869.2699999999995
T008535,2024-02-02,S010,P0081,1,708.75,5.14,INR,2024-01-10 10:45:48.110827684,703.61
T008536,2024-08-31,S023,P0019,1,122.27,219.75,INR,2024-01-04 00:05:23.370785236,-97.48
T008537,2024-11-22,S044,P0098,9,797.71,234.25,INR,2024-06-01 02:37:29.108135223,6945.14
T008538,2024-01-22,S002,P0078,2,1995.28,148.69,INR,2024-04-18 03:40:10.225821257,3841.87
T008539,2024-02-21,S035,P0067,6,1306.79,95.36,INR,2024-02-12 00:07:03.752739429,7745.38
T008540,2024-09-18,S014,P0039,2,1421.4,70.94,INR,2024-03-03 20:15:23.552957296,2771.86
T008541,2024-06-08,S047,P0089,-1,552.86,35.11,INR,2024-05-07 17:10:35.183716297,-587.97
T008542,2024-05-27,S045,P0060,2,377.25,145.27,INR,2024-09-07 14:52:48.569030762,609.23
T008543,2024-02-19,S041,P0011,0,1782.47,147.33,INR,2024-08-10 11:59:25.643491268,-147.33
T008544,2024-07-03,S002,P0049,7,885.45,136.79,INR,2024-01-30 04:24:31.309277773,6061.360000000001
T008545,2024-02-16,S019,P0015,5,107.8,233.48,INR,2024-02-22 04:54:45.396414518,305.52
T008546,2024-06-22,S016,P0083,7,659.07,,INR,2024-11-27 13:36:36.589144707,
T008547,2024-10-05,S043,P0061,7,471.89,201.0,INR,2024-01-26 22:40:18.382608652,3102.23
T008548,2024-04-04,S044,P0043,-1,1247.17,120.47,INR,2024-03-13 14:07:32.112893343,-1367.64
T008549,2024-06-24,S025,P0015,8,1536.63,72.28,INR,2024-04-26 01:10:24.567063093,12220.76
T008550,2024-12-28,S001,P0079,1,1045.25,204.48,INR,2024-03-24 23:50:34.921015024,840.77
T008551,2024-09-07,S002,P0079,2,453.21,,INR,2024-04-16 03:44:37.795144796,
T008552,2024-11-03,S048,P0073,9,210.13,69.28,INR,2024-09-22 15:00:22.012477636,1821.89
T008553,2024-05-31,S027,P0005,1,695.71,299.56,INR,2024-02-04 16:18:54.404709339,396.15000000000003
T008554,2024-10-07,S002,P0083,2,1631.33,266.6,INR,2024-05-08 13:33:52.539662361,2996.06
T008555,2024-01-15,S030,P0088,7,897.08,209.14,INR,2024-08-11 06:44:54.904624462,6070.42
T008556,2024-02-14,S999,P0029,8,579.28,94.73,INR,2024-01-18 19:50:48.284419298,4539.51
T008557,2024-03-15,S010,P0062,1,139.38,161.02,INR,2024-01-17 04:01:16.946699619,-21.640000000000015
T008558,2024-05-26,S019,P0060,0,1042.52,37.98,INR,2024-06-30 23:27:04.291703939,-37.98
T008559,2024-11-04,S042,P0069,-2,1401.16,100.19,INR,2024-11-24 10:27:46.960534811,-2902.51
T008560,2024-05-06,S016,P0022,1,461.63,20.39,INR,2024-06-11 08:10:17.810469389,441.24
T008561,2024-08-26,S013,P0013,6,1120.66,183.1,INR,2024-05-28 10:12:26.001964331,6540.860000000001
T008562,2024-09-15,S048,P0050,-2,899.4,257.25,INR,2024-01-04 16:58:56.174915314,-2056.05
T008563,2024-08-01,S050,P0047,4,1437.5,242.87,INR,2024-09-24 10:33:06.158883333,5507.13
T008564,2024-05-10,S008,P0029,0,1735.15,256.82,INR,2024-02-29 21:23:09.142806292,-256.82
T008565,2024-07-29,S050,P0080,5,683.39,52.38,INR,2024-09-11 22:48:15.743680000,3364.5699999999997
T008566,2024-05-04,S031,P0100,3,1819.07,195.03,INR,2024-05-07 04:54:53.419684172,5262.18
T008567,2024-01-31,S045,P0017,-2,1443.21,287.02,INR,2024-01-17 10:05:58.041617632,-3173.44
T008568,2024-12-28,S025,P0020,7,170.62,234.98,INR,2024-04-29 16:24:36.815857649,959.3600000000001
T008569,2024-02-16,S039,P0078,2,1603.36,1.02,INR,2024-08-28 17:44:54.780691862,3205.7
T008570,2024-01-27,S021,P0006,9,1039.79,264.69,INR,2024-10-07 10:38:47.809590340,9093.42
T008571,2024-11-16,S050,P0022,5,1896.38,211.73,INR,2024-08-19 23:21:58.782079458,9270.170000000002
T008572,2024-04-20,S038,P0009,8,714.9,,INR,2024-09-16 12:53:32.830921650,
T008573,2024-08-25,S041,P0032,0,1223.31,94.15,INR,2024-03-27 02:36:27.787550211,-94.15
T008574,2024-04-30,S029,P0088,9,1916.68,35.25,INR,2024-12-18 07:34:26.577391624,17214.87
T008575,2024-05-22,S006,P0033,9,615.2,,INR,2024-03-23 19:44:09.439140558,
T008576,2024-04-05,S018,P0077,1,996.71,1.06,INR,2024-03-03 02:04:04.591511011,995.6500000000001
T008577,2024-05-05,S049,P0099,4,1529.74,139.36,INR,2024-04-01 04:21:03.138420820,5979.6
T008578,2024-05-29,S044,P0070,8,1413.09,299.94,INR,2024-12-20 19:12:12.078838825,11004.779999999999
T008579,2024-09-19,S035,P0049,3,1693.54,255.34,INR,2024-01-24 16:59:37.390157461,4825.28
T008580,2024-07-05,S027,P0030,4,1087.61,176.17,INR,2024-10-09 07:22:50.824738979,4174.2699999999995
T008581,2024-12-10,S005,P0016,6,705.95,208.18,INR,2024-02-08 10:18:35.165115118,4027.520000000001
T008582,2024-01-16,S007,P0065,6,1116.66,181.09,INR,2024-10-09 06:01:58.999586821,6518.870000000001
T008583,2024-07-02,S010,P0082,-1,764.92,243.25,INR,2024-04-11 02:43:50.414250851,-1008.17
T008584,2024-08-01,S010,P0086,0,435.22,265.8,INR,2024-09-22 05:13:07.612369776,-265.8
T008585,2024-12-01,S999,P0090,1,1154.44,229.98,INR,2024-01-18 21:14:42.884761333,924.46
T008586,2024-01-18,S028,P0014,3,191.92,54.59,INR,2024-05-02 03:03:20.966133356,521.17
T008587,2024-07-28,S036,P0056,2,169.49,111.76,INR,2024-06-18 14:06:37.697299480,227.22000000000003
T008588,2024-11-07,S010,P0037,3,222.69,235.32,INR,2024-01-08 13:06:48.935999870,432.74999999999994
T008589,2024-03-29,S050,P0049,8,1377.96,246.95,INR,2024-03-07 00:13:53.446739912,10776.73
T008590,2024-11-15,S035,P0078,5,873.28,,INR,2024-03-02 14:40:17.812315941,
T008591,2024-01-07,S035,P0090,-1,1038.82,214.24,INR,2024-06-24 17:04:44.397292137,-1253.06
T008592,2024-09-24,S037,P0050,3,752.46,52.35,INR,2024-02-18 14:35:44.091434240,2205.03
T008593,2024-12-06,S048,P0036,6,581.91,111.8,INR,2024-12-22 16:00:32.554585695,3379.66
T008594,2024-08-27,S020,P0052,2,780.78,160.39,INR,2024-11-19 17:30:18.409368515,1401.17
T008595,2024-06-09,S013,P0023,-2,467.42,,INR,2024-03-22 21:11:08.919388771,
T008596,2024-01-17,S011,P0066,5,1389.64,239.76,INR,2024-03-26 11:40:46.585140228,6708.4400000000005
T008597,2024-12-01,S045,P0071,1,293.3,57.79,INR,2024-12-11 19:27:53.364492893,235.51000000000002
T008598,2024-06-20,S019,P0045,5,1082.11,105.72,INR,2024-04-19 08:00:26.944817543,5304.829999999999
T008599,2024-01-11,S028,P0086,1,1005.97,,INR,2024-06-03 12:00:39.035270929,
T008600,2024-09-08,S038,P0028,8,673.65,45.68,INR,2024-09-13 00:57:33.472134829,5343.5199999999995
T008601,2024-06-24,S045,P0020,5,294.35,35.99,INR,2024-05-05 13:45:38.628926516,1435.76
T008602,2024-02-15,S004,P0049,6,1436.38,289.71,INR,2024-11-25 09:31:17.137939215,8328.570000000002
T008603,2024-03-19,S037,P0057,2,1182.13,271.99,INR,2024-08-02 23:57:26.543288946,2092.2700000000004
T008604,2024-01-24,S019,P0082,2,1638.01,144.97,INR,2024-07-26 00:59:09.482858896,3131.05
T008605,2024-07-28,S037,P0088,-1,547.5,164.56,INR,2024-07-21 07:37:40.975140095,-712.06
T008606,2024-08-15,S014,P0097,6,1603.97,251.59,INR,2024-02-10 21:32:01.107040882,9372.23
T008607,2024-07-03,S031,P0059,8,654.7,194.65,INR,2024-10-15 12:16:14.696231604,5042.950000000001
T008608,2024-10-25,S028,P0026,1,313.92,219.8,INR,2024-07-27 19:42:55.712553024,94.12
T008609,2024-11-10,S036,P0019,0,356.34,237.34,INR,2024-01-20 12:49:40.717381239,-237.34
T008610,2024-08-12,S044,P0013,-1,520.01,144.91,INR,2024-11-06 09:09:27.386256933,-664.92
T008611,2024-01-05,S038,P0074,0,1396.61,292.44,INR,2024-09-23 06:03:12.547635555,-292.44
T008612,2024-09-10,S019,P0062,1,563.53,188.51,INR,2024-04-15 10:40:09.179756165,375.02
T008613,2024-06-01,S042,P0014,6,1247.35,190.05,INR,2024-04-14 09:42:14.443499565,7294.049999999999
T008614,2024-07-25,S001,P0073,3,587.39,42.31,INR,2024-07-03 05:18:44.675398827,1719.8600000000001
T008615,2024-08-24,S023,P0011,7,793.92,296.32,INR,2024-01-03 15:21:02.111001253,5261.12
T008616,2024-05-07,S028,P0067,2,1790.47,21.23,INR,2024-10-22 12:16:37.289902449,3559.71
T008617,2024-11-30,S048,P0012,6,1050.69,295.69,INR,2024-12-09 20:19:06.269058228,6008.450000000001
T008618,2024-02-18,S004,P0035,5,1240.48,273.17,INR,2024-06-12 00:14:10.871771812,5929.23
T008619,2024-09-02,S041,P0039,3,459.63,256.93,INR,2024-07-14 20:23:21.581057549,1121.9599999999998
T008620,2024-01-02,S018,P0032,0,349.86,202.08,INR,2024-10-22 13:42:52.209834099,-202.08
T008621,2024-12-03,S049,P0014,4,885.04,182.66,INR,2024-04-11 07:46:00.951875687,3357.5
T008622,2024-02-11,S047,P0065,7,1725.23,298.99,INR,2024-06-28 11:33:32.436825991,11777.62
T008623,2024-02-04,S999,P0027,3,557.75,292.2,INR,2024-02-10 12:18:28.467158556,1381.05
T008624,2024-05-01,S039,P9999,9,1281.22,,INR,2024-09-13 04:42:42.563670635,
T008625,2024-05-16,S025,P0060,8,1756.98,,INR,2024-10-16 09:24:34.653802395,
T008626,2024-03-19,S018,P0043,5,1875.38,111.65,INR,2024-01-25 10:05:36.201840878,9265.250000000002
T008627,2024-08-01,S006,P0065,9,1988.2,259.78,INR,2024-11-18 01:59:41.338520288,17634.02
T008628,2024-06-10,S019,P0055,3,1549.62,210.76,INR,2024-05-16 16:47:25.993623257,4438.099999999999
T008629,2024-01-13,S012,P0093,8,242.52,,INR,2024-12-02 14:31:47.734606981,
T008630,2024-04-26,S025,P0088,7,1755.78,104.47,INR,2024-11-24 13:30:40.723537683,12185.99
T008631,2024-10-22,S035,P0081,1,1782.71,5.83,INR,2024-10-15 16:16:52.688440561,1776.88
T008632,2024-09-08,S001,P0035,7,1158.84,267.84,INR,2024-10-30 00:06:37.769904852,7844.039999999999
T008633,2024-09-21,S005,P0095,9,228.12,224.1,INR,2024-04-15 14:54:39.596208334,1828.98
T008634,2024-09-11,S001,P0032,4,1005.66,130.76,INR,2024-05-14 01:25:53.751241684,3891.88
T008635,2024-04-23,S008,P0019,4,500.33,228.12,INR,2024-03-28 14:56:16.296157598,1773.1999999999998
T008636,2024-02-06,S039,P0095,8,940.0,280.03,INR,2024-05-09 09:27:40.917075872,7239.97
T008637,2024-04-09,S047,P0039,5,1475.84,83.97,INR,2024-07-24 02:17:21.056228161,7295.23
T008638,2024-10-30,S043,P0020,-1,1368.35,,INR,2024-11-11 08:54:24.310691595,
T008639,2024-12-23,S018,P0028,8,1581.98,144.8,INR,2024-07-18 17:19:35.824349403,12511.04
T008640,2024-06-29,S046,P0003,3,1005.39,212.07,INR,2024-09-11 06:58:14.409538984,2804.1
T008641,2024-01-04,S009,P0032,0,1070.5,297.91,INR,2024-02-19 13:31:34.201422453,-297.91
T008642,2024-02-21,S005,P0086,5,1877.81,,INR,2024-12-08 22:36:57.116946936,
T008643,2024-04-27,S004,P0058,1,1299.25,102.64,INR,2024-07-31 20:37:53.315418720,1196.61
T008644,2024-07-30,S044,P0054,1,1520.33,109.03,INR,2024-10-10 04:05:32.077106714,1411.3
T008645,2024-01-28,S029,P0042,-1,1362.58,217.75,INR,2024-12-30 11:26:14.830264091,-1580.33
T008646,2024-12-10,S001,P0015,3,1316.92,265.98,INR,2024-11-09 19:11:46.446634054,3684.78
T008647,2024-05-13,S030,P0083,3,1835.73,55.14,INR,2024-07-03 02:16:13.705304861,5452.05
T008648,2024-11-29,S045,P0062,-2,777.32,214.1,INR,2024-11-12 20:02:11.157184601,-1768.74
T008649,2024-10-11,S001,P0031,9,912.61,,INR,2024-08-28 12:11:15.930344105,
T008650,2024-10-02,S003,P0061,5,821.53,36.39,INR,2024-09-23 10:57:32.002372980,4071.2599999999998
T008651,2024-08-09,S022,P0026,0,1553.87,190.52,INR,2024-08-20 14:42:08.817875385,-190.52
T008652,2024-08-16,S008,P0069,-2,1750.0,,INR,2024-04-14 23:40:18.731752634,
T008653,2024-08-20,S018,P0057,7,779.25,132.34,INR,2024-05-02 02:01:14.521856308,5322.41
T008654,2024-08-17,S025,P0020,-2,370.46,38.04,INR,2024-07-22 19:02:57.005025148,-778.9599999999999
T008655,2024-07-21,S048,P0066,-2,1038.8,205.09,INR,2024-11-15 00:54:24.743259907,-2282.69
T008656,2024-12-26,S020,P0021,2,1970.22,120.41,INR,2024-06-14 04:16:33.866503000,3820.03
T008657,2024-09-24,S031,P0060,2,487.0,170.18,INR,2024-07-16 07:22:15.361292124,803.8199999999999
T008658,2024-10-10,S030,P0063,-2,958.8,157.06,INR,2024-05-14 17:17:09.374731779,-2074.66
T008659,2024-11-14,S016,P0051,2,615.63,208.2,INR,2024-01-07 14:52:00.062107563,1023.06
T008660,2024-03-19,S002,P0100,4,1853.09,268.67,INR,2024-08-22 21:24:19.732753754,7143.69
T008661,2024-01-31,S017,P0092,2,1146.74,83.92,INR,2024-07-25 13:35:47.952809811,2209.56
T008662,2024-06-25,S010,P0084,6,1199.61,178.55,INR,2024-12-23 01:31:32.899442434,7019.11
T008663,2024-07-06,S007,P9999,1,115.7,172.13,INR,2024-07-04 09:47:20.480795145,-56.42999999999999
T008664,2024-10-29,S042,P0039,6,1340.28,94.54,INR,2024-07-14 06:08:33.034053326,7947.14
T008665,2024-06-10,S999,P0100,9,682.07,149.88,INR,2024-04-13 00:36:53.369485378,5988.75
T008666,2024-07-27,S009,P0011,5,1075.49,12.14,INR,2024-02-06 08:29:16.853603363,5365.3099999999995
T008667,2024-07-11,S017,P0057,-2,1109.03,128.08,INR,2024-09-15 06:20:14.173566103,-2346.14
T008668,2024-01-14,S009,P0003,1,1225.23,,INR,2024-10-22 01:43:15.521540642,
T008669,2024-08-12,S009,P0037,4,1664.72,259.19,INR,2024-11-13 10:33:32.304337263,6399.6900000000005
T008670,2024-10-29,S037,P0084,-2,667.98,107.34,INR,2024-05-27 13:25:14.102739096,-1443.3
T008671,2024-02-27,S024,P0096,9,586.71,57.66,INR,2024-09-13 19:13:45.115002155,5222.7300000000005
T008672,2024-08-04,S039,P0025,5,1612.04,158.9,INR,2024-04-05 21:10:58.083449602,7901.3
T008673,2024-08-04,S011,P0021,8,1465.57,243.29,INR,2024-04-02 06:27:02.287119389,11481.269999999999
T008674,2024-02-29,S008,P0080,-1,528.67,106.21,INR,2024-12-29 10:33:11.750666857,-634.88
T008675,2024-02-15,S025,P0042,5,101.59,254.05,INR,2024-11-06 01:05:18.878895283,253.90000000000003
T008676,2024-12-23,S046,P0001,8,1365.28,97.84,INR,2024-04-03 12:25:38.650493622,10824.4
T008677,2024-05-23,S002,P0023,1,398.64,220.68,INR,2024-06-07 04:34:40.328921795,177.95999999999998
T008678,2024-03-24,S010,P0024,5,1918.29,34.58,INR,2024-07-25 05:07:23.565031052,9556.87
T008679,2024-03-03,S024,P0047,-2,1248.37,18.66,INR,2024-01-05 17:37:57.704638481,-2515.3999999999996
T008680,2024-08-31,S048,P0089,9,1714.34,,INR,2024-12-16 03:14:12.718009710,
T008681,2024-08-10,S016,P0007,2,1630.68,110.52,INR,2024-02-09 16:50:17.072507620,3150.84
T008682,2024-08-22,S019,P0038,6,1159.82,117.9,INR,2024-10-25 07:01:04.216433287,6841.02
T008683,2024-02-02,S031,P0047,4,932.87,172.25,INR,2024-12-22 05:08:55.441436529,3559.23
T008684,2024-11-22,S011,P0035,0,1043.92,296.06,INR,2024-09-14 01:02:49.384385824,-296.06
T008685,2024-05-22,S006,P0078,1,1625.68,51.45,INR,2024-12-18 20:12:26.412068605,1574.23
T008686,2024-04-24,S006,P0062,7,1316.86,89.96,INR,2024-01-08 04:29:02.431036472,9128.06
T008687,2024-06-17,S032,P0073,4,490.86,,INR,2024-05-09 09:50:39.714145184,
T008688,2024-05-22,S039,P0003,3,1257.77,210.29,INR,2024-06-22 21:43:10.425002337,3563.02
T008689,2024-11-11,S048,P0020,1,868.87,211.84,INR,2024-10-12 18:33:13.943414927,657.03
T008690,2024-12-05,S013,P0097,0,216.47,178.62,INR,2024-08-26 21:41:57.891726017,-178.62
T008691,2024-04-20,S003,P0044,8,824.41,,INR,2024-09-25 15:26:23.095733881,
T008692,2024-11-11,S041,P0032,-1,532.44,44.43,INR,2024-02-22 19:14:14.862771988,-576.87
T008693,2024-10-12,S035,P0100,7,1693.31,250.39,INR,2024-11-04 08:08:43.415145874,11602.78
T008694,2024-12-05,S038,P0026,9,299.5,2.67,INR,2024-10-27 02:41:54.554063797,2692.83
T008695,2024-03-30,S017,P0048,6,785.18,125.27,INR,2024-10-07 15:40:23.874709368,4585.8099999999995
T008696,2024-07-29,S003,P0005,0,1421.43,64.62,INR,2024-10-25 13:14:28.550155878,-64.62
T008697,2024-04-10,S034,P0059,4,1805.04,31.3,INR,2024-03-18 23:05:27.311883211,7188.86
T008698,2024-10-27,S012,P0061,-2,737.1,95.85,INR,2024-02-21 04:44:17.959899902,-1570.05
T008699,2024-01-02,S024,P0049,5,1252.23,197.16,INR,2024-11-22 16:44:21.253336668,6063.99
T008700,2024-07-25,S006,P0030,-2,809.93,149.12,INR,2024-12-15 07:24:37.643901348,-1768.98
T008701,2024-05-03,S042,P0017,9,485.47,262.06,INR,2024-06-03 20:34:26.572948217,4107.17
T008702,2024-04-27,S011,P0070,-1,718.86,179.91,INR,2024-06-12 03:43:06.238275051,-898.77
T008703,2024-08-23,S048,P0058,-2,1308.21,75.94,INR,2024-09-27 10:57:32.791042089,-2692.36
T008704,2024-11-06,S027,P0063,1,1461.04,154.57,INR,2024-06-29 16:11:30.667723179,1306.47
T008705,2024-08-10,S048,P0061,-1,804.15,68.22,INR,2024-04-24 10:44:45.087578058,-872.37
T008706,2024-11-07,S024,P0063,-2,389.81,53.6,INR,2024-03-10 09:14:29.519987106,-833.22
T008707,2024-04-06,S018,P0015,-2,365.16,286.51,INR,2024-01-09 06:25:29.158110380,-1016.83
T008708,2024-07-08,S027,P0001,-1,1643.97,140.41,INR,2024-08-02 12:14:24.879007101,-1784.38
T008709,2024-06-13,S041,P0013,3,1341.22,195.36,INR,2024-02-21 21:16:06.488838196,3828.2999999999997
T008710,2024-01-05,S021,P0048,-1,1483.26,262.03,INR,2024-11-09 07:09:15.966308117,-1745.29
T008711,2024-07-22,S999,P0034,9,1027.68,96.65,INR,2024-12-24 17:55:45.842618465,9152.470000000001
T008712,2024-08-29,S034,P0030,9,968.91,236.71,INR,2024-06-16 01:48:13.511412144,8483.480000000001
T008713,2024-08-04,S033,P0019,8,501.19,236.65,INR,2024-02-12 04:23:35.638723850,3772.87
T008714,2024-09-25,S048,P0064,-1,419.85,,INR,2024-07-31 19:13:57.682637930,
T008715,2024-07-27,S018,P0066,5,392.44,56.84,INR,2024-07-28 11:10:35.637979269,1905.3600000000001
T008716,2024-01-25,S003,P0057,2,1984.4,288.85,INR,2024-02-18 16:10:43.665263891,3679.9500000000003
T008717,2024-02-12,S024,P0044,5,1659.69,82.43,INR,2024-08-24 03:06:32.800380707,8216.02
T008718,2024-08-05,S001,P0012,9,1289.65,233.04,INR,2024-04-25 08:42:37.891678333,11373.81
T008719,2024-04-10,S006,P0040,9,507.37,48.69,INR,2024-11-04 14:30:32.691299915,4517.64
T008720,2024-01-30,S019,P0024,5,741.55,277.27,INR,2024-08-02 14:09:40.007745743,3430.48
T008721,2024-06-05,S022,P0011,9,766.49,128.35,INR,2024-06-07 00:39:00.905497551,6770.0599999999995
T008722,2024-07-21,S999,P0066,-1,1007.58,200.6,INR,2024-12-17 14:39:54.132987261,-1208.18
T008723,2024-04-29,S043,P0001,4,901.79,255.06,INR,2024-06-28 07:07:26.891901731,3352.1
T008724,2024-09-19,S008,P0058,6,1874.89,84.72,INR,2024-11-19 20:41:55.063327550,11164.62
T008725,2024-08-22,S005,P0028,9,1469.54,116.7,INR,2024-04-06 11:21:24.082328796,13109.16
T008726,2024-05-01,S009,P0068,5,254.67,94.02,INR,2024-06-10 05:57:04.023613930,1179.33
T008727,2024-10-02,S047,P0094,6,783.92,84.86,INR,2024-01-31 14:51:38.345767975,4618.66
T008728,2024-08-24,S021,P0059,5,352.63,153.09,INR,2024-06-03 07:21:26.721040964,1610.0600000000002
T008729,2024-08-20,S028,P0071,1,630.77,164.02,INR,2024-11-22 11:45:25.615637302,466.75
T008730,2024-07-21,S046,P0022,7,1921.9,,INR,2024-10-29 18:05:20.344515562,
T008731,2024-01-05,S004,P0090,4,1440.0,,INR,2024-12-22 03:11:07.068036318,
T008732,2024-09-11,S024,P0029,6,114.92,126.0,INR,2024-09-30 15:40:07.823022604,563.52
T008733,2024-05-17,S008,P0089,6,724.84,266.86,INR,2024-04-09 02:14:13.805814743,4082.18
T008734,2024-12-10,S017,P0074,1,933.53,265.66,INR,2024-02-28 16:52:57.249523878,667.8699999999999
T008735,2024-10-25,S034,P0084,4,1244.75,216.03,INR,2024-03-06 12:33:52.581031799,4762.97
T008736,2024-08-02,S020,P0078,3,1049.48,256.13,INR,2024-08-29 09:42:44.210570812,2892.31
T008737,2024-04-02,S016,P0097,9,232.57,276.75,INR,2024-05-19 12:29:04.845149755,1816.38
T008738,2024-03-15,S010,P0069,9,1079.54,173.2,INR,2024-05-31 02:57:54.170752525,9542.66
T008739,2024-05-04,S034,P0045,0,347.49,291.57,INR,2024-11-10 02:37:42.630338907,-291.57
T008740,2024-06-22,S043,P0070,7,1086.48,286.62,INR,2024-09-22 05:35:11.364518166,7318.740000000001
T008741,2024-04-18,S010,P0086,3,567.53,,INR,2024-03-17 09:14:18.783587217,
T008742,2024-07-06,S030,P0017,5,373.97,156.83,INR,2024-03-03 10:50:50.171857595,1713.0200000000002
T008743,2024-03-01,S030,P0079,-1,647.05,34.34,INR,2024-10-27 00:07:48.975197077,-681.39
T008744,2024-12-22,S999,P0039,9,289.28,205.24,INR,2024-12-14 01:36:43.553725719,2398.2799999999997
T008745,2024-02-09,S025,P0040,0,639.57,229.58,INR,2024-03-08 13:50:51.869789362,-229.58
T008746,2024-12-06,S046,P0028,5,1747.17,265.4,INR,2024-12-13 09:25:47.898376226,8470.45
T008747,2024-11-29,S043,P0002,1,683.62,195.0,INR,2024-06-05 20:29:53.538714170,488.62
T008748,2024-07-10,S041,P0082,1,993.42,136.2,INR,2024-11-26 13:34:24.576539993,857.22
T008749,2024-09-21,S007,P0027,-1,1087.64,46.78,INR,2024-10-01 01:30:31.098931313,-1134.42
T008750,2024-06-08,S047,P0021,8,438.75,37.53,INR,2024-11-26 08:46:10.783914328,3472.47
T008751,2024-08-17,S020,P0087,7,939.39,145.7,INR,2024-08-23 11:29:30.844565630,6430.03
T008752,2024-05-04,S017,P0007,9,1720.66,249.76,INR,2024-02-27 07:24:21.358367920,15236.18
T008753,2024-04-19,S003,P0061,-2,253.0,225.22,INR,2024-01-23 00:48:26.528654575,-731.22
T008754,2024-07-30,S047,P0052,4,1853.36,264.24,INR,2024-08-16 21:30:14.339791775,7149.2
T008755,2024-06-30,S046,P0048,1,1755.12,243.3,INR,2024-01-22 07:11:46.936349392,1511.82
T008756,2024-07-30,S040,P0019,3,1726.08,61.64,INR,2024-03-27 03:14:32.630121708,5116.599999999999
T008757,2024-04-14,S036,P0073,5,477.23,60.1,INR,2024-03-16 06:34:43.185417414,2326.05
T008758,2024-05-13,S026,P0012,8,1020.2,137.4,INR,2024-06-04 21:25:43.490476847,8024.200000000001
T008759,2024-01-31,S010,P0094,4,1270.7,57.35,INR,2024-08-06 01:03:05.894749880,5025.45
T008760,2024-01-20,S034,P0071,4,289.9,56.24,INR,2024-11-28 13:48:03.480365753,1103.36
T008761,2024-04-02,S014,P0002,3,1158.01,80.33,INR,2024-12-07 17:02:31.012287855,3393.7
T008762,2024-01-28,S008,P0017,8,1696.08,,INR,2024-12-24 13:35:38.741182804,
T008763,2024-02-07,S027,P0075,1,1879.45,171.4,INR,2024-10-05 19:05:35.748692751,1708.05
T008764,2024-10-23,S010,P0076,1,628.82,118.98,INR,2024-12-02 06:33:42.851028204,509.84000000000003
T008765,2024-01-15,S050,P0003,6,648.6,71.22,INR,2024-10-15 13:52:50.819555044,3820.3800000000006
T008766,2024-08-28,S015,P0021,8,614.39,40.27,INR,2024-11-28 08:51:58.765981913,4874.849999999999
T008767,2024-04-09,S037,P0078,2,391.56,136.76,INR,2024-02-08 00:34:29.670949936,646.36
T008768,2024-11-14,S022,P0079,6,918.36,180.59,INR,2024-12-16 23:23:47.124219418,5329.57
T008769,2024-06-26,S045,P0051,8,1590.49,291.98,INR,2024-03-26 14:46:21.740805387,12431.94
T008770,2024-04-21,S050,P0010,9,1452.97,76.15,INR,2024-07-26 11:47:48.824361563,13000.58
T008771,2024-07-07,S031,P0055,6,1810.61,7.9,INR,2024-07-07 15:24:31.995166779,10855.76
T008772,2024-05-19,S002,P0036,1,775.91,220.8,INR,2024-07-25 00:41:16.653576851,555.1099999999999
T008773,2024-07-24,S045,P0051,-1,1187.22,70.55,INR,2024-09-13 05:46:43.888250113,-1257.77
T008774,2024-02-11,S031,P0074,-1,1556.42,145.28,INR,2024-07-15 22:52:28.439540148,-1701.7
T008775,2024-12-29,S014,P0017,6,1806.53,242.47,INR,2024-09-08 09:25:56.147442102,10596.710000000001
T008776,2024-06-04,S010,P0089,6,1756.33,11.09,INR,2024-07-14 01:14:36.672501087,10526.89
T008777,2024-05-07,S030,P0061,0,984.48,42.46,INR,2024-01-05 09:29:52.643187046,-42.46
T008778,2024-09-16,S036,P0091,2,1823.03,29.45,INR,2024-08-16 23:43:50.557976007,3616.61
T008779,2024-05-12,S047,P0097,2,943.71,70.12,INR,2024-07-21 15:33:47.635229111,1817.3000000000002
T008780,2024-10-31,S040,P0075,-1,1815.38,51.91,INR,2024-08-01 19:59:42.450943232,-1867.2900000000002
T008781,2024-06-14,S015,P0013,-1,1576.24,94.98,INR,2024-01-01 13:40:10.493400097,-1671.22
T008782,2024-09-19,S014,P0065,7,521.13,,INR,2024-06-20 02:13:18.895040751,
T008783,2024-02-09,S031,P0095,9,1866.37,12.7,INR,2024-11-15 08:48:01.199887276,16784.629999999997
T008784,2024-11-04,S029,P0097,-2,560.68,22.13,INR,2024-05-01 09:11:07.819236755,-1143.49
T008785,2024-09-25,S027,P0085,-1,1826.0,169.3,INR,2024-06-11 09:09:59.890702724,-1995.3
T008786,2024-03-18,S021,P0080,8,1268.71,156.08,INR,2024-02-14 16:36:40.608657122,9993.6
T008787,2024-02-23,S009,P0087,4,1368.01,142.22,INR,2024-06-13 08:03:08.487107515,5329.82
T008788,2024-04-25,S020,P0074,-2,307.73,,INR,2024-05-24 11:01:07.580703497,
T008789,2024-12-22,S035,P0048,-2,224.91,222.61,INR,2024-11-18 07:26:08.165863991,-672.4300000000001
T008790,2024-04-03,S015,P0097,6,1939.85,172.83,INR,2024-01-13 22:27:30.419773102,11466.269999999999
T008791,2024-06-15,S024,P0086,-1,740.16,137.09,INR,2024-12-13 04:39:13.676676989,-877.25
T008792,2024-01-11,S049,P0070,8,1704.31,24.53,INR,2024-07-29 09:17:30.840635777,13609.949999999999
T008793,2024-05-24,S016,P0047,1,1438.5,292.43,INR,2024-07-12 07:35:49.696340084,1146.07
T008794,2024-07-27,S036,P0100,8,1247.86,71.8,INR,2024-11-19 11:07:50.779168129,9911.08
T008795,2024-12-13,S011,P0010,0,1401.9,260.75,INR,2024-03-10 17:14:33.891590834,-260.75
T008796,2024-07-07,S008,P0057,8,269.84,113.69,INR,2024-03-17 06:57:27.952457666,2045.0299999999997
T008797,2024-10-25,S003,P0080,1,883.55,205.18,INR,2024-11-15 03:58:14.853899956,678.3699999999999
T008798,2024-07-18,S019,P0013,8,1253.45,136.24,INR,2024-12-05 05:55:54.335520267,9891.36
T008799,2024-01-15,S046,P0061,8,1748.37,106.25,INR,2024-11-01 19:13:37.159666300,13880.71
T008800,2024-04-24,S041,P0058,4,1457.91,184.29,INR,2024-01-16 01:28:52.293152571,5647.35
T008801,2024-07-29,S003,P0084,7,580.33,160.83,INR,2024-08-26 00:07:34.592596054,3901.4800000000005
T008802,2024-12-12,S036,P0068,-1,1971.36,69.73,INR,2024-06-13 15:57:49.707767010,-2041.09
T008803,2024-11-09,S025,P0084,-1,1321.77,100.87,INR,2024-10-21 20:32:41.295035362,-1422.6399999999999
T008804,2024-03-24,S036,P0086,6,1052.5,10.31,INR,2024-02-27 17:15:10.070933342,6304.69
T008805,2024-03-21,S011,P0029,3,1584.62,58.08,INR,2024-12-01 22:06:50.919136524,4695.78
T008806,2024-03-14,S999,P0016,8,1245.13,,INR,2024-05-02 10:06:38.367727280,
T008807,2024-12-02,S016,P0063,4,1448.98,291.64,INR,2024-04-27 23:29:18.282319069,5504.28
T008808,2024-11-07,S017,P0047,2,1272.55,158.13,INR,2024-03-06 03:01:25.164783955,2386.97
T008809,2024-10-09,S042,P0043,2,439.79,,INR,2024-01-03 12:53:05.606480122,
T008810,2024-05-23,S024,P0023,1,1132.38,202.08,INR,2024-04-24 03:37:49.384066820,930.3000000000001
T008811,2024-07-03,S017,P0030,5,637.89,294.27,INR,2024-02-24 03:19:08.872823000,2895.18
T008812,2024-06-18,S048,P0057,4,1183.55,166.7,INR,2024-09-26 10:06:10.902360439,4567.5
T008813,2024-04-02,S020,P0030,7,338.46,175.65,INR,2024-10-03 04:08:48.538574219,2193.5699999999997
T008814,2024-07-03,S022,P0067,-1,540.73,90.02,INR,2024-10-29 04:41:18.785148621,-630.75
T008815,2024-01-12,S006,P0056,-1,1636.57,187.84,INR,2024-01-02 23:40:08.308882236,-1824.4099999999999
T008816,2024-02-18,S007,P0024,3,870.01,227.32,INR,2024-05-08 06:59:42.483486176,2382.7099999999996
T008817,2024-11-19,S014,P9999,9,1380.19,30.98,INR,2024-01-03 02:52:32.905581951,12390.730000000001
T008818,2024-10-01,S011,P0077,8,1045.91,144.04,INR,2024-07-04 07:35:00.633337736,8223.24
T008819,2024-06-03,S012,P0096,-2,747.32,126.57,INR,2024-11-27 18:54:27.923946142,-1621.21
T008820,2024-07-07,S046,P9999,4,1040.83,34.08,INR,2024-05-28 21:07:07.225711584,4129.24
T008821,2024-05-15,S005,P0076,5,1646.03,102.39,INR,2024-11-14 21:17:28.712711096,8127.759999999999
T008822,2024-09-27,S005,P0008,7,635.04,160.55,INR,2024-12-11 20:47:25.001041174,4284.73
T008823,2024-10-13,S020,P0088,5,900.74,194.96,INR,2024-03-27 19:42:36.836940050,4308.74
T008824,2024-10-05,S015,P0044,0,484.91,86.67,INR,2024-01-04 16:57:29.548759222,-86.67
T008825,2024-09-20,S026,P0080,4,767.26,142.89,INR,2024-09-26 22:37:33.678457737,2926.15
T008826,2024-03-15,S033,P0096,-2,1781.71,220.22,INR,2024-07-30 08:07:48.658061266,-3783.64
T008827,2024-05-03,S030,P0034,8,1592.87,126.67,INR,2024-05-06 17:01:29.169136047,12616.289999999999
T008828,2024-06-20,S024,P0035,0,809.87,,INR,2024-05-14 04:12:33.366990566,
T008829,2024-04-30,S023,P0096,3,351.55,9.21,INR,2024-01-30 13:21:38.634831905,1045.44
T008830,2024-10-02,S009,P0050,6,897.94,78.07,INR,2024-11-13 22:33:00.206455469,5309.570000000001
T008831,2024-04-30,S003,P0017,2,1566.27,40.02,INR,2024-03-29 08:29:07.982039452,3092.52
T008832,2024-02-20,S036,P0002,2,183.22,162.39,INR,2024-02-05 10:38:06.059170961,204.05
T008833,2024-05-25,S048,P0090,6,1516.15,,INR,2024-10-11 12:43:07.792705297,
T008834,2024-12-23,S007,P0054,9,1391.83,222.55,INR,2024-06-26 01:15:10.286113501,12303.92
T008835,2024-03-23,S022,P0044,6,222.83,275.51,INR,2024-10-05 10:58:35.516029358,1061.47
T008836,2024-08-11,S014,P0081,3,1307.72,62.16,INR,2024-11-25 04:25:25.611820221,3861.0
T008837,2024-06-07,S048,P0049,2,667.45,272.03,INR,2024-05-19 11:25:56.606005192,1062.8700000000001
T008838,2024-01-26,S029,P0002,7,436.84,189.53,INR,2024-01-20 21:10:04.191375017,2868.3499999999995
T008839,2024-06-27,S050,P0072,-1,831.28,58.85,INR,2024-04-02 10:22:39.189598083,-890.13
T008840,2024-09-13,S016,P0070,8,490.24,220.96,INR,2024-01-19 15:22:23.030477524,3700.96
T008841,2024-07-06,S048,P0009,5,1666.66,27.26,INR,2024-02-24 10:35:44.645360231,8306.04
T008842,2024-11-14,S034,P0001,9,1509.8,207.64,INR,2024-11-05 20:46:34.185964108,13380.56
T008843,2024-04-15,S010,P0069,5,1963.43,258.38,INR,2024-12-09 14:50:27.766545773,9558.77
T008844,2024-02-01,S007,P0009,4,1114.74,285.11,INR,2024-09-04 01:45:30.355669260,4173.85
T008845,2024-12-07,S025,P0014,5,269.49,16.36,INR,2024-09-24 02:45:44.459806681,1331.0900000000001
T008846,2024-05-18,S027,P0027,0,798.76,18.58,INR,2024-09-23 23:48:52.110404253,-18.58
T008847,2024-07-29,S015,P0009,0,1693.41,279.12,INR,2024-02-15 00:35:46.743418455,-279.12
T008848,2024-10-16,S032,P0036,-1,854.04,236.88,INR,2024-01-18 04:42:20.632411480,-1090.92
T008849,2024-04-28,S028,P0093,-2,965.78,232.28,INR,2024-09-11 21:58:41.663686991,-2163.84
T008850,2024-09-18,S009,P0084,0,882.74,222.79,INR,2024-01-14 15:46:13.741970778,-222.79
T008851,2024-02-19,S007,P0079,0,547.22,,INR,2024-10-23 06:58:19.779604435,
T008852,2024-04-16,S016,P0100,4,239.07,183.97,INR,2024-08-03 18:22:05.293194532,772.31
T008853,2024-02-22,S026,P0003,9,443.06,243.82,INR,2024-02-11 10:21:01.663230658,3743.72
T008854,2024-10-23,S035,P0023,7,791.49,10.25,INR,2024-08-28 15:24:23.656252861,5530.18
T008855,2024-03-22,S017,P0073,6,566.33,222.09,INR,2024-08-09 07:14:58.889733791,3175.8900000000003
T008856,2024-09-18,S023,P0030,9,1188.2,174.88,INR,2024-05-17 08:28:17.579200983,10518.920000000002
T008857,2024-12-10,S008,P0019,-2,1266.42,,INR,2024-10-25 11:13:41.473640680,
T008858,2024-07-11,S002,P0067,5,1183.13,280.91,INR,2024-04-21 04:22:08.034566402,5634.740000000001
T008859,2024-07-16,S031,P0050,-2,261.35,72.4,INR,2024-05-17 22:29:20.411007404,-595.1
T008860,2024-06-17,S032,P0048,0,1367.03,236.84,INR,2024-09-11 06:25:02.793616772,-236.84
T008861,2024-04-28,S029,P0003,1,830.7,287.1,INR,2024-10-01 11:47:36.184529543,543.6
T008862,2024-06-22,S003,P0098,8,1768.5,79.99,INR,2024-04-09 20:23:43.056235313,14068.01
T008863,2024-08-08,S008,P0066,5,1098.67,255.33,INR,2024-01-07 03:02:49.584864378,5238.02
T008864,2024-12-25,S002,P0027,-2,260.58,175.96,INR,2024-03-05 08:25:15.486987591,-697.12
T008865,2024-12-08,S031,P0087,9,117.51,118.5,INR,2024-04-06 01:36:06.867242336,939.0900000000001
T008866,2024-11-10,S999,P0096,-1,1434.77,247.08,INR,2024-11-26 07:51:48.765264750,-1681.85
T008867,2024-11-20,S049,P0099,8,860.97,261.09,INR,2024-11-22 04:01:42.202514648,6626.67
T008868,2024-06-19,S037,P0040,2,647.19,84.79,INR,2024-08-29 03:42:41.257888556,1209.5900000000001
T008869,2024-08-27,S020,P0018,3,949.64,238.34,INR,2024-09-15 21:38:26.410356760,2610.58
T008870,2024-11-22,S029,P0027,2,237.55,14.9,INR,2024-08-14 18:10:30.824055195,460.20000000000005
T008871,2024-05-23,S017,P0011,0,844.77,125.3,INR,2024-10-11 09:39:40.552492619,-125.3
T008872,2024-12-17,S010,P0039,7,697.93,20.94,INR,2024-05-08 04:30:51.212812901,4864.57
T008873,2024-05-31,S041,P0019,4,1620.36,88.15,INR,2024-07-18 13:08:42.447864771,6393.29
T008874,2024-08-07,S022,P0089,9,432.22,285.11,INR,2024-09-01 18:58:21.837187529,3604.8700000000003
T008875,2024-09-16,S006,P0007,-2,1537.0,220.42,INR,2024-06-19 23:26:17.591454029,-3294.42
T008876,2024-12-12,S043,P0095,-1,1050.76,226.68,INR,2024-10-09 00:34:46.001173019,-1277.44
T008877,2024-03-30,S034,P0057,8,255.59,40.35,INR,2024-12-06 09:28:00.618175983,2004.3700000000001
T008878,2024-09-29,S031,P0002,9,1942.39,173.61,INR,2024-08-30 06:53:28.472659588,17307.9
T008879,2024-07-09,S012,P0038,6,1495.0,116.65,INR,2024-01-28 06:06:56.906778812,8853.35
T008880,2024-04-08,S012,P0005,1,594.18,220.25,INR,2024-08-10 17:40:18.316666126,373.92999999999995
T008881,2024-10-10,S016,P0078,5,1205.33,47.13,INR,2024-09-11 03:43:23.543678999,5979.5199999999995
T008882,2024-07-20,S025,P0082,6,1809.88,,INR,2024-04-13 09:16:55.503261089,
T008883,2024-08-29,S022,P0036,4,1868.53,,INR,2024-04-27 10:41:09.385264874,
T008884,2024-04-27,S027,P0068,-2,1489.2,50.93,INR,2024-08-05 07:33:47.466678381,-3029.33
T008885,2024-06-24,S024,P0088,2,1482.57,189.72,INR,2024-09-15 02:18:49.356379986,2775.42
T008886,2024-08-13,S012,P0077,3,626.99,94.55,INR,2024-11-14 01:43:37.988075018,1786.42
T008887,2024-05-27,S018,P0085,8,1980.55,24.57,INR,2024-10-05 07:41:33.380170107,15819.83
T008888,2024-03-13,S045,P0057,5,562.61,67.1,INR,2024-02-18 21:35:00.828211784,2745.9500000000003
T008889,2024-12-16,S047,P0097,7,269.87,260.82,INR,2024-05-07 01:16:51.566634178,1628.2700000000002
T008890,2024-07-05,S016,P0020,5,1957.02,273.16,INR,2024-02-24 07:11:11.530090809,9511.94
T008891,2024-09-24,S004,P0005,9,390.41,125.95,INR,2024-10-03 06:48:19.807954788,3387.7400000000002
T008892,2024-05-30,S012,P0024,6,1091.07,186.27,INR,2024-04-07 06:05:26.648339033,6360.15
T008893,2024-05-09,S049,P0099,6,989.66,156.15,INR,2024-02-15 01:55:32.548659086,5781.81
T008894,2024-05-28,S033,P0030,1,1711.59,83.91,INR,2024-02-05 02:58:29.219496489,1627.6799999999998
T008895,2024-05-29,S022,P0028,3,853.65,103.44,INR,2024-02-11 18:58:59.783321857,2457.5099999999998
T008896,2024-07-17,S018,P0053,0,1054.14,158.05,INR,2024-03-31 04:45:32.541729689,-158.05
T008897,2024-07-17,S048,P0051,-2,183.1,208.61,INR,2024-10-12 13:25:44.056038141,-574.81
T008898,2024-06-30,S033,P0007,3,494.89,104.96,INR,2024-03-27 18:29:45.037117481,1379.71
T008899,2024-02-19,S027,P0042,-2,1682.69,209.67,INR,2024-04-12 16:45:13.479351521,-3575.05
T008900,2024-06-30,S042,P0035,6,1008.89,,INR,2024-11-17 10:52:37.113407850,
T008901,2024-03-02,S019,P0094,8,538.77,7.37,INR,2024-06-10 10:40:46.618416786,4302.79
T008902,2024-02-16,S048,P0034,3,800.92,49.15,INR,2024-07-04 17:19:55.117677450,2353.6099999999997
T008903,2024-12-06,S014,P0073,-2,641.68,274.88,INR,2024-01-01 23:50:50.778399706,-1558.2399999999998
T008904,2024-08-08,S025,P0076,8,1156.82,21.47,INR,2024-01-30 23:15:44.677143812,9233.09
T008905,2024-08-28,S034,P0054,0,197.75,229.51,INR,2024-09-27 07:37:29.492912769,-229.51
T008906,2024-05-26,S024,P0029,-2,527.44,187.19,INR,2024-05-01 17:08:12.579820395,-1242.0700000000002
T008907,2024-11-27,S038,P0010,-1,774.43,14.31,INR,2024-02-24 13:57:19.444919825,-788.7399999999999
T008908,2024-08-20,S023,P0027,3,1863.61,0.22,INR,2024-06-05 12:20:31.966564655,5590.61
T008909,2024-10-07,S005,P0083,4,1284.23,150.6,INR,2024-01-17 11:03:20.843676090,4986.32
T008910,2024-05-14,S044,P0013,-2,1058.08,35.2,INR,2024-09-15 22:08:09.762169600,-2151.3599999999997
T008911,2024-12-16,S036,P0042,7,462.56,,INR,2024-01-30 06:29:06.487016678,
T008912,2024-10-26,S024,P0037,2,1159.92,144.23,INR,2024-01-21 00:42:07.582556725,2175.61
T008913,2024-11-07,S036,P0061,3,1865.12,70.33,INR,2024-06-02 04:34:50.023165941,5525.03
T008914,2024-03-03,S005,P0096,1,1175.99,,INR,2024-08-02 06:46:18.253324508,
T008915,2024-04-08,S039,P0079,3,413.07,250.73,INR,2024-10-05 19:44:36.620081902,988.48
T008916,2024-04-14,S006,P0021,2,1994.53,215.62,INR,2024-01-26 21:37:11.534813643,3773.44
T008917,2024-04-08,S045,P0003,8,1047.83,215.39,INR,2024-05-02 05:01:15.610703707,8167.249999999999
T008918,2024-11-08,S036,P0008,4,707.16,25.59,INR,2024-04-08 00:38:12.445877790,2803.0499999999997
T008919,2024-01-12,S045,P0070,1,1056.41,187.36,INR,2024-09-28 11:19:24.738578558,869.0500000000001
T008920,2024-01-28,S004,P0093,-2,601.01,,INR,2024-05-14 20:10:17.840348721,
T008921,2024-04-09,S010,P0083,-1,157.71,229.77,INR,2024-08-17 03:59:59.324345589,-387.48
T008922,2024-03-13,S001,P0017,3,1790.09,35.45,INR,2024-06-27 14:57:14.007614374,5334.82
T008923,2024-03-25,S021,P0010,7,914.86,284.78,INR,2024-07-26 22:12:27.049240828,6119.240000000001
T008924,2024-10-18,S040,P0097,8,1530.5,20.92,INR,2024-05-13 10:53:48.357248783,12223.08
T008925,2024-07-24,S039,P0013,-1,1945.39,167.07,INR,2024-03-28 07:54:50.876372576,-2112.46
T008926,2024-01-03,S037,P0091,2,1301.92,283.5,INR,2024-01-22 19:19:22.337711573,2320.34
T008927,2024-06-05,S003,P0012,9,1414.07,246.68,INR,2024-03-04 07:35:25.800733328,12479.949999999999
T008928,2024-05-28,S047,P0066,1,1892.16,204.25,INR,2024-03-03 23:58:48.190237761,1687.91
T008929,2024-02-11,S031,P0074,4,1081.45,256.9,INR,2024-12-07 05:12:34.941384077,4068.9
T008930,2024-09-03,S027,P0085,1,707.81,201.98,INR,2024-12-08 03:27:19.139582634,505.8299999999999
T008931,2024-09-13,S017,P0023,4,1850.63,,INR,2024-04-03 08:49:09.255403996,
T008932,2024-09-20,S023,P0065,8,231.09,105.26,INR,2024-02-08 13:25:19.716264486,1743.46
T008933,2024-09-22,S013,P0097,5,507.76,,INR,2024-04-12 19:51:05.012500763,
T008934,2024-01-01,S047,P0052,4,748.4,,INR,2024-10-17 16:52:44.731877327,
T008935,2024-12-14,S027,P0061,-1,1586.01,68.89,INR,2024-11-13 19:54:40.783774376,-1654.9
T008936,2024-10-24,S999,P0026,8,1817.41,264.35,INR,2024-07-01 21:39:03.223233461,14274.93
T008937,2024-11-25,S020,P0015,-2,958.39,68.61,INR,2024-07-16 03:26:34.193686724,-1985.3899999999999
T008938,2024-01-06,S046,P0022,2,643.64,197.28,INR,2024-06-16 10:14:36.841914177,1090.0
T008939,2024-12-06,S013,P0089,9,771.1,262.98,INR,2024-03-07 17:22:36.080745459,6676.92
T008940,2024-10-22,S044,P0065,4,1347.44,219.84,INR,2024-01-19 04:01:05.590549946,5169.92
T008941,2024-11-01,S024,P0026,9,400.21,40.8,INR,2024-08-14 19:26:14.159788609,3561.0899999999997
T008942,2024-02-04,S041,P0021,-2,1140.12,285.42,INR,2024-10-18 12:52:25.844003201,-2565.66
T008943,2024-09-26,S003,P0024,8,1218.04,27.57,INR,2024-09-30 12:16:56.012285471,9716.75
T008944,2024-12-16,S043,P0016,5,1444.93,60.02,INR,2024-11-24 14:35:17.778926611,7164.63
T008945,2024-09-04,S010,P0032,0,1247.41,41.77,INR,2024-10-23 23:33:21.537868023,-41.77
T008946,2024-07-27,S001,P0016,4,284.22,200.08,INR,2024-04-14 23:10:00.605029345,936.8000000000001
T008947,2024-12-11,S049,P0077,0,1408.72,242.22,INR,2024-02-12 15:17:16.797061920,-242.22
T008948,2024-06-10,S013,P0042,1,141.32,71.4,INR,2024-06-06 05:13:42.138191700,69.91999999999999
T008949,2024-08-06,S014,P0032,5,841.59,293.77,INR,2024-05-07 03:10:38.432567120,3914.18
T008950,2024-06-22,S033,P0050,-1,892.42,41.77,INR,2024-09-22 22:23:04.460091829,-934.1899999999999
T008951,2024-12-06,S002,P0041,3,321.6,94.76,INR,2024-01-25 19:26:52.448110819,870.0400000000001
T008952,2024-01-28,S002,P0024,7,118.73,147.09,INR,2024-12-10 04:46:07.430632114,684.02
T008953,2024-07-01,S039,P0013,6,235.21,242.65,INR,2024-12-15 08:47:35.261925459,1168.61
T008954,2024-09-07,S041,P0075,7,947.97,112.96,INR,2024-02-02 05:54:00.376385689,6522.83
T008955,2024-10-16,S031,P0079,6,556.67,53.97,INR,2024-06-07 09:31:17.830724716,3286.0499999999997
T008956,2024-07-31,S004,P0010,2,231.06,,INR,2024-11-24 04:31:03.376649618,
T008957,2024-11-27,S034,P0042,0,587.17,142.95,INR,2024-03-09 08:35:03.336941004,-142.95
T008958,2024-12-09,S019,P0041,3,1104.76,4.86,INR,2024-09-09 15:47:37.520587444,3309.4199999999996
T008959,2024-01-24,S037,P0003,9,1510.06,6.27,INR,2024-09-16 14:14:09.602803230,13584.269999999999
T008960,2024-05-26,S009,P0055,6,882.8,83.29,INR,2024-03-26 06:18:37.982961655,5213.509999999999
T008961,2024-01-09,S024,P0016,3,1264.98,222.37,INR,2024-01-03 06:01:01.670101643,3572.57
T008962,2024-04-30,S013,P0044,1,1233.85,109.8,INR,2024-08-30 12:44:52.162014723,1124.05
T008963,2024-07-14,S044,P0081,9,1803.0,63.36,INR,2024-08-13 07:10:02.397199631,16163.64
T008964,2024-11-28,S030,P0089,8,440.85,33.89,INR,2024-08-25 03:27:05.053304911,3492.9100000000003
T008965,2024-11-04,S019,P0030,2,1005.22,84.16,INR,2024-02-27 02:26:43.466068029,1926.28
T008966,2024-02-16,S041,P0099,4,1300.48,144.43,INR,2024-08-08 08:42:43.474929810,5057.49
T008967,2024-02-03,S010,P0037,7,1087.47,28.01,INR,2024-07-16 17:04:09.982372284,7584.28
T008968,2024-08-03,S999,P0060,0,955.65,4.48,INR,2024-06-14 04:23:01.375991344,-4.48
T008969,2024-07-13,S042,P0077,9,1949.57,38.19,INR,2024-10-10 13:50:35.834625721,17507.940000000002
T008970,2024-04-07,S044,P0024,6,1889.83,221.39,INR,2024-05-21 17:29:29.556420088,11117.59
T008971,2024-11-24,S014,P0026,-2,1261.77,139.89,INR,2024-05-08 22:37:13.652319908,-2663.43
T008972,2024-12-04,S040,P0058,5,935.19,133.55,INR,2024-07-16 11:12:31.631630659,4542.400000000001
T008973,2024-05-26,S048,P0009,2,1535.23,5.93,INR,2024-12-10 15:07:27.547412157,3064.53
T008974,2024-11-20,S049,P0061,7,1074.58,213.28,INR,2024-05-05 15:41:40.507068871,7308.78
T008975,2024-05-20,S020,P0019,6,1991.58,60.57,INR,2024-06-11 13:05:27.517253875,11888.91
T008976,2024-09-25,S004,P0028,-1,1403.28,27.26,INR,2024-04-07 04:59:19.348735571,-1430.54
T008977,2024-06-22,S038,P0007,-2,229.5,252.61,INR,2024-09-05 01:24:18.287434101,-711.61
T008978,2024-02-14,S044,P0045,7,863.63,145.68,INR,2024-05-12 21:23:10.487767696,5899.73
T008979,2024-12-04,S050,P0086,4,1487.5,224.68,INR,2024-09-09 20:01:24.707778692,5725.32
T008980,2024-06-14,S039,P0094,7,1700.5,246.57,INR,2024-02-23 04:25:17.035016060,11656.93
T008981,2024-09-25,S005,P0063,9,1645.4,289.39,INR,2024-04-06 06:34:32.604993105,14519.210000000001
T008982,2024-05-14,S042,P0037,8,1956.75,187.11,INR,2024-03-16 07:14:51.521100760,15466.89
T008983,2024-01-07,S032,P0016,6,1029.33,,INR,2024-10-10 18:02:50.445398092,
T008984,2024-02-06,S006,P0100,2,366.13,167.31,INR,2024-02-02 16:36:48.992922544,564.95
T008985,2024-06-30,S014,P0005,8,1339.26,152.86,INR,2024-04-01 23:02:47.990976810,10561.22
T008986,2024-09-08,S006,P0029,1,234.42,,INR,2024-07-04 04:44:19.907659054,
T008987,2024-05-02,S014,P0052,1,1949.69,91.89,INR,2024-02-02 01:20:48.869699478,1857.8
T008988,2024-09-10,S012,P0023,9,1541.21,123.65,INR,2024-01-05 00:50:37.714818001,13747.24
T008989,2024-09-12,S027,P0006,5,1966.08,48.29,INR,2024-09-09 06:24:27.409003258,9782.109999999999
T008990,2024-09-13,S026,P0036,-2,816.78,2.63,INR,2024-08-11 22:57:10.462881804,-1636.19
T008991,2024-06-28,S012,P0057,-2,130.01,227.09,INR,2024-01-04 01:42:52.166428566,-487.11
T008992,2024-11-29,S008,P0033,5,1090.45,255.49,INR,2024-01-18 17:10:18.860422850,5196.76
T008993,2024-06-27,S010,P0049,-1,330.25,68.73,INR,2024-03-21 01:41:16.721376419,-398.98
T008994,2024-06-13,S016,P0041,7,1391.29,1.14,INR,2024-11-26 18:07:37.732071161,9737.89
T008995,2024-03-13,S026,P0080,3,1045.35,266.98,INR,2024-08-26 05:53:17.047287464,2869.0699999999997
T008996,2024-04-22,S008,P0055,-1,1531.55,40.19,INR,2024-10-20 19:48:08.126049280,-1571.74
T008997,2024-01-16,S041,P0098,2,653.03,120.97,INR,2024-10-04 05:01:42.992651463,1185.09
T008998,2024-08-19,S045,P0026,0,1675.41,109.79,INR,2024-12-24 19:17:57.931882143,-109.79
T008999,2024-03-31,S029,P0037,4,1336.56,49.28,INR,2024-12-12 19:22:35.002542973,5296.96
T009000,2024-04-21,S020,P0077,6,1976.65,,INR,2024-01-25 13:36:09.646807432,
T009001,2024-10-08,S017,P0017,-1,439.26,275.56,INR,2024-01-09 06:44:59.212378025,-714.8199999999999
T009002,2024-04-29,S019,P0096,4,197.23,154.12,INR,2024-06-30 10:19:16.519236802,634.8
T009003,2024-03-29,S017,P0032,5,1716.99,291.87,INR,2024-04-09 04:18:51.886070967,8293.08
T009004,2024-03-02,S039,P0028,7,743.06,57.23,INR,2024-07-03 04:00:08.402781248,5144.1900000000005
T009005,2024-10-09,S001,P0093,5,919.37,,INR,2024-02-03 02:17:53.141567945,
T009006,2024-02-17,S029,P0025,4,1858.77,77.07,INR,2024-11-27 17:38:08.892309904,7358.01
T009007,2024-06-14,S014,P0047,9,937.32,75.16,INR,2024-10-09 13:06:51.342477560,8360.720000000001
T009008,2024-07-04,S017,P0022,1,666.24,35.31,INR,2024-07-20 12:32:26.574655533,630.9300000000001
T009009,2024-09-07,S013,P0091,1,213.04,259.09,INR,2024-06-18 18:01:18.521830319,-46.04999999999998
T009010,2024-08-19,S029,P0061,7,941.58,217.52,INR,2024-06-20 00:00:29.270120859,6373.54
T009011,2024-10-22,S034,P0044,6,1344.41,102.5,INR,2024-08-13 00:15:31.339338779,7963.960000000001
T009012,2024-01-17,S027,P0020,9,611.43,104.83,INR,2024-07-18 01:11:15.259392738,5398.04
T009013,2024-04-18,S046,P0050,7,1463.78,253.44,INR,2024-06-25 00:24:16.599389076,9993.019999999999
T009014,2024-04-12,S033,P0088,6,1008.7,278.27,INR,2024-09-04 22:17:21.568616629,5773.93
T009015,2024-02-23,S029,P0047,2,1730.4,180.73,INR,2024-10-06 05:13:58.650849104,3280.07
T009016,2024-04-15,S037,P0047,4,407.3,122.05,INR,2024-08-22 16:16:29.396664143,1507.15
T009017,2024-04-23,S039,P0072,4,1538.45,15.94,INR,2024-05-22 20:33:11.113582373,6137.860000000001
T009018,2024-07-09,S019,P0051,6,1871.85,37.97,INR,2024-05-31 05:28:40.844555855,11193.13
T009019,2024-08-30,S046,P0055,9,1508.66,42.54,INR,2024-02-05 23:08:17.830330610,13535.4
T009020,2024-05-19,S024,P0078,4,871.28,83.04,INR,2024-05-31 07:25:04.002018213,3402.08
T009021,2024-09-19,S014,P0039,5,537.87,77.11,INR,2024-10-13 19:32:25.814322233,2612.24
T009022,2024-05-02,S047,P0014,4,286.9,162.86,INR,2024-01-25 06:16:54.219484329,984.7399999999999
T009023,2024-04-15,S037,P0069,8,1320.5,283.23,INR,2024-03-05 01:32:58.643326521,10280.77
T009024,2024-07-16,S005,P0047,1,371.42,258.5,INR,2024-11-03 13:19:16.846087456,112.92000000000002
T009025,2024-01-09,S024,P0021,9,1692.78,152.75,INR,2024-07-26 07:13:11.855502605,15082.27
T009026,2024-01-30,S034,P0015,-1,1925.4,,INR,2024-09-01 23:42:10.347840786,
T009027,2024-06-01,S050,P0100,0,358.0,20.52,INR,2024-04-27 08:51:25.786566973,-20.52
T009028,2024-12-10,S031,P0097,4,814.5,258.11,INR,2024-06-27 09:52:51.175549507,2999.89
T009029,2024-09-20,S030,P0081,8,1880.82,85.09,INR,2024-10-04 23:24:31.065842152,14961.47
T009030,2024-02-02,S009,P0084,8,994.34,95.43,INR,2024-11-15 18:08:24.150942326,7859.29
T009031,2024-11-04,S027,P0001,6,1117.29,41.93,INR,2024-12-21 14:02:56.738729715,6661.8099999999995
T009032,2024-09-24,S028,P0080,8,1520.28,,INR,2024-11-06 14:59:01.482372522,
T009033,2024-08-10,S042,P0082,-1,500.01,74.16,INR,2024-01-25 15:09:09.655350208,-574.17
T009034,2024-10-26,S026,P0010,4,1960.38,123.63,INR,2024-05-05 07:48:20.648245811,7717.89
T009035,2024-05-27,S018,P0023,1,1583.68,186.94,INR,2024-09-30 08:16:22.734278202,1396.74
T009036,2024-03-21,S036,P0018,4,406.61,105.95,INR,2024-06-01 13:16:13.131452322,1520.49
T009037,2024-07-05,S008,P0058,9,311.03,134.96,INR,2024-06-08 06:36:32.655209064,2664.3099999999995
T009038,2024-07-19,S018,P0073,2,1876.41,54.57,INR,2024-10-16 22:11:15.416377544,3698.25
T009039,2024-07-15,S020,P0094,4,1401.55,16.92,INR,2024-10-31 04:44:57.652292728,5589.28
T009040,2024-07-25,S032,P0077,3,173.28,104.47,INR,2024-10-15 20:44:12.849373817,415.37
T009041,2024-12-12,S029,P0052,-1,369.78,18.75,INR,2024-05-09 10:30:41.446604252,-388.53
T009042,2024-11-25,S049,P0095,9,190.88,89.92,INR,2024-03-24 05:23:57.071901798,1628.0
T009043,2024-11-15,S048,P0046,4,1950.76,251.28,INR,2024-05-10 22:35:09.467510939,7551.76
T009044,2024-10-19,S018,P0013,2,1045.92,110.08,INR,2024-09-13 00:07:11.098186970,1981.7600000000002
T009045,2024-12-10,S007,P0096,6,978.08,57.98,INR,2024-05-13 02:53:59.324893236,5810.500000000001
T009046,2024-02-05,S001,P0017,8,1915.98,270.62,INR,2024-01-21 05:08:57.020535231,15057.22
T009047,2024-04-06,S028,P0067,-2,1058.81,191.8,INR,2024-10-19 06:37:50.959277153,-2309.42
T009048,2024-06-29,S033,P0061,-2,1083.73,296.48,INR,2024-01-24 03:37:20.457355976,-2463.94
T009049,2024-11-04,S050,P0065,-1,1969.78,90.08,INR,2024-12-29 14:07:49.126937628,-2059.86
T009050,2024-07-03,S004,P0053,5,311.72,60.11,INR,2024-11-10 11:19:41.999070644,1498.4900000000002
T009051,2024-09-30,S020,P0005,8,1972.93,89.38,INR,2024-12-15 01:30:54.648007870,15694.060000000001
T009052,2024-02-20,S036,P0032,6,414.79,243.75,INR,2024-10-31 03:19:29.454556942,2244.9900000000002
T009053,2024-04-02,S031,P0089,8,998.53,45.46,INR,2024-02-06 21:22:04.514177083,7942.78
T009054,2024-09-24,S038,P0045,8,741.47,,INR,2024-06-01 20:17:42.582768679,
T009055,2024-03-01,S028,P0056,9,1915.3,210.49,INR,2024-11-27 09:30:33.208835125,17027.21
T009056,2024-05-08,S003,P0005,4,1022.46,221.4,INR,2024-02-03 04:06:12.573364496,3868.44
T009057,2024-04-06,S006,P9999,-2,143.73,287.65,INR,2024-04-21 09:57:09.173202515,-575.1099999999999
T009058,2024-05-07,S045,P0087,9,521.21,294.05,INR,2024-06-19 11:47:03.645337105,4396.84
T009059,2024-09-15,S023,P0076,4,918.54,199.06,INR,2024-06-13 05:15:02.193584204,3475.1
T009060,2024-05-14,S007,P0034,5,1385.14,108.84,INR,2024-12-10 12:34:32.835090637,6816.860000000001
T009061,2024-07-21,S036,P0061,4,1167.62,135.9,INR,2024-05-24 05:14:19.797920704,4534.58
T009062,2024-02-06,S001,P0087,9,1714.83,131.78,INR,2024-03-28 05:18:01.648204327,15301.689999999999
T009063,2024-10-20,S006,P0080,2,1674.02,116.21,INR,2024-06-11 09:37:35.145990133,3231.83
T009064,2024-05-15,S024,P0062,9,1221.97,101.47,INR,2024-05-24 12:54:18.745980978,10896.26
T009065,2024-08-24,S037,P0069,4,1185.5,50.37,INR,2024-08-15 12:07:54.436434984,4691.63
T009066,2024-09-21,S045,P0063,7,628.51,109.85,INR,2024-12-28 20:43:45.239743710,4289.719999999999
T009067,2024-03-17,S999,P0044,8,1920.02,,INR,2024-07-20 06:24:54.276543140,
T009068,2024-11-18,S036,P0028,-1,246.02,,INR,2024-06-17 17:06:23.992442369,
T009069,2024-08-12,S024,P0070,6,854.36,185.2,INR,2024-08-04 18:08:40.191387177,4940.96
T009070,2024-06-05,S038,P0013,-1,1355.59,57.84,INR,2024-12-23 15:02:25.145761967,-1413.4299999999998
T009071,2024-03-07,S045,P0043,-1,1896.76,263.6,INR,2024-08-16 01:14:49.967756033,-2160.36
T009072,2024-12-09,S029,P0030,2,1052.91,,INR,2024-02-14 20:54:25.627304316,
T009073,2024-10-02,S037,P0026,5,1802.25,163.71,INR,2024-11-29 03:08:47.300640345,8847.54
T009074,2024-03-16,S045,P0081,3,299.12,273.54,INR,2024-08-03 15:35:55.599517822,623.8199999999999
T009075,2024-05-03,S032,P0063,9,1110.01,100.41,INR,2024-02-27 17:00:11.649553299,9889.68
T009076,2024-10-22,S025,P0073,6,700.5,274.0,INR,2024-03-25 03:06:33.223258257,3929.0
T009077,2024-09-10,S010,P0057,3,1611.82,70.54,INR,2024-02-13 23:53:23.888060093,4764.92
T009078,2024-10-06,S035,P0064,2,945.49,278.61,INR,2024-12-16 16:15:35.503761052,1612.37
T009079,2024-06-10,S025,P0080,-2,1002.98,107.6,INR,2024-01-26 20:38:42.649194717,-2113.56
T009080,2024-09-18,S027,P0049,5,223.09,112.38,INR,2024-10-06 00:23:08.614415884,1003.07
T009081,2024-05-21,S045,P0052,0,932.22,165.9,INR,2024-05-03 05:53:18.311727285,-165.9
T009082,2024-03-18,S032,P0063,9,253.57,104.11,INR,2024-01-30 14:32:48.442972660,2178.02
T009083,2024-08-18,S012,P0082,-1,669.17,134.99,INR,2024-06-07 08:30:06.528612137,-804.16
T009084,2024-12-22,S004,P0013,4,341.07,150.4,INR,2024-01-01 02:21:47.320484161,1213.8799999999999
T009085,2024-04-23,S042,P0093,8,735.51,,INR,2024-10-25 07:18:30.178958178,
T009086,2024-06-17,S026,P0088,-1,532.04,288.33,INR,2024-07-16 19:10:22.358785629,-820.3699999999999
T009087,2024-09-03,S003,P0045,-2,641.84,84.54,INR,2024-06-13 21:17:59.253250122,-1368.22
T009088,2024-07-16,S017,P0046,8,381.93,85.37,INR,2024-10-29 16:01:58.558987617,2970.07
T009089,2024-11-03,S009,P0077,-1,935.25,251.38,INR,2024-07-08 13:14:44.819191217,-1186.63
T009090,2024-10-05,S029,P0089,3,1045.4,117.6,INR,2024-08-05 06:48:45.562366724,3018.6000000000004
T009091,2024-01-22,S001,P0041,-1,1689.63,21.96,INR,2024-10-24 09:48:02.741240501,-1711.5900000000001
T009092,2024-12-30,S018,P0046,-2,1123.77,144.38,INR,2024-09-20 00:11:57.029579878,-2391.92
T009093,2024-10-01,S041,P0001,-2,534.64,165.07,INR,2024-08-28 13:11:01.512403010,-1234.35
T009094,2024-11-11,S020,P0073,1,1498.2,185.31,INR,2024-09-14 00:16:31.413814545,1312.89
T009095,2024-08-25,S041,P0068,5,664.77,70.53,INR,2024-04-05 23:36:51.450112820,3253.3199999999997
T009096,2024-11-08,S034,P0092,3,1537.15,291.98,INR,2024-02-12 19:05:28.115800142,4319.470000000001
T009097,2024-02-11,S999,P0012,1,835.61,221.11,INR,2024-08-15 06:33:52.391831398,614.5
T009098,2024-05-06,S028,P0088,3,1075.98,216.04,INR,2024-03-22 18:23:05.371301413,3011.9
T009099,2024-11-15,S048,P0073,3,1057.14,261.86,INR,2024-01-18 09:09:11.857590675,2909.56
T009100,2024-03-14,S035,P0035,6,1915.71,,INR,2024-04-02 19:51:40.648684740,
T009101,2024-01-29,S016,P0099,1,391.96,183.94,INR,2024-09-19 21:33:41.700201750,208.01999999999998
T009102,2024-10-14,S021,P0033,3,1883.26,245.35,INR,2024-09-15 13:46:22.353614330,5404.429999999999
T009103,2024-10-31,S013,P0058,7,1167.78,10.31,INR,2024-11-25 16:33:16.059139490,8164.15
T009104,2024-02-29,S035,P0035,-2,1988.01,226.84,INR,2024-09-03 10:59:35.512421131,-4202.86
T009105,2024-11-07,S042,P0046,4,1188.96,296.91,INR,2024-06-09 12:00:22.855566740,4458.93
T009106,2024-09-07,S032,P0084,4,1347.11,178.02,INR,2024-04-05 01:58:27.756145954,5210.419999999999
T009107,2024-07-08,S050,P0066,8,1524.19,127.41,INR,2024-10-03 19:35:12.880973101,12066.11
T009108,2024-10-30,S038,P0044,-2,1661.4,136.08,INR,2024-05-30 08:51:54.909396648,-3458.88
T009109,2024-06-02,S006,P0026,5,1007.37,203.84,INR,2024-10-24 15:40:48.092967272,4833.01
T009110,2024-03-11,S050,P0042,2,1389.33,,INR,2024-11-06 20:14:15.029180765,
T009111,2024-04-13,S038,P0077,6,1268.28,236.27,INR,2024-05-08 07:43:55.204856873,7373.41
T009112,2024-07-03,S038,P0030,5,873.47,,INR,2024-05-05 11:54:06.312573195,
T009113,2024-07-12,S013,P0032,0,1659.52,125.2,INR,2024-11-29 11:25:41.084142447,-125.2
T009114,2024-10-21,S046,P0036,-2,465.65,223.79,INR,2024-05-24 23:59:39.583343029,-1155.09
T009115,2024-10-15,S039,P0019,0,417.55,193.66,INR,2024-09-14 23:36:51.921951294,-193.66
T009116,2024-07-31,S013,P0022,-1,1499.23,233.43,INR,2024-05-17 21:40:38.476169348,-1732.66
T009117,2024-10-11,S047,P0065,-1,1311.22,,INR,2024-09-23 22:01:21.270542622,
T009118,2024-03-10,S012,P0057,8,703.55,79.02,INR,2024-03-04 08:44:00.309692621,5549.379999999999
T009119,2024-01-19,S033,P0011,1,1306.75,94.51,INR,2024-11-01 02:21:24.681778669,1212.24
T009120,2024-11-14,S028,P0026,-1,1564.23,158.09,INR,2024-12-24 20:28:38.755441904,-1722.32
T009121,2024-01-28,S003,P0048,5,512.24,279.14,INR,2024-10-06 12:10:03.183645487,2282.06
T009122,2024-03-31,S018,P0019,2,1204.65,250.41,INR,2024-05-11 01:55:54.222956657,2158.8900000000003
T009123,2024-09-10,S026,P0083,-2,1666.87,,INR,2024-07-21 15:35:09.277568102,
T009124,2024-05-29,S040,P0012,3,881.35,171.94,INR,2024-09-01 09:41:53.401720285,2472.11
T009125,2024-11-15,S002,P0067,9,1186.3,213.69,INR,2024-03-11 09:33:45.578478575,10463.009999999998
T009126,2024-04-18,S004,P0056,4,249.22,156.8,INR,2024-04-13 06:13:22.684961796,840.0799999999999
T009127,2024-01-05,S050,P0018,-2,1677.89,29.53,INR,2024-10-19 15:30:43.194126368,-3385.3100000000004
T009128,2024-04-19,S028,P0005,9,1612.64,105.82,INR,2024-12-11 00:41:52.238484859,14407.94
T009129,2024-07-29,S028,P0024,0,966.88,14.28,INR,2024-04-09 09:12:03.287320137,-14.28
T009130,2024-05-17,S025,P0078,6,326.57,200.96,INR,2024-02-23 20:49:43.267458199,1758.46
T009131,2024-07-14,S026,P0038,4,1354.76,101.14,INR,2024-12-24 07:00:25.132498741,5317.9
T009132,2024-11-15,S045,P0067,9,1188.66,221.51,INR,2024-04-26 18:55:29.364246607,10476.43
T009133,2024-11-29,S047,P0070,1,1847.01,128.91,INR,2024-10-11 03:26:27.574063540,1718.1
T009134,2024-04-07,S002,P0076,3,631.64,13.68,INR,2024-05-18 08:08:16.445438862,1881.24
T009135,2024-06-17,S042,P0052,3,161.42,113.88,INR,2024-12-12 09:55:27.169257402,370.38
T009136,2024-07-19,S034,P0075,9,584.01,65.61,INR,2024-08-06 19:56:17.540733576,5190.4800000000005
T009137,2024-12-12,S030,P0039,0,913.02,64.29,INR,2024-05-31 12:24:00.954999685,-64.29
T009138,2024-12-30,S021,P0059,-1,395.34,,INR,2024-03-06 02:11:52.780788422,
T009139,2024-03-26,S044,P0026,2,1961.5,293.5,INR,2024-04-03 06:53:22.837868452,3629.5
T009140,2024-09-22,S037,P0065,5,522.54,288.02,INR,2024-11-08 19:03:06.507714032,2324.68
T009141,2024-05-17,S044,P0080,0,1387.94,241.04,INR,2024-01-21 18:51:00.968700171,-241.04
T009142,2024-01-03,S023,P0048,2,962.81,73.64,INR,2024-02-27 05:56:38.316528797,1851.9799999999998
T009143,2024-01-04,S033,P0053,0,1154.78,229.18,INR,2024-03-11 07:25:50.827423573,-229.18
T009144,2024-06-17,S002,P0009,4,1872.09,4.61,INR,2024-01-26 19:09:14.865053892,7483.75
T009145,2024-06-27,S027,P0005,3,1109.95,16.9,INR,2024-09-07 06:12:19.843976974,3312.9500000000003
T009146,2024-01-09,S048,P0072,3,679.93,250.72,INR,2024-12-24 03:56:29.904111385,1789.07
T009147,2024-09-07,S022,P0061,-2,519.55,169.27,INR,2024-02-20 19:23:24.102811575,-1208.37
T009148,2024-04-17,S034,P0021,-1,1794.79,111.99,INR,2024-10-18 14:38:58.721253157,-1906.78
T009149,2024-07-23,S016,P0097,3,1974.78,,INR,2024-03-05 10:11:14.188975334,
T009150,2024-04-19,S020,P0063,5,578.48,,INR,2024-12-21 10:19:04.638460636,
T009151,2024-03-02,S026,P0020,2,1471.67,,INR,2024-07-04 01:46:05.455804586,
T009152,2024-05-28,S016,P0058,9,1060.93,218.28,INR,2024-11-05 08:14:27.645087004,9330.09
T009153,2024-03-25,S006,P0045,-1,1427.31,62.15,INR,2024-03-03 06:04:12.252625227,-1489.46
T009154,2024-07-14,S045,P0022,2,1932.01,,INR,2024-11-19 02:50:53.834110022,
T009155,2024-03-13,S044,P0077,6,624.56,134.3,INR,2024-01-30 19:09:33.712708950,3613.0599999999995
T009156,2024-07-04,S023,P0075,3,1505.9,60.71,INR,2024-01-09 08:32:08.945733070,4456.990000000001
T009157,2024-02-27,S042,P0082,2,932.1,266.51,INR,2024-09-15 18:29:38.196655512,1597.69
T009158,2024-09-01,S037,P0063,7,1339.81,130.66,INR,2024-02-08 21:07:29.548957825,9248.01
T009159,2024-10-02,S008,P0030,3,872.64,179.65,INR,2024-11-12 00:25:30.452198029,2438.27
T009160,2024-02-10,S006,P0063,9,1445.84,75.91,INR,2024-08-14 18:21:43.232039928,12936.65
T009161,2024-06-19,S037,P0097,8,741.25,104.04,INR,2024-04-30 19:23:57.097641706,5825.96
T009162,2024-01-26,S022,P0044,9,1027.87,14.7,INR,2024-04-11 04:55:38.040149689,9236.129999999997
T009163,2024-08-06,S006,P0067,6,1446.71,144.96,INR,2024-01-30 21:41:22.540515661,8535.300000000001
T009164,2024-04-06,S032,P0058,4,181.14,103.45,INR,2024-09-07 15:38:24.836605787,621.1099999999999
T009165,2024-07-11,S017,P0065,7,723.37,98.82,INR,2024-11-30 17:09:42.487059355,4964.77
T009166,2024-07-07,S038,P0036,0,1137.75,266.98,INR,2024-10-03 05:19:20.308005095,-266.98
T009167,2024-12-03,S017,P0006,7,240.86,,INR,2024-08-14 01:53:43.316957712,
T009168,2024-07-19,S037,P0037,7,1436.0,137.19,INR,2024-02-13 07:53:02.980586290,9914.81
T009169,2024-07-31,S023,P0093,2,1645.25,,INR,2024-10-29 02:01:58.167152405,
T009170,2024-05-26,S049,P0075,1,410.32,291.98,INR,2024-12-18 08:45:47.115976334,118.33999999999997
T009171,2024-12-12,S049,P0055,8,1493.58,22.43,INR,2024-04-05 22:16:46.942393064,11926.21
T009172,2024-10-10,S013,P0077,2,1327.78,40.83,INR,2024-06-02 10:22:57.157032013,2614.73
T009173,2024-04-14,S032,P0075,5,880.67,81.1,INR,2024-01-06 03:05:15.293824673,4322.249999999999
T009174,2024-11-04,S022,P0059,8,413.48,,INR,2024-10-30 15:29:06.532030344,
T009175,2024-06-06,S007,P0038,3,1914.27,83.66,INR,2024-01-08 13:43:53.463417053,5659.15
T009176,2024-10-29,S022,P0025,1,981.62,147.43,INR,2024-06-26 13:48:46.407118797,834.19
T009177,2024-10-27,S021,P0079,2,448.92,228.35,INR,2024-07-29 09:52:21.171010256,669.49
T009178,2024-03-09,S006,P0077,8,1464.51,278.76,INR,2024-01-21 06:32:50.026424408,11437.32
T009179,2024-09-12,S014,P0033,4,1255.01,181.53,INR,2024-03-05 02:51:02.818084240,4838.51
T009180,2024-04-16,S016,P0013,5,1650.78,115.28,INR,2024-10-15 15:42:20.232428312,8138.62
T009181,2024-04-18,S003,P0038,2,1992.58,295.65,INR,2024-04-02 04:11:42.380004644,3689.5099999999998
T009182,2024-04-18,S009,P0058,-1,185.25,7.85,INR,2024-09-21 12:33:58.191393852,-193.1
T009183,2024-09-21,S047,P0088,3,1504.7,249.65,INR,2024-09-30 10:52:48.746247530,4264.450000000001
T009184,2024-03-24,S021,P0020,6,1979.35,83.23,INR,2024-05-28 16:06:32.237273932,11792.869999999999
T009185,2024-01-01,S050,P0017,0,1122.64,245.24,INR,2024-01-24 06:27:34.352791071,-245.24
T009186,2024-09-18,S030,P0024,4,1459.83,48.65,INR,2024-01-04 22:39:58.336151838,5790.67
T009187,2024-03-03,S030,P0026,5,938.11,104.05,INR,2024-06-28 18:25:09.896237850,4586.5
T009188,2024-02-08,S042,P0040,3,777.87,16.79,INR,2024-01-27 01:56:23.392348528,2316.82
T009189,2024-03-27,S042,P0032,9,1423.27,59.89,INR,2024-09-22 03:53:56.647785425,12749.54
T009190,2024-05-18,S032,P0093,0,1977.37,,INR,2024-05-19 00:01:03.800394297,
T009191,2024-06-22,S023,P0078,-2,274.17,228.45,INR,2024-09-06 09:37:08.661733627,-776.79
T009192,2024-01-17,S003,P0037,0,902.03,273.37,INR,2024-05-28 23:29:47.415938854,-273.37
T009193,2024-12-20,S001,P0086,8,1887.18,35.91,INR,2024-08-17 08:13:24.628425360,15061.53
T009194,2024-09-18,S003,P0098,3,314.32,42.17,INR,2024-10-31 01:14:11.534260511,900.7900000000001
T009195,2024-04-27,S037,P0091,8,1336.77,281.63,INR,2024-11-18 19:48:29.100141764,10412.53
T009196,2024-04-26,S007,P0092,1,917.31,,INR,2024-01-07 03:53:37.279301643,
T009197,2024-06-12,S003,P0086,-2,816.1,161.93,INR,2024-08-23 14:37:48.149724722,-1794.13
T009198,2024-08-16,S036,P0060,3,497.94,143.02,INR,2024-07-24 21:49:09.512747049,1350.8
T009199,2024-02-23,S049,P0057,-2,435.04,47.31,INR,2024-08-20 12:27:16.713962317,-917.3900000000001
T009200,2024-03-09,S003,P0058,9,1080.94,113.79,INR,2024-01-22 04:54:41.957988501,9614.67
T009201,2024-11-09,S004,P0067,5,817.13,111.78,INR,2024-01-26 12:17:27.823050022,3973.87
T009202,2024-04-03,S031,P0022,0,1033.93,,INR,2024-06-30 09:32:44.471108198,
T009203,2024-05-18,S002,P0058,0,472.28,179.67,INR,2024-01-21 20:19:35.856809616,-179.67
T009204,2024-11-14,S014,P0085,-2,765.38,17.91,INR,2024-10-10 09:21:30.519251107,-1548.67
T009205,2024-08-30,S037,P0080,0,1993.19,254.54,INR,2024-10-08 22:53:47.564611912,-254.54
T009206,2024-05-04,S031,P0073,4,799.33,281.26,INR,2024-02-12 19:45:31.264064789,2916.0600000000004
T009207,2024-09-06,S002,P0077,7,884.15,234.06,INR,2024-06-15 02:18:25.764180422,5954.99
T009208,2024-01-08,S031,P0074,5,137.76,53.52,INR,2024-08-05 04:01:59.054219961,635.28
T009209,2024-09-25,S047,P0049,8,823.57,51.65,INR,2024-11-09 16:44:40.706309557,6536.910000000001
T009210,2024-06-26,S043,P0085,5,1550.44,217.83,INR,2024-12-26 18:38:47.318460464,7534.370000000001
T009211,2024-10-23,S022,P0049,0,1079.63,132.26,INR,2024-01-07 06:51:32.788848639,-132.26
T009212,2024-12-14,S010,P0042,2,1348.39,233.64,INR,2024-06-22 20:43:49.658398867,2463.1400000000003
T009213,2024-12-03,S030,P0040,-2,1157.45,22.64,INR,2024-10-20 04:46:29.013473749,-2337.54
T009214,2024-11-27,S033,P0071,6,300.43,214.93,INR,2024-10-17 11:46:41.968765020,1587.6499999999999
T009215,2024-07-05,S019,P0046,5,731.07,127.23,INR,2024-07-16 18:27:50.576838970,3528.1200000000003
T009216,2024-05-11,S046,P0022,7,1419.04,9.3,INR,2024-03-07 12:34:36.210417509,9923.98
T009217,2024-06-18,S025,P0082,-1,1141.08,163.55,INR,2024-07-23 01:41:01.832993031,-1304.6299999999999
T009218,2024-09-08,S046,P0021,7,1382.43,,INR,2024-05-22 22:00:54.860537767,
T009219,2024-11-18,S001,P0051,-2,784.34,158.47,INR,2024-05-29 07:51:39.613731861,-1727.15
T009220,2024-03-16,S032,P0014,1,468.01,36.86,INR,2024-04-29 23:08:07.289917707,431.15
T009221,2024-12-01,S025,P0074,6,1676.65,244.77,INR,2024-02-22 17:42:20.411971331,9815.130000000001
T009222,2024-10-24,S041,P0097,9,814.97,95.13,INR,2024-09-26 10:58:26.219704866,7239.6
T009223,2024-12-23,S017,P0009,5,1344.52,276.44,INR,2024-09-15 14:21:20.057193518,6446.160000000001
T009224,2024-11-17,S014,P0018,0,824.37,272.06,INR,2024-07-17 03:12:35.093692780,-272.06
T009225,2024-04-12,S045,P0013,7,1861.78,60.11,INR,2024-05-09 12:00:35.786462069,12972.349999999999
T009226,2024-02-08,S013,P0017,9,1984.68,,INR,2024-10-27 06:43:13.043389320,
T009227,2024-02-10,S038,P0087,3,1332.96,41.21,INR,2024-02-28 08:43:41.479041576,3957.67
T009228,2024-04-16,S039,P0025,9,1244.09,203.32,INR,2024-06-07 14:50:02.130769253,10993.49
T009229,2024-08-12,S002,P0054,6,1697.57,255.58,INR,2024-08-26 12:45:43.978398323,9929.84
T009230,2024-10-20,S032,P0016,7,1080.84,194.51,INR,2024-10-26 20:19:26.002630711,7371.369999999999
T009231,2024-11-24,S032,P0024,5,1752.06,78.14,INR,2024-08-25 02:35:10.459312916,8682.16
T009232,2024-08-15,S040,P0095,7,884.58,22.89,INR,2024-02-12 23:05:20.827886581,6169.17
T009233,2024-01-03,S006,P0075,2,160.6,,INR,2024-02-06 23:19:30.169713974,
T009234,2024-03-09,S025,P0023,9,1860.52,183.28,INR,2024-01-19 09:47:14.327839136,16561.4
T009235,2024-02-06,S003,P0041,9,1470.9,286.0,INR,2024-07-23 09:23:46.499997377,12952.1
T009236,2024-05-12,S018,P0086,6,1070.46,,INR,2024-03-29 16:08:57.764220953,
T009237,2024-07-01,S050,P0033,6,1895.3,219.19,INR,2024-02-28 05:29:06.977284431,11152.609999999999
T009238,2024-01-16,S038,P0042,0,1784.86,98.79,INR,2024-02-01 00:21:38.500705719,-98.79
T009239,2024-05-07,S043,P0048,9,306.01,175.81,INR,2024-08-22 06:03:25.262434720,2578.28
T009240,2024-03-06,S003,P0018,5,1286.36,,INR,2024-10-01 23:54:23.353953600,
T009241,2024-08-24,S048,P0063,1,1122.4,270.5,INR,2024-11-09 02:01:23.028287172,851.9000000000001
T009242,2024-06-18,S005,P0078,7,1575.3,39.75,INR,2024-08-05 07:48:59.092329502,10987.35
T009243,2024-06-29,S024,P0092,4,671.46,189.61,INR,2024-05-09 07:06:28.833866358,2496.23
T009244,2024-06-05,S034,P0011,7,115.42,219.25,INR,2024-06-20 16:49:40.107890129,588.69
T009245,2024-12-14,S047,P0024,5,452.26,209.55,INR,2024-08-20 04:40:43.967368603,2051.75
T009246,2024-03-19,S048,P0061,4,500.79,77.2,INR,2024-09-17 05:54:06.922404766,1925.96
T009247,2024-07-07,S039,P0064,2,653.69,145.81,INR,2024-08-23 08:48:32.390978575,1161.5700000000002
T009248,2024-09-25,S048,P0036,8,803.75,199.0,INR,2024-12-17 02:16:49.562129498,6231.0
T009249,2024-07-22,S024,P0083,-2,1442.45,279.28,INR,2024-09-30 19:49:46.016039847,-3164.1800000000003
T009250,2024-12-05,S036,P0077,9,241.07,149.9,INR,2024-09-30 23:26:26.510774374,2019.73
T009251,2024-05-17,S028,P0097,5,1024.44,90.15,INR,2024-10-26 05:29:47.694203854,5032.050000000001
T009252,2024-06-18,S048,P0053,2,1047.42,115.96,INR,2024-06-17 00:54:52.946136951,1978.88
T009253,2024-02-02,S049,P0083,0,1270.15,162.4,INR,2024-04-06 08:10:17.818403006,-162.4
T009254,2024-08-10,S034,P0047,-1,690.04,292.91,INR,2024-10-24 22:15:12.100385666,-982.95
T009255,2024-04-15,S016,P0052,0,593.6,188.5,INR,2024-06-18 10:13:01.260707140,-188.5
T009256,2024-02-28,S036,P0096,6,1019.38,46.42,INR,2024-08-09 14:51:41.430905342,6069.86
T009257,2024-07-17,S007,P0079,-1,1353.26,252.94,INR,2024-06-05 19:13:14.893077374,-1606.2
T009258,2024-07-13,S018,P0057,7,184.72,,INR,2024-05-24 13:28:18.039646864,
T009259,2024-01-28,S006,P0075,-2,657.81,11.62,INR,2024-09-02 00:14:30.730518103,-1327.2399999999998
T009260,2024-09-11,S050,P0023,-1,1595.89,30.06,INR,2024-08-30 20:24:41.547083616,-1625.95
T009261,2024-08-15,S028,P0059,-1,1019.96,,INR,2024-04-22 19:03:05.964434385,
T009262,2024-03-09,S039,P0069,9,1908.47,270.57,INR,2024-03-09 23:30:28.017864704,16905.66
T009263,2024-06-20,S034,P0056,8,1748.33,80.46,INR,2024-02-17 22:24:04.967922211,13906.18
T009264,2024-09-19,S999,P0086,2,753.5,149.43,INR,2024-02-11 12:42:02.799114227,1357.57
T009265,2024-07-12,S041,P0042,-2,1479.91,,INR,2024-10-25 11:03:01.026636362,
T009266,2024-05-24,S029,P0018,9,621.19,125.61,INR,2024-04-14 10:40:14.839064360,5465.100000000001
T009267,2024-04-27,S004,P0071,7,433.06,19.6,INR,2024-09-04 16:01:37.858424187,3011.82
T009268,2024-08-10,S014,P0033,5,1773.94,17.0,INR,2024-04-14 21:50:18.592243910,8852.7
T009269,2024-12-08,S005,P0003,-1,765.47,132.1,INR,2024-08-31 08:47:13.031788111,-897.57
T009270,2024-09-02,S025,P0028,3,486.49,,INR,2024-12-25 05:04:26.995511055,
T009271,2024-01-28,S039,P0001,2,1933.46,25.39,INR,2024-01-25 01:46:54.937368631,3841.53
T009272,2024-06-17,S008,P0063,-1,158.95,61.7,INR,2024-08-26 14:54:08.825893164,-220.64999999999998
T009273,2024-11-21,S015,P0047,7,797.11,80.93,INR,2024-04-13 03:25:26.563407660,5498.84
T009274,2024-02-04,S019,P0037,9,172.99,167.74,INR,2024-01-31 06:08:44.822593689,1389.17
T009275,2024-12-26,S011,P0086,-2,1057.79,12.96,INR,2024-01-29 19:49:46.954297066,-2128.54
T009276,2024-12-12,S020,P0048,3,862.23,258.01,INR,2024-05-15 15:46:38.667351484,2328.6800000000003
T009277,2024-01-29,S036,P0019,3,1469.27,141.22,INR,2024-07-16 07:45:16.368468046,4266.589999999999
T009278,2024-12-06,S018,P0014,0,1912.67,145.57,INR,2024-08-24 06:17:44.289918661,-145.57
T009279,2024-05-12,S014,P0067,5,1087.41,97.96,INR,2024-07-26 03:32:31.339648247,5339.09
T009280,2024-11-04,S038,P0083,6,642.26,63.6,INR,2024-11-23 18:05:17.720860720,3789.96
T009281,2024-06-01,S025,P0097,0,1757.13,109.1,INR,2024-02-26 00:57:31.175005436,-109.1
T009282,2024-06-09,S016,P0085,6,1248.63,274.02,INR,2024-10-29 14:05:51.062834263,7217.76
T009283,2024-08-19,S018,P0065,5,1151.62,28.27,INR,2024-07-11 19:16:15.357142687,5729.829999999999
T009284,2024-10-09,S001,P0026,2,458.29,,INR,2024-11-10 02:32:16.630956650,
T009285,2024-01-13,S040,P0010,3,177.12,34.34,INR,2024-06-04 17:34:15.040407181,497.02
T009286,2024-08-04,S001,P0099,9,976.67,233.09,INR,2024-06-24 20:34:11.094721079,8556.939999999999
T009287,2024-03-09,S001,P0077,9,1103.29,,INR,2024-06-03 03:30:00.195665598,
T009288,2024-05-06,S999,P0070,9,341.48,99.95,INR,2024-02-05 05:02:27.993836641,2973.3700000000003
T009289,2024-05-07,S021,P0043,-2,212.85,127.46,INR,2024-02-22 22:15:05.436883926,-553.16
T009290,2024-06-20,S025,P0070,2,510.55,152.13,INR,2024-07-07 21:33:34.977952242,868.97
T009291,2024-05-01,S027,P0099,7,219.89,0.96,INR,2024-07-13 14:54:38.019192696,1538.27
T009292,2024-02-09,S010,P0080,7,206.66,146.03,INR,2024-06-19 17:54:42.994305849,1300.59
T009293,2024-02-23,S050,P0072,9,943.92,58.48,INR,2024-01-05 16:31:20.901400566,8436.8
T009294,2024-01-13,S012,P0059,4,1639.46,29.36,INR,2024-07-03 12:51:29.059327364,6528.4800000000005
T009295,2024-06-20,S028,P0003,-2,1361.58,159.99,INR,2024-02-18 19:25:42.401662111,-2883.1499999999996
T009296,2024-12-14,S049,P0005,7,1390.89,223.24,INR,2024-07-25 17:25:52.721398354,9512.990000000002
T009297,2024-02-12,S032,P0085,6,598.63,280.42,INR,2024-04-15 05:16:31.600935936,3311.3599999999997
T009298,2024-12-11,S033,P0095,4,121.1,273.8,INR,2024-12-27 21:31:29.222512007,210.59999999999997
T009299,2024-09-24,S008,P0078,1,956.23,119.7,INR,2024-05-11 03:01:01.647763968,836.53
T009300,2024-08-20,S042,P9999,8,816.54,211.22,INR,2024-10-26 14:16:06.690070868,6321.099999999999
T009301,2024-08-23,S026,P0083,1,1899.75,208.69,INR,2024-03-30 15:24:31.921955109,1691.06
T009302,2024-10-28,S042,P0037,8,236.84,123.63,INR,2024-03-10 03:53:14.486099720,1771.0900000000001
T009303,2024-02-09,S050,P0084,7,1575.2,29.46,INR,2024-03-21 16:43:47.503474950,10996.94
T009304,2024-07-03,S041,P0052,4,832.29,114.6,INR,2024-05-01 14:06:18.825333357,3214.56
T009305,2024-09-11,S002,P0066,3,1676.28,297.71,INR,2024-11-05 20:04:27.792617798,4731.13
T009306,2024-08-02,S035,P0063,0,1040.33,166.51,INR,2024-10-05 20:17:28.061949253,-166.51
T009307,2024-10-30,S034,P0007,6,1658.95,102.42,INR,2024-06-07 22:20:53.100277662,9851.28
T009308,2024-01-27,S006,P0097,3,987.01,223.14,INR,2024-03-09 15:39:41.368666410,2737.89
T009309,2024-09-09,S031,P0053,8,863.53,205.9,INR,2024-01-18 18:40:25.355825901,6702.34
T009310,2024-07-13,S023,P0006,-1,1931.05,173.64,INR,2024-08-13 18:25:32.248829603,-2104.69
T009311,2024-05-18,S012,P0007,7,800.83,191.23,INR,2024-09-14 23:08:58.398071527,5414.580000000001
T009312,2024-05-04,S999,P0044,9,1630.07,175.48,INR,2024-08-09 05:46:33.269000053,14495.15
T009313,2024-08-14,S028,P0018,-1,227.36,286.88,INR,2024-07-01 22:59:13.851130962,-514.24
T009314,2024-11-21,S015,P0054,-2,219.03,152.74,INR,2024-12-21 02:16:36.405945301,-590.8
T009315,2024-06-30,S019,P0029,8,932.41,177.06,INR,2024-01-10 00:03:10.574055910,7282.219999999999
T009316,2024-10-28,S012,P0083,2,1212.58,141.5,INR,2024-12-26 18:27:22.513743877,2283.66
T009317,2024-05-26,S050,P0025,7,1256.21,,INR,2024-04-10 20:30:56.016179562,
T009318,2024-02-07,S048,P0063,3,169.13,,INR,2024-05-19 20:20:53.650548697,
T009319,2024-01-23,S002,P0068,0,1423.81,101.93,INR,2024-10-01 16:11:50.485474348,-101.93
T009320,2024-01-19,S011,P0013,1,346.86,148.77,INR,2024-03-23 21:31:35.375323296,198.09
T009321,2024-05-18,S044,P0032,2,1915.16,134.58,INR,2024-09-16 02:16:57.554588556,3695.7400000000002
T009322,2024-05-03,S037,P0027,1,733.74,119.39,INR,2024-05-01 09:08:46.168017149,614.35
T009323,2024-09-19,S038,P0051,6,596.75,246.31,INR,2024-12-09 07:17:22.334325790,3334.19
T009324,2024-09-28,S025,P0034,9,653.41,69.58,INR,2024-03-03 16:09:21.487833023,5811.11
T009325,2024-01-19,S043,P0028,0,1880.97,149.98,INR,2024-12-06 02:25:38.290234089,-149.98
T009326,2024-03-21,S021,P0073,2,1017.4,277.39,INR,2024-10-15 17:48:10.157246113,1757.4099999999999
T009327,2024-04-10,S042,P0072,4,925.89,48.38,INR,2024-03-03 03:16:13.024903536,3655.18
T009328,2024-07-18,S036,P0085,9,1175.21,1.39,INR,2024-05-21 11:38:21.471431494,10575.5
T009329,2024-02-22,S009,P0030,9,1868.45,79.57,INR,2024-02-08 01:38:10.048549414,16736.48
T009330,2024-02-18,S012,P0093,4,685.85,276.69,INR,2024-08-06 21:33:07.767619371,2466.71
T009331,2024-12-10,S010,P0009,3,443.56,26.29,INR,2024-12-16 14:13:25.184597254,1304.39
T009332,2024-10-20,S046,P0013,6,1231.43,41.12,INR,2024-01-29 22:03:45.894756317,7347.46
T009333,2024-03-06,S005,P0082,4,1034.18,96.1,INR,2024-04-04 05:04:26.186126471,4040.6200000000003
T009334,2024-05-28,S033,P0064,8,217.74,230.91,INR,2024-10-02 16:55:31.427533388,1511.01
T009335,2024-05-09,S005,P0038,1,1091.68,225.38,INR,2024-06-16 06:50:41.040704489,866.3000000000001
T009336,2024-10-15,S016,P0022,8,1168.59,26.12,INR,2024-05-03 17:15:05.640217304,9322.599999999999
T009337,2024-07-05,S037,P0031,7,1418.89,280.15,INR,2024-08-07 10:25:46.170207977,9652.080000000002
T009338,2024-02-16,S037,P0099,6,1991.53,71.65,INR,2024-04-17 07:11:11.088214397,11877.53
T009339,2024-09-26,S029,P0042,3,901.0,,INR,2024-04-30 00:47:24.326900721,
T009340,2024-05-24,S018,P0062,-2,1069.39,115.93,INR,2024-10-21 05:32:13.283929348,-2254.71
T009341,2024-04-05,S029,P0064,6,242.5,190.35,INR,2024-05-22 22:16:29.311844826,1264.65
T009342,2024-05-17,S006,P0074,8,1680.02,156.39,INR,2024-09-12 16:52:56.193799734,13283.77
T009343,2024-06-30,S018,P0009,4,286.5,278.58,INR,2024-02-25 00:40:53.885491610,867.4200000000001
T009344,2024-05-05,S032,P0095,3,1874.28,169.39,INR,2024-05-25 13:40:21.766148567,5453.45
T009345,2024-03-29,S042,P0044,3,762.15,257.11,INR,2024-07-20 10:49:30.538686991,2029.3399999999997
T009346,2024-05-25,S047,P0063,1,741.41,23.46,INR,2024-04-07 13:31:22.977675200,717.9499999999999
T009347,2024-01-07,S031,P0040,1,724.36,256.77,INR,2024-06-02 21:13:43.959028721,467.59000000000003
T009348,2024-10-08,S011,P0088,8,1905.93,59.31,INR,2024-10-04 08:03:22.248836994,15188.130000000001
T009349,2024-03-03,S026,P0041,0,1962.2,108.77,INR,2024-02-28 22:46:52.729560852,-108.77
T009350,2024-01-17,S028,P0072,5,1949.16,95.97,INR,2024-07-01 18:34:50.022958994,9649.830000000002
T009351,2024-08-26,S027,P0050,5,1439.1,101.18,INR,2024-04-05 13:12:33.813583136,7094.32
T009352,2024-10-09,S019,P0020,-1,311.01,275.6,INR,2024-05-29 17:41:13.734003544,-586.61
T009353,2024-10-24,S045,P0081,2,834.09,132.48,INR,2024-05-17 00:23:43.187772989,1535.7
T009354,2024-06-29,S027,P0092,6,649.69,80.39,INR,2024-08-27 04:46:54.887765884,3817.7500000000005
T009355,2024-03-15,S020,P0070,9,1445.94,88.32,INR,2024-10-07 00:23:27.266032457,12925.140000000001
T009356,2024-09-26,S003,P0042,6,1036.04,241.0,INR,2024-07-01 09:42:07.771568537,5975.24
T009357,2024-09-12,S016,P0033,4,1271.35,161.73,INR,2024-03-01 19:17:18.525658368,4923.67
T009358,2024-03-30,S039,P0092,1,116.59,134.85,INR,2024-11-13 01:09:08.631677151,-18.25999999999999
T009359,2024-11-25,S044,P0063,1,1587.44,278.04,INR,2024-03-08 23:07:46.629423618,1309.4
T009360,2024-02-08,S029,P0057,7,1908.9,279.0,INR,2024-07-30 03:13:38.165126085,13083.300000000001
T009361,2024-12-24,S015,P0065,8,1371.81,226.84,INR,2024-07-11 11:09:58.586557627,10747.64
T009362,2024-11-09,S030,P0052,4,1718.68,,INR,2024-04-14 15:08:48.388695478,
T009363,2024-09-08,S040,P0099,0,1008.68,34.98,INR,2024-12-13 19:48:47.378268242,-34.98
T009364,2024-12-08,S049,P0088,0,138.4,212.38,INR,2024-09-03 23:34:53.030553341,-212.38
T009365,2024-09-20,S001,P0006,2,1981.89,244.53,INR,2024-06-20 13:02:03.707335472,3719.25
T009366,2024-03-10,S029,P0007,8,211.78,255.61,INR,2024-06-10 20:56:26.303422689,1438.63
T009367,2024-06-10,S030,P0009,3,466.27,174.56,INR,2024-02-03 17:54:17.926865101,1224.25
T009368,2024-01-27,S040,P9999,5,199.64,185.05,INR,2024-10-11 22:45:52.337533712,813.1499999999999
T009369,2024-05-22,S046,P0061,-2,1287.42,212.79,INR,2024-01-31 12:43:02.665809631,-2787.63
T009370,2024-09-27,S032,P0080,4,1208.14,262.18,INR,2024-03-14 06:18:50.550468445,4570.38
T009371,2024-05-21,S010,P0034,5,498.37,13.63,INR,2024-03-01 00:58:31.813495159,2478.22
T009372,2024-04-30,S027,P0035,2,1917.64,168.97,INR,2024-01-25 21:02:41.964338303,3666.3100000000004
T009373,2024-08-05,S999,P0099,9,1835.62,110.73,INR,2024-10-29 19:09:43.817291260,16409.85
T009374,2024-11-14,S008,P0020,7,631.64,249.95,INR,2024-11-26 19:08:29.545876026,4171.53
T009375,2024-01-18,S999,P0058,-1,1351.84,40.14,INR,2024-08-16 07:32:01.960626602,-1391.98
T009376,2024-05-20,S036,P0087,1,1724.94,272.91,INR,2024-11-16 09:08:05.824227810,1452.03
T009377,2024-02-27,S042,P0060,3,783.62,37.2,INR,2024-09-03 09:33:13.783179283,2313.6600000000003
T009378,2024-09-10,S035,P0054,6,581.81,26.8,INR,2024-09-07 00:38:58.353600979,3464.0599999999995
T009379,2024-02-08,S036,P0035,-1,586.76,103.95,INR,2024-11-20 15:46:04.836867094,-690.71
T009380,2024-08-30,S048,P0047,1,1658.87,298.42,INR,2024-02-03 13:17:41.663944960,1360.4499999999998
T009381,2024-04-14,S036,P0046,7,979.83,190.14,INR,2024-01-20 23:26:55.686362505,6668.67
T009382,2024-03-13,S025,P0087,2,1459.14,7.93,INR,2024-01-20 13:27:43.929906607,2910.3500000000004
T009383,2024-12-07,S020,P0004,5,1335.57,74.78,INR,2024-06-01 12:50:47.788865328,6603.07
T009384,2024-01-07,S045,P0010,5,681.83,44.75,INR,2024-12-11 10:24:41.396363735,3364.4
T009385,2024-06-08,S017,P0075,-1,495.35,0.3,INR,2024-11-13 12:36:29.605637074,-495.65000000000003
T009386,2024-01-08,S023,P0040,3,338.99,154.48,INR,2024-10-12 10:00:01.093665361,862.49
T009387,2024-06-25,S025,P0055,3,145.38,114.33,INR,2024-05-27 10:17:50.283365726,321.81
T009388,2024-07-01,S048,P0073,2,254.39,,INR,2024-10-27 19:50:18.146020412,
T009389,2024-04-27,S049,P0040,5,586.87,64.91,INR,2024-03-20 17:58:24.840631962,2869.44
T009390,2024-02-18,S031,P0076,7,1455.84,249.32,INR,2024-08-01 15:40:54.588791847,9941.56
T009391,2024-05-17,S006,P0081,-1,394.35,114.95,INR,2024-09-29 06:17:02.320545435,-509.3
T009392,2024-09-02,S035,P0096,-1,1094.45,144.87,INR,2024-02-03 17:47:01.549237251,-1239.3200000000002
T009393,2024-10-12,S004,P0023,4,565.75,219.75,INR,2024-11-15 01:25:43.934132099,2043.25
T009394,2024-07-12,S040,P0015,6,1072.44,49.85,INR,2024-09-22 11:18:51.302113056,6384.79
T009395,2024-08-03,S020,P0092,0,1525.02,78.7,INR,2024-07-13 15:31:20.636033058,-78.7
T009396,2024-03-14,S041,P0005,4,605.36,46.43,INR,2024-01-23 18:41:49.452790260,2375.01
T009397,2024-04-14,S001,P0040,0,761.01,230.42,INR,2024-09-10 11:59:03.696450472,-230.42
T009398,2024-02-29,S045,P0018,9,1473.7,29.26,INR,2024-06-12 05:54:55.554390669,13234.04
T009399,2024-03-31,S026,P0021,3,1138.04,146.7,INR,2024-09-25 21:17:32.543739080,3267.42
T009400,2024-03-23,S034,P0079,0,279.68,224.97,INR,2024-01-14 06:36:16.417843103,-224.97
T009401,2024-07-08,S010,P0003,-2,1540.49,152.33,INR,2024-07-28 18:53:35.249206066,-3233.31
T009402,2024-07-24,S023,P0046,3,627.13,152.6,INR,2024-06-12 03:53:50.846742392,1728.79
T009403,2024-12-10,S999,P0090,8,831.61,19.1,INR,2024-06-05 21:10:56.392204285,6633.78
T009404,2024-03-12,S049,P0079,0,565.84,234.86,INR,2024-07-07 21:55:53.091156483,-234.86
T009405,2024-08-22,S024,P0053,-2,1132.38,181.2,INR,2024-02-15 03:20:20.558984518,-2445.96
T009406,2024-10-25,S013,P0020,2,1444.76,200.25,INR,2024-12-07 10:33:23.637465715,2689.27
T009407,2024-07-23,S029,P0059,5,1626.11,229.74,INR,2024-09-14 05:11:25.728575468,7900.8099999999995
T009408,2024-04-03,S046,P0021,5,1852.03,168.19,INR,2024-01-31 23:16:47.061156273,9091.96
T009409,2024-04-05,S027,P0090,5,782.51,152.59,INR,2024-01-30 00:03:58.389933348,3759.96
T009410,2024-01-15,S031,P0087,0,1871.97,,INR,2024-03-17 21:23:52.693870544,
T009411,2024-04-21,S043,P0051,5,1272.21,270.0,INR,2024-03-28 11:58:08.810373306,6091.05
T009412,2024-09-28,S010,P0025,1,840.23,,INR,2024-06-28 15:14:11.645299196,
T009413,2024-01-18,S031,P0068,5,1785.86,236.5,INR,2024-07-14 19:20:57.868307114,8692.8
T009414,2024-03-21,S039,P0010,0,1201.3,144.08,INR,2024-02-23 05:16:34.692439556,-144.08
T009415,2024-09-14,S010,P0086,0,963.14,176.87,INR,2024-12-21 08:08:23.895881176,-176.87
T009416,2024-10-12,S024,P0067,-2,121.85,,INR,2024-10-28 00:58:33.279733896,
T009417,2024-06-15,S033,P0083,5,1463.26,146.56,INR,2024-08-19 05:21:09.176253557,7169.74
T009418,2024-09-11,S014,P0095,5,246.96,44.67,INR,2024-04-11 10:27:07.915285826,1190.1299999999999
T009419,2024-05-21,S035,P0009,6,649.85,140.11,INR,2024-11-28 06:34:41.084097862,3758.9900000000002
T009420,2024-02-28,S045,P0029,3,1927.22,,INR,2024-04-25 01:32:10.201390505,
T009421,2024-05-25,S034,P0037,9,394.9,172.86,INR,2024-04-26 12:31:04.690719843,3381.24
T009422,2024-07-30,S017,P0071,-1,692.39,86.02,INR,2024-05-08 19:37:55.075567007,-778.41
T009423,2024-12-12,S021,P0038,-2,1871.44,252.49,INR,2024-01-18 11:54:40.892786264,-3995.37
T009424,2024-01-26,S032,P0088,5,741.6,112.88,INR,2024-01-23 13:50:28.308072805,3595.12
T009425,2024-07-04,S003,P0072,7,724.48,275.33,INR,2024-06-22 16:02:11.476464748,4796.030000000001
T009426,2024-04-30,S015,P0098,1,1331.11,141.87,INR,2024-11-17 20:09:35.468405724,1189.2399999999998
T009427,2024-07-04,S008,P0059,8,349.58,254.66,INR,2024-12-09 23:12:10.566278696,2541.98
T009428,2024-01-09,S032,P0057,8,1948.23,89.18,INR,2024-10-10 03:17:28.214513779,15496.66
T009429,2024-04-24,S038,P0090,4,622.54,135.48,INR,2024-05-27 14:44:05.650792599,2354.68
T009430,2024-10-26,S026,P0060,7,1592.81,190.1,INR,2024-04-23 07:54:21.471013308,10959.57
T009431,2024-07-21,S030,P0028,9,646.47,77.6,INR,2024-03-19 17:34:19.230062246,5740.63
T009432,2024-06-13,S009,P0028,1,623.21,,INR,2024-07-15 12:49:20.649185658,
T009433,2024-04-14,S032,P0046,-2,209.27,86.58,INR,2024-06-25 02:21:14.833633661,-505.12
T009434,2024-04-18,S011,P0071,5,326.71,145.29,INR,2024-06-19 10:00:55.660023212,1488.26
T009435,2024-05-19,S022,P0067,7,1091.74,7.01,INR,2024-04-25 10:06:47.236630201,7635.17
T009436,2024-10-31,S034,P0086,6,1196.0,23.45,INR,2024-07-31 09:40:46.234955788,7152.55
T009437,2024-12-19,S041,P0055,7,1650.1,68.13,INR,2024-08-09 21:28:57.404097080,11482.57
T009438,2024-06-09,S018,P0038,6,214.41,241.95,INR,2024-11-15 10:42:16.724573851,1044.51
T009439,2024-05-23,S019,P0018,6,776.69,198.12,INR,2024-10-04 21:53:32.694356441,4462.02
T009440,2024-11-04,S018,P0076,9,480.3,268.03,INR,2024-04-30 09:49:45.081639290,4054.67
T009441,2024-06-04,S037,P0095,9,779.97,271.41,INR,2024-05-18 12:44:35.562259197,6748.320000000001
T009442,2024-07-20,S018,P0063,8,773.18,112.4,INR,2024-03-28 10:01:08.981597185,6073.04
T009443,2024-03-25,S012,P0005,8,773.13,110.26,INR,2024-03-03 08:39:55.491683722,6074.78
T009444,2024-09-28,S004,P0044,9,688.3,,INR,2024-02-09 17:53:24.311062098,
T009445,2024-07-13,S047,P0029,1,1551.56,127.93,INR,2024-01-13 10:53:42.628380537,1423.6299999999999
T009446,2024-10-22,S043,P0100,6,1410.44,257.16,INR,2024-06-01 10:53:30.036189079,8205.48
T009447,2024-10-11,S027,P0014,8,748.79,151.78,INR,2024-12-16 01:54:26.547268391,5838.54
T009448,2024-03-19,S999,P0058,1,378.33,127.41,INR,2024-07-15 08:58:55.892563820,250.92
T009449,2024-09-18,S005,P0044,-1,1084.73,83.72,INR,2024-09-27 21:17:39.428958178,-1168.45
T009450,2024-10-19,S006,P0018,7,1845.81,37.95,INR,2024-05-25 04:02:50.268782139,12882.72
T009451,2024-05-06,S013,P0007,0,334.76,157.77,INR,2024-05-20 07:23:27.369347095,-157.77
T009452,2024-03-04,S023,P0087,-1,1530.76,97.57,INR,2024-02-15 16:46:24.394788265,-1628.33
T009453,2024-01-01,S042,P0097,-2,1238.82,74.83,INR,2024-04-19 10:41:52.303513288,-2552.47
T009454,2024-06-13,S025,P0062,8,1218.32,50.9,INR,2024-12-04 23:09:58.844238997,9695.66
T009455,2024-05-08,S046,P0045,3,1875.85,116.59,INR,2024-06-27 22:09:55.246728182,5510.959999999999
T009456,2024-07-21,S004,P0016,1,1916.29,166.76,INR,2024-03-15 14:02:30.853904009,1749.53
T009457,2024-03-09,S032,P0064,4,563.3,251.11,INR,2024-08-30 06:28:58.129953622,2002.0899999999997
T009458,2024-11-09,S044,P0037,4,1636.11,246.06,INR,2024-05-27 23:43:25.471255064,6298.379999999999
T009459,2024-04-04,S015,P0025,7,1279.52,256.52,INR,2024-10-28 23:26:44.256421328,8700.119999999999
T009460,2024-03-23,S026,P0009,-2,876.81,172.87,INR,2024-02-03 21:10:09.378026009,-1926.4899999999998
T009461,2024-06-24,S042,P0055,9,1364.68,167.86,INR,2024-07-09 11:02:02.873091221,12114.26
T009462,2024-07-01,S011,P0028,6,1916.34,271.54,INR,2024-10-19 10:37:05.761545420,11226.499999999998
T009463,2024-03-19,S009,P0009,5,1082.06,86.56,INR,2024-11-07 15:08:22.741817474,5323.739999999999
T009464,2024-04-09,S011,P0012,7,1886.15,,INR,2024-05-24 15:59:21.503253222,
T009465,2024-03-02,S002,P0018,-2,1321.49,24.83,INR,2024-09-27 11:31:09.696493387,-2667.81
T009466,2024-09-19,S045,P0091,5,1017.53,264.31,INR,2024-12-18 11:37:05.253717899,4823.339999999999
T009467,2024-10-08,S027,P0090,2,1323.92,111.53,INR,2024-08-15 00:05:16.970182896,2536.31
T009468,2024-06-17,S026,P0056,-2,1244.83,149.62,INR,2024-10-23 05:31:42.360703707,-2639.2799999999997
T009469,2024-09-17,S008,P0090,1,901.22,240.92,INR,2024-07-28 10:02:45.725393534,660.3000000000001
T009470,2024-09-25,S021,P0074,4,1168.67,111.95,INR,2024-10-15 10:15:44.985085249,4562.7300000000005
T009471,2024-02-20,S021,P0058,9,1436.17,260.39,INR,2024-12-09 08:31:08.767111540,12665.140000000001
T009472,2024-12-18,S008,P0081,2,1693.85,96.51,INR,2024-09-16 16:24:23.232424259,3291.1899999999996
T009473,2024-10-26,S001,P0051,8,678.23,219.71,INR,2024-02-26 08:47:42.146445513,5206.13
T009474,2024-03-15,S038,P0032,0,127.83,200.21,INR,2024-01-30 21:37:12.222855330,-200.21
T009475,2024-03-08,S013,P0088,9,1147.31,60.4,INR,2024-10-23 09:52:41.273246288,10265.39
T009476,2024-02-15,S009,P0048,8,1029.64,37.35,INR,2024-04-04 07:17:21.601680517,8199.77
T009477,2024-02-20,S028,P0008,1,202.98,33.47,INR,2024-11-15 11:19:21.233065128,169.51
T009478,2024-09-30,S006,P0030,-1,1301.76,195.27,INR,2024-03-12 14:19:29.542599678,-1497.03
T009479,2024-06-20,S047,P0026,5,1888.66,3.88,INR,2024-11-28 12:46:08.783597946,9439.420000000002
T009480,2024-10-12,S023,P0024,9,864.24,198.2,INR,2024-10-20 21:41:14.545580864,7579.96
T009481,2024-09-29,S048,P0027,-1,1799.28,234.59,INR,2024-11-17 15:51:47.211595774,-2033.87
T009482,2024-08-08,S036,P0079,8,1644.89,90.75,INR,2024-03-25 22:31:00.741414785,13068.37
T009483,2024-09-07,S017,P0092,3,407.26,223.71,INR,2024-11-16 15:57:17.131633520,998.0699999999999
T009484,2024-01-07,S009,P0075,4,1595.83,49.62,INR,2024-08-02 11:01:26.308754921,6333.7
T009485,2024-04-23,S012,P0039,4,1081.74,288.15,INR,2024-01-31 15:54:43.695071697,4038.81
T009486,2024-08-20,S022,P0066,-2,1845.39,69.62,INR,2024-12-05 19:54:54.506176472,-3760.4
T009487,2024-01-04,S999,P0051,5,459.91,146.51,INR,2024-03-12 01:03:43.114355803,2153.04
T009488,2024-01-13,S012,P0073,6,337.59,294.15,INR,2024-03-18 22:14:57.688404560,1731.3899999999999
T009489,2024-11-06,S006,P0050,4,558.43,272.14,INR,2024-09-13 23:18:40.042938232,1961.58
T009490,2024-09-06,S044,P0045,5,213.29,197.84,INR,2024-07-31 19:38:34.741286516,868.61
T009491,2024-04-06,S009,P0087,1,708.15,110.76,INR,2024-11-25 14:12:17.925747156,597.39
T009492,2024-09-08,S037,P0033,9,637.72,210.03,INR,2024-04-22 00:55:07.522030829,5529.450000000001
T009493,2024-10-16,S003,P0019,5,890.81,138.08,INR,2024-01-16 05:28:47.443856001,4315.969999999999
T009494,2024-04-21,S034,P0013,0,979.66,32.65,INR,2024-12-29 04:11:39.653612137,-32.65
T009495,2024-01-14,S008,P0078,-2,374.97,238.79,INR,2024-04-24 03:38:10.665223598,-988.73
T009496,2024-12-06,S010,P0096,5,1276.81,261.48,INR,2024-02-29 02:28:43.208952665,6122.57
T009497,2024-05-05,S047,P0022,8,524.78,122.28,INR,2024-12-25 07:10:42.743966103,4075.9599999999996
T009498,2024-02-08,S041,P0020,9,331.66,199.72,INR,2024-07-24 10:56:55.415396214,2785.2200000000003
T009499,2024-06-28,S042,P0097,3,1446.74,9.11,INR,2024-02-24 07:59:49.106727600,4331.110000000001
T009500,2024-10-07,S043,P0005,6,143.2,59.18,INR,2024-11-01 01:47:46.668968201,800.02
T009501,2024-03-21,S009,P0084,0,799.9,171.08,INR,2024-12-11 01:52:12.945611000,-171.08
T009502,2024-04-08,S014,P0078,5,374.37,,INR,2024-11-17 16:00:46.802364111,
T009503,2024-03-29,S037,P0091,6,1777.31,283.31,INR,2024-03-13 11:54:19.377218008,10380.550000000001
T009504,2024-12-27,S027,P0090,6,1666.47,251.11,INR,2024-01-20 05:32:47.641007662,9747.71
T009505,2024-03-13,S041,P0032,9,215.0,196.5,INR,2024-05-15 12:35:06.761379719,1738.5
T009506,2024-07-29,S032,P0030,4,1145.86,299.65,INR,2024-05-09 12:26:32.567220449,4283.79
T009507,2024-12-03,S004,P0091,9,661.18,72.97,INR,2024-05-28 03:51:04.646720648,5877.65
T009508,2024-02-23,S002,P0026,8,465.84,,INR,2024-10-18 15:04:13.868056297,
T009509,2024-12-20,S999,P0082,7,691.92,91.37,INR,2024-01-04 12:30:13.617496014,4752.07
T009510,2024-12-11,S033,P0087,0,1650.19,,INR,2024-09-03 07:21:57.319231033,
T009511,2024-11-18,S021,P0088,0,209.93,130.31,INR,2024-12-25 13:56:57.532462120,-130.31
T009512,2024-03-19,S001,P0004,-1,1331.64,132.96,INR,2024-05-25 16:34:55.208297729,-1464.6000000000001
T009513,2024-08-19,S044,P0067,-2,1835.4,,INR,2024-06-26 01:06:11.329547644,
T009514,2024-10-04,S011,P0043,-1,951.31,104.26,INR,2024-08-17 05:03:43.481323957,-1055.57
T009515,2024-12-25,S001,P0030,2,1812.88,,INR,2024-04-14 05:42:55.061253548,
T009516,2024-03-06,S046,P0016,-2,1822.92,63.51,INR,2024-09-19 06:12:34.390094757,-3709.3500000000004
T009517,2024-10-06,S011,P0071,7,1258.23,229.04,INR,2024-03-15 02:15:12.604799271,8578.57
T009518,2024-05-03,S007,P0039,1,966.1,165.58,INR,2024-01-24 15:34:40.753343582,800.52
T009519,2024-03-05,S002,P0086,8,1501.56,76.52,INR,2024-10-19 11:38:26.180948496,11935.96
T009520,2024-06-02,S015,P0041,7,1840.82,79.78,INR,2024-03-05 10:18:10.270705223,12805.96
T009521,2024-10-16,S008,P0031,7,1392.07,88.06,INR,2024-09-23 23:53:00.834713459,9656.43
T009522,2024-06-18,S047,P0049,-2,498.25,209.79,INR,2024-11-14 00:39:19.259629488,-1206.29
T009523,2024-07-15,S026,P0013,9,1658.11,178.53,INR,2024-01-17 16:59:09.773438454,14744.46
T009524,2024-12-29,S040,P0041,7,1907.91,246.67,INR,2024-09-14 22:39:19.370417833,13108.7
T009525,2024-05-25,S042,P0093,5,879.52,,INR,2024-08-23 21:01:25.357514858,
T009526,2024-08-12,S999,P0028,9,1425.42,92.0,INR,2024-08-15 17:11:02.791416407,12736.78
T009527,2024-05-13,S035,P0064,2,1084.52,288.86,INR,2024-04-17 19:20:17.898801327,1880.1799999999998
T009528,2024-05-23,S046,P0019,7,312.82,265.83,INR,2024-01-17 15:42:55.500153780,1923.9099999999999
T009529,2024-09-10,S041,P0087,1,764.7,83.65,INR,2024-02-05 22:44:17.417831421,681.0500000000001
T009530,2024-12-08,S041,P0072,0,411.28,273.81,INR,2024-04-09 14:43:56.308905363,-273.81
T009531,2024-07-16,S021,P0025,6,1379.79,216.04,INR,2024-05-28 06:12:39.001600027,8062.7
T009532,2024-10-07,S038,P0038,3,1205.98,124.41,INR,2024-12-01 02:31:37.173257351,3493.53
T009533,2024-02-02,S008,P0099,9,163.72,140.06,INR,2024-09-06 16:30:03.586697102,1333.42
T009534,2024-03-18,S043,P0090,-2,217.05,133.91,INR,2024-01-10 12:47:45.169031143,-568.01
T009535,2024-07-02,S032,P0003,5,595.51,239.06,INR,2024-12-01 16:41:44.606918097,2738.4900000000002
T009536,2024-01-08,S008,P0002,7,1515.23,52.65,INR,2024-09-19 22:15:57.203310966,10553.960000000001
T009537,2024-04-02,S044,P0005,-1,340.99,17.6,INR,2024-06-28 18:56:36.783779144,-358.59000000000003
T009538,2024-07-07,S010,P0061,6,489.07,149.54,INR,2024-06-18 00:00:51.380420923,2784.88
T009539,2024-01-06,S023,P0020,8,1824.49,87.12,INR,2024-12-06 14:41:04.174768448,14508.8
T009540,2024-04-06,S004,P0076,4,1137.66,169.18,INR,2024-07-19 18:04:17.410990238,4381.46
T009541,2024-07-06,S048,P0038,0,1279.61,293.46,INR,2024-07-02 12:19:14.490637779,-293.46
T009542,2024-07-28,S038,P0080,1,965.96,201.44,INR,2024-10-09 17:42:38.068372011,764.52
T009543,2024-12-03,S030,P9999,0,669.56,287.77,INR,2024-08-04 11:41:37.481522083,-287.77
T009544,2024-08-23,S041,P0036,3,573.35,219.62,INR,2024-03-31 20:01:13.703267097,1500.4300000000003
T009545,2024-05-31,S023,P0046,6,1219.52,22.77,INR,2024-12-30 14:10:50.635130167,7294.349999999999
T009546,2024-12-05,S005,P0093,7,994.85,266.79,INR,2024-04-12 11:37:45.237784863,6697.16
T009547,2024-10-13,S021,P0099,6,865.76,59.68,INR,2024-09-06 08:11:16.847842455,5134.879999999999
T009548,2024-03-14,S006,P0037,-2,1419.33,259.44,INR,2024-06-27 18:05:11.922486067,-3098.1
T009549,2024-02-17,S049,P0054,7,867.89,224.73,INR,2024-02-14 11:15:53.654561520,5850.5
T009550,2024-09-03,S017,P0021,3,169.79,251.59,INR,2024-12-16 00:39:18.009891748,257.78
T009551,2024-07-23,S025,P0021,-2,1695.37,76.07,INR,2024-05-02 12:59:41.507381678,-3466.81
T009552,2024-10-15,S024,P0092,8,704.97,242.22,INR,2024-08-27 19:28:07.971637249,5397.54
T009553,2024-09-26,S022,P0070,1,1898.16,183.11,INR,2024-09-26 06:18:50.112664700,1715.0500000000002
T009554,2024-08-16,S013,P0084,4,1771.16,,INR,2024-05-24 01:42:38.426186323,
T009555,2024-12-26,S017,P0060,1,544.44,266.74,INR,2024-04-05 04:03:41.567020893,277.70000000000005
T009556,2024-07-13,S014,P0036,6,1934.39,263.04,INR,2024-01-22 11:59:23.567429781,11343.3
T009557,2024-02-11,S034,P0077,7,1721.77,171.6,INR,2024-12-13 07:42:15.888645411,11880.789999999999
T009558,2024-10-29,S026,P0011,2,1971.53,135.79,INR,2024-07-31 11:01:50.773119211,3807.27
T009559,2024-04-01,S019,P0088,6,1388.1,,INR,2024-09-18 11:45:56.796583652,
T009560,2024-10-10,S026,P0083,-2,1868.38,180.82,INR,2024-06-20 03:08:40.128046989,-3917.5800000000004
T009561,2024-12-15,S003,P0087,9,1411.18,252.51,INR,2024-03-26 02:54:11.460251331,12448.11
T009562,2024-09-11,S002,P0031,1,1724.68,169.78,INR,2024-12-29 07:48:55.021369696,1554.9
T009563,2024-08-05,S028,P9999,4,1259.82,,INR,2024-12-19 02:23:19.857973814,
T009564,2024-06-17,S002,P0037,-1,1865.43,91.85,INR,2024-11-09 21:32:47.079869032,-1957.28
T009565,2024-05-13,S022,P0060,6,1084.37,200.47,INR,2024-11-30 09:17:28.395707846,6305.749999999999
T009566,2024-05-08,S007,P0061,0,1499.48,194.05,INR,2024-07-28 21:21:25.508777379,-194.05
T009567,2024-08-20,S004,P0067,1,1842.22,155.67,INR,2024-05-14 05:49:29.606953859,1686.55
T009568,2024-10-01,S049,P0098,9,902.54,72.14,INR,2024-05-05 06:00:55.795794487,8050.719999999999
T009569,2024-09-04,S038,P0029,1,150.16,81.17,INR,2024-12-06 19:25:44.286320925,68.99
T009570,2024-03-13,S039,P0067,5,314.79,145.27,INR,2024-12-15 23:39:45.130016565,1428.68
T009571,2024-06-29,S020,P0079,-1,1946.63,118.35,INR,2024-06-09 18:38:54.295144796,-2064.98
T009572,2024-10-15,S006,P0071,2,1759.08,94.78,INR,2024-08-09 14:06:32.386382580,3423.3799999999997
T009573,2024-06-22,S009,P0067,-1,1018.49,248.84,INR,2024-10-20 22:09:44.680840492,-1267.33
T009574,2024-07-14,S031,P0016,9,1925.71,151.21,INR,2024-09-13 09:58:14.393132687,17180.18
T009575,2024-10-08,S026,P0045,3,452.65,150.92,INR,2024-11-13 10:23:01.685230017,1207.0299999999997
T009576,2024-08-29,S036,P0034,6,310.84,128.42,INR,2024-08-10 03:37:11.788632870,1736.62
T009577,2024-05-29,S026,P0084,9,1242.74,204.27,INR,2024-07-31 14:32:19.360993147,10980.39
T009578,2024-11-22,S028,P0044,6,826.03,52.69,INR,2024-05-17 03:50:28.934210777,4903.490000000001
T009579,2024-02-29,S005,P0097,-2,745.56,283.08,INR,2024-01-27 17:54:56.785207987,-1774.1999999999998
T009580,2024-12-29,S999,P0078,1,1494.89,31.38,INR,2024-01-21 06:32:56.890521526,1463.51
T009581,2024-02-13,S010,P0042,1,385.02,213.09,INR,2024-02-25 09:20:16.959984779,171.92999999999998
T009582,2024-01-06,S018,P0035,-2,1579.05,211.29,INR,2024-01-22 02:05:32.086700439,-3369.39
T009583,2024-11-20,S015,P0075,7,782.95,,INR,2024-07-14 07:51:42.943900824,
T009584,2024-03-30,S033,P0084,-1,1974.8,297.91,INR,2024-05-27 07:20:07.989947796,-2272.71
T009585,2024-09-23,S005,P0030,3,1636.62,10.29,INR,2024-01-10 14:10:23.953572035,4899.57
T009586,2024-10-23,S037,P0053,7,1327.82,109.41,INR,2024-01-08 23:47:10.710239172,9185.33
T009587,2024-11-09,S040,P0058,0,535.95,,INR,2024-07-09 21:36:59.768483877,
T009588,2024-12-27,S022,P0028,6,1917.21,,INR,2024-07-19 10:13:54.592370749,
T009589,2024-04-17,S022,P0015,0,162.53,8.95,INR,2024-01-14 14:37:22.023531675,-8.95
T009590,2024-09-16,S022,P0038,0,524.36,,INR,2024-09-01 13:05:33.176017761,
T009591,2024-02-12,S015,P0050,6,169.87,61.2,INR,2024-02-15 22:36:15.507719278,958.02
T009592,2024-05-28,S017,P0013,0,1936.38,171.78,INR,2024-06-29 11:58:18.224786758,-171.78
T009593,2024-11-05,S999,P0035,3,1755.75,193.9,INR,2024-02-27 23:12:07.664329529,5073.35
T009594,2024-05-14,S045,P0024,3,1909.0,10.24,INR,2024-01-15 06:10:46.845345974,5716.76
T009595,2024-08-03,S028,P0065,-2,1458.57,20.24,INR,2024-03-18 12:19:09.012599230,-2937.3799999999997
T009596,2024-07-02,S022,P0088,4,152.11,25.57,INR,2024-06-18 09:55:01.085200310,582.87
T009597,2024-08-23,S021,P0091,6,1869.85,255.68,INR,2024-09-28 12:38:43.027826786,10963.419999999998
T009598,2024-12-21,S042,P0018,6,899.81,278.0,INR,2024-04-06 22:17:11.719299078,5120.86
T009599,2024-01-21,S017,P0058,6,799.58,131.32,INR,2024-09-07 01:09:55.513491869,4666.160000000001
T009600,2024-07-28,S005,P0026,-1,639.85,262.44,INR,2024-11-10 21:11:45.986346722,-902.29
T009601,2024-11-11,S018,P0029,-2,644.92,142.86,INR,2024-04-08 11:15:12.897057533,-1432.6999999999998
T009602,2024-06-24,S017,P0072,3,1621.19,120.34,INR,2024-07-09 14:42:00.225400209,4743.23
T009603,2024-01-29,S004,P0044,3,587.12,159.37,INR,2024-05-29 10:39:06.890358448,1601.9900000000002
T009604,2024-07-23,S007,P0090,1,522.11,237.06,INR,2024-01-11 00:36:21.195849895,285.05
T009605,2024-05-01,S025,P0005,5,1426.24,67.13,INR,2024-05-23 00:48:36.053270578,7064.07
T009606,2024-02-26,S037,P0033,2,646.18,90.52,INR,2024-05-17 16:16:31.106368780,1201.84
T009607,2024-11-05,S040,P0005,4,124.95,254.66,INR,2024-08-14 23:48:56.341490746,245.14000000000001
T009608,2024-07-09,S040,P0036,6,1870.36,274.79,INR,2024-11-12 05:56:18.926493406,10947.369999999999
T009609,2024-12-06,S043,P0077,-2,695.77,36.9,INR,2024-09-02 05:34:07.673642635,-1428.44
T009610,2024-10-21,S009,P0081,6,1552.32,211.48,INR,2024-05-09 17:09:28.155208111,9102.44
T009611,2024-09-09,S019,P0013,1,991.08,,INR,2024-06-12 20:06:21.246706247,
T009612,2024-01-02,S999,P0025,4,354.75,,INR,2024-11-19 19:30:40.979051352,
T009613,2024-06-05,S009,P0058,8,1357.66,20.59,INR,2024-08-21 05:39:32.739757061,10840.69
T009614,2024-03-13,S023,P0002,1,539.96,154.62,INR,2024-05-22 07:00:34.627872229,385.34000000000003
T009615,2024-11-28,S031,P0088,1,647.04,103.02,INR,2024-08-07 01:26:28.303884506,544.02
T009616,2024-03-04,S032,P0036,1,161.57,41.28,INR,2024-08-23 04:21:04.875173330,120.28999999999999
T009617,2024-04-14,S031,P0025,3,131.17,0.1,INR,2024-06-25 00:43:56.617403269,393.40999999999997
T009618,2024-07-07,S017,P0034,2,1075.88,116.52,INR,2024-11-11 20:44:09.098711491,2035.2400000000002
T009619,2024-04-06,S048,P0012,-1,209.81,88.34,INR,2024-10-23 15:27:03.686211586,-298.15
T009620,2024-03-17,S039,P0019,6,497.89,14.01,INR,2024-07-10 09:50:20.012921572,2973.33
T009621,2024-08-06,S022,P0094,8,1855.23,255.53,INR,2024-12-15 19:10:46.347435713,14586.31
T009622,2024-02-02,S035,P0037,3,257.43,123.23,INR,2024-12-13 22:10:04.086444139,649.06
T009623,2024-01-22,S030,P0001,7,652.5,232.44,INR,2024-12-18 14:42:48.626849174,4335.06
T009624,2024-05-15,S999,P0060,3,1480.4,126.61,INR,2024-03-21 11:38:21.166076660,4314.590000000001
T009625,2024-09-20,S040,P0067,6,1780.22,20.25,INR,2024-02-07 17:33:29.645398617,10661.07
T009626,2024-07-21,S037,P0049,-2,187.8,,INR,2024-08-13 23:16:45.504006386,
T009627,2024-06-03,S026,P0090,4,452.34,265.84,INR,2024-09-22 13:29:55.803208590,1543.52
T009628,2024-07-25,S006,P0079,0,836.98,2.33,INR,2024-04-22 01:17:40.832261801,-2.33
T009629,2024-05-13,S034,P0046,1,785.89,268.59,INR,2024-07-15 06:03:48.940110922,517.3
T009630,2024-12-07,S032,P0048,-2,648.2,197.02,INR,2024-08-24 11:16:19.026144743,-1493.42
T009631,2024-01-21,S025,P0092,0,560.38,298.69,INR,2024-06-18 03:03:57.478760481,-298.69
T009632,2024-09-02,S999,P0068,4,610.45,274.84,INR,2024-07-16 14:09:01.159142494,2166.96
T009633,2024-11-21,S013,P0019,3,353.51,260.69,INR,2024-01-28 10:42:06.940513372,799.8399999999999
T009634,2024-10-20,S038,P0088,-2,410.32,11.25,INR,2024-12-28 20:19:21.696983337,-831.89
T009635,2024-03-08,S038,P0040,6,1252.86,84.07,INR,2024-05-18 05:12:00.922467232,7433.09
T009636,2024-04-18,S002,P0006,1,655.16,112.42,INR,2024-03-15 21:50:12.077330589,542.74
T009637,2024-09-18,S005,P0080,4,859.4,209.95,INR,2024-06-24 04:56:01.737333536,3227.65
T009638,2024-01-31,S011,P0096,1,882.74,194.59,INR,2024-04-25 20:58:39.998179197,688.15
T009639,2024-10-23,S011,P0094,4,308.5,51.51,INR,2024-05-22 21:44:56.018045425,1182.49
T009640,2024-09-19,S024,P0063,2,1657.04,221.05,INR,2024-07-24 10:43:07.723530054,3093.0299999999997
T009641,2024-09-23,S014,P0035,-2,1917.08,46.69,INR,2024-04-11 15:04:53.657203674,-3880.85
T009642,2024-02-06,S045,P0072,1,600.73,136.93,INR,2024-08-31 06:22:13.684849262,463.8
T009643,2024-09-18,S030,P0061,0,659.38,173.62,INR,2024-06-06 13:59:07.157111168,-173.62
T009644,2024-09-05,S040,P0005,3,1416.99,261.2,INR,2024-01-31 17:06:55.395032167,3989.7700000000004
T009645,2024-10-30,S047,P0037,3,253.12,189.4,INR,2024-11-19 17:25:02.674810410,569.96
T009646,2024-01-16,S044,P0076,-2,1823.91,286.45,INR,2024-06-23 05:54:20.769887686,-3934.27
T009647,2024-01-09,S035,P0089,8,329.12,298.35,INR,2024-12-02 20:53:08.493406773,2334.61
T009648,2024-05-16,S021,P0097,-1,1490.92,,INR,2024-05-18 22:25:31.595807552,
T009649,2024-02-24,S005,P0088,9,653.88,15.44,INR,2024-07-17 01:34:24.786076069,5869.4800000000005
T009650,2024-07-22,S038,P0011,-1,714.2,8.5,INR,2024-11-14 20:24:05.071082592,-722.7
T009651,2024-11-30,S002,P0099,9,367.6,256.69,INR,2024-06-17 17:00:32.058027744,3051.71
T009652,2024-05-22,S040,P0040,7,1328.04,149.96,INR,2024-08-19 02:12:21.708215475,9146.32
T009653,2024-11-04,S037,P0065,1,1610.49,110.04,INR,2024-03-31 04:13:57.403036594,1500.45
T009654,2024-01-01,S049,P0008,6,1905.46,85.34,INR,2024-03-27 21:58:04.895998955,11347.42
T009655,2024-03-02,S034,P0087,8,729.94,84.54,INR,2024-07-17 01:36:04.379632235,5754.9800000000005
T009656,2024-01-12,S011,P0084,-1,1280.24,21.85,INR,2024-08-11 19:31:35.103038073,-1302.09
T009657,2024-04-29,S036,P0096,8,888.49,90.9,INR,2024-08-27 08:36:03.481181145,7017.02
T009658,2024-11-27,S011,P0011,5,1159.9,193.44,INR,2024-10-07 13:16:42.070060253,5606.06
T009659,2024-02-05,S009,P0071,8,409.57,115.56,INR,2024-12-02 17:47:37.559569359,3161.0
T009660,2024-08-09,S006,P0058,9,1205.33,284.35,INR,2024-03-28 15:39:35.174393654,10563.619999999999
T009661,2024-06-13,S034,P0094,-2,1713.26,200.45,INR,2024-08-14 02:30:13.292892933,-3626.97
T009662,2024-12-08,S047,P0048,9,1740.94,,INR,2024-06-10 17:47:40.736726284,
T009663,2024-02-14,S037,P0013,5,1018.44,34.25,INR,2024-02-02 13:38:16.668164730,5057.950000000001
T009664,2024-03-18,S032,P0060,0,547.92,135.15,INR,2024-06-14 13:10:14.920030832,-135.15
T009665,2024-01-11,S012,P0049,2,1689.69,12.43,INR,2024-10-15 14:27:29.349860191,3366.9500000000003
T009666,2024-06-07,S045,P0067,-2,1998.91,268.5,INR,2024-01-29 21:06:12.542220831,-4266.32
T009667,2024-04-11,S032,P0007,-2,816.6,,INR,2024-08-09 06:28:14.811389446,
T009668,2024-11-13,S017,P0077,3,1856.3,241.63,INR,2024-05-29 16:13:32.386740208,5327.2699999999995
T009669,2024-08-08,S004,P9999,0,1968.57,277.14,INR,2024-08-26 17:36:57.847699881,-277.14
T009670,2024-08-12,S042,P0025,5,851.67,,INR,2024-10-26 19:11:54.960324287,
T009671,2024-07-13,S033,P0023,1,1460.94,116.81,INR,2024-07-16 16:48:59.515284061,1344.13
T009672,2024-02-03,S043,P0051,3,1204.08,180.04,INR,2024-04-20 22:38:22.805058002,3432.2
T009673,2024-06-11,S048,P0047,7,1472.17,222.1,INR,2024-02-02 21:43:11.541979551,10083.09
T009674,2024-12-30,S043,P0097,9,392.89,193.68,INR,2024-04-15 09:01:09.431956053,3342.33
T009675,2024-10-31,S009,P0005,6,796.77,,INR,2024-05-13 02:21:19.475417852,
T009676,2024-11-22,S034,P0096,5,219.32,235.78,INR,2024-08-22 01:33:37.461283684,860.8199999999999
T009677,2024-10-27,S039,P0094,1,1265.11,44.22,INR,2024-05-21 17:57:46.514291525,1220.8899999999999
T009678,2024-02-07,S999,P0095,7,1860.72,,INR,2024-05-26 23:40:08.251220703,
T009679,2024-03-24,S030,P0013,5,1164.54,84.71,INR,2024-04-16 00:42:18.879135370,5737.99
T009680,2024-01-02,S050,P0042,4,233.63,,INR,2024-05-12 10:51:17.237466097,
T009681,2024-04-20,S020,P0005,2,1867.72,150.63,INR,2024-04-07 02:24:07.873828650,3584.81
T009682,2024-02-09,S039,P0023,4,352.63,156.65,INR,2024-09-24 22:58:10.314501286,1253.87
T009683,2024-06-21,S023,P0062,4,1777.59,22.84,INR,2024-12-24 18:44:35.149355888,7087.5199999999995
T009684,2024-09-04,S041,P0001,7,1457.03,269.21,INR,2024-09-25 03:30:04.986464262,9930.0
T009685,2024-11-15,S044,P0074,-1,1309.1,71.71,INR,2024-01-27 20:59:22.006563902,-1380.81
T009686,2024-09-30,S035,P0091,4,1215.01,124.19,INR,2024-08-18 22:31:37.547160149,4735.85
T009687,2024-12-08,S023,P0054,0,349.18,295.59,INR,2024-09-13 13:21:06.805765390,-295.59
T009688,2024-01-20,S048,P0072,5,1051.6,34.17,INR,2024-10-11 01:25:22.290831566,5223.83
T009689,2024-01-05,S039,P0003,5,473.72,215.56,INR,2024-10-05 09:07:55.445394278,2153.0400000000004
T009690,2024-08-29,S023,P0083,6,1186.39,78.04,INR,2024-07-04 13:28:55.065537690,7040.3
T009691,2024-04-15,S037,P0064,8,949.95,125.94,INR,2024-04-05 18:49:19.562389851,7473.660000000001
T009692,2024-04-02,S023,P0051,1,1391.38,125.46,INR,2024-02-14 00:22:47.399712563,1265.92
T009693,2024-04-30,S039,P0002,7,1966.74,279.67,INR,2024-01-04 01:20:38.227092981,13487.51
T009694,2024-04-08,S028,P0049,0,785.93,3.11,INR,2024-01-01 13:17:30.269615412,-3.11
T009695,2024-07-05,S019,P0031,6,1271.76,110.16,INR,2024-12-07 17:10:16.604907036,7520.4
T009696,2024-06-09,S049,P0074,6,1742.37,255.73,INR,2024-08-09 21:40:38.183853388,10198.49
T009697,2024-07-06,S048,P0080,-1,276.56,273.15,INR,2024-07-28 13:57:29.640183687,-549.71
T009698,2024-09-02,S030,P9999,3,1620.47,93.4,INR,2024-05-17 11:31:10.386096716,4768.01
T009699,2024-05-21,S021,P0084,0,554.91,72.59,INR,2024-10-18 11:05:30.035877705,-72.59
T009700,2024-04-01,S024,P0003,2,1126.52,138.38,INR,2024-03-21 08:46:28.741606474,2114.66
T009701,2024-03-01,S021,P0035,-1,1983.85,223.75,INR,2024-09-26 09:35:15.514063358,-2207.6
T009702,2024-05-07,S026,P0098,1,1969.7,46.21,INR,2024-05-12 10:06:03.562225580,1923.49
T009703,2024-09-27,S999,P0085,8,700.02,235.34,INR,2024-09-15 07:57:32.842734575,5364.82
T009704,2024-10-03,S050,P0036,0,350.35,153.8,INR,2024-09-14 20:01:25.542678833,-153.8
T009705,2024-08-31,S999,P0064,-1,1882.55,,INR,2024-04-25 02:04:41.265151978,
T009706,2024-03-26,S036,P0032,3,1797.71,201.53,INR,2024-12-07 00:05:25.242284298,5191.6
T009707,2024-08-02,S026,P0018,8,1270.46,188.46,INR,2024-07-04 07:07:07.071611166,9975.220000000001
T009708,2024-07-27,S033,P0034,0,161.58,186.71,INR,2024-04-04 01:45:43.982044935,-186.71
T009709,2024-06-25,S036,P0056,1,1527.43,226.44,INR,2024-09-02 22:25:43.135488272,1300.99
T009710,2024-07-19,S004,P0067,3,405.62,54.37,INR,2024-10-01 01:34:23.993048906,1162.4900000000002
T009711,2024-06-28,S009,P0053,9,1891.74,209.25,INR,2024-12-12 23:59:40.577623367,16816.41
T009712,2024-07-25,S008,P0067,9,926.74,266.19,INR,2024-01-27 17:52:43.292504311,8074.47
T009713,2024-09-18,S002,P0091,2,1268.72,159.09,INR,2024-07-16 01:53:48.083704233,2378.35
T009714,2024-02-10,S029,P0066,1,634.05,145.81,INR,2024-06-27 23:41:10.092670918,488.23999999999995
T009715,2024-09-30,S023,P0064,9,1002.64,239.34,INR,2024-04-23 05:45:50.616868258,8784.42
T009716,2024-02-19,S006,P0067,1,1533.81,43.87,INR,2024-10-07 06:02:29.599795818,1489.94
T009717,2024-01-25,S043,P0081,-1,1034.83,102.26,INR,2024-03-11 21:46:37.288028955,-1137.09
T009718,2024-12-22,S036,P0039,9,1709.67,256.14,INR,2024-04-29 15:09:16.911471605,15130.890000000001
T009719,2024-12-15,S046,P0038,7,1454.75,149.93,INR,2024-10-06 15:29:29.159433603,10033.32
T009720,2024-01-23,S021,P0040,1,246.98,252.13,INR,2024-06-23 04:53:04.217527866,-5.150000000000006
T009721,2024-06-10,S022,P0019,9,1252.99,75.56,INR,2024-02-19 16:11:39.237777948,11201.35
T009722,2024-03-08,S009,P0083,5,1263.94,116.87,INR,2024-11-22 09:45:04.335660458,6202.830000000001
T009723,2024-06-26,S034,P0005,2,823.71,,INR,2024-09-23 17:52:34.575031519,
T009724,2024-10-30,S026,P0069,8,713.18,49.05,INR,2024-07-24 09:37:15.514442682,5656.389999999999
T009725,2024-12-12,S001,P0014,7,219.49,,INR,2024-08-10 09:41:31.411437035,
T009726,2024-08-19,S036,P0091,7,947.7,92.96,INR,2024-08-16 11:38:25.495248318,6540.9400000000005
T009727,2024-05-09,S044,P0049,5,739.53,291.81,INR,2024-07-01 05:49:01.164634466,3405.8399999999997
T009728,2024-08-08,S005,P0064,3,1907.02,248.32,INR,2024-09-28 19:55:53.518364429,5472.74
T009729,2024-04-23,S041,P0100,9,1380.93,136.68,INR,2024-09-18 02:14:41.144562244,12291.69
T009730,2024-11-28,S022,P0057,7,974.12,222.67,INR,2024-01-02 00:26:28.576104164,6596.17
T009731,2024-11-13,S004,P0035,2,1533.76,166.58,INR,2024-02-10 08:25:30.599729061,2900.94
T009732,2024-07-22,S048,P0085,1,1579.66,,INR,2024-01-10 05:43:30.176191807,
T009733,2024-04-28,S002,P0005,7,1012.87,155.43,INR,2024-03-02 15:36:34.864862204,6934.66
T009734,2024-04-17,S016,P0088,6,243.94,296.4,INR,2024-01-27 09:11:09.850557804,1167.2399999999998
T009735,2024-01-13,S016,P0039,7,1583.05,40.05,INR,2024-03-11 17:37:34.876716375,11041.300000000001
T009736,2024-10-24,S022,P0024,2,271.54,202.94,INR,2024-07-15 13:21:52.022778034,340.14000000000004
T009737,2024-06-13,S043,P0040,7,1710.26,73.7,INR,2024-09-01 10:32:38.145965576,11898.119999999999
T009738,2024-04-28,S001,P0050,8,734.9,57.37,INR,2024-12-01 06:47:39.371447325,5821.83
T009739,2024-06-20,S015,P0077,3,1312.66,122.48,INR,2024-09-26 20:13:31.347963572,3815.5000000000005
T009740,2024-10-25,S024,P0058,4,1506.77,110.24,INR,2024-01-12 11:55:05.299562931,5916.84
T009741,2024-02-15,S004,P0001,8,166.87,13.9,INR,2024-06-20 01:53:43.379036903,1321.06
T009742,2024-11-09,S018,P0043,9,830.77,128.32,INR,2024-09-03 14:34:33.443815470,7348.610000000001
T009743,2024-11-23,S017,P0039,8,1247.87,285.58,INR,2024-04-25 00:31:43.749027491,9697.38
T009744,2024-12-11,S007,P0010,-2,1711.47,,INR,2024-05-14 15:31:46.519218445,
T009745,2024-05-25,S050,P0002,6,1463.76,90.54,INR,2024-10-20 00:32:39.383890390,8692.019999999999
T009746,2024-03-20,S045,P0063,9,1802.67,284.72,INR,2024-01-18 04:01:33.052379847,15939.310000000001
T009747,2024-05-16,S010,P0016,5,257.17,151.72,INR,2024-07-15 23:28:36.248164177,1134.13
T009748,2024-05-01,S001,P0037,9,236.46,86.13,INR,2024-10-20 15:21:27.338247776,2042.0099999999998
T009749,2024-03-05,S002,P0016,8,1455.7,234.9,INR,2024-10-18 01:20:41.409784555,11410.7
T009750,2024-08-09,S049,P0087,2,857.2,67.08,INR,2024-02-14 00:14:43.947921753,1647.3200000000002
T009751,2024-06-22,S022,P0090,0,1015.1,74.32,INR,2024-11-04 09:01:00.748788118,-74.32
T009752,2024-11-11,S032,P0080,2,1248.2,,INR,2024-01-29 04:56:01.452640057,
T009753,2024-01-12,S029,P0027,2,1973.29,118.43,INR,2024-12-03 06:48:28.026944399,3828.15
T009754,2024-08-23,S035,P0063,6,227.62,174.86,INR,2024-03-19 22:46:47.292512178,1190.8600000000001
T009755,2024-10-05,S017,P0094,4,306.9,154.59,INR,2024-02-12 01:28:43.845052242,1073.01
T009756,2024-10-04,S012,P0064,-1,1675.7,223.12,INR,2024-01-27 23:50:32.446822643,-1898.8200000000002
T009757,2024-11-19,S024,P0097,2,139.0,215.15,INR,2024-05-05 08:14:57.038469315,62.849999999999994
T009758,2024-09-23,S030,P0032,6,955.86,13.67,INR,2024-05-07 05:30:12.658602238,5721.49
T009759,2024-12-04,S044,P0009,8,1570.82,40.17,INR,2024-07-11 01:04:15.052738905,12526.39
T009760,2024-05-01,S030,P0011,-1,471.01,64.56,INR,2024-09-24 12:36:46.367472887,-535.5699999999999
T009761,2024-07-02,S020,P9999,5,455.32,179.3,INR,2024-07-05 01:25:25.970071793,2097.2999999999997
T009762,2024-01-06,S042,P0070,9,689.48,268.58,INR,2024-12-23 07:34:38.268136978,5936.74
T009763,2024-01-03,S007,P0030,0,385.02,97.47,INR,2024-03-17 18:25:19.457563400,-97.47
T009764,2024-03-28,S042,P0015,1,1389.25,,INR,2024-03-17 20:28:43.988793135,
T009765,2024-02-06,S050,P0059,-1,480.26,51.86,INR,2024-09-14 07:14:10.951886415,-532.12
T009766,2024-04-04,S038,P0048,6,531.03,277.42,INR,2024-04-24 16:11:34.114520073,2908.7599999999998
T009767,2024-03-05,S007,P0094,3,1192.38,240.3,INR,2024-03-03 15:14:15.560639858,3336.84
T009768,2024-01-11,S049,P0082,6,1937.95,116.71,INR,2024-10-16 05:49:25.643422127,11510.990000000002
T009769,2024-11-27,S030,P0076,8,1836.38,61.89,INR,2024-03-23 13:41:42.881851196,14629.150000000001
T009770,2024-01-04,S012,P0060,5,1742.54,117.39,INR,2024-09-30 08:30:37.744486570,8595.310000000001
T009771,2024-09-25,S049,P0068,9,1108.76,64.12,INR,2024-03-16 10:36:38.838901997,9914.72
T009772,2024-02-25,S031,P0057,6,665.73,168.35,INR,2024-12-08 21:16:58.009361029,3826.03
T009773,2024-11-28,S018,P0064,2,1440.96,172.45,INR,2024-04-17 17:05:12.321739912,2709.4700000000003
T009774,2024-11-21,S046,P0054,3,840.2,230.46,INR,2024-09-30 15:35:11.308978558,2290.1400000000003
T009775,2024-08-26,S043,P0080,4,1578.03,158.36,INR,2024-11-03 03:00:32.260433435,6153.76
T009776,2024-09-02,S002,P0087,2,130.76,103.54,INR,2024-02-14 18:18:18.127755165,157.97999999999996
T009777,2024-01-02,S033,P0075,-2,1106.13,273.48,INR,2024-01-25 19:57:29.615892172,-2485.7400000000002
T009778,2024-12-25,S011,P0054,6,740.97,23.4,INR,2024-08-06 09:33:10.140545368,4422.42
T009779,2024-11-16,S034,P0059,-1,573.19,242.63,INR,2024-08-14 08:01:40.958108425,-815.82
T009780,2024-11-22,S016,P0088,4,1357.49,122.87,INR,2024-08-15 07:20:00.177360773,5307.09
T009781,2024-08-28,S035,P0086,9,1350.91,54.33,INR,2024-06-15 12:03:58.296704292,12103.86
T009782,2024-05-05,S033,P0039,5,170.43,,INR,2024-12-07 04:02:43.028139114,
T009783,2024-11-22,S021,P0015,5,1900.63,66.23,INR,2024-09-09 14:48:36.066881895,9436.920000000002
T009784,2024-04-16,S020,P0079,-2,787.52,36.59,INR,2024-01-28 02:08:16.991010666,-1611.6299999999999
T009785,2024-07-24,S008,P0074,7,1843.07,,INR,2024-10-13 12:40:04.277524471,
T009786,2024-02-06,S999,P0028,4,1209.07,104.91,INR,2024-04-10 13:18:39.951125622,4731.37
T009787,2024-12-02,S026,P0036,6,1339.92,106.98,INR,2024-09-20 21:46:17.291766644,7932.540000000001
T009788,2024-02-21,S033,P0054,8,1924.98,,INR,2024-01-22 14:40:36.651073694,
T009789,2024-03-23,S026,P0017,8,1662.17,197.92,INR,2024-10-06 20:13:20.020932913,13099.44
T009790,2024-07-22,S037,P0100,0,366.07,182.34,INR,2024-07-17 02:37:59.871934414,-182.34
T009791,2024-10-05,S030,P0086,5,109.92,294.69,INR,2024-09-20 01:46:59.815138340,254.91000000000003
T009792,2024-08-14,S031,P0087,5,686.32,50.29,INR,2024-06-29 09:40:05.286798954,3381.3100000000004
T009793,2024-03-25,S033,P0093,6,1028.22,250.2,INR,2024-10-19 09:45:35.377632618,5919.12
T009794,2024-01-01,S011,P0022,5,1491.08,10.16,INR,2024-12-11 15:57:12.666247129,7445.24
T009795,2024-10-03,S041,P0075,2,1355.99,22.0,INR,2024-09-28 00:10:45.027805328,2689.98
T009796,2024-12-25,S005,P0036,2,694.43,194.42,INR,2024-09-28 14:54:11.997211218,1194.4399999999998
T009797,2024-10-22,S002,P0029,0,1129.79,121.94,INR,2024-03-20 02:16:11.248682737,-121.94
T009798,2024-06-16,S013,P0055,9,1336.77,69.15,INR,2024-05-09 09:08:15.606505632,11961.78
T009799,2024-11-25,S018,P0042,3,1076.13,0.83,INR,2024-02-15 15:22:07.358789921,3227.5600000000004
T009800,2024-05-29,S026,P0032,7,1409.05,198.94,INR,2024-07-13 08:04:46.295713186,9664.41
T009801,2024-07-10,S025,P0014,0,1021.91,132.25,INR,2024-06-11 23:50:50.240958214,-132.25
T009802,2024-06-23,S044,P0018,-1,1106.4,51.24,INR,2024-04-17 13:34:43.338176489,-1157.64
T009803,2024-06-12,S014,P0038,4,1887.47,291.67,INR,2024-01-26 06:06:20.212428570,7258.21
T009804,2024-10-09,S005,P9999,7,839.4,105.25,INR,2024-12-05 23:00:23.305954933,5770.55
T009805,2024-07-11,S042,P0034,0,1535.84,90.92,INR,2024-08-08 23:24:25.002388000,-90.92
T009806,2024-04-25,S002,P0045,1,735.89,153.09,INR,2024-04-28 14:57:25.102684498,582.8
T009807,2024-04-04,S004,P0087,8,730.52,83.16,INR,2024-05-06 22:02:35.015723944,5761.0
T009808,2024-01-14,S012,P0032,7,1860.68,81.83,INR,2024-05-24 07:49:19.833011866,12942.93
T009809,2024-07-31,S011,P0067,5,1427.48,289.89,INR,2024-10-23 05:53:11.345273018,6847.509999999999
T009810,2024-03-24,S004,P0063,-2,1865.02,78.34,INR,2024-03-17 19:26:30.427387714,-3808.38
T009811,2024-02-24,S043,P0055,6,1989.7,181.64,INR,2024-11-08 14:40:08.173695087,11756.560000000001
T009812,2024-08-26,S009,P0043,3,100.39,,INR,2024-04-23 15:45:32.705288649,
T009813,2024-09-05,S010,P0022,-1,1967.99,46.3,INR,2024-11-13 22:29:17.904536486,-2014.29
T009814,2024-10-01,S027,P0087,0,291.65,6.62,INR,2024-11-22 23:58:10.130069733,-6.62
T009815,2024-07-02,S006,P0068,2,233.78,160.34,INR,2024-09-11 06:47:03.666480541,307.22
T009816,2024-11-22,S015,P0077,8,1558.84,,INR,2024-11-22 13:49:57.732442617,
T009817,2024-12-07,S042,P0096,9,765.35,99.28,INR,2024-09-29 16:37:27.572570324,6788.870000000001
T009818,2024-10-21,S031,P0029,3,1843.84,210.08,INR,2024-02-22 18:10:06.375532389,5321.44
T009819,2024-08-19,S022,P0040,6,1134.56,187.74,INR,2024-12-15 00:01:08.604356050,6619.62
T009820,2024-04-20,S006,P0045,-1,833.61,180.1,INR,2024-03-10 09:20:05.330117464,-1013.71
T009821,2024-12-24,S033,P0010,2,239.53,100.88,INR,2024-06-29 12:56:48.977344513,378.18
T009822,2024-04-10,S029,P0077,4,982.81,98.14,INR,2024-05-19 23:12:09.329833746,3833.1
T009823,2024-03-14,S021,P0045,8,628.01,262.03,INR,2024-05-07 01:45:24.596376657,4762.05
T009824,2024-06-10,S030,P0017,9,245.56,163.19,INR,2024-10-13 00:29:38.941069126,2046.85
T009825,2024-01-21,S021,P0002,8,1373.74,81.67,INR,2024-04-16 04:47:45.723559618,10908.25
T009826,2024-12-23,S036,P0017,4,1956.94,162.97,INR,2024-07-15 06:03:14.199682236,7664.79
T009827,2024-08-02,S022,P0090,1,819.94,80.03,INR,2024-05-02 20:45:14.558725595,739.9100000000001
T009828,2024-07-22,S046,P0038,0,664.8,55.59,INR,2024-11-22 02:50:55.935543776,-55.59
T009829,2024-08-27,S020,P0037,5,270.92,84.65,INR,2024-02-26 14:50:12.056677341,1269.95
T009830,2024-06-30,S022,P0063,-1,523.98,188.67,INR,2024-03-05 01:18:57.662837267,-712.65
T009831,2024-01-12,S040,P0005,2,641.45,154.75,INR,2024-02-10 14:19:44.226342440,1128.15
T009832,2024-08-11,S011,P0025,9,753.93,,INR,2024-10-03 14:18:58.327650070,
T009833,2024-09-18,S047,P0073,7,1304.54,272.37,INR,2024-02-28 22:40:28.892647266,8859.409999999998
T009834,2024-06-01,S031,P0092,2,318.26,,INR,2024-07-13 13:59:55.655012608,
T009835,2024-10-03,S999,P0022,-2,211.01,,INR,2024-10-06 20:59:53.520366430,
T009836,2024-03-23,S040,P0093,4,1868.11,,INR,2024-02-12 03:58:53.288229942,
T009837,2024-03-21,S013,P0063,1,1618.46,,INR,2024-12-05 14:56:22.776068687,
T009838,2024-02-28,S018,P0035,7,628.62,225.63,INR,2024-04-13 16:07:26.080889225,4174.71
T009839,2024-05-15,S022,P0055,9,1313.71,136.35,INR,2024-10-16 04:35:48.138953209,11687.039999999999
T009840,2024-11-05,S017,P0020,-1,1225.74,270.69,INR,2024-10-16 15:35:14.818793774,-1496.43
T009841,2024-10-29,S038,P0005,5,1511.72,215.24,INR,2024-05-07 03:29:33.663089514,7343.360000000001
T009842,2024-05-19,S025,P0039,1,1732.66,129.16,INR,2024-07-19 23:05:04.907331944,1603.5
T009843,2024-08-03,S032,P0063,-2,779.73,,INR,2024-08-18 06:08:04.718156099,
T009844,2024-09-20,S015,P0032,5,1355.58,89.56,INR,2024-05-31 16:14:34.752744675,6688.339999999999
T009845,2024-03-29,S013,P0063,8,1623.88,76.97,INR,2024-05-10 15:02:51.811427355,12914.070000000002
T009846,2024-03-02,S026,P0074,4,1428.66,268.4,INR,2024-11-07 00:40:24.492935419,5446.240000000001
T009847,2024-12-20,S050,P0040,0,1852.06,212.21,INR,2024-03-14 16:54:20.722886324,-212.21
T009848,2024-08-13,S011,P0017,0,1039.91,103.65,INR,2024-10-17 03:37:31.922554731,-103.65
T009849,2024-12-24,S013,P9999,4,1625.02,,INR,2024-03-15 08:38:03.719275951,
T009850,2024-05-03,S033,P0079,-1,1828.51,53.41,INR,2024-09-12 13:02:25.119499922,-1881.92
T009851,2024-09-13,S050,P0073,2,1158.4,,INR,2024-04-14 23:39:30.272021294,
T009852,2024-03-22,S037,P0032,4,132.86,37.66,INR,2024-12-04 11:49:47.037236214,493.7800000000001
T009853,2024-04-05,S038,P0023,3,1654.22,43.6,INR,2024-08-08 23:07:32.335241318,4919.0599999999995
T009854,2024-07-05,S001,P0075,7,1707.46,232.99,INR,2024-07-13 17:36:39.471220732,11719.230000000001
T009855,2024-04-26,S039,P0060,4,859.72,19.13,INR,2024-04-17 17:54:32.117663145,3419.75
T009856,2024-03-02,S027,P0077,-1,535.25,131.79,INR,2024-07-04 15:54:08.336953163,-667.04
T009857,2024-04-05,S036,P0082,4,1958.48,121.5,INR,2024-01-25 00:59:30.612828970,7712.42
T009858,2024-01-14,S032,P0056,-1,1148.08,288.06,INR,2024-02-22 07:43:10.718318939,-1436.1399999999999
T009859,2024-09-14,S041,P0009,4,1080.74,139.66,INR,2024-04-17 16:30:09.405625343,4183.3
T009860,2024-06-28,S015,P0069,5,1897.54,48.26,INR,2024-12-12 11:30:45.615917206,9439.44
T009861,2024-02-04,S031,P0062,7,875.38,26.52,INR,2024-06-19 18:35:21.913717031,6101.139999999999
T009862,2024-03-03,S006,P0064,5,1711.46,219.73,INR,2024-05-26 03:40:52.160522223,8337.57
T009863,2024-02-07,S025,P0022,2,1431.24,44.32,INR,2024-10-08 23:36:00.873749733,2818.16
T009864,2024-08-11,S049,P0032,4,1938.66,281.39,INR,2024-09-10 04:43:25.658378124,7473.25
T009865,2024-02-04,S018,P0047,8,914.44,167.76,INR,2024-08-30 08:13:51.898939848,7147.76
T009866,2024-10-02,S022,P0002,5,1824.49,120.51,INR,2024-08-09 01:53:34.083888531,9001.94
T009867,2024-01-08,S031,P0085,1,1180.87,205.3,INR,2024-02-17 10:29:51.077226639,975.5699999999999
T009868,2024-04-01,S036,P0092,-1,1004.17,59.68,INR,2024-05-22 13:26:50.003436804,-1063.85
T009869,2024-11-21,S009,P0052,4,680.76,,INR,2024-11-24 22:18:05.031873464,
T009870,2024-09-19,S046,P0088,-2,1150.13,10.02,INR,2024-12-16 06:42:30.245091677,-2310.28
T009871,2024-01-27,S003,P0088,9,1187.85,263.3,INR,2024-06-06 22:16:10.199137688,10427.35
T009872,2024-10-26,S033,P0014,-1,1806.94,127.58,INR,2024-01-01 09:14:33.399554253,-1934.52
T009873,2024-06-28,S027,P0037,7,1437.72,227.65,INR,2024-07-01 06:04:57.209692478,9836.390000000001
T009874,2024-11-05,S043,P0027,4,1670.3,275.06,INR,2024-03-23 22:04:05.271154165,6406.139999999999
T009875,2024-08-07,S001,P0024,9,1561.35,195.84,INR,2024-03-09 15:29:19.130374908,13856.31
T009876,2024-09-05,S044,P0064,9,625.63,112.72,INR,2024-04-13 14:01:15.377161026,5517.95
T009877,2024-12-28,S009,P0070,7,491.02,185.86,INR,2024-02-14 18:13:17.451808929,3251.2799999999997
T009878,2024-03-25,S005,P0026,-2,591.11,108.1,INR,2024-01-17 17:45:53.075273991,-1290.32
T009879,2024-08-15,S015,P0054,4,378.5,170.19,INR,2024-06-11 07:34:42.516399622,1343.81
T009880,2024-06-17,S050,P0015,2,833.33,129.65,INR,2024-04-05 19:56:52.477874994,1537.01
T009881,2024-01-15,S009,P0029,8,1342.41,44.96,INR,2024-04-03 12:15:38.931902170,10694.320000000002
T009882,2024-01-06,S045,P0100,0,1120.26,234.03,INR,2024-03-21 20:49:37.542828798,-234.03
T009883,2024-02-13,S028,P0074,8,1390.51,148.93,INR,2024-06-30 06:34:38.405282259,10975.15
T009884,2024-08-24,S013,P0028,-1,776.59,57.04,INR,2024-09-24 15:03:44.858650446,-833.63
T009885,2024-07-26,S024,P0059,4,490.03,267.55,INR,2024-08-27 18:30:11.885963917,1692.57
T009886,2024-07-21,S045,P0073,6,485.24,255.97,INR,2024-12-22 05:11:59.140385628,2655.4700000000003
T009887,2024-01-12,S010,P0021,6,1241.64,167.65,INR,2024-11-29 14:39:34.205606699,7282.1900000000005
T009888,2024-06-20,S042,P0010,7,412.16,291.1,INR,2024-06-01 07:53:22.514714479,2594.0200000000004
T009889,2024-12-03,S022,P0004,7,854.62,278.15,INR,2024-10-23 17:42:17.990336895,5704.1900000000005
T009890,2024-05-25,S039,P0062,5,504.38,269.1,INR,2024-03-08 07:58:04.988404274,2252.8
T009891,2024-08-16,S022,P0004,-1,1359.24,39.99,INR,2024-03-18 11:49:13.841154814,-1399.23
T009892,2024-10-11,S037,P0006,-2,1269.3,88.39,INR,2024-09-12 20:05:21.423424244,-2626.99
T009893,2024-10-13,S039,P0090,5,824.14,123.06,INR,2024-03-20 02:22:02.254938363,3997.64
T009894,2024-07-08,S020,P0080,-1,344.56,249.57,INR,2024-06-13 16:26:07.750308990,-594.13
T009895,2024-11-09,S010,P0072,1,502.45,261.37,INR,2024-04-27 13:07:11.355572462,241.07999999999998
T009896,2024-05-22,S010,P0092,9,997.2,225.45,INR,2024-03-25 21:54:38.667285919,8749.35
T009897,2024-11-20,S026,P0016,1,1946.96,141.72,INR,2024-02-26 08:58:35.212016821,1805.24
T009898,2024-03-28,S025,P0038,-1,614.47,48.57,INR,2024-08-11 07:47:54.279287100,-663.0400000000001
T009899,2024-04-12,S028,P0049,1,463.26,10.56,INR,2024-01-21 12:12:54.671936989,452.7
T009900,2024-01-20,S013,P0061,4,519.3,209.79,INR,2024-09-13 10:21:28.922576427,1867.4099999999999
T009901,2024-10-17,S015,P0065,3,1445.46,298.25,INR,2024-11-22 13:48:53.022135019,4038.13
T009902,2024-06-01,S006,P0083,7,1837.9,103.64,INR,2024-05-05 08:48:46.940450907,12761.660000000002
T009903,2024-03-24,S012,P0050,3,242.83,170.62,INR,2024-05-30 19:47:34.400728941,557.87
T009904,2024-03-25,S019,P0017,1,1523.65,,INR,2024-08-03 13:30:15.454726458,
T009905,2024-11-25,S032,P0028,-1,1039.75,55.94,INR,2024-08-31 04:15:13.331898689,-1095.69
T009906,2024-10-31,S011,P0044,2,1667.86,248.87,INR,2024-07-17 20:32:22.244215488,3086.85
T009907,2024-07-21,S038,P0012,8,900.86,187.6,INR,2024-09-08 23:27:38.210362196,7019.28
T009908,2024-08-12,S033,P0070,0,109.91,170.95,INR,2024-10-22 02:58:38.825839758,-170.95
T009909,2024-06-22,S002,P0071,0,1397.31,228.68,INR,2024-12-27 08:47:35.522291898,-228.68
T009910,2024-05-22,S015,P0072,1,1635.15,72.28,INR,2024-05-23 08:23:42.353421450,1562.8700000000001
T009911,2024-11-30,S036,P0003,8,1813.84,,INR,2024-08-01 09:48:23.508774519,
T009912,2024-02-15,S005,P0049,8,1181.2,72.11,INR,2024-05-17 07:23:39.038659096,9377.49
T009913,2024-06-01,S015,P0021,2,331.89,53.86,INR,2024-03-27 20:15:21.595818996,609.92
T009914,2024-05-05,S043,P0008,8,802.69,187.01,INR,2024-12-30 02:47:24.998670340,6234.51
T009915,2024-06-30,S010,P0064,-1,1590.08,80.78,INR,2024-01-06 01:37:01.274231672,-1670.86
T009916,2024-06-16,S017,P0092,3,1039.38,214.31,INR,2024-01-24 14:45:53.677234888,2903.8300000000004
T009917,2024-07-08,S034,P0059,3,1428.56,,INR,2024-07-31 19:27:53.510343552,
T009918,2024-02-21,S024,P0030,5,108.91,208.49,INR,2024-09-16 02:14:57.590771914,336.05999999999995
T009919,2024-07-06,S010,P0032,-1,238.7,267.49,INR,2024-09-23 00:36:31.909437418,-506.19
T009920,2024-03-29,S030,P0075,5,1394.21,41.47,INR,2024-09-13 17:01:26.771272898,6929.58
T009921,2024-03-08,S003,P0020,5,651.38,20.02,INR,2024-10-14 20:08:26.923634529,3236.88
T009922,2024-01-24,S999,P0016,1,837.55,119.98,INR,2024-09-28 19:10:59.815593958,717.5699999999999
T009923,2024-10-05,S037,P0025,4,1320.05,215.01,INR,2024-07-18 06:45:34.804590702,5065.19
T009924,2024-06-05,S003,P0060,4,312.83,265.85,INR,2024-06-20 14:11:48.026119709,985.4699999999999
T009925,2024-08-16,S040,P0045,-2,1682.15,10.44,INR,2024-09-19 21:34:41.118025303,-3374.7400000000002
T009926,2024-09-22,S005,P0009,-2,374.43,237.89,INR,2024-09-24 07:12:01.297913551,-986.75
T009927,2024-09-04,S028,P0051,5,1493.24,22.63,INR,2024-05-01 09:08:15.682935238,7443.57
T009928,2024-06-20,S044,P0061,8,656.23,174.17,INR,2024-01-02 01:53:04.543031454,5075.67
T009929,2024-05-21,S014,P0040,-2,593.94,103.23,INR,2024-04-24 17:20:10.126452446,-1291.1100000000001
T009930,2024-05-17,S039,P0061,0,1660.4,5.3,INR,2024-07-14 04:18:24.093369961,-5.3
T009931,2024-08-21,S011,P0067,3,1149.18,,INR,2024-07-11 00:43:31.967480898,
T009932,2024-06-29,S008,P0080,5,490.45,106.12,INR,2024-05-18 15:37:53.941144466,2346.13
T009933,2024-11-05,S037,P0076,2,104.84,286.13,INR,2024-12-06 07:13:54.149548531,-76.44999999999999
T009934,2024-11-15,S008,P0015,2,1948.77,46.45,INR,2024-06-22 20:52:00.648940802,3851.09
T009935,2024-03-03,S012,P0053,1,919.63,81.59,INR,2024-02-20 18:04:27.995213509,838.04
T009936,2024-02-19,S015,P0004,1,855.1,298.24,INR,2024-03-11 15:32:47.770708084,556.86
T009937,2024-08-18,S019,P0023,4,195.6,144.19,INR,2024-02-04 12:34:01.751321077,638.21
T009938,2024-04-19,S048,P0027,3,1799.37,,INR,2024-04-07 22:07:26.823107243,
T009939,2024-01-07,S046,P0037,5,367.12,184.78,INR,2024-04-21 05:24:18.175199032,1650.82
T009940,2024-11-20,S028,P0077,8,737.37,130.81,INR,2024-05-01 23:16:18.669850111,5768.15
T009941,2024-03-23,S007,P0043,3,900.1,257.49,INR,2024-11-01 04:53:03.467296362,2442.8100000000004
T009942,2024-12-05,S040,P0037,8,1639.2,2.39,INR,2024-10-06 09:35:37.952170372,13111.210000000001
T009943,2024-09-18,S007,P0085,7,782.99,299.03,INR,2024-06-30 01:55:41.979253292,5181.900000000001
T009944,2024-10-05,S030,P0029,4,1109.78,19.89,INR,2024-06-11 04:29:25.805780649,4419.23
T009945,2024-03-14,S018,P0029,7,914.59,161.14,INR,2024-05-18 00:07:45.057936668,6240.99
T009946,2024-03-26,S024,P0049,7,692.5,209.22,INR,2024-01-05 22:49:38.635224581,4638.28
T009947,2024-07-09,S006,P0075,2,1897.98,164.95,INR,2024-12-01 16:48:29.232954025,3631.01
T009948,2024-03-03,S999,P0051,3,1614.07,90.23,INR,2024-04-16 09:29:27.277176619,4751.9800000000005
T009949,2024-04-21,S004,P0050,-2,431.27,256.63,INR,2024-11-03 07:01:06.338281393,-1119.17
T009950,2024-04-27,S003,P0028,0,1153.94,,INR,2024-09-27 09:42:29.022995949,
T009951,2024-02-28,S049,P0074,9,1613.46,90.21,INR,2024-02-11 18:14:10.820539713,14430.93
T009952,2024-03-15,S999,P0005,5,1201.6,230.5,INR,2024-04-24 07:54:22.640752554,5777.5
T009953,2024-10-14,S047,P0056,0,1038.18,43.76,INR,2024-06-25 21:34:01.880621910,-43.76
T009954,2024-03-02,S006,P0064,-2,236.91,61.5,INR,2024-04-05 16:31:22.475198984,-535.3199999999999
T009955,2024-01-11,S026,P0089,0,301.53,75.83,INR,2024-05-26 18:28:55.309254169,-75.83
T009956,2024-08-17,S044,P0097,9,565.96,,INR,2024-04-13 02:05:08.522750378,
T009957,2024-12-22,S999,P0017,1,1075.45,6.1,INR,2024-08-20 00:53:58.663760185,1069.3500000000001
T009958,2024-04-30,S038,P0097,5,1975.86,297.53,INR,2024-05-11 15:23:20.778911352,9581.769999999999
T009959,2024-02-13,S011,P0089,6,1624.31,180.05,INR,2024-05-06 09:33:33.696101665,9565.810000000001
T009960,2024-07-27,S029,P0097,1,309.1,,INR,2024-04-09 02:58:13.529776096,
T009961,2024-11-26,S020,P0055,9,1462.79,242.24,INR,2024-10-19 13:21:54.850662231,12922.87
T009962,2024-10-13,S010,P0009,4,1639.9,40.29,INR,2024-08-23 18:23:10.405725002,6519.31
T009963,2024-08-15,S026,P0091,-2,887.1,62.72,INR,2024-09-20 03:39:06.366324663,-1836.92
T009964,2024-04-24,S048,P0089,6,727.28,10.33,INR,2024-05-23 18:15:58.927959919,4353.35
T009965,2024-07-16,S027,P0068,8,1210.77,250.14,INR,2024-11-02 09:46:59.737978220,9436.02
T009966,2024-02-03,S050,P0073,9,1086.39,178.04,INR,2024-05-31 23:26:25.808390617,9599.47
T009967,2024-09-04,S014,P0079,1,603.91,64.52,INR,2024-03-05 10:06:54.022989511,539.39
T009968,2024-09-21,S036,P0016,6,855.02,291.03,INR,2024-07-05 09:24:21.621462822,4839.09
T009969,2024-12-18,S012,P0016,0,1134.43,221.02,INR,2024-06-11 09:24:23.144572496,-221.02
T009970,2024-04-05,S023,P0013,8,1201.86,211.66,INR,2024-02-03 11:38:23.205507278,9403.22
T009971,2024-01-07,S021,P0078,2,1110.32,80.1,INR,2024-08-29 21:01:04.113741636,2140.54
T009972,2024-07-18,S008,P0086,-2,1707.6,94.01,INR,2024-10-23 09:04:58.391839743,-3509.21
T009973,2024-09-14,S039,P0085,8,160.32,200.39,INR,2024-05-09 23:56:50.729267359,1082.17
T009974,2024-10-15,S009,P0073,0,732.67,178.07,INR,2024-10-04 02:42:31.820886612,-178.07
T009975,2024-03-11,S024,P0063,2,1524.68,194.19,INR,2024-08-01 20:04:04.122614145,2855.17
T009976,2024-04-05,S031,P0041,3,1338.39,263.65,INR,2024-04-09 15:28:03.278817654,3751.52
T009977,2024-07-06,S025,P0053,5,1844.71,48.12,INR,2024-05-05 13:14:13.398852587,9175.429999999998
T009978,2024-04-30,S017,P0068,-2,1217.24,34.9,INR,2024-12-11 08:03:30.713076115,-2469.38
T009979,2024-11-10,S042,P0074,0,1312.49,169.39,INR,2024-03-19 18:19:05.446345806,-169.39
T009980,2024-06-21,S029,P0099,-2,1439.4,150.05,INR,2024-02-25 10:48:33.977184772,-3028.8500000000004
T009981,2024-10-18,S003,P0009,2,453.78,120.86,INR,2024-01-28 14:52:51.020441771,786.6999999999999
T009982,2024-07-30,S021,P0051,5,1531.16,271.41,INR,2024-11-15 14:07:52.614257574,7384.39
T009983,2024-10-09,S008,P0048,1,669.79,167.51,INR,2024-09-02 07:46:37.638308525,502.28
T009984,2024-05-01,S014,P0080,8,906.55,170.18,INR,2024-02-12 13:59:11.722114801,7082.219999999999
T009985,2024-10-30,S039,P0049,6,126.61,109.93,INR,2024-10-06 11:09:13.304149628,649.73
T009986,2024-04-10,S016,P0018,3,1702.78,103.22,INR,2024-08-17 17:39:30.667378187,5005.12
T009987,2024-07-18,S018,P0010,3,1911.64,296.28,INR,2024-12-25 23:14:17.080653906,5438.64
T009988,2024-03-19,S031,P0085,8,214.36,186.92,INR,2024-07-05 16:00:46.335271120,1527.96
T009989,2024-06-22,S011,P0054,2,1306.88,247.53,INR,2024-07-07 11:50:04.487607718,2366.23
T009990,2024-04-26,S038,P0079,7,1925.48,134.24,INR,2024-03-31 23:35:01.154570341,13344.12
T009991,2024-04-07,S020,P0015,2,1253.11,57.56,INR,2024-03-10 16:29:33.439145565,2448.66
T009992,2024-12-18,S046,P0011,8,1616.11,,INR,2024-09-24 17:45:01.934926033,
T009993,2024-02-28,S045,P0040,4,324.44,103.84,INR,2024-05-16 00:30:52.932810545,1193.92
T009994,2024-10-14,S004,P0047,5,565.21,169.47,INR,2024-09-21 09:32:31.159893036,2656.5800000000004
T009995,2024-12-25,S020,P9999,4,756.9,46.38,INR,2024-10-09 16:06:24.252892255,2981.22
T009996,2024-01-08,S031,P0020,-2,1964.22,,INR,2024-11-25 16:49:33.919332743,
T009997,2024-09-12,S020,P0098,-2,1585.38,30.17,INR,2024-06-05 00:21:33.353238583,-3200.9300000000003
T009998,2024-04-02,S011,P0022,7,1782.76,148.96,INR,2024-02-04 23:34:09.185478210,12330.36
T009999,2024-01-15,S050,P0048,3,1025.45,284.23,INR,2024-01-08 22:17:01.331857443,2792.1200000000003
